recording_id,topic,receive_start_s,end_s,source_median_hz,source_dt_p95_s
gait_20260909_144907_fd57c06d30d3,/HANDLE_STEER,0.0,5.0,12319.291394358997,0.9500804804999994
gait_20260909_144907_fd57c06d30d3,/HANDLE_STEER,5.0,10.0,12322.403361551636,1.000076454
gait_20260909_144907_fd57c06d30d3,/HANDLE_STEER,10.0,15.0,12347.050906890889,1.000081083
gait_20260909_144907_fd57c06d30d3,/HANDLE_STEER,15.0,20.0,12354.983382547349,1.0000783518499998
gait_20260909_144907_fd57c06d30d3,/HANDLE_STEER,20.0,25.0,12333.193557139686,1.0000799236
gait_20260909_144907_fd57c06d30d3,/HANDLE_STEER,25.0,30.0,12365.907193866511,1.00008090835
gait_20260909_144907_fd57c06d30d3,/HANDLE_STEER,30.0,35.0,12334.866968459746,1.0000799513
gait_20260909_144907_fd57c06d30d3,/HANDLE_STEER,35.0,40.0,12353.22820736129,1.00008152935
gait_20260909_144907_fd57c06d30d3,/HANDLE_STEER,40.0,45.0,12340.87978131961,1.0000798789
gait_20260909_144907_fd57c06d30d3,/HANDLE_STEER,45.0,50.0,12334.866968459746,1.000080651
gait_20260909_144907_fd57c06d30d3,/HANDLE_STEER,50.0,55.0,12358.800701979879,1.0000797717999999
gait_20260909_144907_fd57c06d30d3,/HANDLE_STEER,55.0,60.0,12332.433065719535,1.0000803114
gait_20260909_144907_fd57c06d30d3,/HANDLE_STEER,60.0,65.0,12343.545560026663,1.0000804331
gait_20260909_144907_fd57c06d30d3,/HANDLE_STEER,65.0,70.0,12350.253180190193,1.0000806249999998
gait_20260909_144907_fd57c06d30d3,/HANDLE_STEER,70.0,75.0,12361.779849062668,1.00008025315
gait_20260909_144907_fd57c06d30d3,/HANDLE_STEER,75.0,80.0,12363.690314285008,1.0000807459999999
gait_20260909_144907_fd57c06d30d3,/HANDLE_STEER,80.0,85.0,12284.861365339491,1.0000831162
gait_20260909_144907_fd57c06d30d3,/HANDLE_STEER,95.0,100.0,12363.613884338392,1.0000802404
gait_20260909_144907_fd57c06d30d3,/HANDLE_STEER,100.0,105.0,12337.14962495065,1.000082179
gait_20260909_144907_fd57c06d30d3,/HANDLE_STEER,105.0,110.0,12353.380811493584,1.00008074355
gait_20260909_144907_fd57c06d30d3,/HANDLE_STEER,110.0,115.0,12339.88992818184,1.000079045
gait_20260909_144907_fd57c06d30d3,/HANDLE_STEER,115.0,120.0,12384.054291694016,1.000080258
gait_20260909_144907_fd57c06d30d3,/IMU,0.0,5.0,200.0,0.005
gait_20260909_144907_fd57c06d30d3,/IMU,5.0,10.0,200.0,0.005
gait_20260909_144907_fd57c06d30d3,/IMU,10.0,15.0,200.0,0.005
gait_20260909_144907_fd57c06d30d3,/IMU,15.0,20.0,200.0,0.005
gait_20260909_144907_fd57c06d30d3,/IMU,20.0,25.0,200.0,0.005
gait_20260909_144907_fd57c06d30d3,/IMU,25.0,30.0,200.0,0.005
gait_20260909_144907_fd57c06d30d3,/IMU,30.0,35.0,200.0,0.005
gait_20260909_144907_fd57c06d30d3,/IMU,35.0,40.0,200.0,0.005
gait_20260909_144907_fd57c06d30d3,/IMU,40.0,45.0,200.0,0.005
gait_20260909_144907_fd57c06d30d3,/IMU,45.0,50.0,200.0,0.005
gait_20260909_144907_fd57c06d30d3,/IMU,50.0,55.0,200.0,0.005
gait_20260909_144907_fd57c06d30d3,/IMU,55.0,60.0,200.0,0.005
gait_20260909_144907_fd57c06d30d3,/IMU,60.0,65.0,200.0,0.005
gait_20260909_144907_fd57c06d30d3,/IMU,65.0,70.0,200.0,0.005
gait_20260909_144907_fd57c06d30d3,/IMU,70.0,75.0,200.0,0.005
gait_20260909_144907_fd57c06d30d3,/IMU,75.0,80.0,200.0,0.005
gait_20260909_144907_fd57c06d30d3,/IMU,80.0,85.0,200.0,0.005
gait_20260909_144907_fd57c06d30d3,/IMU,85.0,90.0,200.0,0.005
gait_20260909_144907_fd57c06d30d3,/IMU,90.0,95.0,200.0,0.005
gait_20260909_144907_fd57c06d30d3,/IMU,95.0,100.0,200.0,0.005
gait_20260909_144907_fd57c06d30d3,/IMU,100.0,105.0,200.0,0.005
gait_20260909_144907_fd57c06d30d3,/IMU,105.0,110.0,200.0,0.005
gait_20260909_144907_fd57c06d30d3,/IMU,110.0,115.0,200.0,0.005
gait_20260909_144907_fd57c06d30d3,/IMU,115.0,120.0,200.0,0.005
gait_20260909_144907_fd57c06d30d3,/JOINTS_DATA,0.0,5.0,199.9983200141119,0.0050125539
gait_20260909_144907_fd57c06d30d3,/JOINTS_DATA,5.0,10.0,199.9983200141119,0.00500939055
gait_20260909_144907_fd57c06d30d3,/JOINTS_DATA,10.0,15.0,200.0099604960327,0.0050111396
gait_20260909_144907_fd57c06d30d3,/JOINTS_DATA,15.0,20.0,200.0041400856998,0.005010834
gait_20260909_144907_fd57c06d30d3,/JOINTS_DATA,20.0,25.0,200.0099604960327,0.005010542
gait_20260909_144907_fd57c06d30d3,/JOINTS_DATA,25.0,30.0,200.0099604960327,0.00501143155
gait_20260909_144907_fd57c06d30d3,/JOINTS_DATA,30.0,35.0,199.9983200141119,0.00501141705
gait_20260909_144907_fd57c06d30d3,/JOINTS_DATA,35.0,40.0,200.0099604960327,0.00500995805
gait_20260909_144907_fd57c06d30d3,/JOINTS_DATA,40.0,45.0,200.0041400856998,0.0050105565999999995
gait_20260909_144907_fd57c06d30d3,/JOINTS_DATA,45.0,50.0,200.0099604960327,0.00501172355
gait_20260909_144907_fd57c06d30d3,/JOINTS_DATA,50.0,55.0,200.0099604960327,0.00501115515
gait_20260909_144907_fd57c06d30d3,/JOINTS_DATA,55.0,60.0,199.9983200141119,0.0050120447
gait_20260909_144907_fd57c06d30d3,/JOINTS_DATA,60.0,65.0,200.0099604960327,0.005014625
gait_20260909_144907_fd57c06d30d3,/JOINTS_DATA,65.0,70.0,199.9983200141119,0.00501054205
gait_20260909_144907_fd57c06d30d3,/JOINTS_DATA,70.0,75.0,199.9983200141119,0.0050131971
gait_20260909_144907_fd57c06d30d3,/JOINTS_DATA,75.0,80.0,200.0099604960327,0.00501583575
gait_20260909_144907_fd57c06d30d3,/JOINTS_DATA,80.0,85.0,199.9983200141119,0.005014626
gait_20260909_144907_fd57c06d30d3,/JOINTS_DATA,85.0,90.0,199.9983200141119,0.0050114471
gait_20260909_144907_fd57c06d30d3,/JOINTS_DATA,90.0,95.0,199.9983200141119,0.00501259855
gait_20260909_144907_fd57c06d30d3,/JOINTS_DATA,95.0,100.0,199.9983200141119,0.005011417
gait_20260909_144907_fd57c06d30d3,/JOINTS_DATA,100.0,105.0,200.0099604960327,0.00501141705
gait_20260909_144907_fd57c06d30d3,/JOINTS_DATA,105.0,110.0,200.0099604960327,0.0050087920499999996
gait_20260909_144907_fd57c06d30d3,/JOINTS_DATA,110.0,115.0,200.0041400856998,0.005009959
gait_20260909_144907_fd57c06d30d3,/JOINTS_DATA,115.0,120.0,199.9983200141119,0.005009959
gait_20260909_144907_fd57c06d30d3,/JOINTS_DATA_10HZ,0.0,5.0,10.000046900219962,0.10000726
gait_20260909_144907_fd57c06d30d3,/JOINTS_DATA_10HZ,5.0,10.0,9.99990110097811,0.1000146392
gait_20260909_144907_fd57c06d30d3,/JOINTS_DATA_10HZ,10.0,15.0,9.999959450164429,0.1000140565
gait_20260909_144907_fd57c06d30d3,/JOINTS_DATA_10HZ,15.0,20.0,9.999944800304702,0.10000919925
gait_20260909_144907_fd57c06d30d3,/JOINTS_DATA_10HZ,20.0,25.0,9.999974000067601,0.10000742005
gait_20260909_144907_fd57c06d30d3,/JOINTS_DATA_10HZ,25.0,30.0,9.999988600012996,0.100006385
gait_20260909_144907_fd57c06d30d3,/JOINTS_DATA_10HZ,30.0,35.0,10.000003200001025,0.10000466364999999
gait_20260909_144907_fd57c06d30d3,/JOINTS_DATA_10HZ,35.0,40.0,10.000017750031507,0.1000099725
gait_20260909_144907_fd57c06d30d3,/JOINTS_DATA_10HZ,40.0,45.0,10.000076050578365,0.100007552
gait_20260909_144907_fd57c06d30d3,/JOINTS_DATA_10HZ,45.0,50.0,10.000017750031507,0.10001652045000001
gait_20260909_144907_fd57c06d30d3,/JOINTS_DATA_10HZ,50.0,55.0,10.000017750031507,0.1000138959
gait_20260909_144907_fd57c06d30d3,/JOINTS_DATA_10HZ,55.0,60.0,9.999857352034873,0.1000106577
gait_20260909_144907_fd57c06d30d3,/JOINTS_DATA_10HZ,60.0,65.0,9.99998855001311,0.10000981245
gait_20260909_144907_fd57c06d30d3,/JOINTS_DATA_10HZ,65.0,70.0,9.99994485030415,0.1000139241
gait_20260909_144907_fd57c06d30d3,/JOINTS_DATA_10HZ,70.0,75.0,9.999974000067601,0.10001853325
gait_20260909_144907_fd57c06d30d3,/JOINTS_DATA_10HZ,75.0,80.0,10.000017750031507,0.1000106138
gait_20260909_144907_fd57c06d30d3,/JOINTS_DATA_10HZ,80.0,85.0,10.000017750031507,0.10001109505
gait_20260909_144907_fd57c06d30d3,/JOINTS_DATA_10HZ,85.0,90.0,9.99998855001311,0.1000107171
gait_20260909_144907_fd57c06d30d3,/JOINTS_DATA_10HZ,90.0,95.0,10.00003230010433,0.10000845565
gait_20260909_144907_fd57c06d30d3,/JOINTS_DATA_10HZ,95.0,100.0,9.999974000067601,0.100008135
gait_20260909_144907_fd57c06d30d3,/JOINTS_DATA_10HZ,100.0,105.0,9.999959450164429,0.10000766814999999
gait_20260909_144907_fd57c06d30d3,/JOINTS_DATA_10HZ,105.0,110.0,9.999959400164835,0.10000712905
gait_20260909_144907_fd57c06d30d3,/JOINTS_DATA_10HZ,110.0,115.0,10.000046900219962,0.1000077116
gait_20260909_144907_fd57c06d30d3,/JOINTS_DATA_10HZ,115.0,120.0,10.000003200001025,0.10000819279999999
gait_20260909_144907_fd57c06d30d3,/MOTION_INFO,0.0,5.0,20.000006200001923,0.050010922
gait_20260909_144907_fd57c06d30d3,/MOTION_INFO,5.0,10.0,19.999948000135202,0.0500113452
gait_20260909_144907_fd57c06d30d3,/MOTION_INFO,10.0,15.0,20.00006440020737,0.0500144657
gait_20260909_144907_fd57c06d30d3,/MOTION_INFO,15.0,20.0,19.999948000135202,0.0500141592
gait_20260909_144907_fd57c06d30d3,/MOTION_INFO,20.0,25.0,19.999948000135202,0.0500115196
gait_20260909_144907_fd57c06d30d3,/MOTION_INFO,25.0,30.0,19.999948000135202,0.050008107100000004
gait_20260909_144907_fd57c06d30d3,/MOTION_INFO,30.0,35.0,20.00006440020737,0.05000901125
gait_20260909_144907_fd57c06d30d3,/MOTION_INFO,35.0,40.0,20.000064800209955,0.05001036715
gait_20260909_144907_fd57c06d30d3,/MOTION_INFO,40.0,45.0,20.00006460020866,0.0500110095
gait_20260909_144907_fd57c06d30d3,/MOTION_INFO,45.0,50.0,19.999948000135202,0.0500109803
gait_20260909_144907_fd57c06d30d3,/MOTION_INFO,50.0,55.0,20.000123200758917,0.050018213
gait_20260909_144907_fd57c06d30d3,/MOTION_INFO,55.0,60.0,19.9998898006072,0.05001332795
gait_20260909_144907_fd57c06d30d3,/MOTION_INFO,60.0,65.0,19.999948000135202,0.0500147276
gait_20260909_144907_fd57c06d30d3,/MOTION_INFO,65.0,70.0,20.00006460020866,0.05001243835
gait_20260909_144907_fd57c06d30d3,/MOTION_INFO,70.0,75.0,19.999948000135202,0.050011519549999994
gait_20260909_144907_fd57c06d30d3,/MOTION_INFO,75.0,80.0,20.000006200001923,0.050009696349999994
gait_20260909_144907_fd57c06d30d3,/MOTION_INFO,80.0,85.0,19.999948000135202,0.05001009075
gait_20260909_144907_fd57c06d30d3,/MOTION_INFO,85.0,90.0,20.000123000756457,0.05001277405
gait_20260909_144907_fd57c06d30d3,/MOTION_INFO,90.0,95.0,19.999948000135202,0.0500209699
gait_20260909_144907_fd57c06d30d3,/MOTION_INFO,95.0,100.0,19.9999480001352,0.05001833065
gait_20260909_144907_fd57c06d30d3,/MOTION_INFO,100.0,105.0,20.00000640000205,0.05001662345
gait_20260909_144907_fd57c06d30d3,/MOTION_INFO,105.0,110.0,19.99983120142466,0.05001452405
gait_20260909_144907_fd57c06d30d3,/MOTION_INFO,110.0,115.0,20.000064800209955,0.050016186549999994
gait_20260909_144907_fd57c06d30d3,/MOTION_INFO,115.0,120.0,19.999948000135202,0.050017922
gait_20260909_144907_fd57c06d30d3,/STEER,0.0,5.0,12319.291394358997,0.9500804804999994
gait_20260909_144907_fd57c06d30d3,/STEER,5.0,10.0,12322.403361551636,1.000076454
gait_20260909_144907_fd57c06d30d3,/STEER,10.0,15.0,12347.050906890889,1.000081083
gait_20260909_144907_fd57c06d30d3,/STEER,15.0,20.0,12354.983382547349,1.0000783518499998
gait_20260909_144907_fd57c06d30d3,/STEER,20.0,25.0,12333.193557139686,1.0000799236
gait_20260909_144907_fd57c06d30d3,/STEER,25.0,30.0,12365.907193866511,1.00008090835
gait_20260909_144907_fd57c06d30d3,/STEER,30.0,35.0,12334.866968459746,1.0000799513
gait_20260909_144907_fd57c06d30d3,/STEER,35.0,40.0,12353.22820736129,1.00008152935
gait_20260909_144907_fd57c06d30d3,/STEER,40.0,45.0,12340.87978131961,1.0000798789
gait_20260909_144907_fd57c06d30d3,/STEER,45.0,50.0,12334.866968459746,1.000080651
gait_20260909_144907_fd57c06d30d3,/STEER,50.0,55.0,12358.800701979879,1.0000797717999999
gait_20260909_144907_fd57c06d30d3,/STEER,55.0,60.0,12332.433065719535,1.0000803114
gait_20260909_144907_fd57c06d30d3,/STEER,60.0,65.0,12343.545560026663,1.0000804331
gait_20260909_144907_fd57c06d30d3,/STEER,65.0,70.0,12350.253180190193,1.0000806249999998
gait_20260909_144907_fd57c06d30d3,/STEER,70.0,75.0,12361.779849062668,1.00008025315
gait_20260909_144907_fd57c06d30d3,/STEER,75.0,80.0,12363.690314285008,1.0000807459999999
gait_20260909_144907_fd57c06d30d3,/STEER,80.0,85.0,12284.861365339491,1.0000831162
gait_20260909_144907_fd57c06d30d3,/STEER,95.0,100.0,12363.613884338392,1.0000802404
gait_20260909_144907_fd57c06d30d3,/STEER,100.0,105.0,12337.14962495065,1.000082179
gait_20260909_144907_fd57c06d30d3,/STEER,105.0,110.0,12353.380811493584,1.00008074355
gait_20260909_144907_fd57c06d30d3,/STEER,110.0,115.0,12339.88992818184,1.000079045
gait_20260909_144907_fd57c06d30d3,/STEER,115.0,120.0,12384.054291694016,1.000080258
gait_20260909_144907_fd57c06d30d3,/rslidar_front/points,0.0,5.0,10.000081100657725,0.10010942215
gait_20260909_144907_fd57c06d30d3,/rslidar_front/points,5.0,10.0,10.000057250327758,0.1001028897
gait_20260909_144907_fd57c06d30d3,/rslidar_front/points,10.0,15.0,10.000152552327185,0.10007475655
gait_20260909_144907_fd57c06d30d3,/rslidar_front/points,15.0,20.0,9.999914200736157,0.10010753850000001
gait_20260909_144907_fd57c06d30d3,/rslidar_front/points,20.0,25.0,9.999938050383777,0.1003144861
gait_20260909_144907_fd57c06d30d3,/rslidar_front/points,25.0,30.0,10.004159729615575,0.10034893760000001
gait_20260909_144907_fd57c06d30d3,/rslidar_front/points,30.0,35.0,10.004040431849615,0.10044571149999999
gait_20260909_144907_fd57c06d30d3,/rslidar_front/points,35.0,40.0,10.002251206679087,0.10038586864999999
gait_20260909_144907_fd57c06d30d3,/rslidar_front/points,40.0,45.0,10.002775970387303,0.10037916884999999
gait_20260909_144907_fd57c06d30d3,/rslidar_front/points,45.0,50.0,10.004493868578358,0.10042479075
gait_20260909_144907_fd57c06d30d3,/rslidar_front/points,50.0,55.0,10.001142180442717,0.100329673
gait_20260909_144907_fd57c06d30d3,/rslidar_front/points,55.0,60.0,10.001786118965125,0.10038710854999999
gait_20260909_144907_fd57c06d30d3,/rslidar_front/points,60.0,65.0,9.999544620737971,0.100343609
gait_20260909_144907_fd57c06d30d3,/rslidar_front/points,65.0,70.0,10.002060374426831,0.1005844471
gait_20260909_144907_fd57c06d30d3,/rslidar_front/points,70.0,75.0,10.001595254443085,0.10039857595
gait_20260909_144907_fd57c06d30d3,/rslidar_front/points,75.0,80.0,10.006415162792942,0.1003354903
gait_20260909_144907_fd57c06d30d3,/rslidar_front/points,80.0,85.0,10.000736754276687,0.1002078891
gait_20260909_144907_fd57c06d30d3,/rslidar_front/points,85.0,90.0,10.000009500009025,0.10010770545
gait_20260909_144907_fd57c06d30d3,/rslidar_front/points,90.0,95.0,9.999997600000576,0.1000822778
gait_20260909_144907_fd57c06d30d3,/rslidar_front/points,95.0,100.0,10.000009600009216,0.10024907565
gait_20260909_144907_fd57c06d30d3,/rslidar_front/points,100.0,105.0,10.000355262620705,0.10023274435
gait_20260909_144907_fd57c06d30d3,/rslidar_front/points,105.0,110.0,10.000200254010085,0.10010474905
gait_20260909_144907_fd57c06d30d3,/rslidar_front/points,110.0,115.0,10.001380640590531,0.10038702505
gait_20260909_144907_fd57c06d30d3,/rslidar_front/points,115.0,120.0,9.999699509029753,0.1002041822
gait_20260909_144907_fd57c06d30d3,/rslidar_rear/points,0.0,5.0,9.9998903512023,0.1000769975
gait_20260909_144907_fd57c06d30d3,/rslidar_rear/points,5.0,10.0,9.999854602114086,0.1000789641
gait_20260909_144907_fd57c06d30d3,/rslidar_rear/points,10.0,15.0,10.000438669242227,0.100092506
gait_20260909_144907_fd57c06d30d3,/rslidar_rear/points,15.0,20.0,10.000295708744108,0.1000955107
gait_20260909_144907_fd57c06d30d3,/rslidar_rear/points,20.0,25.0,10.000200204008085,0.10027219115
gait_20260909_144907_fd57c06d30d3,/rslidar_rear/points,25.0,30.0,10.005770628094341,0.10046560780000001
gait_20260909_144907_fd57c06d30d3,/rslidar_rear/points,30.0,35.0,10.004004653082653,0.1005002742
gait_20260909_144907_fd57c06d30d3,/rslidar_rear/points,35.0,40.0,9.999949950250498,0.1004864097
gait_20260909_144907_fd57c06d30d3,/rslidar_rear/points,40.0,45.0,10.008193958598753,0.1004486203
gait_20260909_144907_fd57c06d30d3,/rslidar_rear/points,45.0,50.0,10.0022630620291,0.10039453535
gait_20260909_144907_fd57c06d30d3,/rslidar_rear/points,50.0,55.0,10.004350641985434,0.10063877084999999
gait_20260909_144907_fd57c06d30d3,/rslidar_rear/points,55.0,60.0,10.002394323141102,0.1002462864
gait_20260909_144907_fd57c06d30d3,/rslidar_rear/points,60.0,65.0,10.000450620304951,0.1003142954
gait_20260909_144907_fd57c06d30d3,/rslidar_rear/points,65.0,70.0,10.0029071949326,0.10035775895
gait_20260909_144907_fd57c06d30d3,/rslidar_rear/points,70.0,75.0,9.996398747369266,0.100371694
gait_20260909_144907_fd57c06d30d3,/rslidar_rear/points,75.0,80.0,9.996946782498423,0.10045868164999999
gait_20260909_144907_fd57c06d30d3,/rslidar_rear/points,80.0,85.0,10.001499874928744,0.10033359555
gait_20260909_144907_fd57c06d30d3,/rslidar_rear/points,85.0,90.0,10.000009500009025,0.10007863065
gait_20260909_144907_fd57c06d30d3,/rslidar_rear/points,90.0,95.0,10.000104951101461,0.1001071813
gait_20260909_144907_fd57c06d30d3,/rslidar_rear/points,95.0,100.0,10.000152602328711,0.10023102745
gait_20260909_144907_fd57c06d30d3,/rslidar_rear/points,100.0,105.0,10.000593735250062,0.1001423598
gait_20260909_144907_fd57c06d30d3,/rslidar_rear/points,105.0,110.0,9.99980690372869,0.10020296595
gait_20260909_144907_fd57c06d30d3,/rslidar_rear/points,110.0,115.0,9.99774505859076,0.1002406476
gait_20260909_144907_fd57c06d30d3,/rslidar_rear/points,115.0,120.0,10.000796363414418,0.100185299
gait_20260909_145241_9cae0ba51169,/HANDLE_STEER,0.0,5.0,12319.367277296638,1.0000792068
gait_20260909_145241_9cae0ba51169,/HANDLE_STEER,5.0,10.0,12369.042759780821,1.0000845898
gait_20260909_145241_9cae0ba51169,/IMU,0.0,5.0,200.0,0.005
gait_20260909_145241_9cae0ba51169,/IMU,5.0,10.0,200.0,0.005
gait_20260909_145241_9cae0ba51169,/IMU,10.0,15.0,200.0,0.005
gait_20260909_145241_9cae0ba51169,/IMU,15.0,16.698716726999976,200.0,0.005
gait_20260909_145241_9cae0ba51169,/JOINTS_DATA,0.0,5.0,199.9983200141119,0.0050093604
gait_20260909_145241_9cae0ba51169,/JOINTS_DATA,5.0,10.0,200.010000500025,0.0050099880999999995
gait_20260909_145241_9cae0ba51169,/JOINTS_DATA,10.0,15.0,200.0099604960327,0.005009084
gait_20260909_145241_9cae0ba51169,/JOINTS_DATA,15.0,16.698716726999976,200.010000500025,0.0050328836
gait_20260909_145241_9cae0ba51169,/JOINTS_DATA_10HZ,0.0,5.0,9.999959450164429,0.10000845565
gait_20260909_145241_9cae0ba51169,/JOINTS_DATA_10HZ,5.0,10.0,9.999974000067601,0.10000728865
gait_20260909_145241_9cae0ba51169,/JOINTS_DATA_10HZ,10.0,15.0,10.000046900219962,0.10000699765
gait_20260909_145241_9cae0ba51169,/JOINTS_DATA_10HZ,15.0,16.698716726999976,9.999988600012996,0.10000376025
gait_20260909_145241_9cae0ba51169,/MOTION_INFO,0.0,5.0,19.999948000135202,0.050010922
gait_20260909_145241_9cae0ba51169,/MOTION_INFO,5.0,10.0,19.99983120142466,0.050009535949999996
gait_20260909_145241_9cae0ba51169,/MOTION_INFO,10.0,15.0,19.999948000135202,0.0500080196
gait_20260909_145241_9cae0ba51169,/MOTION_INFO,15.0,16.698716726999976,20.00006440020737,0.050011563149999994
gait_20260909_145241_9cae0ba51169,/STEER,0.0,5.0,12319.367277296638,1.0000792068
gait_20260909_145241_9cae0ba51169,/STEER,5.0,10.0,12369.042759780821,1.0000845898
gait_20260909_145241_9cae0ba51169,/rslidar_front/points,0.0,5.0,10.00004530020521,0.10012960395
gait_20260909_145241_9cae0ba51169,/rslidar_front/points,5.0,10.0,10.000510226031732,0.10029268250000001
gait_20260909_145241_9cae0ba51169,/rslidar_front/points,10.0,15.0,10.000104901100412,0.1000800606
gait_20260909_145241_9cae0ba51169,/rslidar_front/points,15.0,16.698716726999976,10.000093000864908,0.10006362225
gait_20260909_145241_9cae0ba51169,/rslidar_rear/points,0.0,5.0,10.000104901100412,0.10028327684999999
gait_20260909_145241_9cae0ba51169,/rslidar_rear/points,5.0,10.0,10.000700949129524,0.1002393845
gait_20260909_145241_9cae0ba51169,/rslidar_rear/points,10.0,15.0,10.000093000864908,0.10007648464999999
gait_20260909_145241_9cae0ba51169,/rslidar_rear/points,15.0,16.698716726999976,10.000057250327758,0.1001149415
gait_20260909_145331_616f9d8038d9,/HANDLE_STEER,0.0,5.0,12368.354328614805,1.00025064455
gait_20260909_145331_616f9d8038d9,/HANDLE_STEER,5.0,10.0,12364.683989588937,1.00008186455
gait_20260909_145331_616f9d8038d9,/HANDLE_STEER,10.0,15.0,12348.04190925424,1.000064318
gait_20260909_145331_616f9d8038d9,/HANDLE_STEER,15.0,20.0,12368.583797155226,1.0000803379
gait_20260909_145331_616f9d8038d9,/HANDLE_STEER,20.0,25.0,12341.945954618664,1.0000806039
gait_20260909_145331_616f9d8038d9,/HANDLE_STEER,25.0,30.0,12309.131529224956,1.00008162175
gait_20260909_145331_616f9d8038d9,/HANDLE_STEER,30.0,35.0,12322.327441207097,1.000082736
gait_20260909_145331_616f9d8038d9,/HANDLE_STEER,35.0,40.0,12378.842083111545,0.30008509199999894
gait_20260909_145331_616f9d8038d9,/HANDLE_STEER,40.0,45.0,12321.340561853129,1.0000807401999998
gait_20260909_145331_616f9d8038d9,/HANDLE_STEER,45.0,50.0,12358.418863890553,1.00008087495
gait_20260909_145331_616f9d8038d9,/HANDLE_STEER,50.0,55.0,12377.692921816302,1.00008145575
gait_20260909_145331_616f9d8038d9,/HANDLE_STEER,55.0,60.0,12392.955843898328,1.2013932397999993
gait_20260909_145331_616f9d8038d9,/HANDLE_STEER,60.0,65.0,12382.060870211239,1.000081532
gait_20260909_145331_616f9d8038d9,/HANDLE_STEER,65.0,70.0,12346.136276652222,1.0000777086000001
gait_20260909_145331_616f9d8038d9,/HANDLE_STEER,70.0,75.0,12335.323432180392,1.0000827129999998
gait_20260909_145331_616f9d8038d9,/HANDLE_STEER,75.0,80.0,12359.946357832807,1.0000812276
gait_20260909_145331_616f9d8038d9,/HANDLE_STEER,80.0,85.0,12319.139631288152,1.0000803021
gait_20260909_145331_616f9d8038d9,/HANDLE_STEER,85.0,90.0,12342.174444293596,0.4000824729999986
gait_20260909_145331_616f9d8038d9,/IMU,0.0,5.0,200.0,0.005
gait_20260909_145331_616f9d8038d9,/IMU,5.0,10.0,200.0,0.005
gait_20260909_145331_616f9d8038d9,/IMU,10.0,15.0,200.0,0.005
gait_20260909_145331_616f9d8038d9,/IMU,15.0,20.0,200.0,0.005
gait_20260909_145331_616f9d8038d9,/IMU,20.0,25.0,200.0,0.005
gait_20260909_145331_616f9d8038d9,/IMU,25.0,30.0,200.0,0.005
gait_20260909_145331_616f9d8038d9,/IMU,30.0,35.0,200.0,0.005
gait_20260909_145331_616f9d8038d9,/IMU,35.0,40.0,200.0,0.005
gait_20260909_145331_616f9d8038d9,/IMU,40.0,45.0,200.0,0.005
gait_20260909_145331_616f9d8038d9,/IMU,45.0,50.0,200.0,0.005
gait_20260909_145331_616f9d8038d9,/IMU,50.0,55.0,200.0,0.005
gait_20260909_145331_616f9d8038d9,/IMU,55.0,60.0,200.0,0.005
gait_20260909_145331_616f9d8038d9,/IMU,60.0,65.0,200.0,0.005
gait_20260909_145331_616f9d8038d9,/IMU,65.0,70.0,200.0,0.005
gait_20260909_145331_616f9d8038d9,/IMU,70.0,75.0,200.0,0.005
gait_20260909_145331_616f9d8038d9,/IMU,75.0,80.0,200.0,0.005
gait_20260909_145331_616f9d8038d9,/IMU,80.0,85.0,200.0,0.005
gait_20260909_145331_616f9d8038d9,/IMU,85.0,90.0,200.0,0.005
gait_20260909_145331_616f9d8038d9,/IMU,90.0,93.26002346299998,200.0,0.005
gait_20260909_145331_616f9d8038d9,/JOINTS_DATA,0.0,5.0,199.9983200141119,0.005009668
gait_20260909_145331_616f9d8038d9,/JOINTS_DATA,5.0,10.0,200.0099604960327,0.0050102500999999995
gait_20260909_145331_616f9d8038d9,/JOINTS_DATA,10.0,15.0,200.0099604960327,0.005012584
gait_20260909_145331_616f9d8038d9,/JOINTS_DATA,15.0,20.0,200.010000500025,0.005016667
gait_20260909_145331_616f9d8038d9,/JOINTS_DATA,20.0,25.0,200.0099604960327,0.005015252699999999
gait_20260909_145331_616f9d8038d9,/JOINTS_DATA,25.0,30.0,200.010000500025,0.00501054205
gait_20260909_145331_616f9d8038d9,/JOINTS_DATA,30.0,35.0,200.010000500025,0.00501172355
gait_20260909_145331_616f9d8038d9,/JOINTS_DATA,35.0,40.0,199.9983200141119,0.0050096971
gait_20260909_145331_616f9d8038d9,/JOINTS_DATA,40.0,45.0,200.0099604960327,0.0050137801
gait_20260909_145331_616f9d8038d9,/JOINTS_DATA,45.0,50.0,200.010000500025,0.005014626
gait_20260909_145331_616f9d8038d9,/JOINTS_DATA,50.0,55.0,200.0099604960327,0.0050172646
gait_20260909_145331_616f9d8038d9,/JOINTS_DATA,55.0,60.0,199.9983200141119,0.005008792
gait_20260909_145331_616f9d8038d9,/JOINTS_DATA,60.0,65.0,200.0099604960327,0.005009667
gait_20260909_145331_616f9d8038d9,/JOINTS_DATA,65.0,70.0,200.010000500025,0.00501259855
gait_20260909_145331_616f9d8038d9,/JOINTS_DATA,70.0,75.0,200.010000500025,0.00501609765
gait_20260909_145331_616f9d8038d9,/JOINTS_DATA,75.0,80.0,199.9983200141119,0.0050114325
gait_20260909_145331_616f9d8038d9,/JOINTS_DATA,80.0,85.0,200.010000500025,0.00502047355
gait_20260909_145331_616f9d8038d9,/JOINTS_DATA,85.0,90.0,199.9983200141119,0.005012875
gait_20260909_145331_616f9d8038d9,/JOINTS_DATA,90.0,93.26002346299998,200.0099604960327,0.0050100757999999995
gait_20260909_145331_616f9d8038d9,/JOINTS_DATA_10HZ,0.0,5.0,10.000003200001025,0.1000075664
gait_20260909_145331_616f9d8038d9,/JOINTS_DATA_10HZ,5.0,10.0,9.999988600012996,0.10000495565
gait_20260909_145331_616f9d8038d9,/JOINTS_DATA_10HZ,10.0,15.0,9.999974000067601,0.10000877685
gait_20260909_145331_616f9d8038d9,/JOINTS_DATA_10HZ,15.0,20.0,10.000003150000992,0.10000424125
gait_20260909_145331_616f9d8038d9,/JOINTS_DATA_10HZ,20.0,25.0,9.999974000067601,0.100002885
gait_20260909_145331_616f9d8038d9,/JOINTS_DATA_10HZ,25.0,30.0,10.000003200001025,0.10000524765
gait_20260909_145331_616f9d8038d9,/JOINTS_DATA_10HZ,30.0,35.0,9.999974000067601,0.10000323485
gait_20260909_145331_616f9d8038d9,/JOINTS_DATA_10HZ,35.0,40.0,10.000046950220433,0.10000333705
gait_20260909_145331_616f9d8038d9,/JOINTS_DATA_10HZ,40.0,45.0,10.000017750031507,0.1000059626
gait_20260909_145331_616f9d8038d9,/JOINTS_DATA_10HZ,45.0,50.0,10.000003150000992,0.100009593
gait_20260909_145331_616f9d8038d9,/JOINTS_DATA_10HZ,50.0,55.0,10.000003200001025,0.1000086459
gait_20260909_145331_616f9d8038d9,/JOINTS_DATA_10HZ,55.0,60.0,10.00003230010433,0.10000994385
gait_20260909_145331_616f9d8038d9,/JOINTS_DATA_10HZ,60.0,65.0,9.99994485030415,0.10000392005
gait_20260909_145331_616f9d8038d9,/JOINTS_DATA_10HZ,65.0,70.0,10.000003100000962,0.1000064142
gait_20260909_145331_616f9d8038d9,/JOINTS_DATA_10HZ,70.0,75.0,10.000003150000992,0.1000064142
gait_20260909_145331_616f9d8038d9,/JOINTS_DATA_10HZ,75.0,80.0,9.999988600012996,0.10000806245
gait_20260909_145331_616f9d8038d9,/JOINTS_DATA_10HZ,80.0,85.0,10.000017750031507,0.1000076395
gait_20260909_145331_616f9d8038d9,/JOINTS_DATA_10HZ,85.0,90.0,10.000017750031507,0.10000758065
gait_20260909_145331_616f9d8038d9,/JOINTS_DATA_10HZ,90.0,93.26002346299998,10.000003200001025,0.1000069685
gait_20260909_145331_616f9d8038d9,/MOTION_INFO,0.0,5.0,19.999948000135202,0.0500173536
gait_20260909_145331_616f9d8038d9,/MOTION_INFO,5.0,10.0,19.999831601417913,0.050012964
gait_20260909_145331_616f9d8038d9,/MOTION_INFO,10.0,15.0,20.000064800209955,0.0500092449
gait_20260909_145331_616f9d8038d9,/MOTION_INFO,15.0,20.0,19.99983120142466,0.050011505
gait_20260909_145331_616f9d8038d9,/MOTION_INFO,20.0,25.0,19.99959800808004,0.0500086026
gait_20260909_145331_616f9d8038d9,/MOTION_INFO,25.0,30.0,20.000181201641688,0.050012102600000004
gait_20260909_145331_616f9d8038d9,/MOTION_INFO,30.0,35.0,20.000064800209955,0.05001501955
gait_20260909_145331_616f9d8038d9,/MOTION_INFO,35.0,40.0,19.999948000135202,0.0500115342
gait_20260909_145331_616f9d8038d9,/MOTION_INFO,40.0,45.0,19.999831401421286,0.0500106446
gait_20260909_145331_616f9d8038d9,/MOTION_INFO,45.0,50.0,20.000181201641688,0.0500092449
gait_20260909_145331_616f9d8038d9,/MOTION_INFO,50.0,55.0,20.000064800209955,0.050009784200000004
gait_20260909_145331_616f9d8038d9,/MOTION_INFO,55.0,60.0,20.000006200001923,0.0500094776
gait_20260909_145331_616f9d8038d9,/MOTION_INFO,60.0,65.0,19.999948000135202,0.050017046
gait_20260909_145331_616f9d8038d9,/MOTION_INFO,65.0,70.0,20.00006460020866,0.0500080633
gait_20260909_145331_616f9d8038d9,/MOTION_INFO,70.0,75.0,20.000181401645314,0.0500069119
gait_20260909_145331_616f9d8038d9,/MOTION_INFO,75.0,80.0,20.000181201641688,0.0500091866
gait_20260909_145331_616f9d8038d9,/MOTION_INFO,80.0,85.0,20.000122800753996,0.0500197303
gait_20260909_145331_616f9d8038d9,/MOTION_INFO,85.0,90.0,20.000006200001923,0.0500226026
gait_20260909_145331_616f9d8038d9,/MOTION_INFO,90.0,93.26002346299998,19.999948000135202,0.05002390115
gait_20260909_145331_616f9d8038d9,/STEER,0.0,5.0,12368.354328614805,1.00025064455
gait_20260909_145331_616f9d8038d9,/STEER,5.0,10.0,12364.683989588937,1.00008186455
gait_20260909_145331_616f9d8038d9,/STEER,10.0,15.0,12348.04190925424,1.000064318
gait_20260909_145331_616f9d8038d9,/STEER,15.0,20.0,12368.583797155226,1.0000803379
gait_20260909_145331_616f9d8038d9,/STEER,20.0,25.0,12341.945954618664,1.0000806039
gait_20260909_145331_616f9d8038d9,/STEER,25.0,30.0,12309.131529224956,1.00008162175
gait_20260909_145331_616f9d8038d9,/STEER,30.0,35.0,12322.327441207097,1.000082736
gait_20260909_145331_616f9d8038d9,/STEER,35.0,40.0,12378.842083111545,0.30008509199999894
gait_20260909_145331_616f9d8038d9,/STEER,40.0,45.0,12321.340561853129,1.0000807401999998
gait_20260909_145331_616f9d8038d9,/STEER,45.0,50.0,12358.418863890553,1.00008087495
gait_20260909_145331_616f9d8038d9,/STEER,50.0,55.0,12377.692921816302,1.00008145575
gait_20260909_145331_616f9d8038d9,/STEER,55.0,60.0,12392.955843898328,1.2013932397999993
gait_20260909_145331_616f9d8038d9,/STEER,60.0,65.0,12382.060870211239,1.000081532
gait_20260909_145331_616f9d8038d9,/STEER,65.0,70.0,12346.136276652222,1.0000777086000001
gait_20260909_145331_616f9d8038d9,/STEER,70.0,75.0,12335.323432180392,1.0000827129999998
gait_20260909_145331_616f9d8038d9,/STEER,75.0,80.0,12359.946357832807,1.0000812276
gait_20260909_145331_616f9d8038d9,/STEER,80.0,85.0,12319.139631288152,1.0000803021
gait_20260909_145331_616f9d8038d9,/STEER,85.0,90.0,12342.174444293596,0.4000824729999986
gait_20260909_145331_616f9d8038d9,/rslidar_front/points,0.0,5.0,10.000045350205662,0.10011152
gait_20260909_145331_616f9d8038d9,/rslidar_front/points,5.0,10.0,10.000057250327758,0.10007993025
gait_20260909_145331_616f9d8038d9,/rslidar_front/points,10.0,15.0,9.99990230095452,0.1004634502
gait_20260909_145331_616f9d8038d9,/rslidar_front/points,15.0,20.0,10.006821099568414,0.1007166503
gait_20260909_145331_616f9d8038d9,/rslidar_front/points,20.0,25.0,10.008564178238856,0.10089682305
gait_20260909_145331_616f9d8038d9,/rslidar_front/points,25.0,30.0,10.000248006150551,0.1000920533
gait_20260909_145331_616f9d8038d9,/rslidar_front/points,30.0,35.0,10.000200254010085,0.10014407655
gait_20260909_145331_616f9d8038d9,/rslidar_front/points,35.0,40.0,9.99998570002045,0.1000782135
gait_20260909_145331_616f9d8038d9,/rslidar_front/points,40.0,45.0,10.000152552327187,0.10053783695
gait_20260909_145331_616f9d8038d9,/rslidar_front/points,45.0,50.0,10.000236055572092,0.1005060438
gait_20260909_145331_616f9d8038d9,/rslidar_front/points,50.0,55.0,10.004147869769024,0.10068376015000001
gait_20260909_145331_616f9d8038d9,/rslidar_front/points,55.0,60.0,10.000104901100412,0.1000365734
gait_20260909_145331_616f9d8038d9,/rslidar_front/points,60.0,65.0,10.000999049800079,0.100409448
gait_20260909_145331_616f9d8038d9,/rslidar_front/points,65.0,70.0,10.00004530020521,0.10058372045
gait_20260909_145331_616f9d8038d9,/rslidar_front/points,70.0,75.0,10.00336042886887,0.1004613991
gait_20260909_145331_616f9d8038d9,/rslidar_front/points,75.0,80.0,10.000152552327185,0.10037792920000001
gait_20260909_145331_616f9d8038d9,/rslidar_front/points,80.0,85.0,10.00560358826159,0.1009256601
gait_20260909_145331_616f9d8038d9,/rslidar_front/points,85.0,90.0,10.000247956148073,0.10037242165
gait_20260909_145331_616f9d8038d9,/rslidar_front/points,90.0,93.26002346299998,10.000009500009025,0.10010993500000001
gait_20260909_145331_616f9d8038d9,/rslidar_rear/points,0.0,5.0,10.000104901100412,0.1000813131
gait_20260909_145331_616f9d8038d9,/rslidar_rear/points,5.0,10.0,10.000033400111557,0.100110364
gait_20260909_145331_616f9d8038d9,/rslidar_rear/points,10.0,15.0,10.000200204008085,0.10043348105000001
gait_20260909_145331_616f9d8038d9,/rslidar_rear/points,15.0,20.0,9.996529804643616,0.10047420275
gait_20260909_145331_616f9d8038d9,/rslidar_rear/points,20.0,25.0,10.00344393566095,0.10068126925
gait_20260909_145331_616f9d8038d9,/rslidar_rear/points,25.0,30.0,10.000152552327185,0.10007309910000001
gait_20260909_145331_616f9d8038d9,/rslidar_rear/points,30.0,35.0,10.000212254505103,0.10025355785000001
gait_20260909_145331_616f9d8038d9,/rslidar_rear/points,35.0,40.0,10.000104901100412,0.10011123375
gait_20260909_145331_616f9d8038d9,/rslidar_rear/points,40.0,45.0,10.000152602328711,0.1005952715
gait_20260909_145331_616f9d8038d9,/rslidar_rear/points,45.0,50.0,10.003610953427803,0.1006240131
gait_20260909_145331_616f9d8038d9,/rslidar_rear/points,50.0,55.0,10.001201794413625,0.10069279675000001
gait_20260909_145331_616f9d8038d9,/rslidar_rear/points,55.0,60.0,10.000152602328711,0.10002164825
gait_20260909_145331_616f9d8038d9,/rslidar_rear/points,60.0,65.0,10.001249406082055,0.10050638925
gait_20260909_145331_616f9d8038d9,/rslidar_rear/points,65.0,70.0,9.999902250955497,0.1003483058
gait_20260909_145331_616f9d8038d9,/rslidar_rear/points,70.0,75.0,10.005699046062658,0.10050158470000001
gait_20260909_145331_616f9d8038d9,/rslidar_rear/points,75.0,80.0,10.000057250327758,0.1003895279
gait_20260909_145331_616f9d8038d9,/rslidar_rear/points,80.0,85.0,10.007465669464077,0.10091938935
gait_20260909_145331_616f9d8038d9,/rslidar_rear/points,85.0,90.0,10.000438769251002,0.10027246505
gait_20260909_145331_616f9d8038d9,/rslidar_rear/points,90.0,93.26002346299998,10.00020030401209,0.100079537
gait_20260909_145914_2e0541078764,/HANDLE_STEER,0.0,5.0,12340.651339577704,1.0000806225
gait_20260909_145914_2e0541078764,/HANDLE_STEER,5.0,10.0,12359.258938834028,1.0000807583
gait_20260909_145914_2e0541078764,/HANDLE_STEER,10.0,15.0,12345.221781909313,1.000079116
gait_20260909_145914_2e0541078764,/HANDLE_STEER,15.0,20.0,12364.378226329944,1.00008025075
gait_20260909_145914_2e0541078764,/HANDLE_STEER,20.0,25.0,12289.843673188478,1.0000807538
gait_20260909_145914_2e0541078764,/HANDLE_STEER,25.0,30.0,12394.261456945433,0.7501812170000001
gait_20260909_145914_2e0541078764,/IMU,0.0,5.0,200.0,0.005
gait_20260909_145914_2e0541078764,/IMU,5.0,10.0,200.0,0.005
gait_20260909_145914_2e0541078764,/IMU,10.0,15.0,200.0,0.005
gait_20260909_145914_2e0541078764,/IMU,15.0,20.0,200.0,0.005
gait_20260909_145914_2e0541078764,/IMU,20.0,25.0,200.0,0.005
gait_20260909_145914_2e0541078764,/IMU,25.0,30.0,200.0,0.005
gait_20260909_145914_2e0541078764,/IMU,30.0,35.0,200.0,0.005
gait_20260909_145914_2e0541078764,/IMU,35.0,39.444364042000075,200.0,0.005
gait_20260909_145914_2e0541078764,/JOINTS_DATA,0.0,5.0,199.9983200141119,0.0050209691
gait_20260909_145914_2e0541078764,/JOINTS_DATA,5.0,10.0,199.9983200141119,0.00501433305
gait_20260909_145914_2e0541078764,/JOINTS_DATA,10.0,15.0,199.9983200141119,0.005018417
gait_20260909_145914_2e0541078764,/JOINTS_DATA,15.0,20.0,199.9983200141119,0.0050190447
gait_20260909_145914_2e0541078764,/JOINTS_DATA,20.0,25.0,199.9983200141119,0.0050146697
gait_20260909_145914_2e0541078764,/JOINTS_DATA,25.0,30.0,199.9983200141119,0.0050158503
gait_20260909_145914_2e0541078764,/JOINTS_DATA,30.0,35.0,199.9983200141119,0.00502137775
gait_20260909_145914_2e0541078764,/JOINTS_DATA,35.0,39.444364042000075,199.98668088705293,0.0050119127
gait_20260909_145914_2e0541078764,/JOINTS_DATA_10HZ,0.0,5.0,10.000076050578365,0.10001224765
gait_20260909_145914_2e0541078764,/JOINTS_DATA_10HZ,5.0,10.0,9.999944800304702,0.10000851395
gait_20260909_145914_2e0541078764,/JOINTS_DATA_10HZ,10.0,15.0,10.000017750031507,0.10000903864999999
gait_20260909_145914_2e0541078764,/JOINTS_DATA_10HZ,15.0,20.0,10.000061500378228,0.100009885
gait_20260909_145914_2e0541078764,/JOINTS_DATA_10HZ,20.0,25.0,10.00009065082175,0.1000098119
gait_20260909_145914_2e0541078764,/JOINTS_DATA_10HZ,25.0,30.0,9.999930200487201,0.10001007469999999
gait_20260909_145914_2e0541078764,/JOINTS_DATA_10HZ,30.0,35.0,10.00001770003133,0.10001020565
gait_20260909_145914_2e0541078764,/JOINTS_DATA_10HZ,35.0,39.444364042000075,9.999974000067601,0.10001315115
gait_20260909_145914_2e0541078764,/MOTION_INFO,0.0,5.0,20.000064800209955,0.050011344299999996
gait_20260909_145914_2e0541078764,/MOTION_INFO,5.0,10.0,20.00006440020737,0.050010047
gait_20260909_145914_2e0541078764,/MOTION_INFO,10.0,15.0,19.999948000135202,0.050011694599999997
gait_20260909_145914_2e0541078764,/MOTION_INFO,15.0,20.0,19.999948000135202,0.05000772855
gait_20260909_145914_2e0541078764,/MOTION_INFO,20.0,25.0,20.000006200001923,0.050010119900000004
gait_20260909_145914_2e0541078764,/MOTION_INFO,25.0,30.0,19.99983120142466,0.05001216095
gait_20260909_145914_2e0541078764,/MOTION_INFO,30.0,35.0,20.000006200001923,0.05000713
gait_20260909_145914_2e0541078764,/MOTION_INFO,35.0,39.444364042000075,20.000006200001923,0.050009258949999996
gait_20260909_145914_2e0541078764,/STEER,0.0,5.0,12340.651339577704,1.0000806225
gait_20260909_145914_2e0541078764,/STEER,5.0,10.0,12359.258938834028,1.0000807583
gait_20260909_145914_2e0541078764,/STEER,10.0,15.0,12345.221781909313,1.000079116
gait_20260909_145914_2e0541078764,/STEER,15.0,20.0,12364.378226329944,1.00008025075
gait_20260909_145914_2e0541078764,/STEER,20.0,25.0,12289.843673188478,1.0000807538
gait_20260909_145914_2e0541078764,/STEER,25.0,30.0,12394.261456945433,0.7501812170000001
gait_20260909_145914_2e0541078764,/rslidar_front/points,0.0,5.0,10.000057200327186,0.10008532995
gait_20260909_145914_2e0541078764,/rslidar_front/points,5.0,10.0,10.000402916233496,0.10034471724999999
gait_20260909_145914_2e0541078764,/rslidar_front/points,10.0,15.0,10.00030755945899,0.10005509825
gait_20260909_145914_2e0541078764,/rslidar_front/points,15.0,20.0,10.000057200327186,0.1001207354
gait_20260909_145914_2e0541078764,/rslidar_front/points,20.0,25.0,10.000200204008085,0.10022627064999999
gait_20260909_145914_2e0541078764,/rslidar_front/points,25.0,30.0,10.000391015288699,0.1000445127
gait_20260909_145914_2e0541078764,/rslidar_front/points,30.0,35.0,10.000104951101461,0.10011014885
gait_20260909_145914_2e0541078764,/rslidar_front/points,35.0,39.444364042000075,10.00020030401209,0.10010619189999999
gait_20260909_145914_2e0541078764,/rslidar_rear/points,0.0,5.0,9.999997600000576,0.10011566884999999
gait_20260909_145914_2e0541078764,/rslidar_rear/points,5.0,10.0,10.000462621400866,0.10030076465
gait_20260909_145914_2e0541078764,/rslidar_rear/points,10.0,15.0,9.999651962113457,0.10009284
gait_20260909_145914_2e0541078764,/rslidar_rear/points,15.0,20.0,9.999604215665144,0.10009639275
gait_20260909_145914_2e0541078764,/rslidar_rear/points,20.0,25.0,10.000247956148073,0.1003885629
gait_20260909_145914_2e0541078764,/rslidar_rear/points,25.0,30.0,10.00020030401209,0.10010100615
gait_20260909_145914_2e0541078764,/rslidar_rear/points,30.0,35.0,9.99998570002045,0.10007928625
gait_20260909_145914_2e0541078764,/rslidar_rear/points,35.0,39.444364042000075,10.000009500009025,0.1001105073
gait_20260909_150146_9b19dc6690ec,/HANDLE_STEER,0.0,5.0,12325.51690136505,0.6502519517999985
gait_20260909_150146_9b19dc6690ec,/HANDLE_STEER,5.0,10.0,12373.328054046697,2.5021481559999996
gait_20260909_150146_9b19dc6690ec,/HANDLE_STEER,10.0,15.0,12332.204936581637,1.00030178
gait_20260909_150146_9b19dc6690ec,/HANDLE_STEER,15.0,20.0,12292.562999385373,0.9000967344999985
gait_20260909_150146_9b19dc6690ec,/HANDLE_STEER,20.0,25.0,12315.877629439874,1.0000697725
gait_20260909_150146_9b19dc6690ec,/HANDLE_STEER,25.0,30.0,12411.721629907286,1.000084318
gait_20260909_150146_9b19dc6690ec,/HANDLE_STEER,30.0,35.0,12430.389817024661,1.00007072725
gait_20260909_150146_9b19dc6690ec,/HANDLE_STEER,35.0,40.0,12416.961569503943,0.4002322479999986
gait_20260909_150146_9b19dc6690ec,/HANDLE_STEER,40.0,45.0,12388.043060837681,1.00008105645
gait_20260909_150146_9b19dc6690ec,/HANDLE_STEER,45.0,50.0,12398.717972561637,0.20024892385000284
gait_20260909_150146_9b19dc6690ec,/HANDLE_STEER,50.0,55.0,12311.480455524777,1.0004703986
gait_20260909_150146_9b19dc6690ec,/HANDLE_STEER,55.0,60.0,12316.484382697801,1.00008175505
gait_20260909_150146_9b19dc6690ec,/HANDLE_STEER,60.0,65.0,12325.213072120985,1.00008151135
gait_20260909_150146_9b19dc6690ec,/HANDLE_STEER,65.0,70.0,12324.301674256381,1.0000816065
gait_20260909_150146_9b19dc6690ec,/HANDLE_STEER,70.0,75.0,12336.31255281484,1.00016383895
gait_20260909_150146_9b19dc6690ec,/HANDLE_STEER,75.0,80.0,12346.441138341872,1.0000839135000001
gait_20260909_150146_9b19dc6690ec,/HANDLE_STEER,80.0,85.0,12372.25645213174,1.0000813867
gait_20260909_150146_9b19dc6690ec,/HANDLE_STEER,85.0,90.0,12361.245024598878,1.0000809547999998
gait_20260909_150146_9b19dc6690ec,/HANDLE_STEER,90.0,95.0,12332.433065719535,1.000082519
gait_20260909_150146_9b19dc6690ec,/HANDLE_STEER,95.0,100.0,12304.284967239842,1.00008110725
gait_20260909_150146_9b19dc6690ec,/HANDLE_STEER,100.0,105.0,12369.348753788116,0.550314321349999
gait_20260909_150146_9b19dc6690ec,/HANDLE_STEER,105.0,110.0,12343.240841315295,1.000080562
gait_20260909_150146_9b19dc6690ec,/IMU,0.0,5.0,200.0,0.005
gait_20260909_150146_9b19dc6690ec,/IMU,5.0,10.0,200.0,0.005
gait_20260909_150146_9b19dc6690ec,/IMU,10.0,15.0,200.0,0.005
gait_20260909_150146_9b19dc6690ec,/IMU,15.0,20.0,200.0,0.005
gait_20260909_150146_9b19dc6690ec,/IMU,20.0,25.0,200.0,0.005
gait_20260909_150146_9b19dc6690ec,/IMU,25.0,30.0,200.0,0.005
gait_20260909_150146_9b19dc6690ec,/IMU,30.0,35.0,200.0,0.005
gait_20260909_150146_9b19dc6690ec,/IMU,35.0,40.0,200.0,0.005
gait_20260909_150146_9b19dc6690ec,/IMU,40.0,45.0,200.0,0.005
gait_20260909_150146_9b19dc6690ec,/IMU,45.0,50.0,200.0,0.005
gait_20260909_150146_9b19dc6690ec,/IMU,50.0,55.0,200.0,0.005
gait_20260909_150146_9b19dc6690ec,/IMU,55.0,60.0,200.0,0.005
gait_20260909_150146_9b19dc6690ec,/IMU,60.0,65.0,200.0,0.005
gait_20260909_150146_9b19dc6690ec,/IMU,65.0,70.0,200.0,0.005
gait_20260909_150146_9b19dc6690ec,/IMU,70.0,75.0,200.0,0.005
gait_20260909_150146_9b19dc6690ec,/IMU,75.0,80.0,200.0,0.005
gait_20260909_150146_9b19dc6690ec,/IMU,80.0,85.0,200.0,0.005
gait_20260909_150146_9b19dc6690ec,/IMU,85.0,90.0,200.0,0.005
gait_20260909_150146_9b19dc6690ec,/IMU,90.0,95.0,200.0,0.005
gait_20260909_150146_9b19dc6690ec,/IMU,95.0,100.0,200.0,0.005
gait_20260909_150146_9b19dc6690ec,/IMU,100.0,105.0,200.0,0.005
gait_20260909_150146_9b19dc6690ec,/IMU,105.0,110.0,200.0,0.005
gait_20260909_150146_9b19dc6690ec,/IMU,110.0,114.63989696200008,200.0,0.005
gait_20260909_150146_9b19dc6690ec,/JOINTS_DATA,0.0,5.0,199.9983200141119,0.0050122784
gait_20260909_150146_9b19dc6690ec,/JOINTS_DATA,5.0,10.0,200.0099604960327,0.00501697355
gait_20260909_150146_9b19dc6690ec,/JOINTS_DATA,10.0,15.0,199.9983200141119,0.005011709
gait_20260909_150146_9b19dc6690ec,/JOINTS_DATA,15.0,20.0,199.9983200141119,0.005013751
gait_20260909_150146_9b19dc6690ec,/JOINTS_DATA,20.0,25.0,199.9983200141119,0.005011417
gait_20260909_150146_9b19dc6690ec,/JOINTS_DATA,25.0,30.0,199.9983200141119,0.0050190146
gait_20260909_150146_9b19dc6690ec,/JOINTS_DATA,30.0,35.0,200.0041400856998,0.00501434855
gait_20260909_150146_9b19dc6690ec,/JOINTS_DATA,35.0,40.0,199.9983200141119,0.005016098599999999
gait_20260909_150146_9b19dc6690ec,/JOINTS_DATA,40.0,45.0,200.0099604960327,0.0050123502
gait_20260909_150146_9b19dc6690ec,/JOINTS_DATA,45.0,50.0,199.9983200141119,0.005010834
gait_20260909_150146_9b19dc6690ec,/JOINTS_DATA,50.0,55.0,199.9983200141119,0.0050100317499999995
gait_20260909_150146_9b19dc6690ec,/JOINTS_DATA,55.0,60.0,199.9983200141119,0.00501175275
gait_20260909_150146_9b19dc6690ec,/JOINTS_DATA,60.0,65.0,199.9983200141119,0.005009959
gait_20260909_150146_9b19dc6690ec,/JOINTS_DATA,65.0,70.0,199.9983200141119,0.005009667
gait_20260909_150146_9b19dc6690ec,/JOINTS_DATA,70.0,75.0,199.9983200141119,0.00501170805
gait_20260909_150146_9b19dc6690ec,/JOINTS_DATA,75.0,80.0,199.9983200141119,0.00501200005
gait_20260909_150146_9b19dc6690ec,/JOINTS_DATA,80.0,85.0,199.9983200141119,0.00501141705
gait_20260909_150146_9b19dc6690ec,/JOINTS_DATA,85.0,90.0,199.9983200141119,0.00501172355
gait_20260909_150146_9b19dc6690ec,/JOINTS_DATA,90.0,95.0,200.0041400856998,0.00501200005
gait_20260909_150146_9b19dc6690ec,/JOINTS_DATA,95.0,100.0,199.9983200141119,0.0050100026499999995
gait_20260909_150146_9b19dc6690ec,/JOINTS_DATA,100.0,105.0,199.9983200141119,0.00500879295
gait_20260909_150146_9b19dc6690ec,/JOINTS_DATA,105.0,110.0,200.0099604960327,0.005010251
gait_20260909_150146_9b19dc6690ec,/JOINTS_DATA,110.0,114.63989696200008,200.0099604960327,0.005009084
gait_20260909_150146_9b19dc6690ec,/JOINTS_DATA_10HZ,0.0,5.0,9.999930300485806,0.10000871855
gait_20260909_150146_9b19dc6690ec,/JOINTS_DATA_10HZ,5.0,10.0,9.999915650711486,0.10000851449999999
gait_20260909_150146_9b19dc6690ec,/JOINTS_DATA_10HZ,10.0,15.0,9.999988600012996,0.10000829505
gait_20260909_150146_9b19dc6690ec,/JOINTS_DATA_10HZ,15.0,20.0,10.000105251107769,0.10001033705000001
gait_20260909_150146_9b19dc6690ec,/JOINTS_DATA_10HZ,20.0,25.0,10.00003230010433,0.10001299125
gait_20260909_150146_9b19dc6690ec,/JOINTS_DATA_10HZ,25.0,30.0,9.99997405006734,0.10001080405
gait_20260909_150146_9b19dc6690ec,/JOINTS_DATA_10HZ,30.0,35.0,9.999959400164835,0.10001162075
gait_20260909_150146_9b19dc6690ec,/JOINTS_DATA_10HZ,35.0,40.0,9.99994485030415,0.10001646205
gait_20260909_150146_9b19dc6690ec,/JOINTS_DATA_10HZ,40.0,45.0,9.999930250486502,0.10000883470000001
gait_20260909_150146_9b19dc6690ec,/JOINTS_DATA_10HZ,45.0,50.0,10.000003200001025,0.1000048248
gait_20260909_150146_9b19dc6690ec,/JOINTS_DATA_10HZ,50.0,55.0,9.999974000067601,0.10000731785
gait_20260909_150146_9b19dc6690ec,/JOINTS_DATA_10HZ,55.0,60.0,9.99998855001311,0.10000787265
gait_20260909_150146_9b19dc6690ec,/JOINTS_DATA_10HZ,60.0,65.0,9.999988600012996,0.10001166465
gait_20260909_150146_9b19dc6690ec,/JOINTS_DATA_10HZ,65.0,70.0,9.9999449003036,0.10001182425
gait_20260909_150146_9b19dc6690ec,/JOINTS_DATA_10HZ,70.0,75.0,10.000046950220433,0.1000125975
gait_20260909_150146_9b19dc6690ec,/JOINTS_DATA_10HZ,75.0,80.0,10.000017750031507,0.10000890825
gait_20260909_150146_9b19dc6690ec,/JOINTS_DATA_10HZ,80.0,85.0,10.000017750031507,0.1000114023
gait_20260909_150146_9b19dc6690ec,/JOINTS_DATA_10HZ,85.0,90.0,10.000090600820844,0.10001638905
gait_20260909_150146_9b19dc6690ec,/JOINTS_DATA_10HZ,90.0,95.0,9.999973950067861,0.10000845565
gait_20260909_150146_9b19dc6690ec,/JOINTS_DATA_10HZ,95.0,100.0,10.000003200001025,0.10000731885
gait_20260909_150146_9b19dc6690ec,/JOINTS_DATA_10HZ,100.0,105.0,9.999974000067601,0.10000887859999999
gait_20260909_150146_9b19dc6690ec,/JOINTS_DATA_10HZ,105.0,110.0,9.999974000067601,0.10001204315
gait_20260909_150146_9b19dc6690ec,/JOINTS_DATA_10HZ,110.0,114.63989696200008,10.000046850219494,0.10000769725
gait_20260909_150146_9b19dc6690ec,/MOTION_INFO,0.0,5.0,20.000123200758917,0.05001968655
gait_20260909_150146_9b19dc6690ec,/MOTION_INFO,5.0,10.0,20.00006460020866,0.0500170023
gait_20260909_150146_9b19dc6690ec,/MOTION_INFO,10.0,15.0,20.000006200001923,0.05001067375
gait_20260909_150146_9b19dc6690ec,/MOTION_INFO,15.0,20.0,19.999948000135202,0.05001513625
gait_20260909_150146_9b19dc6690ec,/MOTION_INFO,20.0,25.0,19.999831601417913,0.050008005
gait_20260909_150146_9b19dc6690ec,/MOTION_INFO,25.0,30.0,20.00000640000205,0.0500112276
gait_20260909_150146_9b19dc6690ec,/MOTION_INFO,30.0,35.0,19.999948000135202,0.05000925855
gait_20260909_150146_9b19dc6690ec,/MOTION_INFO,35.0,40.0,19.999948000135202,0.050007450200000005
gait_20260909_150146_9b19dc6690ec,/MOTION_INFO,40.0,45.0,19.999948000135202,0.0500095223
gait_20260909_150146_9b19dc6690ec,/MOTION_INFO,45.0,50.0,19.999831601417913,0.0500154419
gait_20260909_150146_9b19dc6690ec,/MOTION_INFO,50.0,55.0,20.000298004440268,0.050025213
gait_20260909_150146_9b19dc6690ec,/MOTION_INFO,55.0,60.0,19.999948000135202,0.05002288
gait_20260909_150146_9b19dc6690ec,/MOTION_INFO,60.0,65.0,20.00006460020866,0.050019671
gait_20260909_150146_9b19dc6690ec,/MOTION_INFO,65.0,70.0,20.000181401645314,0.05001096575
gait_20260909_150146_9b19dc6690ec,/MOTION_INFO,70.0,75.0,19.999714804066894,0.050016755
gait_20260909_150146_9b19dc6690ec,/MOTION_INFO,75.0,80.0,19.99983120142466,0.0500162886
gait_20260909_150146_9b19dc6690ec,/MOTION_INFO,80.0,85.0,19.999948000135202,0.050015005
gait_20260909_150146_9b19dc6690ec,/MOTION_INFO,85.0,90.0,20.000181401645314,0.05001039635
gait_20260909_150146_9b19dc6690ec,/MOTION_INFO,90.0,95.0,20.00000640000205,0.0500083106
gait_20260909_150146_9b19dc6690ec,/MOTION_INFO,95.0,100.0,20.000181201641688,0.05000631335
gait_20260909_150146_9b19dc6690ec,/MOTION_INFO,100.0,105.0,20.000006200001923,0.05000861715
gait_20260909_150146_9b19dc6690ec,/MOTION_INFO,105.0,110.0,20.000181401645314,0.0500109356
gait_20260909_150146_9b19dc6690ec,/MOTION_INFO,110.0,114.63989696200008,19.999714804066894,0.0500132555
gait_20260909_150146_9b19dc6690ec,/STEER,0.0,5.0,12325.51690136505,0.6502519517999985
gait_20260909_150146_9b19dc6690ec,/STEER,5.0,10.0,12373.328054046697,2.5021481559999996
gait_20260909_150146_9b19dc6690ec,/STEER,10.0,15.0,12332.204936581637,1.00030178
gait_20260909_150146_9b19dc6690ec,/STEER,15.0,20.0,12292.562999385373,0.9000967344999985
gait_20260909_150146_9b19dc6690ec,/STEER,20.0,25.0,12315.877629439874,1.0000697725
gait_20260909_150146_9b19dc6690ec,/STEER,25.0,30.0,12411.721629907286,1.000084318
gait_20260909_150146_9b19dc6690ec,/STEER,30.0,35.0,12430.389817024661,1.00007072725
gait_20260909_150146_9b19dc6690ec,/STEER,35.0,40.0,12416.961569503943,0.4002322479999986
gait_20260909_150146_9b19dc6690ec,/STEER,40.0,45.0,12388.043060837681,1.00008105645
gait_20260909_150146_9b19dc6690ec,/STEER,45.0,50.0,12398.717972561637,0.20024892385000284
gait_20260909_150146_9b19dc6690ec,/STEER,50.0,55.0,12311.480455524777,1.0004703986
gait_20260909_150146_9b19dc6690ec,/STEER,55.0,60.0,12316.484382697801,1.00008175505
gait_20260909_150146_9b19dc6690ec,/STEER,60.0,65.0,12325.213072120985,1.00008151135
gait_20260909_150146_9b19dc6690ec,/STEER,65.0,70.0,12324.301674256381,1.0000816065
gait_20260909_150146_9b19dc6690ec,/STEER,70.0,75.0,12336.31255281484,1.00016383895
gait_20260909_150146_9b19dc6690ec,/STEER,75.0,80.0,12346.441138341872,1.0000839135000001
gait_20260909_150146_9b19dc6690ec,/STEER,80.0,85.0,12372.25645213174,1.0000813867
gait_20260909_150146_9b19dc6690ec,/STEER,85.0,90.0,12361.245024598878,1.0000809547999998
gait_20260909_150146_9b19dc6690ec,/STEER,90.0,95.0,12332.433065719535,1.000082519
gait_20260909_150146_9b19dc6690ec,/STEER,95.0,100.0,12304.284967239842,1.00008110725
gait_20260909_150146_9b19dc6690ec,/STEER,100.0,105.0,12369.348753788116,0.550314321349999
gait_20260909_150146_9b19dc6690ec,/STEER,105.0,110.0,12343.240841315295,1.000080562
gait_20260909_150146_9b19dc6690ec,/rslidar_front/points,0.0,5.0,10.000057250327758,0.1000898724
gait_20260909_150146_9b19dc6690ec,/rslidar_front/points,5.0,10.0,10.00004530020521,0.1000988367
gait_20260909_150146_9b19dc6690ec,/rslidar_front/points,10.0,15.0,10.000248006150551,0.10043898785
gait_20260909_150146_9b19dc6690ec,/rslidar_front/points,15.0,20.0,10.000653392689411,0.10046828995
gait_20260909_150146_9b19dc6690ec,/rslidar_front/points,20.0,25.0,9.999985750020306,0.1000926736
gait_20260909_150146_9b19dc6690ec,/rslidar_front/points,25.0,30.0,10.000045350205662,0.10071995304999999
gait_20260909_150146_9b19dc6690ec,/rslidar_front/points,30.0,35.0,10.00020030401209,0.10011609815
gait_20260909_150146_9b19dc6690ec,/rslidar_front/points,35.0,40.0,10.001297118229749,0.1003355859
gait_20260909_150146_9b19dc6690ec,/rslidar_front/points,40.0,45.0,10.000152602328711,0.10009188685
gait_20260909_150146_9b19dc6690ec,/rslidar_front/points,45.0,50.0,10.000498274826542,0.10020651825
gait_20260909_150146_9b19dc6690ec,/rslidar_front/points,50.0,55.0,10.000391015288699,0.10023481819999999
gait_20260909_150146_9b19dc6690ec,/rslidar_front/points,55.0,60.0,10.000009500009025,0.10011642030000001
gait_20260909_150146_9b19dc6690ec,/rslidar_front/points,60.0,65.0,10.00395696513799,0.1006115072
gait_20260909_150146_9b19dc6690ec,/rslidar_front/points,65.0,70.0,10.00105871207526,0.1002159955
gait_20260909_150146_9b19dc6690ec,/rslidar_front/points,70.0,75.0,10.000748706051878,0.10021700855
gait_20260909_150146_9b19dc6690ec,/rslidar_front/points,75.0,80.0,10.00215576463195,0.10068447585
gait_20260909_150146_9b19dc6690ec,/rslidar_front/points,80.0,85.0,10.001189841555451,0.1006351947
gait_20260909_150146_9b19dc6690ec,/rslidar_front/points,85.0,90.0,10.000295608738195,0.10056929555
gait_20260909_150146_9b19dc6690ec,/rslidar_front/points,90.0,95.0,10.001058662064674,0.1004010554
gait_20260909_150146_9b19dc6690ec,/rslidar_front/points,95.0,100.0,10.003551310733068,0.10041519415
gait_20260909_150146_9b19dc6690ec,/rslidar_front/points,100.0,105.0,10.000200254010085,0.10007735485
gait_20260909_150146_9b19dc6690ec,/rslidar_front/points,105.0,110.0,10.00200080024008,0.1006734133
gait_20260909_150146_9b19dc6690ec,/rslidar_front/points,110.0,114.63989696200008,10.000104901100412,0.100093794
gait_20260909_150146_9b19dc6690ec,/rslidar_rear/points,0.0,5.0,10.000045350205662,0.1001146317
gait_20260909_150146_9b19dc6690ec,/rslidar_rear/points,5.0,10.0,9.999997600000576,0.1000853891
gait_20260909_150146_9b19dc6690ec,/rslidar_rear/points,10.0,15.0,10.00129716824272,0.1005397798
gait_20260909_150146_9b19dc6690ec,/rslidar_rear/points,15.0,20.0,10.000510276036835,0.1004873276
gait_20260909_150146_9b19dc6690ec,/rslidar_rear/points,20.0,25.0,9.999985650020593,0.10009263755
gait_20260909_150146_9b19dc6690ec,/rslidar_rear/points,25.0,30.0,10.0006055866713,0.1005385046
gait_20260909_150146_9b19dc6690ec,/rslidar_rear/points,30.0,35.0,9.999938050383777,0.10018016075
gait_20260909_150146_9b19dc6690ec,/rslidar_rear/points,35.0,40.0,10.00076060784803,0.10017806315
gait_20260909_150146_9b19dc6690ec,/rslidar_rear/points,40.0,45.0,9.9998903512023,0.1001156331
gait_20260909_150146_9b19dc6690ec,/rslidar_rear/points,45.0,50.0,10.000152602328711,0.10073882415
gait_20260909_150146_9b19dc6690ec,/rslidar_rear/points,50.0,55.0,10.001344830832677,0.10025610955
gait_20260909_150146_9b19dc6690ec,/rslidar_rear/points,55.0,60.0,10.000009500009025,0.1001115317
gait_20260909_150146_9b19dc6690ec,/rslidar_rear/points,60.0,65.0,10.003193419467232,0.1004348161
gait_20260909_150146_9b19dc6690ec,/rslidar_rear/points,65.0,70.0,10.0006055866713,0.1003681062
gait_20260909_150146_9b19dc6690ec,/rslidar_rear/points,70.0,75.0,10.000402916233496,0.10021919
gait_20260909_150146_9b19dc6690ec,/rslidar_rear/points,75.0,80.0,10.001487971372942,0.10043092934999999
gait_20260909_150146_9b19dc6690ec,/rslidar_rear/points,80.0,85.0,10.002048469536803,0.100367737
gait_20260909_150146_9b19dc6690ec,/rslidar_rear/points,85.0,90.0,10.000510276036835,0.1002992991
gait_20260909_150146_9b19dc6690ec,/rslidar_rear/points,90.0,95.0,10.000796463430348,0.1003390907
gait_20260909_150146_9b19dc6690ec,/rslidar_rear/points,95.0,100.0,9.999747306385567,0.10037634399999999
gait_20260909_150146_9b19dc6690ec,/rslidar_rear/points,100.0,105.0,10.000247956148073,0.10008329199999999
gait_20260909_150146_9b19dc6690ec,/rslidar_rear/points,105.0,110.0,10.001154083175427,0.10048723215
gait_20260909_150146_9b19dc6690ec,/rslidar_rear/points,110.0,114.63989696200008,10.000009500009025,0.1001106256
gait_20260909_150705_4fe2b5f8eebd,/HANDLE_STEER,0.0,5.0,12339.585389930899,1.0002752142
gait_20260909_150705_4fe2b5f8eebd,/HANDLE_STEER,5.0,10.0,12344.459806438868,0.9500851501499992
gait_20260909_150705_4fe2b5f8eebd,/HANDLE_STEER,10.0,15.0,12267.605547411229,1.00008575075
gait_20260909_150705_4fe2b5f8eebd,/HANDLE_STEER,15.0,20.0,12292.638553402296,1.0000809024500001
gait_20260909_150705_4fe2b5f8eebd,/HANDLE_STEER,20.0,25.0,12345.221781909311,1.0003716114
gait_20260909_150705_4fe2b5f8eebd,/HANDLE_STEER,25.0,30.0,12341.641314878465,0.9501017758499957
gait_20260909_150705_4fe2b5f8eebd,/HANDLE_STEER,30.0,35.0,12352.083796536475,1.0000795489999998
gait_20260909_150705_4fe2b5f8eebd,/HANDLE_STEER,35.0,40.0,12288.484461211398,1.0000829626
gait_20260909_150705_4fe2b5f8eebd,/HANDLE_STEER,40.0,45.0,12322.251521798062,1.0000813433
gait_20260909_150705_4fe2b5f8eebd,/HANDLE_STEER,45.0,50.0,12258.13173814179,1.0007899634500002
gait_20260909_150705_4fe2b5f8eebd,/HANDLE_STEER,50.0,55.0,12284.710449374708,1.000081247
gait_20260909_150705_4fe2b5f8eebd,/HANDLE_STEER,60.0,65.0,12375.624969060938,1.0000808042
gait_20260909_150705_4fe2b5f8eebd,/HANDLE_STEER,80.0,85.0,12270.540885442231,0.8000815831999971
gait_20260909_150705_4fe2b5f8eebd,/IMU,0.0,5.0,200.0,0.005
gait_20260909_150705_4fe2b5f8eebd,/IMU,5.0,10.0,200.0,0.005
gait_20260909_150705_4fe2b5f8eebd,/IMU,10.0,15.0,200.0,0.005
gait_20260909_150705_4fe2b5f8eebd,/IMU,15.0,20.0,200.0,0.005
gait_20260909_150705_4fe2b5f8eebd,/IMU,20.0,25.0,200.0,0.005
gait_20260909_150705_4fe2b5f8eebd,/IMU,25.0,30.0,200.0,0.005
gait_20260909_150705_4fe2b5f8eebd,/IMU,30.0,35.0,200.0,0.005
gait_20260909_150705_4fe2b5f8eebd,/IMU,35.0,40.0,200.0,0.005
gait_20260909_150705_4fe2b5f8eebd,/IMU,40.0,45.0,200.0,0.005
gait_20260909_150705_4fe2b5f8eebd,/IMU,45.0,50.0,200.0,0.005
gait_20260909_150705_4fe2b5f8eebd,/IMU,50.0,55.0,200.0,0.005
gait_20260909_150705_4fe2b5f8eebd,/IMU,55.0,60.0,200.0,0.005
gait_20260909_150705_4fe2b5f8eebd,/IMU,60.0,65.0,200.0,0.005
gait_20260909_150705_4fe2b5f8eebd,/IMU,65.0,70.0,200.0,0.005
gait_20260909_150705_4fe2b5f8eebd,/IMU,70.0,75.0,200.0,0.005
gait_20260909_150705_4fe2b5f8eebd,/IMU,75.0,80.0,200.0,0.005
gait_20260909_150705_4fe2b5f8eebd,/IMU,80.0,85.0,200.0,0.005
gait_20260909_150705_4fe2b5f8eebd,/IMU,85.0,90.0,200.0,0.005
gait_20260909_150705_4fe2b5f8eebd,/IMU,90.0,93.25584556100011,200.0,0.005
gait_20260909_150705_4fe2b5f8eebd,/JOINTS_DATA,0.0,5.0,200.0099604960327,0.00502394345
gait_20260909_150705_4fe2b5f8eebd,/JOINTS_DATA,5.0,10.0,200.010000500025,0.00501843255
gait_20260909_150705_4fe2b5f8eebd,/JOINTS_DATA,10.0,15.0,200.01582125146098,0.00501843255
gait_20260909_150705_4fe2b5f8eebd,/JOINTS_DATA,15.0,20.0,200.010000500025,0.005021042
gait_20260909_150705_4fe2b5f8eebd,/JOINTS_DATA,20.0,25.0,200.02164234170135,0.0050213631499999994
gait_20260909_150705_4fe2b5f8eebd,/JOINTS_DATA,25.0,30.0,199.9983200141119,0.00501814055
gait_20260909_150705_4fe2b5f8eebd,/JOINTS_DATA,30.0,35.0,199.98668088705293,0.00501026555
gait_20260909_150705_4fe2b5f8eebd,/JOINTS_DATA,35.0,40.0,199.99828001479187,0.0050117518
gait_20260909_150705_4fe2b5f8eebd,/JOINTS_DATA,40.0,45.0,199.9983200141119,0.005009667
gait_20260909_150705_4fe2b5f8eebd,/JOINTS_DATA,45.0,50.0,199.9983200141119,0.005013167
gait_20260909_150705_4fe2b5f8eebd,/JOINTS_DATA,50.0,55.0,199.9983200141119,0.0050120146
gait_20260909_150705_4fe2b5f8eebd,/JOINTS_DATA,55.0,60.0,199.9983200141119,0.0050181396
gait_20260909_150705_4fe2b5f8eebd,/JOINTS_DATA,60.0,65.0,199.9983200141119,0.005011126
gait_20260909_150705_4fe2b5f8eebd,/JOINTS_DATA,65.0,70.0,199.9983200141119,0.005009084
gait_20260909_150705_4fe2b5f8eebd,/JOINTS_DATA,70.0,75.0,199.9983200141119,0.005009959
gait_20260909_150705_4fe2b5f8eebd,/JOINTS_DATA,75.0,80.0,199.9983200141119,0.005009084
gait_20260909_150705_4fe2b5f8eebd,/JOINTS_DATA,80.0,85.0,199.9983200141119,0.00501115515
gait_20260909_150705_4fe2b5f8eebd,/JOINTS_DATA,85.0,90.0,199.9983200141119,0.00501812505
gait_20260909_150705_4fe2b5f8eebd,/JOINTS_DATA,90.0,93.25584556100011,199.9983200141119,0.0050155
gait_20260909_150705_4fe2b5f8eebd,/JOINTS_DATA_10HZ,0.0,5.0,9.999959400164835,0.1000188247
gait_20260909_150705_4fe2b5f8eebd,/JOINTS_DATA_10HZ,5.0,10.0,10.00003230010433,0.10001816814999999
gait_20260909_150705_4fe2b5f8eebd,/JOINTS_DATA_10HZ,10.0,15.0,10.00003230010433,0.1000157482
gait_20260909_150705_4fe2b5f8eebd,/JOINTS_DATA_10HZ,15.0,20.0,10.00003230010433,0.1000136039
gait_20260909_150705_4fe2b5f8eebd,/JOINTS_DATA_10HZ,20.0,25.0,10.000046900219962,0.100022018
gait_20260909_150705_4fe2b5f8eebd,/JOINTS_DATA_10HZ,25.0,30.0,10.000105251107769,0.10001825665
gait_20260909_150705_4fe2b5f8eebd,/JOINTS_DATA_10HZ,30.0,35.0,9.99982815295319,0.10003194925
gait_20260909_150705_4fe2b5f8eebd,/JOINTS_DATA_10HZ,35.0,40.0,9.99990110097811,0.10001233514999999
gait_20260909_150705_4fe2b5f8eebd,/JOINTS_DATA_10HZ,40.0,45.0,9.99994485030415,0.10000861625
gait_20260909_150705_4fe2b5f8eebd,/JOINTS_DATA_10HZ,45.0,50.0,10.000003150000992,0.1000068366
gait_20260909_150705_4fe2b5f8eebd,/JOINTS_DATA_10HZ,50.0,55.0,9.99994485030415,0.1000064725
gait_20260909_150705_4fe2b5f8eebd,/JOINTS_DATA_10HZ,55.0,60.0,9.999988600012996,0.10000803325
gait_20260909_150705_4fe2b5f8eebd,/JOINTS_DATA_10HZ,60.0,65.0,10.00011985143642,0.1000134577
gait_20260909_150705_4fe2b5f8eebd,/JOINTS_DATA_10HZ,65.0,70.0,10.000003150000992,0.1000106286
gait_20260909_150705_4fe2b5f8eebd,/JOINTS_DATA_10HZ,70.0,75.0,9.999959450164429,0.1000100892
gait_20260909_150705_4fe2b5f8eebd,/JOINTS_DATA_10HZ,75.0,80.0,10.000003100000962,0.1000059626
gait_20260909_150705_4fe2b5f8eebd,/JOINTS_DATA_10HZ,80.0,85.0,10.000017750031507,0.10000984155
gait_20260909_150705_4fe2b5f8eebd,/JOINTS_DATA_10HZ,85.0,90.0,10.000003150000992,0.10000848529999999
gait_20260909_150705_4fe2b5f8eebd,/JOINTS_DATA_10HZ,90.0,93.25584556100011,10.00003230010433,0.100005802
gait_20260909_150705_4fe2b5f8eebd,/MOTION_INFO,0.0,5.0,20.000298004440268,0.05001238
gait_20260909_150705_4fe2b5f8eebd,/MOTION_INFO,5.0,10.0,19.99959800808004,0.05001006155
gait_20260909_150705_4fe2b5f8eebd,/MOTION_INFO,10.0,15.0,20.00000640000205,0.050009579699999994
gait_20260909_150705_4fe2b5f8eebd,/MOTION_INFO,15.0,20.0,20.00006460020866,0.05001063
gait_20260909_150705_4fe2b5f8eebd,/MOTION_INFO,20.0,25.0,19.99948141344695,0.050014159149999994
gait_20260909_150705_4fe2b5f8eebd,/MOTION_INFO,25.0,30.0,19.999948000135202,0.050008588
gait_20260909_150705_4fe2b5f8eebd,/MOTION_INFO,30.0,35.0,20.000123000756457,0.050036734799999996
gait_20260909_150705_4fe2b5f8eebd,/MOTION_INFO,35.0,40.0,19.99959800808004,0.0500206345
gait_20260909_150705_4fe2b5f8eebd,/MOTION_INFO,40.0,45.0,19.999948000135202,0.050015005
gait_20260909_150705_4fe2b5f8eebd,/MOTION_INFO,45.0,50.0,19.9999480001352,0.05002446925
gait_20260909_150705_4fe2b5f8eebd,/MOTION_INFO,50.0,55.0,19.999889600609407,0.050023186549999994
gait_20260909_150705_4fe2b5f8eebd,/MOTION_INFO,55.0,60.0,19.999948000135202,0.050018214
gait_20260909_150705_4fe2b5f8eebd,/MOTION_INFO,60.0,65.0,20.00000640000205,0.05001033805
gait_20260909_150705_4fe2b5f8eebd,/MOTION_INFO,65.0,70.0,19.999889600609407,0.05004557105
gait_20260909_150705_4fe2b5f8eebd,/MOTION_INFO,70.0,75.0,20.000181201641688,0.0500141446
gait_20260909_150705_4fe2b5f8eebd,/MOTION_INFO,75.0,80.0,20.000181201641688,0.0500077431
gait_20260909_150705_4fe2b5f8eebd,/MOTION_INFO,80.0,85.0,20.000123000756457,0.05001009075
gait_20260909_150705_4fe2b5f8eebd,/MOTION_INFO,85.0,90.0,20.000181201641688,0.050010134500000004
gait_20260909_150705_4fe2b5f8eebd,/MOTION_INFO,90.0,93.25584556100011,20.000064800209955,0.0500096524
gait_20260909_150705_4fe2b5f8eebd,/STEER,0.0,5.0,12339.585389930899,1.0002752142
gait_20260909_150705_4fe2b5f8eebd,/STEER,5.0,10.0,12344.459806438868,0.9500851501499992
gait_20260909_150705_4fe2b5f8eebd,/STEER,10.0,15.0,12267.605547411229,1.00008575075
gait_20260909_150705_4fe2b5f8eebd,/STEER,15.0,20.0,12292.638553402296,1.0000809024500001
gait_20260909_150705_4fe2b5f8eebd,/STEER,20.0,25.0,12345.221781909311,1.0003716114
gait_20260909_150705_4fe2b5f8eebd,/STEER,25.0,30.0,12341.641314878465,0.9501017758499957
gait_20260909_150705_4fe2b5f8eebd,/STEER,30.0,35.0,12352.083796536475,1.0000795489999998
gait_20260909_150705_4fe2b5f8eebd,/STEER,35.0,40.0,12288.484461211398,1.0000829626
gait_20260909_150705_4fe2b5f8eebd,/STEER,40.0,45.0,12322.251521798062,1.0000813433
gait_20260909_150705_4fe2b5f8eebd,/STEER,45.0,50.0,12258.13173814179,1.0007899634500002
gait_20260909_150705_4fe2b5f8eebd,/STEER,50.0,55.0,12284.710449374708,1.000081247
gait_20260909_150705_4fe2b5f8eebd,/STEER,60.0,65.0,12375.624969060938,1.0000808042
gait_20260909_150705_4fe2b5f8eebd,/STEER,80.0,85.0,12270.540885442231,0.8000815831999971
gait_20260909_150705_4fe2b5f8eebd,/rslidar_front/points,0.0,5.0,10.00004530020521,0.1000991825
gait_20260909_150705_4fe2b5f8eebd,/rslidar_front/points,5.0,10.0,9.999997600000576,0.100108326
gait_20260909_150705_4fe2b5f8eebd,/rslidar_front/points,10.0,15.0,9.999771105239402,0.100904727
gait_20260909_150705_4fe2b5f8eebd,/rslidar_front/points,15.0,20.0,10.00200070020006,0.10061924435
gait_20260909_150705_4fe2b5f8eebd,/rslidar_front/points,20.0,25.0,9.999604265661185,0.10010970785
gait_20260909_150705_4fe2b5f8eebd,/rslidar_front/points,25.0,30.0,10.00074870605188,0.10060499889999999
gait_20260909_150705_4fe2b5f8eebd,/rslidar_front/points,30.0,35.0,10.001702589831867,0.10051592570000001
gait_20260909_150705_4fe2b5f8eebd,/rslidar_front/points,35.0,40.0,10.001046759559088,0.10012391855
gait_20260909_150705_4fe2b5f8eebd,/rslidar_front/points,40.0,45.0,10.002096089266947,0.10063765065
gait_20260909_150705_4fe2b5f8eebd,/rslidar_front/points,45.0,50.0,9.999949900251,0.10010036215
gait_20260909_150705_4fe2b5f8eebd,/rslidar_front/points,50.0,55.0,10.000247956148073,0.1004603626
gait_20260909_150705_4fe2b5f8eebd,/rslidar_front/points,55.0,60.0,9.99998570002045,0.1001090644
gait_20260909_150705_4fe2b5f8eebd,/rslidar_front/points,60.0,65.0,9.999938000384399,0.10026290415
gait_20260909_150705_4fe2b5f8eebd,/rslidar_front/points,65.0,70.0,10.00020030401209,0.1001111987
gait_20260909_150705_4fe2b5f8eebd,/rslidar_front/points,70.0,75.0,9.999914200736157,0.100111008
gait_20260909_150705_4fe2b5f8eebd,/rslidar_front/points,75.0,80.0,9.99998570002045,0.10011099585
gait_20260909_150705_4fe2b5f8eebd,/rslidar_front/points,80.0,85.0,10.000057200327186,0.10021550635
gait_20260909_150705_4fe2b5f8eebd,/rslidar_front/points,85.0,90.0,9.99998570002045,0.1001090883
gait_20260909_150705_4fe2b5f8eebd,/rslidar_front/points,90.0,93.25584556100011,9.999949950250498,0.100111007
gait_20260909_150705_4fe2b5f8eebd,/rslidar_rear/points,0.0,5.0,9.999902200956475,0.1000757814
gait_20260909_150705_4fe2b5f8eebd,/rslidar_rear/points,5.0,10.0,9.999949950250498,0.1000963453
gait_20260909_150705_4fe2b5f8eebd,/rslidar_rear/points,10.0,15.0,10.003849531318897,0.10090178205
gait_20260909_150705_4fe2b5f8eebd,/rslidar_rear/points,15.0,20.0,10.0008679253229,0.1006253475
gait_20260909_150705_4fe2b5f8eebd,/rslidar_rear/points,20.0,25.0,9.99985455211554,0.100108659
gait_20260909_150705_4fe2b5f8eebd,/rslidar_rear/points,25.0,30.0,9.99985455211554,0.10045853839999999
gait_20260909_150705_4fe2b5f8eebd,/rslidar_rear/points,30.0,35.0,10.00139254389085,0.1003582119
gait_20260909_150705_4fe2b5f8eebd,/rslidar_rear/points,35.0,40.0,10.000152602328711,0.10023602295
gait_20260909_150705_4fe2b5f8eebd,/rslidar_rear/points,40.0,45.0,10.002752107201015,0.10073313695
gait_20260909_150705_4fe2b5f8eebd,/rslidar_rear/points,45.0,50.0,10.000104901100412,0.1000978827
gait_20260909_150705_4fe2b5f8eebd,/rslidar_rear/points,50.0,55.0,9.999914150737016,0.10040669470000001
gait_20260909_150705_4fe2b5f8eebd,/rslidar_rear/points,55.0,60.0,10.00000955000912,0.10010937485
gait_20260909_150705_4fe2b5f8eebd,/rslidar_rear/points,60.0,65.0,9.999949950250498,0.10027089104999999
gait_20260909_150705_4fe2b5f8eebd,/rslidar_rear/points,65.0,70.0,10.000104951101461,0.1001090883
gait_20260909_150705_4fe2b5f8eebd,/rslidar_rear/points,70.0,75.0,10.00000955000912,0.1001082424
gait_20260909_150705_4fe2b5f8eebd,/rslidar_rear/points,75.0,80.0,9.999997600000576,0.1000810618
gait_20260909_150705_4fe2b5f8eebd,/rslidar_rear/points,80.0,85.0,10.000081000656104,0.10014543485
gait_20260909_150705_4fe2b5f8eebd,/rslidar_rear/points,85.0,90.0,10.000093000864908,0.10010809925
gait_20260909_150705_4fe2b5f8eebd,/rslidar_rear/points,90.0,93.25584556100011,10.000045350205662,0.1000733016
gait_20260909_150921_9ed8457a8250,/HANDLE_STEER,0.0,5.0,12315.574275228453,8.52686e-05
gait_20260909_150921_9ed8457a8250,/HANDLE_STEER,5.0,10.0,12317.849796139586,1.00008061575
gait_20260909_150921_9ed8457a8250,/HANDLE_STEER,10.0,15.0,12308.904261342654,1.0000819396
gait_20260909_150921_9ed8457a8250,/HANDLE_STEER,15.0,20.0,12266.777885452828,0.9500815580499993
gait_20260909_150921_9ed8457a8250,/IMU,0.0,5.0,200.0,0.005
gait_20260909_150921_9ed8457a8250,/IMU,5.0,10.0,200.0,0.005
gait_20260909_150921_9ed8457a8250,/IMU,10.0,15.0,200.0,0.005
gait_20260909_150921_9ed8457a8250,/IMU,15.0,20.0,200.0,0.005
gait_20260909_150921_9ed8457a8250,/IMU,20.0,25.0,200.0,0.005
gait_20260909_150921_9ed8457a8250,/IMU,25.0,30.0,200.0,0.005
gait_20260909_150921_9ed8457a8250,/IMU,30.0,35.0,200.0,0.005
gait_20260909_150921_9ed8457a8250,/IMU,35.0,40.0,200.0,0.005
gait_20260909_150921_9ed8457a8250,/IMU,40.0,45.0,200.0,0.005
gait_20260909_150921_9ed8457a8250,/IMU,45.0,50.0,200.0,0.005
gait_20260909_150921_9ed8457a8250,/IMU,50.0,55.0,200.0,0.005
gait_20260909_150921_9ed8457a8250,/IMU,55.0,60.0,200.0,0.005
gait_20260909_150921_9ed8457a8250,/IMU,60.0,65.0,200.0,0.005
gait_20260909_150921_9ed8457a8250,/JOINTS_DATA,0.0,5.0,199.9983200141119,0.00502277835
gait_20260909_150921_9ed8457a8250,/JOINTS_DATA,5.0,10.0,199.98668088705293,0.00502016705
gait_20260909_150921_9ed8457a8250,/JOINTS_DATA,10.0,15.0,199.98666088971862,0.00501901555
gait_20260909_150921_9ed8457a8250,/JOINTS_DATA,15.0,20.0,199.77692908098817,0.020002794
gait_20260909_150921_9ed8457a8250,/JOINTS_DATA,20.0,25.0,50.000307501891136,0.0200080436
gait_20260909_150921_9ed8457a8250,/JOINTS_DATA,25.0,30.0,50.0003062518758,0.02000891855
gait_20260909_150921_9ed8457a8250,/JOINTS_DATA,30.0,35.0,50.00103502142495,0.02000716855
gait_20260909_150921_9ed8457a8250,/JOINTS_DATA,35.0,40.0,50.000307501891136,0.02000878705
gait_20260909_150921_9ed8457a8250,/JOINTS_DATA,40.0,45.0,50.000307501891136,0.020010961
gait_20260909_150921_9ed8457a8250,/JOINTS_DATA,45.0,50.0,50.000672509045245,0.0200137456
gait_20260909_150921_9ed8457a8250,/JOINTS_DATA,50.0,55.0,50.000307501891136,0.020011427000000002
gait_20260909_150921_9ed8457a8250,/JOINTS_DATA,55.0,60.0,50.000307501891136,0.02001128065
gait_20260909_150921_9ed8457a8250,/JOINTS_DATA,60.0,65.0,50.002495124506716,0.0200106978
gait_20260909_150921_9ed8457a8250,/JOINTS_DATA_10HZ,0.0,5.0,9.999959450164429,0.10001150405
gait_20260909_150921_9ed8457a8250,/JOINTS_DATA_10HZ,5.0,10.0,10.000017750031507,0.10000726
gait_20260909_150921_9ed8457a8250,/JOINTS_DATA_10HZ,10.0,15.0,10.000003200001025,0.1000032062
gait_20260909_150921_9ed8457a8250,/JOINTS_DATA_10HZ,15.0,20.0,9.99998855001311,0.10000333705
gait_20260909_150921_9ed8457a8250,/JOINTS_DATA_10HZ,20.0,25.0,10.000003100000962,0.10000572845
gait_20260909_150921_9ed8457a8250,/JOINTS_DATA_10HZ,25.0,30.0,10.000076100579127,0.10000670565
gait_20260909_150921_9ed8457a8250,/JOINTS_DATA_10HZ,30.0,35.0,10.000003200001025,0.10000583065
gait_20260909_150921_9ed8457a8250,/JOINTS_DATA_10HZ,35.0,40.0,10.000061450377613,0.10000731885
gait_20260909_150921_9ed8457a8250,/JOINTS_DATA_10HZ,40.0,45.0,10.000017800031685,0.10000758065
gait_20260909_150921_9ed8457a8250,/JOINTS_DATA_10HZ,45.0,50.0,10.000017750031507,0.10000567005000001
gait_20260909_150921_9ed8457a8250,/JOINTS_DATA_10HZ,50.0,55.0,10.000076100579127,0.10000919925
gait_20260909_150921_9ed8457a8250,/JOINTS_DATA_10HZ,55.0,60.0,9.99998855001311,0.1000062536
gait_20260909_150921_9ed8457a8250,/JOINTS_DATA_10HZ,60.0,65.0,10.000032400104978,0.100008369
gait_20260909_150921_9ed8457a8250,/MOTION_INFO,0.0,5.0,20.00006440020737,0.05001825675
gait_20260909_150921_9ed8457a8250,/MOTION_INFO,5.0,10.0,20.00006440020737,0.050022005
gait_20260909_150921_9ed8457a8250,/MOTION_INFO,10.0,15.0,19.99977300257642,0.0500177029
gait_20260909_150921_9ed8457a8250,/MOTION_INFO,15.0,20.0,19.999948000135202,0.050006839
gait_20260909_150921_9ed8457a8250,/MOTION_INFO,20.0,25.0,20.000123000756457,0.0500088946
gait_20260909_150921_9ed8457a8250,/MOTION_INFO,25.0,30.0,20.000064800209955,0.0500089675
gait_20260909_150921_9ed8457a8250,/MOTION_INFO,30.0,35.0,20.000006200001923,0.05001545645
gait_20260909_150921_9ed8457a8250,/MOTION_INFO,35.0,40.0,19.99983120142466,0.05002165535
gait_20260909_150921_9ed8457a8250,/MOTION_INFO,40.0,45.0,20.000181201641688,0.05002652585
gait_20260909_150921_9ed8457a8250,/MOTION_INFO,45.0,50.0,19.99983120142466,0.0500136481
gait_20260909_150921_9ed8457a8250,/MOTION_INFO,50.0,55.0,19.9998898006072,0.05001063
gait_20260909_150921_9ed8457a8250,/MOTION_INFO,55.0,60.0,20.00006460020866,0.050011563349999996
gait_20260909_150921_9ed8457a8250,/MOTION_INFO,60.0,65.0,20.000181201641688,0.0500096823
gait_20260909_150921_9ed8457a8250,/STEER,0.0,5.0,12315.574275228453,8.52686e-05
gait_20260909_150921_9ed8457a8250,/STEER,5.0,10.0,12317.849796139586,1.00008061575
gait_20260909_150921_9ed8457a8250,/STEER,10.0,15.0,12308.904261342654,1.0000819396
gait_20260909_150921_9ed8457a8250,/STEER,15.0,20.0,12266.777885452828,0.9500815580499993
gait_20260909_150921_9ed8457a8250,/rslidar_front/points,0.0,5.0,10.00000955000912,0.10010899345
gait_20260909_150921_9ed8457a8250,/rslidar_front/points,5.0,10.0,9.999949950250498,0.10018371325
gait_20260909_150921_9ed8457a8250,/rslidar_front/points,10.0,15.0,10.000355262620705,0.10025552555
gait_20260909_150921_9ed8457a8250,/rslidar_front/points,15.0,20.0,10.000653342682877,0.10033406045
gait_20260909_150921_9ed8457a8250,/rslidar_front/points,20.0,25.0,9.999997600000576,0.10010994645
gait_20260909_150921_9ed8457a8250,/rslidar_front/points,25.0,30.0,10.000009500009025,0.10011153215
gait_20260909_150921_9ed8457a8250,/rslidar_front/points,30.0,35.0,9.999902250955497,0.1001548175
gait_20260909_150921_9ed8457a8250,/rslidar_front/points,35.0,40.0,9.999353991735363,0.10009267375
gait_20260909_150921_9ed8457a8250,/rslidar_front/points,40.0,45.0,10.000295658741152,0.10018469105
gait_20260909_150921_9ed8457a8250,/rslidar_front/points,45.0,50.0,10.000295658741152,0.1001027944
gait_20260909_150921_9ed8457a8250,/rslidar_front/points,50.0,55.0,10.00000955000912,0.1001038437
gait_20260909_150921_9ed8457a8250,/rslidar_front/points,55.0,60.0,10.000009600009216,0.10008163425000001
gait_20260909_150921_9ed8457a8250,/rslidar_front/points,60.0,65.0,10.00004530020521,0.100111008
gait_20260909_150921_9ed8457a8250,/rslidar_front/points,85.0,89.36710523900001,10.000104901100412,9.740009164599966
gait_20260909_150921_9ed8457a8250,/rslidar_rear/points,0.0,5.0,10.000009500009025,0.1000791665
gait_20260909_150921_9ed8457a8250,/rslidar_rear/points,5.0,10.0,9.999651912116938,0.10013777039999999
gait_20260909_150921_9ed8457a8250,/rslidar_rear/points,10.0,15.0,10.000605636677356,0.10027449150000001
gait_20260909_150921_9ed8457a8250,/rslidar_rear/points,15.0,20.0,10.000701049143544,0.10025992369999999
gait_20260909_150921_9ed8457a8250,/rslidar_rear/points,20.0,25.0,9.999997600000576,0.100110567
gait_20260909_150921_9ed8457a8250,/rslidar_rear/points,25.0,30.0,9.999949900251,0.100108862
gait_20260909_150921_9ed8457a8250,/rslidar_rear/points,30.0,35.0,10.000653292676343,0.10011280785
gait_20260909_150921_9ed8457a8250,/rslidar_rear/points,35.0,40.0,10.00030755945899,0.1001112584
gait_20260909_150921_9ed8457a8250,/rslidar_rear/points,40.0,45.0,10.000903681656675,0.1001207465
gait_20260909_150921_9ed8457a8250,/rslidar_rear/points,45.0,50.0,10.000295658741152,0.1000987173
gait_20260909_150921_9ed8457a8250,/rslidar_rear/points,50.0,55.0,10.000093000864908,0.1000759241
gait_20260909_150921_9ed8457a8250,/rslidar_rear/points,55.0,60.0,9.999949950250498,0.10010994690000001
gait_20260909_150921_9ed8457a8250,/rslidar_rear/points,60.0,65.0,10.00000955000912,0.1001072759
gait_20260909_150921_9ed8457a8250,/rslidar_rear/points,85.0,89.36710523900001,9.999604215665144,17.460033583999984
gait_20260909_151135_f45a816f4062,/HANDLE_STEER,0.0,5.0,12244.623079890043,1.0006223103
gait_20260909_151135_f45a816f4062,/HANDLE_STEER,5.0,10.0,12340.955930446371,1.0000860602000001
gait_20260909_151135_f45a816f4062,/HANDLE_STEER,10.0,15.0,12373.174956693887,1.00008137125
gait_20260909_151135_f45a816f4062,/HANDLE_STEER,15.0,20.0,12408.02551090045,0.9000804208999985
gait_20260909_151135_f45a816f4062,/HANDLE_STEER,20.0,25.0,12387.04562768257,0.6501372820499987
gait_20260909_151135_f45a816f4062,/IMU,0.0,5.0,200.0,0.005
gait_20260909_151135_f45a816f4062,/IMU,5.0,10.0,200.0,0.005
gait_20260909_151135_f45a816f4062,/IMU,10.0,15.0,200.0,0.005
gait_20260909_151135_f45a816f4062,/IMU,15.0,20.0,200.0,0.005
gait_20260909_151135_f45a816f4062,/IMU,20.0,25.0,200.0,0.005
gait_20260909_151135_f45a816f4062,/IMU,25.0,26.31858701400006,200.0,0.005
gait_20260909_151135_f45a816f4062,/JOINTS_DATA,0.0,5.0,199.98668088705293,0.005013459
gait_20260909_151135_f45a816f4062,/JOINTS_DATA,5.0,10.0,200.0041400856998,0.005016959
gait_20260909_151135_f45a816f4062,/JOINTS_DATA,10.0,15.0,200.0099604960327,0.005016667099999999
gait_20260909_151135_f45a816f4062,/JOINTS_DATA,15.0,20.0,200.0099604960327,0.005016375
gait_20260909_151135_f45a816f4062,/JOINTS_DATA,20.0,25.0,199.9983200141119,0.005012292099999999
gait_20260909_151135_f45a816f4062,/JOINTS_DATA,25.0,26.31858701400006,199.9983200141119,0.00501140245
gait_20260909_151135_f45a816f4062,/JOINTS_DATA_10HZ,0.0,5.0,10.000061450377613,0.1000190289
gait_20260909_151135_f45a816f4062,/JOINTS_DATA_10HZ,5.0,10.0,9.999842802471145,0.1000253584
gait_20260909_151135_f45a816f4062,/JOINTS_DATA_10HZ,10.0,15.0,10.000105251107769,0.1000239725
gait_20260909_151135_f45a816f4062,/JOINTS_DATA_10HZ,15.0,20.0,10.000017750031507,0.10002633514999999
gait_20260909_151135_f45a816f4062,/JOINTS_DATA_10HZ,20.0,25.0,9.999901050979101,0.1000271081
gait_20260909_151135_f45a816f4062,/JOINTS_DATA_10HZ,25.0,26.31858701400006,9.999740606728661,0.100026043
gait_20260909_151135_f45a816f4062,/MOTION_INFO,0.0,5.0,20.000298004440268,0.05001445115
gait_20260909_151135_f45a816f4062,/MOTION_INFO,5.0,10.0,19.999831601417913,0.050012089
gait_20260909_151135_f45a816f4062,/MOTION_INFO,10.0,15.0,19.99977300257642,0.0500125842
gait_20260909_151135_f45a816f4062,/MOTION_INFO,15.0,20.0,20.000006200001923,0.05001064455
gait_20260909_151135_f45a816f4062,/MOTION_INFO,20.0,25.0,19.999831401421286,0.0500118252
gait_20260909_151135_f45a816f4062,/MOTION_INFO,25.0,26.31858701400006,20.000064800209955,0.0500126139
gait_20260909_151135_f45a816f4062,/STEER,0.0,5.0,12244.623079890043,1.0006223103
gait_20260909_151135_f45a816f4062,/STEER,5.0,10.0,12340.955930446371,1.0000860602000001
gait_20260909_151135_f45a816f4062,/STEER,10.0,15.0,12373.174956693887,1.00008137125
gait_20260909_151135_f45a816f4062,/STEER,15.0,20.0,12408.02551090045,0.9000804208999985
gait_20260909_151135_f45a816f4062,/STEER,20.0,25.0,12387.04562768257,0.6501372820499987
gait_20260909_151135_f45a816f4062,/rslidar_front/points,0.0,5.0,10.000104901100412,0.10010994690000001
gait_20260909_151135_f45a816f4062,/rslidar_front/points,5.0,10.0,10.000104901100412,0.1001081343
gait_20260909_151135_f45a816f4062,/rslidar_front/points,10.0,15.0,10.00000955000912,0.10032658565000001
gait_20260909_151135_f45a816f4062,/rslidar_front/points,15.0,20.0,10.000247956148073,0.1002721785
gait_20260909_151135_f45a816f4062,/rslidar_front/points,20.0,25.0,10.001034807071488,0.100297177
gait_20260909_151135_f45a816f4062,/rslidar_front/points,25.0,26.31858701400006,10.000247906145592,0.10006012895
gait_20260909_151135_f45a816f4062,/rslidar_rear/points,0.0,5.0,10.00000955000912,0.1000806692
gait_20260909_151135_f45a816f4062,/rslidar_rear/points,5.0,10.0,9.99980690372869,0.10010122075
gait_20260909_151135_f45a816f4062,/rslidar_rear/points,10.0,15.0,10.000402916233496,0.1003481748
gait_20260909_151135_f45a816f4062,/rslidar_rear/points,15.0,20.0,9.999949950250498,0.1003751519
gait_20260909_151135_f45a816f4062,/rslidar_rear/points,20.0,25.0,10.00000955000912,0.10024853955
gait_20260909_151135_f45a816f4062,/rslidar_rear/points,25.0,26.31858701400006,10.000045250204757,0.10005371575
gait_20260909_151220_d3ace6be729a,/HANDLE_STEER,0.0,5.0,12368.583797155226,1.0001772004
gait_20260909_151220_d3ace6be729a,/HANDLE_STEER,5.0,10.0,12359.258938834028,1.000080488
gait_20260909_151220_d3ace6be729a,/HANDLE_STEER,10.0,13.335592623000139,12350.253180190193,0.3000845724999989
gait_20260909_151220_d3ace6be729a,/IMU,0.0,5.0,200.0,0.005
gait_20260909_151220_d3ace6be729a,/IMU,5.0,10.0,200.0,0.005
gait_20260909_151220_d3ace6be729a,/IMU,10.0,13.335592623000139,200.0,0.005
gait_20260909_151220_d3ace6be729a,/JOINTS_DATA,0.0,5.0,199.9983200141119,0.005026584
gait_20260909_151220_d3ace6be729a,/JOINTS_DATA,5.0,10.0,199.99828001479187,0.0050175566
gait_20260909_151220_d3ace6be729a,/JOINTS_DATA,10.0,13.335592623000139,199.9983200141119,0.0050265256
gait_20260909_151220_d3ace6be729a,/JOINTS_DATA_10HZ,0.0,5.0,9.999682310093009,0.100023156
gait_20260909_151220_d3ace6be729a,/JOINTS_DATA_10HZ,5.0,10.0,10.00011985143642,0.1000361203
gait_20260909_151220_d3ace6be729a,/JOINTS_DATA_10HZ,10.0,13.335592623000139,10.00020735429949,0.1000306225
gait_20260909_151220_d3ace6be729a,/MOTION_INFO,0.0,5.0,20.000239802875235,0.05001480145
gait_20260909_151220_d3ace6be729a,/MOTION_INFO,5.0,10.0,20.000064800209955,0.0500139119
gait_20260909_151220_d3ace6be729a,/MOTION_INFO,10.0,13.335592623000139,20.000064800209955,0.05001361925
gait_20260909_151220_d3ace6be729a,/STEER,0.0,5.0,12368.583797155226,1.0001772004
gait_20260909_151220_d3ace6be729a,/STEER,5.0,10.0,12359.258938834028,1.000080488
gait_20260909_151220_d3ace6be729a,/STEER,10.0,13.335592623000139,12350.253180190193,0.3000845724999989
gait_20260909_151220_d3ace6be729a,/rslidar_front/points,0.0,5.0,9.999938050383777,0.1001343604
gait_20260909_151220_d3ace6be729a,/rslidar_front/points,5.0,10.0,10.000188353547639,0.10020884295
gait_20260909_151220_d3ace6be729a,/rslidar_front/points,10.0,13.335592623000139,10.000295608738194,0.100188458
gait_20260909_151220_d3ace6be729a,/rslidar_rear/points,0.0,5.0,10.000450620304951,0.10010104185
gait_20260909_151220_d3ace6be729a,/rslidar_rear/points,5.0,10.0,9.999902250955497,0.1004535555
gait_20260909_151220_d3ace6be729a,/rslidar_rear/points,10.0,13.335592623000139,10.00089177951998,0.1001032464
gait_20260909_151538_271bf7a9d4d2,/IMU,0.0,5.0,200.0,0.005
gait_20260909_151538_271bf7a9d4d2,/IMU,5.0,10.0,200.0,0.005
gait_20260909_151538_271bf7a9d4d2,/IMU,10.0,15.0,200.0,0.005
gait_20260909_151538_271bf7a9d4d2,/IMU,15.0,20.0,200.0,0.005
gait_20260909_151538_271bf7a9d4d2,/IMU,20.0,24.862878365999904,200.0,0.005
gait_20260909_151538_271bf7a9d4d2,/JOINTS_DATA,0.0,5.0,199.9983200141119,0.005008793
gait_20260909_151538_271bf7a9d4d2,/JOINTS_DATA,5.0,10.0,200.0099604960327,0.005009667
gait_20260909_151538_271bf7a9d4d2,/JOINTS_DATA,10.0,15.0,199.9983200141119,0.005009959
gait_20260909_151538_271bf7a9d4d2,/JOINTS_DATA,15.0,20.0,199.9983200141119,0.005011126
gait_20260909_151538_271bf7a9d4d2,/JOINTS_DATA,20.0,24.862878365999904,199.9983200141119,0.00501041105
gait_20260909_151538_271bf7a9d4d2,/JOINTS_DATA_10HZ,0.0,5.0,10.000017750031507,0.10001283065
gait_20260909_151538_271bf7a9d4d2,/JOINTS_DATA_10HZ,5.0,10.0,10.00003230010433,0.1000116642
gait_20260909_151538_271bf7a9d4d2,/JOINTS_DATA_10HZ,10.0,15.0,10.000061500378228,0.1000157324
gait_20260909_151538_271bf7a9d4d2,/JOINTS_DATA_10HZ,15.0,20.0,10.00009065082175,0.10001792059999999
gait_20260909_151538_271bf7a9d4d2,/JOINTS_DATA_10HZ,20.0,24.862878365999904,9.999930250486502,0.10001564574999999
gait_20260909_151538_271bf7a9d4d2,/MOTION_INFO,0.0,5.0,20.00006460020866,0.05000927405
gait_20260909_151538_271bf7a9d4d2,/MOTION_INFO,5.0,10.0,19.999948000135202,0.0500086901
gait_20260909_151538_271bf7a9d4d2,/MOTION_INFO,10.0,15.0,20.00006440020737,0.050011213049999996
gait_20260909_151538_271bf7a9d4d2,/MOTION_INFO,15.0,20.0,19.999948000135202,0.05001092105
gait_20260909_151538_271bf7a9d4d2,/MOTION_INFO,20.0,24.862878365999904,19.999948000135202,0.05000895275
gait_20260909_151538_271bf7a9d4d2,/rslidar_front/points,0.0,5.0,10.000093000864908,0.1000819449
gait_20260909_151538_271bf7a9d4d2,/rslidar_front/points,5.0,10.0,10.000104901100412,0.100108659
gait_20260909_151538_271bf7a9d4d2,/rslidar_front/points,10.0,15.0,10.000104901100412,0.10010757455000001
gait_20260909_151538_271bf7a9d4d2,/rslidar_front/points,15.0,20.0,10.000104901100412,0.1001090883
gait_20260909_151538_271bf7a9d4d2,/rslidar_front/points,20.0,24.862878365999904,10.000009500009025,0.1000914812
gait_20260909_151538_271bf7a9d4d2,/rslidar_rear/points,0.0,5.0,9.999997600000576,0.10010770545
gait_20260909_151538_271bf7a9d4d2,/rslidar_rear/points,5.0,10.0,9.999949900251,0.10010824185
gait_20260909_151538_271bf7a9d4d2,/rslidar_rear/points,10.0,15.0,9.999997600000576,0.1001078957
gait_20260909_151538_271bf7a9d4d2,/rslidar_rear/points,15.0,20.0,9.999997600000576,0.10008053765
gait_20260909_151538_271bf7a9d4d2,/rslidar_rear/points,20.0,24.862878365999904,10.000009500009025,0.1001100783
gait_20260909_151616_30765a77bc55,/HANDLE_STEER,0.0,5.0,12346.136276652222,1.000080651
gait_20260909_151616_30765a77bc55,/HANDLE_STEER,5.0,10.0,12383.287515169526,1.000080879
gait_20260909_151616_30765a77bc55,/HANDLE_STEER,10.0,15.0,12360.863035457136,1.0000805676000002
gait_20260909_151616_30765a77bc55,/HANDLE_STEER,15.0,20.0,12362.161894872175,1.0000803551500002
gait_20260909_151616_30765a77bc55,/HANDLE_STEER,20.0,25.0,12361.397826866263,1.000080683
gait_20260909_151616_30765a77bc55,/HANDLE_STEER,25.0,30.0,12353.075606999253,1.0000805373
gait_20260909_151616_30765a77bc55,/HANDLE_STEER,30.0,35.0,12363.613884338392,1.0000813394999999
gait_20260909_151616_30765a77bc55,/HANDLE_STEER,35.0,40.0,12358.5715962949,1.0000791044000001
gait_20260909_151616_30765a77bc55,/HANDLE_STEER,40.0,45.0,12350.558245232683,1.0000819269
gait_20260909_151616_30765a77bc55,/HANDLE_STEER,45.0,50.0,12307.23788660111,1.000080079
gait_20260909_151616_30765a77bc55,/HANDLE_STEER,50.0,55.0,12275.963663147557,1.00008015225
gait_20260909_151616_30765a77bc55,/IMU,0.0,5.0,200.0,0.005
gait_20260909_151616_30765a77bc55,/IMU,5.0,10.0,200.0,0.005
gait_20260909_151616_30765a77bc55,/IMU,10.0,15.0,200.0,0.005
gait_20260909_151616_30765a77bc55,/IMU,15.0,20.0,200.0,0.005
gait_20260909_151616_30765a77bc55,/IMU,20.0,25.0,200.0,0.005
gait_20260909_151616_30765a77bc55,/IMU,25.0,30.0,200.0,0.005
gait_20260909_151616_30765a77bc55,/IMU,30.0,35.0,200.0,0.005
gait_20260909_151616_30765a77bc55,/IMU,35.0,40.0,200.0,0.005
gait_20260909_151616_30765a77bc55,/IMU,40.0,45.0,200.0,0.005
gait_20260909_151616_30765a77bc55,/IMU,45.0,50.0,200.0,0.005
gait_20260909_151616_30765a77bc55,/IMU,50.0,55.0,200.0,0.005
gait_20260909_151616_30765a77bc55,/IMU,55.0,56.93477197700008,200.0,0.005
gait_20260909_151616_30765a77bc55,/JOINTS_DATA,0.0,5.0,199.9983200141119,0.005009959
gait_20260909_151616_30765a77bc55,/JOINTS_DATA,5.0,10.0,199.9983200141119,0.00500939055
gait_20260909_151616_30765a77bc55,/JOINTS_DATA,10.0,15.0,199.98668088705293,0.0050123065999999996
gait_20260909_151616_30765a77bc55,/JOINTS_DATA,15.0,20.0,199.98664089238838,0.005013167
gait_20260909_151616_30765a77bc55,/JOINTS_DATA,20.0,25.0,199.9983200141119,0.005014625
gait_20260909_151616_30765a77bc55,/JOINTS_DATA,25.0,30.0,200.0099604960327,0.005013459
gait_20260909_151616_30765a77bc55,/JOINTS_DATA,30.0,35.0,200.010000500025,0.005010542
gait_20260909_151616_30765a77bc55,/JOINTS_DATA,35.0,40.0,199.9983200141119,0.005011709
gait_20260909_151616_30765a77bc55,/JOINTS_DATA,40.0,45.0,199.9983200141119,0.005012583
gait_20260909_151616_30765a77bc55,/JOINTS_DATA,45.0,50.0,199.9983200141119,0.005010542
gait_20260909_151616_30765a77bc55,/JOINTS_DATA,50.0,55.0,199.9983200141119,0.005009084
gait_20260909_151616_30765a77bc55,/JOINTS_DATA,55.0,56.93477197700008,199.9983200141119,0.005009667
gait_20260909_151616_30765a77bc55,/JOINTS_DATA_10HZ,0.0,5.0,9.999944800304702,0.1000100748
gait_20260909_151616_30765a77bc55,/JOINTS_DATA_10HZ,5.0,10.0,9.999959450164429,0.1000126119
gait_20260909_151616_30765a77bc55,/JOINTS_DATA_10HZ,10.0,15.0,10.000003150000992,0.1000161266
gait_20260909_151616_30765a77bc55,/JOINTS_DATA_10HZ,15.0,20.0,9.99991560071233,0.10001832875
gait_20260909_151616_30765a77bc55,/JOINTS_DATA_10HZ,20.0,25.0,10.000076100579127,0.10002073485
gait_20260909_151616_30765a77bc55,/JOINTS_DATA_10HZ,25.0,30.0,9.999973950067861,0.10002667059999999
gait_20260909_151616_30765a77bc55,/JOINTS_DATA_10HZ,30.0,35.0,9.99998855001311,0.10001937905000001
gait_20260909_151616_30765a77bc55,/JOINTS_DATA_10HZ,35.0,40.0,10.000003200001025,0.100017177
gait_20260909_151616_30765a77bc55,/JOINTS_DATA_10HZ,40.0,45.0,9.99990110097811,0.10001504765
gait_20260909_151616_30765a77bc55,/JOINTS_DATA_10HZ,45.0,50.0,10.00009065082175,0.100016302
gait_20260909_151616_30765a77bc55,/JOINTS_DATA_10HZ,50.0,55.0,9.99994485030415,0.1000160683
gait_20260909_151616_30765a77bc55,/JOINTS_DATA_10HZ,55.0,56.93477197700008,10.000236505593357,0.1000191306
gait_20260909_151616_30765a77bc55,/MOTION_INFO,0.0,5.0,19.999948000135202,0.05001242375
gait_20260909_151616_30765a77bc55,/MOTION_INFO,5.0,10.0,20.000006200001923,0.050015618149999996
gait_20260909_151616_30765a77bc55,/MOTION_INFO,10.0,15.0,20.00006440020737,0.05001300675
gait_20260909_151616_30765a77bc55,/MOTION_INFO,15.0,20.0,20.00006440020737,0.05001065915
gait_20260909_151616_30765a77bc55,/MOTION_INFO,20.0,25.0,19.999948000135202,0.05001127135
gait_20260909_151616_30765a77bc55,/MOTION_INFO,25.0,30.0,19.999948000135202,0.0500132842
gait_20260909_151616_30765a77bc55,/MOTION_INFO,30.0,35.0,20.00006460020866,0.0500127157
gait_20260909_151616_30765a77bc55,/MOTION_INFO,35.0,40.0,19.999948000135202,0.05000976955
gait_20260909_151616_30765a77bc55,/MOTION_INFO,40.0,45.0,20.00006440020737,0.0500112276
gait_20260909_151616_30765a77bc55,/MOTION_INFO,45.0,50.0,19.999948000135202,0.0500104119
gait_20260909_151616_30765a77bc55,/MOTION_INFO,50.0,55.0,20.000064800209955,0.05001770295
gait_20260909_151616_30765a77bc55,/MOTION_INFO,55.0,56.93477197700008,20.00006460020866,0.0500058024
gait_20260909_151616_30765a77bc55,/STEER,0.0,5.0,12346.136276652222,1.000080651
gait_20260909_151616_30765a77bc55,/STEER,5.0,10.0,12383.287515169526,1.000080879
gait_20260909_151616_30765a77bc55,/STEER,10.0,15.0,12360.863035457136,1.0000805676000002
gait_20260909_151616_30765a77bc55,/STEER,15.0,20.0,12362.161894872175,1.0000803551500002
gait_20260909_151616_30765a77bc55,/STEER,20.0,25.0,12361.397826866263,1.000080683
gait_20260909_151616_30765a77bc55,/STEER,25.0,30.0,12353.075606999253,1.0000805373
gait_20260909_151616_30765a77bc55,/STEER,30.0,35.0,12363.613884338392,1.0000813394999999
gait_20260909_151616_30765a77bc55,/STEER,35.0,40.0,12358.5715962949,1.0000791044000001
gait_20260909_151616_30765a77bc55,/STEER,40.0,45.0,12350.558245232683,1.0000819269
gait_20260909_151616_30765a77bc55,/STEER,45.0,50.0,12307.23788660111,1.000080079
gait_20260909_151616_30765a77bc55,/STEER,50.0,55.0,12275.963663147557,1.00008015225
gait_20260909_151616_30765a77bc55,/rslidar_front/points,0.0,5.0,10.000152552327185,0.10011123375
gait_20260909_151616_30765a77bc55,/rslidar_front/points,5.0,10.0,9.999890301203395,0.10011384495
gait_20260909_151616_30765a77bc55,/rslidar_front/points,10.0,15.0,10.001547589466256,0.10022939460000001
gait_20260909_151616_30765a77bc55,/rslidar_front/points,15.0,20.0,10.000939438246132,0.10015529385
gait_20260909_151616_30765a77bc55,/rslidar_front/points,20.0,25.0,9.999902250955497,0.1003675699
gait_20260909_151616_30765a77bc55,/rslidar_front/points,25.0,30.0,10.007847753894694,0.10049008135
gait_20260909_151616_30765a77bc55,/rslidar_front/points,30.0,35.0,10.000498324831527,0.10010614425
gait_20260909_151616_30765a77bc55,/rslidar_front/points,35.0,40.0,10.000653342682877,0.10040735025
gait_20260909_151616_30765a77bc55,/rslidar_front/points,40.0,45.0,10.000259906754977,0.10011303395
gait_20260909_151616_30765a77bc55,/rslidar_front/points,45.0,50.0,10.000200254010085,0.1002210615
gait_20260909_151616_30765a77bc55,/rslidar_front/points,50.0,55.0,10.00020030401209,0.1001496318
gait_20260909_151616_30765a77bc55,/rslidar_front/points,55.0,56.93477197700008,10.000045250204757,0.1001070381
gait_20260909_151616_30765a77bc55,/rslidar_rear/points,0.0,5.0,10.000152602328711,0.10010032655
gait_20260909_151616_30765a77bc55,/rslidar_rear/points,5.0,10.0,10.000247956148073,0.10009754835
gait_20260909_151616_30765a77bc55,/rslidar_rear/points,10.0,15.0,9.999353891748283,0.1001379964
gait_20260909_151616_30765a77bc55,/rslidar_rear/points,15.0,20.0,9.998567305290825,0.10014457685
gait_20260909_151616_30765a77bc55,/rslidar_rear/points,20.0,25.0,9.997947671291774,0.10051413755
gait_20260909_151616_30765a77bc55,/rslidar_rear/points,25.0,30.0,10.000999049800079,0.10027641055
gait_20260909_151616_30765a77bc55,/rslidar_rear/points,30.0,35.0,10.002799833687448,0.100361669
gait_20260909_151616_30765a77bc55,/rslidar_rear/points,35.0,40.0,10.000498274826542,0.10031727515
gait_20260909_151616_30765a77bc55,/rslidar_rear/points,40.0,45.0,10.000367213484079,0.10030189755
gait_20260909_151616_30765a77bc55,/rslidar_rear/points,45.0,50.0,10.000152602328711,0.10008325625
gait_20260909_151616_30765a77bc55,/rslidar_rear/points,50.0,55.0,9.999794954204464,0.10011589515
gait_20260909_151616_30765a77bc55,/rslidar_rear/points,55.0,56.93477197700008,10.000057250327758,0.10005067534999999
gait_20260909_151734_72594dc0ad20,/HANDLE_STEER,0.0,5.0,12332.737251032866,1.0000801972
gait_20260909_151734_72594dc0ad20,/HANDLE_STEER,5.0,10.0,12355.288681320038,1.000080159
gait_20260909_151734_72594dc0ad20,/HANDLE_STEER,10.0,15.0,12358.5715962949,1.0000803674
gait_20260909_151734_72594dc0ad20,/HANDLE_STEER,15.0,20.0,12326.504449868107,1.0000809952
gait_20260909_151734_72594dc0ad20,/HANDLE_STEER,20.0,25.0,12365.21911168266,1.0000807244
gait_20260909_151734_72594dc0ad20,/HANDLE_STEER,25.0,30.0,12352.083796536475,1.00007995215
gait_20260909_151734_72594dc0ad20,/HANDLE_STEER,30.0,35.0,12380.681185078802,1.0000809580999999
gait_20260909_151734_72594dc0ad20,/HANDLE_STEER,35.0,40.0,12345.75522071124,1.00007971545
gait_20260909_151734_72594dc0ad20,/HANDLE_STEER,40.0,45.0,12381.447638857937,1.00008092055
gait_20260909_151734_72594dc0ad20,/HANDLE_STEER,45.0,50.0,12297.702789118992,1.000080328
gait_20260909_151734_72594dc0ad20,/HANDLE_STEER,50.0,55.0,12369.884279732563,1.000080198
gait_20260909_151734_72594dc0ad20,/HANDLE_STEER,55.0,58.36690297999985,12305.19340687737,0.15008865374999858
gait_20260909_151734_72594dc0ad20,/IMU,0.0,5.0,200.0,0.005
gait_20260909_151734_72594dc0ad20,/IMU,5.0,10.0,200.0,0.005
gait_20260909_151734_72594dc0ad20,/IMU,10.0,15.0,200.0,0.005
gait_20260909_151734_72594dc0ad20,/IMU,15.0,20.0,200.0,0.005
gait_20260909_151734_72594dc0ad20,/IMU,20.0,25.0,200.0,0.005
gait_20260909_151734_72594dc0ad20,/IMU,25.0,30.0,200.0,0.005
gait_20260909_151734_72594dc0ad20,/IMU,30.0,35.0,200.0,0.005
gait_20260909_151734_72594dc0ad20,/IMU,35.0,40.0,200.0,0.005
gait_20260909_151734_72594dc0ad20,/IMU,40.0,45.0,200.0,0.005
gait_20260909_151734_72594dc0ad20,/IMU,45.0,50.0,200.0,0.005
gait_20260909_151734_72594dc0ad20,/IMU,50.0,55.0,200.0,0.005
gait_20260909_151734_72594dc0ad20,/IMU,55.0,58.36690297999985,200.0,0.005
gait_20260909_151734_72594dc0ad20,/JOINTS_DATA,0.0,5.0,199.9983200141119,0.005009084
gait_20260909_151734_72594dc0ad20,/JOINTS_DATA,5.0,10.0,199.9983200141119,0.0050111396
gait_20260909_151734_72594dc0ad20,/JOINTS_DATA,10.0,15.0,199.9983200141119,0.0050111406
gait_20260909_151734_72594dc0ad20,/JOINTS_DATA,15.0,20.0,199.9983200141119,0.00500995805
gait_20260909_151734_72594dc0ad20,/JOINTS_DATA,20.0,25.0,200.0099604960327,0.0050090985499999996
gait_20260909_151734_72594dc0ad20,/JOINTS_DATA,25.0,30.0,200.0099604960327,0.0050099880999999995
gait_20260909_151734_72594dc0ad20,/JOINTS_DATA,30.0,35.0,200.0099604960327,0.005009667
gait_20260909_151734_72594dc0ad20,/JOINTS_DATA,35.0,40.0,199.9983200141119,0.00501025
gait_20260909_151734_72594dc0ad20,/JOINTS_DATA,40.0,45.0,199.9983200141119,0.005009959
gait_20260909_151734_72594dc0ad20,/JOINTS_DATA,45.0,50.0,199.9983200141119,0.0050088065999999995
gait_20260909_151734_72594dc0ad20,/JOINTS_DATA,50.0,55.0,199.9983200141119,0.00500762505
gait_20260909_151734_72594dc0ad20,/JOINTS_DATA,55.0,58.36690297999985,199.9983000144499,0.005009376
gait_20260909_151734_72594dc0ad20,/JOINTS_DATA_10HZ,0.0,5.0,9.999828202951473,0.10001418745
gait_20260909_151734_72594dc0ad20,/JOINTS_DATA_10HZ,5.0,10.0,10.000017750031507,0.1000173667
gait_20260909_151734_72594dc0ad20,/JOINTS_DATA_10HZ,10.0,15.0,9.99998855001311,0.10001509155
gait_20260909_151734_72594dc0ad20,/JOINTS_DATA_10HZ,15.0,20.0,10.000003200001025,0.10000774125
gait_20260909_151734_72594dc0ad20,/JOINTS_DATA_10HZ,20.0,25.0,10.000003150000992,0.10000978325
gait_20260909_151734_72594dc0ad20,/JOINTS_DATA_10HZ,25.0,30.0,10.000017750031507,0.10000962265
gait_20260909_151734_72594dc0ad20,/JOINTS_DATA_10HZ,30.0,35.0,10.000061500378228,0.10001835795
gait_20260909_151734_72594dc0ad20,/JOINTS_DATA_10HZ,35.0,40.0,9.999959400164835,0.10001325405
gait_20260909_151734_72594dc0ad20,/JOINTS_DATA_10HZ,40.0,45.0,9.99998855001311,0.100008719
gait_20260909_151734_72594dc0ad20,/JOINTS_DATA_10HZ,45.0,50.0,10.000046950220433,0.10000858705
gait_20260909_151734_72594dc0ad20,/JOINTS_DATA_10HZ,50.0,55.0,10.000061500378228,0.1000124369
gait_20260909_151734_72594dc0ad20,/JOINTS_DATA_10HZ,55.0,58.36690297999985,10.000003200001025,0.1000126268
gait_20260909_151734_72594dc0ad20,/MOTION_INFO,0.0,5.0,19.999948000135202,0.0500086755
gait_20260909_151734_72594dc0ad20,/MOTION_INFO,5.0,10.0,20.00006440020737,0.050012102600000004
gait_20260909_151734_72594dc0ad20,/MOTION_INFO,10.0,15.0,19.99983120142466,0.0500103526
gait_20260909_151734_72594dc0ad20,/MOTION_INFO,15.0,20.0,19.999948000135202,0.050011796049999994
gait_20260909_151734_72594dc0ad20,/MOTION_INFO,20.0,25.0,19.999889600609404,0.050010514
gait_20260909_151734_72594dc0ad20,/MOTION_INFO,25.0,30.0,19.999948000135202,0.05001181155
gait_20260909_151734_72594dc0ad20,/MOTION_INFO,30.0,35.0,19.999948000135202,0.0500109356
gait_20260909_151734_72594dc0ad20,/MOTION_INFO,35.0,40.0,20.00006440020737,0.05001385325
gait_20260909_151734_72594dc0ad20,/MOTION_INFO,40.0,45.0,20.000006200001923,0.050013576149999996
gait_20260909_151734_72594dc0ad20,/MOTION_INFO,45.0,50.0,20.000006200001923,0.0500127303
gait_20260909_151734_72594dc0ad20,/MOTION_INFO,50.0,55.0,19.999948000135202,0.050009522349999995
gait_20260909_151734_72594dc0ad20,/MOTION_INFO,55.0,58.36690297999985,20.000006200001923,0.050011650500000004
gait_20260909_151734_72594dc0ad20,/STEER,0.0,5.0,12332.737251032866,1.0000801972
gait_20260909_151734_72594dc0ad20,/STEER,5.0,10.0,12355.288681320038,1.000080159
gait_20260909_151734_72594dc0ad20,/STEER,10.0,15.0,12358.5715962949,1.0000803674
gait_20260909_151734_72594dc0ad20,/STEER,15.0,20.0,12326.504449868107,1.0000809952
gait_20260909_151734_72594dc0ad20,/STEER,20.0,25.0,12365.21911168266,1.0000807244
gait_20260909_151734_72594dc0ad20,/STEER,25.0,30.0,12352.083796536475,1.00007995215
gait_20260909_151734_72594dc0ad20,/STEER,30.0,35.0,12380.681185078802,1.0000809580999999
gait_20260909_151734_72594dc0ad20,/STEER,35.0,40.0,12345.75522071124,1.00007971545
gait_20260909_151734_72594dc0ad20,/STEER,40.0,45.0,12381.447638857937,1.00008092055
gait_20260909_151734_72594dc0ad20,/STEER,45.0,50.0,12297.702789118992,1.000080328
gait_20260909_151734_72594dc0ad20,/STEER,50.0,55.0,12369.884279732563,1.000080198
gait_20260909_151734_72594dc0ad20,/STEER,55.0,58.36690297999985,12305.19340687737,0.15008865374999858
gait_20260909_151734_72594dc0ad20,/rslidar_front/points,0.0,5.0,10.000391015288699,0.1002821922
gait_20260909_151734_72594dc0ad20,/rslidar_front/points,5.0,10.0,9.999306248132504,0.1002027627
gait_20260909_151734_72594dc0ad20,/rslidar_front/points,10.0,15.0,9.998900970799793,0.10061261675
gait_20260909_151734_72594dc0ad20,/rslidar_front/points,15.0,20.0,9.999902250955497,0.10277718254999998
gait_20260909_151734_72594dc0ad20,/rslidar_front/points,20.0,25.0,10.00154753945078,0.10037002619999999
gait_20260909_151734_72594dc0ad20,/rslidar_front/points,25.0,30.0,10.000414817206618,0.10025447555
gait_20260909_151734_72594dc0ad20,/rslidar_front/points,30.0,35.0,10.001690685793527,0.10048286945
gait_20260909_151734_72594dc0ad20,/rslidar_front/points,35.0,40.0,10.001595254443084,0.1003577233
gait_20260909_151734_72594dc0ad20,/rslidar_front/points,40.0,45.0,10.000450670309457,0.10020687589999999
gait_20260909_151734_72594dc0ad20,/rslidar_front/points,45.0,50.0,9.995898432975489,0.1001855965
gait_20260909_151734_72594dc0ad20,/rslidar_front/points,50.0,55.0,10.000104901100412,0.10027210705
gait_20260909_151734_72594dc0ad20,/rslidar_front/points,55.0,58.36690297999985,10.000200254010085,0.1001412516
gait_20260909_151734_72594dc0ad20,/rslidar_rear/points,0.0,5.0,9.999747256388096,0.1002635601
gait_20260909_151734_72594dc0ad20,/rslidar_rear/points,5.0,10.0,10.000689097482262,0.1003892661
gait_20260909_151734_72594dc0ad20,/rslidar_rear/points,10.0,15.0,9.997411420248014,0.10060296055
gait_20260909_151734_72594dc0ad20,/rslidar_rear/points,15.0,20.0,9.99599380560259,0.10031328195
gait_20260909_151734_72594dc0ad20,/rslidar_rear/points,20.0,25.0,9.998853331499944,0.10040166369999999
gait_20260909_151734_72594dc0ad20,/rslidar_rear/points,25.0,30.0,10.005352913835665,0.10063205945
gait_20260909_151734_72594dc0ad20,/rslidar_rear/points,30.0,35.0,10.000152602328711,0.1004035835
gait_20260909_151734_72594dc0ad20,/rslidar_rear/points,35.0,40.0,9.999759205798325,0.100240028
gait_20260909_151734_72594dc0ad20,/rslidar_rear/points,40.0,45.0,9.999341993300131,0.1003098247
gait_20260909_151734_72594dc0ad20,/rslidar_rear/points,45.0,50.0,10.004708566015966,0.1004442453
gait_20260909_151734_72594dc0ad20,/rslidar_rear/points,50.0,55.0,10.002847510600843,0.10031390125
gait_20260909_151734_72594dc0ad20,/rslidar_rear/points,55.0,58.36690297999985,9.999890301203395,0.1002893445
gait_20260909_151931_7a0441190ea8,/HANDLE_STEER,0.0,5.0,12362.620381015959,1.0000795083
gait_20260909_151931_7a0441190ea8,/HANDLE_STEER,5.0,10.0,12355.288681320038,4.403490062799988
gait_20260909_151931_7a0441190ea8,/HANDLE_STEER,20.0,25.0,12375.012375012375,0.05008582235000071
gait_20260909_151931_7a0441190ea8,/HANDLE_STEER,25.0,30.0,12301.63611760364,1.000078511
gait_20260909_151931_7a0441190ea8,/HANDLE_STEER,30.0,35.0,12379.684937018354,1.0000812590000001
gait_20260909_151931_7a0441190ea8,/HANDLE_STEER,35.0,40.0,12344.307422632053,1.000077729
gait_20260909_151931_7a0441190ea8,/HANDLE_STEER,40.0,45.0,12359.869974167872,1.0000812445
gait_20260909_151931_7a0441190ea8,/HANDLE_STEER,60.0,65.0,12345.679012345678,1.0000795118499999
gait_20260909_151931_7a0441190ea8,/HANDLE_STEER,65.0,70.0,12371.26155939752,1.0000804984499998
gait_20260909_151931_7a0441190ea8,/HANDLE_STEER,70.0,75.0,12376.237623762376,1.00008059325
gait_20260909_151931_7a0441190ea8,/HANDLE_STEER,75.0,80.0,12375.931288829486,1.0000805286999999
gait_20260909_151931_7a0441190ea8,/HANDLE_STEER,80.0,85.0,12371.108513178324,1.0000805858000001
gait_20260909_151931_7a0441190ea8,/HANDLE_STEER,85.0,90.0,12400.024800049601,1.000081536
gait_20260909_151931_7a0441190ea8,/HANDLE_STEER,90.0,95.0,12352.99930823204,0.8000809237999973
gait_20260909_151931_7a0441190ea8,/HANDLE_STEER,95.0,100.0,12374.399841607683,1.0000804875
gait_20260909_151931_7a0441190ea8,/HANDLE_STEER,100.0,105.0,12328.176046353941,1.000080823
gait_20260909_151931_7a0441190ea8,/HANDLE_STEER,105.0,110.0,12361.856256335452,1.0000806877
gait_20260909_151931_7a0441190ea8,/HANDLE_STEER,110.0,115.0,12369.731267588211,1.00008023365
gait_20260909_151931_7a0441190ea8,/HANDLE_STEER,115.0,120.0,12346.746015087723,1.0000811036
gait_20260909_151931_7a0441190ea8,/IMU,0.0,5.0,200.0,0.005
gait_20260909_151931_7a0441190ea8,/IMU,5.0,10.0,200.0,0.005
gait_20260909_151931_7a0441190ea8,/IMU,10.0,15.0,200.0,0.005
gait_20260909_151931_7a0441190ea8,/IMU,15.0,20.0,200.0,0.005
gait_20260909_151931_7a0441190ea8,/IMU,20.0,25.0,200.0,0.005
gait_20260909_151931_7a0441190ea8,/IMU,25.0,30.0,200.0,0.005
gait_20260909_151931_7a0441190ea8,/IMU,30.0,35.0,200.0,0.005
gait_20260909_151931_7a0441190ea8,/IMU,35.0,40.0,200.0,0.005
gait_20260909_151931_7a0441190ea8,/IMU,40.0,45.0,200.0,0.005
gait_20260909_151931_7a0441190ea8,/IMU,45.0,50.0,200.0,0.005
gait_20260909_151931_7a0441190ea8,/IMU,50.0,55.0,200.0,0.005
gait_20260909_151931_7a0441190ea8,/IMU,55.0,60.0,200.0,0.005
gait_20260909_151931_7a0441190ea8,/IMU,60.0,65.0,200.0,0.005
gait_20260909_151931_7a0441190ea8,/IMU,65.0,70.0,200.0,0.005
gait_20260909_151931_7a0441190ea8,/IMU,70.0,75.0,200.0,0.005
gait_20260909_151931_7a0441190ea8,/IMU,75.0,80.0,200.0,0.005
gait_20260909_151931_7a0441190ea8,/IMU,80.0,85.0,200.0,0.005
gait_20260909_151931_7a0441190ea8,/IMU,85.0,90.0,200.0,0.005
gait_20260909_151931_7a0441190ea8,/IMU,90.0,95.0,200.0,0.005
gait_20260909_151931_7a0441190ea8,/IMU,95.0,100.0,200.0,0.005
gait_20260909_151931_7a0441190ea8,/IMU,100.0,105.0,200.0,0.005
gait_20260909_151931_7a0441190ea8,/IMU,105.0,110.0,200.0,0.005
gait_20260909_151931_7a0441190ea8,/IMU,110.0,115.0,200.0,0.005
gait_20260909_151931_7a0441190ea8,/IMU,115.0,120.0,200.0,0.005
gait_20260909_151931_7a0441190ea8,/JOINTS_DATA,0.0,5.0,199.9983200141119,0.005011708
gait_20260909_151931_7a0441190ea8,/JOINTS_DATA,5.0,10.0,200.0099604960327,0.00501434855
gait_20260909_151931_7a0441190ea8,/JOINTS_DATA,10.0,15.0,199.9983200141119,0.00501434855
gait_20260909_151931_7a0441190ea8,/JOINTS_DATA,15.0,20.0,199.9983200141119,0.005013167
gait_20260909_151931_7a0441190ea8,/JOINTS_DATA,20.0,25.0,199.9983200141119,0.005013473599999999
gait_20260909_151931_7a0441190ea8,/JOINTS_DATA,25.0,30.0,199.9983200141119,0.00501434855
gait_20260909_151931_7a0441190ea8,/JOINTS_DATA,30.0,35.0,199.9983200141119,0.00501726555
gait_20260909_151931_7a0441190ea8,/JOINTS_DATA,35.0,40.0,200.0099604960327,0.005015209
gait_20260909_151931_7a0441190ea8,/JOINTS_DATA,40.0,45.0,200.0041400856998,0.005015501
gait_20260909_151931_7a0441190ea8,/JOINTS_DATA,45.0,50.0,199.9983200141119,0.005015238149999999
gait_20260909_151931_7a0441190ea8,/JOINTS_DATA,50.0,55.0,200.010000500025,0.0050219316
gait_20260909_151931_7a0441190ea8,/JOINTS_DATA,55.0,60.0,200.0099604960327,0.0050242646
gait_20260909_151931_7a0441190ea8,/JOINTS_DATA,60.0,65.0,200.010000500025,0.00502133305
gait_20260909_151931_7a0441190ea8,/JOINTS_DATA,65.0,70.0,200.0099604960327,0.00502369615
gait_20260909_151931_7a0441190ea8,/JOINTS_DATA,70.0,75.0,200.0099604960327,0.0050283485999999995
gait_20260909_151931_7a0441190ea8,/JOINTS_DATA,75.0,80.0,200.010000500025,0.0050207947
gait_20260909_151931_7a0441190ea8,/JOINTS_DATA,80.0,85.0,200.010000500025,0.00502107215
gait_20260909_151931_7a0441190ea8,/JOINTS_DATA,85.0,90.0,200.010000500025,0.0050155146
gait_20260909_151931_7a0441190ea8,/JOINTS_DATA,90.0,95.0,200.010000500025,0.005017251
gait_20260909_151931_7a0441190ea8,/JOINTS_DATA,95.0,100.0,199.9983200141119,0.00501637505
gait_20260909_151931_7a0441190ea8,/JOINTS_DATA,100.0,105.0,199.9983200141119,0.005012584
gait_20260909_151931_7a0441190ea8,/JOINTS_DATA,105.0,110.0,200.010000500025,0.00501551555
gait_20260909_151931_7a0441190ea8,/JOINTS_DATA,110.0,115.0,200.0099604960327,0.00501726555
gait_20260909_151931_7a0441190ea8,/JOINTS_DATA,115.0,120.0,199.9983200141119,0.0050197298
gait_20260909_151931_7a0441190ea8,/JOINTS_DATA_10HZ,0.0,5.0,10.000061500378228,0.10001980199999999
gait_20260909_151931_7a0441190ea8,/JOINTS_DATA_10HZ,5.0,10.0,9.99976985529678,0.10001810985
gait_20260909_151931_7a0441190ea8,/JOINTS_DATA_10HZ,10.0,15.0,9.999901050979101,0.10001460985
gait_20260909_151931_7a0441190ea8,/JOINTS_DATA_10HZ,15.0,20.0,10.000017650031152,0.1000116203
gait_20260909_151931_7a0441190ea8,/JOINTS_DATA_10HZ,20.0,25.0,10.000236505593357,0.10001525115
gait_20260909_151931_7a0441190ea8,/JOINTS_DATA_10HZ,25.0,30.0,9.999944800304702,0.10001477045
gait_20260909_151931_7a0441190ea8,/JOINTS_DATA_10HZ,30.0,35.0,10.000251056302767,0.10001704559999999
gait_20260909_151931_7a0441190ea8,/JOINTS_DATA_10HZ,35.0,40.0,10.000163602676539,0.1000176869
gait_20260909_151931_7a0441190ea8,/JOINTS_DATA_10HZ,40.0,45.0,10.00003230010433,0.1000116642
gait_20260909_151931_7a0441190ea8,/JOINTS_DATA_10HZ,45.0,50.0,10.000003200001025,0.10001153325
gait_20260909_151931_7a0441190ea8,/JOINTS_DATA_10HZ,50.0,55.0,9.999915700710643,0.1000124661
gait_20260909_151931_7a0441190ea8,/JOINTS_DATA_10HZ,55.0,60.0,10.000032350104654,0.1000123786
gait_20260909_151931_7a0441190ea8,/JOINTS_DATA_10HZ,60.0,65.0,9.999930250486504,0.10000803325
gait_20260909_151931_7a0441190ea8,/JOINTS_DATA_10HZ,65.0,70.0,9.999915650711486,0.10000858705
gait_20260909_151931_7a0441190ea8,/JOINTS_DATA_10HZ,70.0,75.0,10.000003150000992,0.1000116494
gait_20260909_151931_7a0441190ea8,/JOINTS_DATA_10HZ,75.0,80.0,10.000061450377613,0.1000147418
gait_20260909_151931_7a0441190ea8,/JOINTS_DATA_10HZ,80.0,85.0,9.99998855001311,0.10000968105000001
gait_20260909_151931_7a0441190ea8,/JOINTS_DATA_10HZ,85.0,90.0,10.000061450377613,0.1000124077
gait_20260909_151931_7a0441190ea8,/JOINTS_DATA_10HZ,90.0,95.0,9.99998855001311,0.10001792059999999
gait_20260909_151931_7a0441190ea8,/JOINTS_DATA_10HZ,95.0,100.0,10.00011985143642,0.1000165793
gait_20260909_151931_7a0441190ea8,/JOINTS_DATA_10HZ,100.0,105.0,9.999886451289346,0.10001412859999999
gait_20260909_151931_7a0441190ea8,/JOINTS_DATA_10HZ,105.0,110.0,9.9999740000676,0.1000170017
gait_20260909_151931_7a0441190ea8,/JOINTS_DATA_10HZ,110.0,115.0,10.000061550378843,0.10001344385
gait_20260909_151931_7a0441190ea8,/JOINTS_DATA_10HZ,115.0,120.0,9.9999449003036,0.1000128018
gait_20260909_151931_7a0441190ea8,/MOTION_INFO,0.0,5.0,19.999948000135202,0.050014422
gait_20260909_151931_7a0441190ea8,/MOTION_INFO,5.0,10.0,19.999948000135202,0.0500129922
gait_20260909_151931_7a0441190ea8,/MOTION_INFO,10.0,15.0,20.000123000756457,0.050011534149999995
gait_20260909_151931_7a0441190ea8,/MOTION_INFO,15.0,20.0,19.999948000135202,0.05001413
gait_20260909_151931_7a0441190ea8,/MOTION_INFO,20.0,25.0,20.000064800209955,0.050011300599999996
gait_20260909_151931_7a0441190ea8,/MOTION_INFO,25.0,30.0,19.999831401421286,0.0500106883
gait_20260909_151931_7a0441190ea8,/MOTION_INFO,30.0,35.0,19.999948000135202,0.0500110532
gait_20260909_151931_7a0441190ea8,/MOTION_INFO,35.0,40.0,20.00000640000205,0.050012102600000004
gait_20260909_151931_7a0441190ea8,/MOTION_INFO,40.0,45.0,19.999948000135202,0.0500106446
gait_20260909_151931_7a0441190ea8,/MOTION_INFO,45.0,50.0,20.000181201641688,0.05000979875
gait_20260909_151931_7a0441190ea8,/MOTION_INFO,50.0,55.0,19.999948000135202,0.0500080196
gait_20260909_151931_7a0441190ea8,/MOTION_INFO,55.0,60.0,20.00006460020866,0.05000803415
gait_20260909_151931_7a0441190ea8,/MOTION_INFO,60.0,65.0,20.000064800209955,0.050007421
gait_20260909_151931_7a0441190ea8,/MOTION_INFO,65.0,70.0,20.000181201641688,0.050007480300000004
gait_20260909_151931_7a0441190ea8,/MOTION_INFO,70.0,75.0,20.000006200001923,0.050010089800000004
gait_20260909_151931_7a0441190ea8,/MOTION_INFO,75.0,80.0,20.000064800209955,0.050008588
gait_20260909_151931_7a0441190ea8,/MOTION_INFO,80.0,85.0,20.00006440020737,0.050009755
gait_20260909_151931_7a0441190ea8,/MOTION_INFO,85.0,90.0,19.9998898006072,0.050008923749999996
gait_20260909_151931_7a0441190ea8,/MOTION_INFO,90.0,95.0,19.999831601417913,0.0500138526
gait_20260909_151931_7a0441190ea8,/MOTION_INFO,95.0,100.0,20.00006440020737,0.050011213
gait_20260909_151931_7a0441190ea8,/MOTION_INFO,100.0,105.0,20.00006440020737,0.050009579699999994
gait_20260909_151931_7a0441190ea8,/MOTION_INFO,105.0,110.0,20.000356206344033,0.050014742200000004
gait_20260909_151931_7a0441190ea8,/MOTION_INFO,110.0,115.0,19.999948000135202,0.050009521349999995
gait_20260909_151931_7a0441190ea8,/MOTION_INFO,115.0,120.0,19.999948000135202,0.0500089383
gait_20260909_151931_7a0441190ea8,/STEER,0.0,5.0,12362.620381015959,1.0000795083
gait_20260909_151931_7a0441190ea8,/STEER,5.0,10.0,12355.288681320038,4.403490062799988
gait_20260909_151931_7a0441190ea8,/STEER,20.0,25.0,12375.012375012375,0.05008582235000071
gait_20260909_151931_7a0441190ea8,/STEER,25.0,30.0,12301.63611760364,1.000078511
gait_20260909_151931_7a0441190ea8,/STEER,30.0,35.0,12379.684937018354,1.0000812590000001
gait_20260909_151931_7a0441190ea8,/STEER,35.0,40.0,12344.307422632053,1.000077729
gait_20260909_151931_7a0441190ea8,/STEER,40.0,45.0,12359.869974167872,1.0000812445
gait_20260909_151931_7a0441190ea8,/STEER,60.0,65.0,12345.679012345678,1.0000795118499999
gait_20260909_151931_7a0441190ea8,/STEER,65.0,70.0,12371.26155939752,1.0000804984499998
gait_20260909_151931_7a0441190ea8,/STEER,70.0,75.0,12376.237623762376,1.00008059325
gait_20260909_151931_7a0441190ea8,/STEER,75.0,80.0,12375.931288829486,1.0000805286999999
gait_20260909_151931_7a0441190ea8,/STEER,80.0,85.0,12371.108513178324,1.0000805858000001
gait_20260909_151931_7a0441190ea8,/STEER,85.0,90.0,12400.024800049601,1.000081536
gait_20260909_151931_7a0441190ea8,/STEER,90.0,95.0,12352.99930823204,0.8000809237999973
gait_20260909_151931_7a0441190ea8,/STEER,95.0,100.0,12374.399841607683,1.0000804875
gait_20260909_151931_7a0441190ea8,/STEER,100.0,105.0,12328.176046353941,1.000080823
gait_20260909_151931_7a0441190ea8,/STEER,105.0,110.0,12361.856256335452,1.0000806877
gait_20260909_151931_7a0441190ea8,/STEER,110.0,115.0,12369.731267588211,1.00008023365
gait_20260909_151931_7a0441190ea8,/STEER,115.0,120.0,12346.746015087723,1.0000811036
gait_20260909_151931_7a0441190ea8,/rslidar_front/points,0.0,5.0,10.000057250327758,0.10009669055
gait_20260909_151931_7a0441190ea8,/rslidar_front/points,5.0,10.0,10.000104901100412,0.10011495345
gait_20260909_151931_7a0441190ea8,/rslidar_front/points,10.0,15.0,10.000092950863978,0.10010906494999999
gait_20260909_151931_7a0441190ea8,/rslidar_front/points,15.0,20.0,10.000081000656104,0.10010618
gait_20260909_151931_7a0441190ea8,/rslidar_front/points,20.0,25.0,9.999902250955497,0.1001117224
gait_20260909_151931_7a0441190ea8,/rslidar_front/points,25.0,30.0,9.999651912116938,0.10007500655
gait_20260909_151931_7a0441190ea8,/rslidar_front/points,30.0,35.0,9.999902250955497,0.1000676984
gait_20260909_151931_7a0441190ea8,/rslidar_front/points,35.0,40.0,10.000104901100412,0.10010182915
gait_20260909_151931_7a0441190ea8,/rslidar_front/points,40.0,45.0,9.9998903512023,0.1000587704
gait_20260909_151931_7a0441190ea8,/rslidar_front/points,45.0,50.0,10.00000955000912,0.10010811095
gait_20260909_151931_7a0441190ea8,/rslidar_front/points,50.0,55.0,10.00004530020521,0.1001104706
gait_20260909_151931_7a0441190ea8,/rslidar_front/points,55.0,60.0,10.000093000864908,0.10011205684999999
gait_20260909_151931_7a0441190ea8,/rslidar_front/points,60.0,65.0,10.000104901100412,0.10027620795
gait_20260909_151931_7a0441190ea8,/rslidar_front/points,65.0,70.0,10.000295608738195,0.10003312810000001
gait_20260909_151931_7a0441190ea8,/rslidar_front/points,70.0,75.0,9.9998903512023,0.10006277585000001
gait_20260909_151931_7a0441190ea8,/rslidar_front/points,75.0,80.0,9.999961800145924,0.100104046
gait_20260909_151931_7a0441190ea8,/rslidar_front/points,80.0,85.0,10.000200254010087,0.1000749947
gait_20260909_151931_7a0441190ea8,/rslidar_front/points,85.0,90.0,10.000510226031732,0.10007832059999999
gait_20260909_151931_7a0441190ea8,/rslidar_front/points,90.0,95.0,9.999914150737016,0.1001136777
gait_20260909_151931_7a0441190ea8,/rslidar_front/points,95.0,100.0,10.000891729511062,0.1002545117
gait_20260909_151931_7a0441190ea8,/rslidar_front/points,100.0,105.0,10.002954872869445,0.10049968915
gait_20260909_151931_7a0441190ea8,/rslidar_front/points,105.0,110.0,10.004207469535464,0.1003377679
gait_20260909_151931_7a0441190ea8,/rslidar_front/points,110.0,115.0,10.0022630620291,0.1002979868
gait_20260909_151931_7a0441190ea8,/rslidar_front/points,115.0,120.0,10.0033007891614,0.10044412659999999
gait_20260909_151931_7a0441190ea8,/rslidar_rear/points,0.0,5.0,10.000057200327186,0.10010557215
gait_20260909_151931_7a0441190ea8,/rslidar_rear/points,5.0,10.0,10.000009600009216,0.10008891795
gait_20260909_151931_7a0441190ea8,/rslidar_rear/points,10.0,15.0,10.000033350111222,0.1001074787
gait_20260909_151931_7a0441190ea8,/rslidar_rear/points,15.0,20.0,9.999949950250498,0.1000791431
gait_20260909_151931_7a0441190ea8,/rslidar_rear/points,20.0,25.0,10.000045350205662,0.100107372
gait_20260909_151931_7a0441190ea8,/rslidar_rear/points,25.0,30.0,10.00004530020521,0.10008404245
gait_20260909_151931_7a0441190ea8,/rslidar_rear/points,30.0,35.0,10.00054602981323,0.1001188637
gait_20260909_151931_7a0441190ea8,/rslidar_rear/points,35.0,40.0,10.000200254010087,0.10011228315
gait_20260909_151931_7a0441190ea8,/rslidar_rear/points,40.0,45.0,10.000247906145592,0.10005571775
gait_20260909_151931_7a0441190ea8,/rslidar_rear/points,45.0,50.0,10.000057200327186,0.10010875485
gait_20260909_151931_7a0441190ea8,/rslidar_rear/points,50.0,55.0,10.000104901100412,0.10010895785
gait_20260909_151931_7a0441190ea8,/rslidar_rear/points,55.0,60.0,10.000009500009025,0.10007852295
gait_20260909_151931_7a0441190ea8,/rslidar_rear/points,60.0,65.0,10.000104901100412,0.1003193259
gait_20260909_151931_7a0441190ea8,/rslidar_rear/points,65.0,70.0,10.000498274826542,0.10006399195
gait_20260909_151931_7a0441190ea8,/rslidar_rear/points,70.0,75.0,10.000152602328711,0.1000653861
gait_20260909_151931_7a0441190ea8,/rslidar_rear/points,75.0,80.0,10.000295608738195,0.10008453095
gait_20260909_151931_7a0441190ea8,/rslidar_rear/points,80.0,85.0,9.999961900145161,0.10011910175
gait_20260909_151931_7a0441190ea8,/rslidar_rear/points,85.0,90.0,10.000092950863978,0.1001057267
gait_20260909_151931_7a0441190ea8,/rslidar_rear/points,90.0,95.0,10.000152602328711,0.10010461825
gait_20260909_151931_7a0441190ea8,/rslidar_rear/points,95.0,100.0,9.999449280330886,0.1002838732
gait_20260909_151931_7a0441190ea8,/rslidar_rear/points,100.0,105.0,10.010200444303747,0.1006675961
gait_20260909_151931_7a0441190ea8,/rslidar_rear/points,105.0,110.0,10.00139254389085,0.10034503925
gait_20260909_151931_7a0441190ea8,/rslidar_rear/points,110.0,115.0,10.003551360768585,0.10020575550000001
gait_20260909_151931_7a0441190ea8,/rslidar_rear/points,115.0,120.0,10.001392493876923,0.1005012988
gait_20260909_152145_fc06025e3eb8,/HANDLE_STEER,0.0,5.0,12348.880573975966,0.4500816552499994
gait_20260909_152145_fc06025e3eb8,/HANDLE_STEER,5.0,10.0,12323.010757988392,1.0000799312
gait_20260909_152145_fc06025e3eb8,/HANDLE_STEER,10.0,15.0,12323.162616453887,1.0000796485
gait_20260909_152145_fc06025e3eb8,/HANDLE_STEER,15.0,20.0,12372.25645213174,1.000078081
gait_20260909_152145_fc06025e3eb8,/HANDLE_STEER,20.0,25.0,12380.068090374498,1.0000802124
gait_20260909_152145_fc06025e3eb8,/HANDLE_STEER,25.0,30.0,12343.240841315295,1.000080374
gait_20260909_152145_fc06025e3eb8,/HANDLE_STEER,30.0,35.0,12371.108513178324,1.0000807689
gait_20260909_152145_fc06025e3eb8,/HANDLE_STEER,35.0,40.0,12356.357345854442,1.00008062875
gait_20260909_152145_fc06025e3eb8,/HANDLE_STEER,40.0,45.0,12361.168624881797,1.00008013025
gait_20260909_152145_fc06025e3eb8,/HANDLE_STEER,45.0,50.0,12405.408758218582,1.00008058695
gait_20260909_152145_fc06025e3eb8,/HANDLE_STEER,50.0,55.0,12347.660735673626,1.000079787
gait_20260909_152145_fc06025e3eb8,/HANDLE_STEER,55.0,60.0,12381.907556678181,1.0000802236
gait_20260909_152145_fc06025e3eb8,/HANDLE_STEER,60.0,65.0,12299.669138900164,2.351911499949998
gait_20260909_152145_fc06025e3eb8,/HANDLE_STEER,65.0,69.69957151200015,12330.608268905904,1.0000801314
gait_20260909_152145_fc06025e3eb8,/IMU,0.0,5.0,200.0,0.005
gait_20260909_152145_fc06025e3eb8,/IMU,5.0,10.0,200.0,0.005
gait_20260909_152145_fc06025e3eb8,/IMU,10.0,15.0,200.0,0.005
gait_20260909_152145_fc06025e3eb8,/IMU,15.0,20.0,200.0,0.005
gait_20260909_152145_fc06025e3eb8,/IMU,20.0,25.0,200.0,0.005
gait_20260909_152145_fc06025e3eb8,/IMU,25.0,30.0,200.0,0.005
gait_20260909_152145_fc06025e3eb8,/IMU,30.0,35.0,200.0,0.005
gait_20260909_152145_fc06025e3eb8,/IMU,35.0,40.0,200.0,0.005
gait_20260909_152145_fc06025e3eb8,/IMU,40.0,45.0,200.0,0.005
gait_20260909_152145_fc06025e3eb8,/IMU,45.0,50.0,200.0,0.005
gait_20260909_152145_fc06025e3eb8,/IMU,50.0,55.0,200.0,0.005
gait_20260909_152145_fc06025e3eb8,/IMU,55.0,60.0,200.0,0.005
gait_20260909_152145_fc06025e3eb8,/IMU,60.0,65.0,200.0,0.005
gait_20260909_152145_fc06025e3eb8,/IMU,65.0,69.69957151200015,200.0,0.005
gait_20260909_152145_fc06025e3eb8,/JOINTS_DATA,0.0,5.0,199.9983200141119,0.0050203567999999995
gait_20260909_152145_fc06025e3eb8,/JOINTS_DATA,5.0,10.0,199.9983200141119,0.0050194672
gait_20260909_152145_fc06025e3eb8,/JOINTS_DATA,10.0,15.0,199.9983200141119,0.0050216836
gait_20260909_152145_fc06025e3eb8,/JOINTS_DATA,15.0,20.0,199.9983200141119,0.0050185635
gait_20260909_152145_fc06025e3eb8,/JOINTS_DATA,20.0,25.0,199.99828001479187,0.0050225588
gait_20260909_152145_fc06025e3eb8,/JOINTS_DATA,25.0,30.0,199.9983200141119,0.005016668
gait_20260909_152145_fc06025e3eb8,/JOINTS_DATA,30.0,35.0,199.9983200141119,0.0050253445
gait_20260909_152145_fc06025e3eb8,/JOINTS_DATA,35.0,40.0,200.0099604960327,0.0050202254
gait_20260909_152145_fc06025e3eb8,/JOINTS_DATA,40.0,45.0,200.0099604960327,0.005018854
gait_20260909_152145_fc06025e3eb8,/JOINTS_DATA,45.0,50.0,199.9983200141119,0.0050180381
gait_20260909_152145_fc06025e3eb8,/JOINTS_DATA,50.0,55.0,199.9983200141119,0.0050186504
gait_20260909_152145_fc06025e3eb8,/JOINTS_DATA,55.0,60.0,199.9983200141119,0.0050268905499999995
gait_20260909_152145_fc06025e3eb8,/JOINTS_DATA,60.0,65.0,199.9983200141119,0.0050275610999999994
gait_20260909_152145_fc06025e3eb8,/JOINTS_DATA,65.0,69.69957151200015,200.0099604960327,0.0050228502
gait_20260909_152145_fc06025e3eb8,/JOINTS_DATA_10HZ,0.0,5.0,9.999974000067601,0.1000120725
gait_20260909_152145_fc06025e3eb8,/JOINTS_DATA_10HZ,5.0,10.0,9.999974000067601,0.10000991465
gait_20260909_152145_fc06025e3eb8,/JOINTS_DATA_10HZ,10.0,15.0,10.000046900219962,0.10000994385
gait_20260909_152145_fc06025e3eb8,/JOINTS_DATA_10HZ,15.0,20.0,9.999988600012996,0.1000112126
gait_20260909_152145_fc06025e3eb8,/JOINTS_DATA_10HZ,20.0,25.0,10.000076050578365,0.1000107892
gait_20260909_152145_fc06025e3eb8,/JOINTS_DATA_10HZ,25.0,30.0,9.999974000067601,0.10001020565
gait_20260909_152145_fc06025e3eb8,/JOINTS_DATA_10HZ,30.0,35.0,10.000032350104654,0.10001121205
gait_20260909_152145_fc06025e3eb8,/JOINTS_DATA_10HZ,35.0,40.0,10.000076050578365,0.10001478485
gait_20260909_152145_fc06025e3eb8,/JOINTS_DATA_10HZ,40.0,45.0,9.99994485030415,0.10001315129999999
gait_20260909_152145_fc06025e3eb8,/JOINTS_DATA_10HZ,45.0,50.0,9.99994485030415,0.1000155437
gait_20260909_152145_fc06025e3eb8,/JOINTS_DATA_10HZ,50.0,55.0,9.99982815295319,0.1000099725
gait_20260909_152145_fc06025e3eb8,/JOINTS_DATA_10HZ,55.0,60.0,9.99994485030415,0.1000151933
gait_20260909_152145_fc06025e3eb8,/JOINTS_DATA_10HZ,60.0,65.0,9.99998855001311,0.100017643
gait_20260909_152145_fc06025e3eb8,/JOINTS_DATA_10HZ,65.0,69.69957151200015,10.000003150000992,0.1000117085
gait_20260909_152145_fc06025e3eb8,/MOTION_INFO,0.0,5.0,20.00006440020737,0.0500084714
gait_20260909_152145_fc06025e3eb8,/MOTION_INFO,5.0,10.0,19.999948000135202,0.050007422
gait_20260909_152145_fc06025e3eb8,/MOTION_INFO,10.0,15.0,20.000064800209955,0.050011213
gait_20260909_152145_fc06025e3eb8,/MOTION_INFO,15.0,20.0,20.000181201641688,0.0500085881
gait_20260909_152145_fc06025e3eb8,/MOTION_INFO,20.0,25.0,20.000181201641688,0.05000713
gait_20260909_152145_fc06025e3eb8,/MOTION_INFO,25.0,30.0,20.00006440020737,0.05000713
gait_20260909_152145_fc06025e3eb8,/MOTION_INFO,30.0,35.0,20.00006440020737,0.050015589
gait_20260909_152145_fc06025e3eb8,/MOTION_INFO,35.0,40.0,19.999948000135202,0.0500080633
gait_20260909_152145_fc06025e3eb8,/MOTION_INFO,40.0,45.0,20.000064800209955,0.050010339
gait_20260909_152145_fc06025e3eb8,/MOTION_INFO,45.0,50.0,19.999948000135202,0.050009258599999995
gait_20260909_152145_fc06025e3eb8,/MOTION_INFO,50.0,55.0,19.999831601417913,0.050009463
gait_20260909_152145_fc06025e3eb8,/MOTION_INFO,55.0,60.0,19.99983120142466,0.05001098
gait_20260909_152145_fc06025e3eb8,/MOTION_INFO,60.0,65.0,19.999948000135202,0.050009171
gait_20260909_152145_fc06025e3eb8,/MOTION_INFO,65.0,69.69957151200015,19.9999480001352,0.0500075534
gait_20260909_152145_fc06025e3eb8,/STEER,0.0,5.0,12348.880573975966,0.4500816552499994
gait_20260909_152145_fc06025e3eb8,/STEER,5.0,10.0,12323.010757988392,1.0000799312
gait_20260909_152145_fc06025e3eb8,/STEER,10.0,15.0,12323.162616453887,1.0000796485
gait_20260909_152145_fc06025e3eb8,/STEER,15.0,20.0,12372.25645213174,1.000078081
gait_20260909_152145_fc06025e3eb8,/STEER,20.0,25.0,12380.068090374498,1.0000802124
gait_20260909_152145_fc06025e3eb8,/STEER,25.0,30.0,12343.240841315295,1.000080374
gait_20260909_152145_fc06025e3eb8,/STEER,30.0,35.0,12371.108513178324,1.0000807689
gait_20260909_152145_fc06025e3eb8,/STEER,35.0,40.0,12356.357345854442,1.00008062875
gait_20260909_152145_fc06025e3eb8,/STEER,40.0,45.0,12361.168624881797,1.00008013025
gait_20260909_152145_fc06025e3eb8,/STEER,45.0,50.0,12405.408758218582,1.00008058695
gait_20260909_152145_fc06025e3eb8,/STEER,50.0,55.0,12347.660735673626,1.000079787
gait_20260909_152145_fc06025e3eb8,/STEER,55.0,60.0,12381.907556678181,1.0000802236
gait_20260909_152145_fc06025e3eb8,/STEER,60.0,65.0,12299.669138900164,2.351911499949998
gait_20260909_152145_fc06025e3eb8,/STEER,65.0,69.69957151200015,12330.608268905904,1.0000801314
gait_20260909_152145_fc06025e3eb8,/rslidar_front/points,0.0,5.0,10.000391015288699,0.100135958
gait_20260909_152145_fc06025e3eb8,/rslidar_front/points,5.0,10.0,9.998197874824053,0.1004208926
gait_20260909_152145_fc06025e3eb8,/rslidar_front/points,10.0,15.0,10.0010944697733,0.1003195762
gait_20260909_152145_fc06025e3eb8,/rslidar_front/points,15.0,20.0,10.006307776296023,0.10045854985
gait_20260909_152145_fc06025e3eb8,/rslidar_front/points,20.0,25.0,9.998221716285542,0.10021227615
gait_20260909_152145_fc06025e3eb8,/rslidar_front/points,25.0,30.0,9.999055939133507,0.10023707135
gait_20260909_152145_fc06025e3eb8,/rslidar_front/points,30.0,35.0,9.999258604970734,0.10027724525000001
gait_20260909_152145_fc06025e3eb8,/rslidar_front/points,35.0,40.0,10.00209613928791,0.1004597307
gait_20260909_152145_fc06025e3eb8,/rslidar_front/points,40.0,45.0,10.000689097482262,0.1004470229
gait_20260909_152145_fc06025e3eb8,/rslidar_front/points,45.0,50.0,10.00281179039428,0.10056585059999999
gait_20260909_152145_fc06025e3eb8,/rslidar_front/points,50.0,55.0,10.000700999136534,0.10036774835
gait_20260909_152145_fc06025e3eb8,/rslidar_front/points,55.0,60.0,9.999353891748283,0.10021203795
gait_20260909_152145_fc06025e3eb8,/rslidar_front/points,60.0,65.0,10.00020030401209,0.10011004230000001
gait_20260909_152145_fc06025e3eb8,/rslidar_front/points,65.0,69.69957151200015,10.000200254010087,0.10019034125000001
gait_20260909_152145_fc06025e3eb8,/rslidar_rear/points,0.0,5.0,10.000104901100412,0.10013715005
gait_20260909_152145_fc06025e3eb8,/rslidar_rear/points,5.0,10.0,9.999103630355057,0.10053324735
gait_20260909_152145_fc06025e3eb8,/rslidar_rear/points,10.0,15.0,10.004804056787968,0.10044527090000001
gait_20260909_152145_fc06025e3eb8,/rslidar_rear/points,15.0,20.0,9.99985455211554,0.1003062373
gait_20260909_152145_fc06025e3eb8,/rslidar_rear/points,20.0,25.0,10.00410008037694,0.10027915215
gait_20260909_152145_fc06025e3eb8,/rslidar_rear/points,25.0,30.0,10.000414867210766,0.100271869
gait_20260909_152145_fc06025e3eb8,/rslidar_rear/points,30.0,35.0,10.001237603147201,0.10024424779999999
gait_20260909_152145_fc06025e3eb8,/rslidar_rear/points,35.0,40.0,10.00269247474689,0.1002680537
gait_20260909_152145_fc06025e3eb8,/rslidar_rear/points,40.0,45.0,9.999640012959533,0.1003758073
gait_20260909_152145_fc06025e3eb8,/rslidar_rear/points,45.0,50.0,10.003503577075318,0.1006078243
gait_20260909_152145_fc06025e3eb8,/rslidar_rear/points,50.0,55.0,10.00220348542784,0.10036921559999999
gait_20260909_152145_fc06025e3eb8,/rslidar_rear/points,55.0,60.0,10.000355212617151,0.1002461313
gait_20260909_152145_fc06025e3eb8,/rslidar_rear/points,60.0,65.0,10.000355262620705,0.10025116249999999
gait_20260909_152145_fc06025e3eb8,/rslidar_rear/points,65.0,69.69957151200015,9.998150242223685,0.10019582575
gait_20260909_152557_7ddbfc67c108,/HANDLE_STEER,5.0,10.0,12350.710783405586,0.9000814716999986
gait_20260909_152557_7ddbfc67c108,/HANDLE_STEER,10.0,15.0,12377.999343966036,3.4527166412999977
gait_20260909_152557_7ddbfc67c108,/HANDLE_STEER,15.0,20.0,12224.565263897803,1.300825770449999
gait_20260909_152557_7ddbfc67c108,/HANDLE_STEER,20.0,25.0,12329.620062757767,1.0000801565
gait_20260909_152557_7ddbfc67c108,/HANDLE_STEER,25.0,30.0,12345.374188291647,1.000082387
gait_20260909_152557_7ddbfc67c108,/HANDLE_STEER,30.0,35.0,12342.936137648423,1.000080258
gait_20260909_152557_7ddbfc67c108,/HANDLE_STEER,35.0,40.0,12356.662712534599,1.0002147318999999
gait_20260909_152557_7ddbfc67c108,/HANDLE_STEER,40.0,45.0,11733.30204452788,8.958755e-05
gait_20260909_152557_7ddbfc67c108,/IMU,0.0,5.0,200.0,0.005
gait_20260909_152557_7ddbfc67c108,/IMU,5.0,10.0,200.0,0.005
gait_20260909_152557_7ddbfc67c108,/IMU,10.0,15.0,200.0,0.005
gait_20260909_152557_7ddbfc67c108,/IMU,15.0,20.0,200.0,0.005
gait_20260909_152557_7ddbfc67c108,/IMU,20.0,25.0,200.0,0.005
gait_20260909_152557_7ddbfc67c108,/IMU,25.0,30.0,200.0,0.005
gait_20260909_152557_7ddbfc67c108,/IMU,30.0,35.0,200.0,0.005
gait_20260909_152557_7ddbfc67c108,/IMU,35.0,40.0,200.0,0.005
gait_20260909_152557_7ddbfc67c108,/IMU,40.0,45.0,200.0,0.005
gait_20260909_152557_7ddbfc67c108,/IMU,45.0,50.0,200.0,0.005
gait_20260909_152557_7ddbfc67c108,/IMU,50.0,55.0,200.0,0.005
gait_20260909_152557_7ddbfc67c108,/IMU,55.0,60.0,200.0,0.005
gait_20260909_152557_7ddbfc67c108,/IMU,60.0,65.0,200.0,0.005
gait_20260909_152557_7ddbfc67c108,/IMU,65.0,70.0,200.0,0.005
gait_20260909_152557_7ddbfc67c108,/IMU,70.0,75.0,200.0,0.005
gait_20260909_152557_7ddbfc67c108,/IMU,75.0,80.0,200.0,0.005
gait_20260909_152557_7ddbfc67c108,/IMU,80.0,85.0,200.0,0.005
gait_20260909_152557_7ddbfc67c108,/IMU,85.0,90.0,200.0,0.005
gait_20260909_152557_7ddbfc67c108,/IMU,90.0,95.0,200.0,0.005
gait_20260909_152557_7ddbfc67c108,/IMU,95.0,100.0,200.0,0.005
gait_20260909_152557_7ddbfc67c108,/IMU,100.0,105.0,200.0,0.005
gait_20260909_152557_7ddbfc67c108,/IMU,105.0,110.0,200.0,0.005
gait_20260909_152557_7ddbfc67c108,/IMU,110.0,115.0,200.0,0.005
gait_20260909_152557_7ddbfc67c108,/IMU,115.0,120.0,200.0,0.005
gait_20260909_152557_7ddbfc67c108,/JOINTS_DATA,0.0,5.0,199.9983200141119,0.005014917
gait_20260909_152557_7ddbfc67c108,/JOINTS_DATA,5.0,10.0,199.9983200141119,0.0050155
gait_20260909_152557_7ddbfc67c108,/JOINTS_DATA,10.0,15.0,199.9983200141119,0.0050128896
gait_20260909_152557_7ddbfc67c108,/JOINTS_DATA,15.0,20.0,199.9983200141119,0.00501375005
gait_20260909_152557_7ddbfc67c108,/JOINTS_DATA,20.0,25.0,200.0099604960327,0.00501375005
gait_20260909_152557_7ddbfc67c108,/JOINTS_DATA,25.0,30.0,199.9983200141119,0.005012292
gait_20260909_152557_7ddbfc67c108,/JOINTS_DATA,30.0,35.0,199.9983200141119,0.005012001
gait_20260909_152557_7ddbfc67c108,/JOINTS_DATA,35.0,40.0,199.9983200141119,0.00501319715
gait_20260909_152557_7ddbfc67c108,/JOINTS_DATA,40.0,45.0,50.004319123064256,0.020008627
gait_20260909_152557_7ddbfc67c108,/JOINTS_DATA,45.0,50.0,50.000307501891136,0.0200199872
gait_20260909_152557_7ddbfc67c108,/JOINTS_DATA,50.0,55.0,50.000307501891136,0.020014169
gait_20260909_152557_7ddbfc67c108,/JOINTS_DATA,55.0,60.0,50.000307501891136,0.02002326885
gait_20260909_152557_7ddbfc67c108,/JOINTS_DATA,60.0,65.0,50.000307501891136,0.0200199581
gait_20260909_152557_7ddbfc67c108,/JOINTS_DATA,65.0,70.0,50.000307501891136,0.0200153213
gait_20260909_152557_7ddbfc67c108,/JOINTS_DATA,70.0,75.0,50.00140128927113,0.0200152036
gait_20260909_152557_7ddbfc67c108,/JOINTS_DATA,75.0,80.0,49.99957750357009,0.02001549605
gait_20260909_152557_7ddbfc67c108,/JOINTS_DATA,80.0,85.0,50.000307501891136,0.0200146206
gait_20260909_152557_7ddbfc67c108,/JOINTS_DATA,85.0,90.0,49.99885002644939,0.02001319125
gait_20260909_152557_7ddbfc67c108,/JOINTS_DATA,90.0,95.0,50.000307501891136,0.0200278331
gait_20260909_152557_7ddbfc67c108,/JOINTS_DATA,95.0,100.0,49.99884752656451,0.0200111206
gait_20260909_152557_7ddbfc67c108,/JOINTS_DATA,100.0,105.0,49.999578753549,0.02001637105
gait_20260909_152557_7ddbfc67c108,/JOINTS_DATA,105.0,110.0,50.00103502142495,0.02001361465
gait_20260909_152557_7ddbfc67c108,/JOINTS_DATA,110.0,115.0,50.000307501891136,0.020022919
gait_20260909_152557_7ddbfc67c108,/JOINTS_DATA,115.0,120.0,49.99957750357009,0.020014635200000002
gait_20260909_152557_7ddbfc67c108,/JOINTS_DATA_10HZ,0.0,5.0,9.999988600012996,0.10001458065
gait_20260909_152557_7ddbfc67c108,/JOINTS_DATA_10HZ,5.0,10.0,9.999857352034873,0.100020444
gait_20260909_152557_7ddbfc67c108,/JOINTS_DATA_10HZ,10.0,15.0,10.000046900219962,0.1000163603
gait_20260909_152557_7ddbfc67c108,/JOINTS_DATA_10HZ,15.0,20.0,10.000046850219494,0.10002090984999999
gait_20260909_152557_7ddbfc67c108,/JOINTS_DATA_10HZ,20.0,25.0,10.000003150000992,0.1000108475
gait_20260909_152557_7ddbfc67c108,/JOINTS_DATA_10HZ,25.0,30.0,10.000003200001025,0.10001328325
gait_20260909_152557_7ddbfc67c108,/JOINTS_DATA_10HZ,30.0,35.0,10.000003200001025,0.1000144058
gait_20260909_152557_7ddbfc67c108,/JOINTS_DATA_10HZ,35.0,40.0,10.000032350104654,0.10001198485
gait_20260909_152557_7ddbfc67c108,/JOINTS_DATA_10HZ,40.0,45.0,10.00001770003133,0.1000098994
gait_20260909_152557_7ddbfc67c108,/JOINTS_DATA_10HZ,45.0,50.0,9.99994485030415,0.10002598485
gait_20260909_152557_7ddbfc67c108,/JOINTS_DATA_10HZ,50.0,55.0,10.00001770003133,0.1000074497
gait_20260909_152557_7ddbfc67c108,/JOINTS_DATA_10HZ,55.0,60.0,9.999857352034873,0.10002550375
gait_20260909_152557_7ddbfc67c108,/JOINTS_DATA_10HZ,60.0,65.0,10.000003200001025,0.10002357875
gait_20260909_152557_7ddbfc67c108,/JOINTS_DATA_10HZ,65.0,70.0,10.000003150000992,0.1000144206
gait_20260909_152557_7ddbfc67c108,/JOINTS_DATA_10HZ,70.0,75.0,10.00001770003133,0.10002012265
gait_20260909_152557_7ddbfc67c108,/JOINTS_DATA_10HZ,75.0,80.0,9.999959400164835,0.10001936435
gait_20260909_152557_7ddbfc67c108,/JOINTS_DATA_10HZ,80.0,85.0,10.000003200001025,0.10001749765
gait_20260909_152557_7ddbfc67c108,/JOINTS_DATA_10HZ,85.0,90.0,9.999959450164429,0.10001283065
gait_20260909_152557_7ddbfc67c108,/JOINTS_DATA_10HZ,90.0,95.0,10.000017750031507,0.1000158786
gait_20260909_152557_7ddbfc67c108,/JOINTS_DATA_10HZ,95.0,100.0,9.999930300485806,0.10000867455
gait_20260909_152557_7ddbfc67c108,/JOINTS_DATA_10HZ,100.0,105.0,10.00009065082175,0.10001605405
gait_20260909_152557_7ddbfc67c108,/JOINTS_DATA_10HZ,105.0,110.0,10.000061500378228,0.10001350170000001
gait_20260909_152557_7ddbfc67c108,/JOINTS_DATA_10HZ,110.0,115.0,9.999988600012996,0.1000107892
gait_20260909_152557_7ddbfc67c108,/JOINTS_DATA_10HZ,115.0,120.0,9.999915700710643,0.1000146098
gait_20260909_152557_7ddbfc67c108,/MOTION_INFO,0.0,5.0,19.999948000135202,0.0500089383
gait_20260909_152557_7ddbfc67c108,/MOTION_INFO,5.0,10.0,19.999948000135202,0.0500083544
gait_20260909_152557_7ddbfc67c108,/MOTION_INFO,10.0,15.0,20.00000640000205,0.0500077276
gait_20260909_152557_7ddbfc67c108,/MOTION_INFO,15.0,20.0,20.000006200001923,0.050008909149999996
gait_20260909_152557_7ddbfc67c108,/MOTION_INFO,20.0,25.0,19.9998898006072,0.05000947855
gait_20260909_152557_7ddbfc67c108,/MOTION_INFO,25.0,30.0,20.000239602870444,0.050008909149999996
gait_20260909_152557_7ddbfc67c108,/MOTION_INFO,30.0,35.0,20.000181201641688,0.0500095068
gait_20260909_152557_7ddbfc67c108,/MOTION_INFO,35.0,40.0,19.9998898006072,0.0500100907
gait_20260909_152557_7ddbfc67c108,/MOTION_INFO,40.0,45.0,20.00006460020866,0.0500135169
gait_20260909_152557_7ddbfc67c108,/MOTION_INFO,45.0,50.0,19.999948000135202,0.05000600675
gait_20260909_152557_7ddbfc67c108,/MOTION_INFO,50.0,55.0,20.00000640000205,0.050005963
gait_20260909_152557_7ddbfc67c108,/MOTION_INFO,55.0,60.0,19.999714804066894,0.050012598750000005
gait_20260909_152557_7ddbfc67c108,/MOTION_INFO,60.0,65.0,19.99977300257642,0.0500100907
gait_20260909_152557_7ddbfc67c108,/MOTION_INFO,65.0,70.0,19.999948000135202,0.05000752405
gait_20260909_152557_7ddbfc67c108,/MOTION_INFO,70.0,75.0,19.999948000135202,0.0500059776
gait_20260909_152557_7ddbfc67c108,/MOTION_INFO,75.0,80.0,19.999889600609407,0.050004534149999995
gait_20260909_152557_7ddbfc67c108,/MOTION_INFO,80.0,85.0,20.000006200001923,0.050009215749999995
gait_20260909_152557_7ddbfc67c108,/MOTION_INFO,85.0,90.0,20.000064800209955,0.05000774215
gait_20260909_152557_7ddbfc67c108,/MOTION_INFO,90.0,95.0,20.000064800209955,0.050006839
gait_20260909_152557_7ddbfc67c108,/MOTION_INFO,95.0,100.0,19.999714804066894,0.050006065100000004
gait_20260909_152557_7ddbfc67c108,/MOTION_INFO,100.0,105.0,19.999948000135202,0.050007130049999994
gait_20260909_152557_7ddbfc67c108,/MOTION_INFO,105.0,110.0,20.000064800209955,0.0500086181
gait_20260909_152557_7ddbfc67c108,/MOTION_INFO,110.0,115.0,20.000181201641688,0.0500083261
gait_20260909_152557_7ddbfc67c108,/MOTION_INFO,115.0,120.0,20.000123000756457,0.05000570115
gait_20260909_152557_7ddbfc67c108,/STEER,5.0,10.0,12350.710783405586,0.9000814716999986
gait_20260909_152557_7ddbfc67c108,/STEER,10.0,15.0,12377.999343966036,3.4527166412999977
gait_20260909_152557_7ddbfc67c108,/STEER,15.0,20.0,12224.565263897803,1.300825770449999
gait_20260909_152557_7ddbfc67c108,/STEER,20.0,25.0,12329.620062757767,1.0000801565
gait_20260909_152557_7ddbfc67c108,/STEER,25.0,30.0,12345.374188291647,1.000082387
gait_20260909_152557_7ddbfc67c108,/STEER,30.0,35.0,12342.936137648423,1.000080258
gait_20260909_152557_7ddbfc67c108,/STEER,35.0,40.0,12356.662712534599,1.0002147318999999
gait_20260909_152557_7ddbfc67c108,/STEER,40.0,45.0,11733.30204452788,8.958755e-05
gait_20260909_152557_7ddbfc67c108,/rslidar_front/points,0.0,5.0,9.999997600000576,0.100107908
gait_20260909_152557_7ddbfc67c108,/rslidar_front/points,5.0,10.0,9.999997600000576,0.10009733424999999
gait_20260909_152557_7ddbfc67c108,/rslidar_front/points,10.0,15.0,10.00020030401209,0.10011174675
gait_20260909_152557_7ddbfc67c108,/rslidar_front/points,15.0,20.0,10.000104901100412,0.10011261704999999
gait_20260909_152557_7ddbfc67c108,/rslidar_front/points,20.0,25.0,10.000009600009216,0.10011119825
gait_20260909_152557_7ddbfc67c108,/rslidar_front/points,25.0,30.0,10.001845740612973,0.1006219858
gait_20260909_152557_7ddbfc67c108,/rslidar_front/points,30.0,35.0,10.01146678365266,0.10091755405
gait_20260909_152557_7ddbfc67c108,/rslidar_front/points,35.0,40.0,10.00139254389085,0.1005901454
gait_20260909_152557_7ddbfc67c108,/rslidar_front/points,40.0,45.0,10.000247956148073,0.1004777787
gait_20260909_152557_7ddbfc67c108,/rslidar_front/points,45.0,50.0,9.999997600000576,0.10010856405
gait_20260909_152557_7ddbfc67c108,/rslidar_front/points,50.0,55.0,10.000009500009025,0.10010918369999999
gait_20260909_152557_7ddbfc67c108,/rslidar_front/points,55.0,60.0,10.0006055866713,0.10031468835
gait_20260909_152557_7ddbfc67c108,/rslidar_front/points,60.0,65.0,10.000700999136535,0.1001666903
gait_20260909_152557_7ddbfc67c108,/rslidar_front/points,65.0,70.0,10.000104901100412,0.10042833035
gait_20260909_152557_7ddbfc67c108,/rslidar_front/points,70.0,75.0,10.000104901100412,0.100110054
gait_20260909_152557_7ddbfc67c108,/rslidar_front/points,75.0,80.0,9.999890301203395,0.10020077264999999
gait_20260909_152557_7ddbfc67c108,/rslidar_front/points,80.0,85.0,10.000593685244123,0.1000985745
gait_20260909_152557_7ddbfc67c108,/rslidar_front/points,85.0,90.0,10.000009500009025,0.10008224215
gait_20260909_152557_7ddbfc67c108,/rslidar_front/points,90.0,95.0,9.999961850145542,0.10007759345
gait_20260909_152557_7ddbfc67c108,/rslidar_front/points,95.0,100.0,9.999985650020593,0.1001050113
gait_20260909_152557_7ddbfc67c108,/rslidar_front/points,100.0,105.0,9.999496975304657,0.10012780385
gait_20260909_152557_7ddbfc67c108,/rslidar_front/points,105.0,110.0,9.999866451783538,0.1000827673
gait_20260909_152557_7ddbfc67c108,/rslidar_front/points,110.0,115.0,9.999997650000552,0.10007810595
gait_20260909_152557_7ddbfc67c108,/rslidar_front/points,115.0,120.0,10.000104901100412,0.10010757440000001
gait_20260909_152557_7ddbfc67c108,/rslidar_rear/points,0.0,5.0,9.99990230095452,0.10007714025
gait_20260909_152557_7ddbfc67c108,/rslidar_rear/points,5.0,10.0,10.00004530020521,0.10010409355000001
gait_20260909_152557_7ddbfc67c108,/rslidar_rear/points,10.0,15.0,10.000247956148073,0.10025136455
gait_20260909_152557_7ddbfc67c108,/rslidar_rear/points,15.0,20.0,10.000104901100412,0.10011109115
gait_20260909_152557_7ddbfc67c108,/rslidar_rear/points,20.0,25.0,9.999997600000576,0.10011280730000001
gait_20260909_152557_7ddbfc67c108,/rslidar_rear/points,25.0,30.0,9.999997600000576,0.10012662455
gait_20260909_152557_7ddbfc67c108,/rslidar_rear/points,30.0,35.0,9.999592316621252,0.10056428910000001
gait_20260909_152557_7ddbfc67c108,/rslidar_rear/points,35.0,40.0,10.00124945609455,0.1004803538
gait_20260909_152557_7ddbfc67c108,/rslidar_rear/points,40.0,45.0,10.000247956148073,0.10133404665
gait_20260909_152557_7ddbfc67c108,/rslidar_rear/points,45.0,50.0,9.99998570002045,0.10008335155
gait_20260909_152557_7ddbfc67c108,/rslidar_rear/points,50.0,55.0,10.000057200327186,0.10011013769999999
gait_20260909_152557_7ddbfc67c108,/rslidar_rear/points,55.0,60.0,9.999687709752825,0.1002230048
gait_20260909_152557_7ddbfc67c108,/rslidar_rear/points,60.0,65.0,10.002239251312387,0.1003819105
gait_20260909_152557_7ddbfc67c108,/rslidar_rear/points,65.0,70.0,10.002203435405804,0.10037457955
gait_20260909_152557_7ddbfc67c108,/rslidar_rear/points,70.0,75.0,9.999997600000576,0.1000772478
gait_20260909_152557_7ddbfc67c108,/rslidar_rear/points,75.0,80.0,10.000045250204757,0.1001136777
gait_20260909_152557_7ddbfc67c108,/rslidar_rear/points,80.0,85.0,9.999604215665144,0.10028649545
gait_20260909_152557_7ddbfc67c108,/rslidar_rear/points,85.0,90.0,9.999866501782202,0.10011228315
gait_20260909_152557_7ddbfc67c108,/rslidar_rear/points,90.0,95.0,10.000200254010085,0.10007324225
gait_20260909_152557_7ddbfc67c108,/rslidar_rear/points,95.0,100.0,9.99998570002045,0.10010938615000001
gait_20260909_152557_7ddbfc67c108,/rslidar_rear/points,100.0,105.0,10.000450620304951,0.100169623
gait_20260909_152557_7ddbfc67c108,/rslidar_rear/points,105.0,110.0,9.999890301203395,0.10007259825
gait_20260909_152557_7ddbfc67c108,/rslidar_rear/points,110.0,115.0,9.9998903512023,0.10008076440000001
gait_20260909_152557_7ddbfc67c108,/rslidar_rear/points,115.0,120.0,9.99998570002045,0.1001103398
gait_20260909_154654_65c5ae680a24,/HANDLE_STEER,0.0,5.0,12283.654141433994,1.0000815448
gait_20260909_154654_65c5ae680a24,/HANDLE_STEER,10.0,15.0,12342.936137648423,1.0000803935
gait_20260909_154654_65c5ae680a24,/HANDLE_STEER,15.0,20.0,12392.955843898328,1.0000808828
gait_20260909_154654_65c5ae680a24,/HANDLE_STEER,20.0,25.0,12307.46509295213,1.00008015695
gait_20260909_154654_65c5ae680a24,/HANDLE_STEER,25.0,30.0,12380.604544919928,1.0000806615
gait_20260909_154654_65c5ae680a24,/HANDLE_STEER,30.0,35.0,12339.280866711088,1.0000807765
gait_20260909_154654_65c5ae680a24,/HANDLE_STEER,35.0,40.0,12337.606257633894,1.00008067
gait_20260909_154654_65c5ae680a24,/HANDLE_STEER,40.0,45.0,12246.197555658968,1.5013773545000002
gait_20260909_154654_65c5ae680a24,/HANDLE_STEER,45.0,50.0,12326.96029486089,1.000655281
gait_20260909_154654_65c5ae680a24,/HANDLE_STEER,50.0,55.0,12335.39951275172,1.00008081055
gait_20260909_154654_65c5ae680a24,/IMU,0.0,5.0,200.0,0.005
gait_20260909_154654_65c5ae680a24,/IMU,5.0,10.0,200.0,0.005
gait_20260909_154654_65c5ae680a24,/IMU,10.0,15.0,200.0,0.005
gait_20260909_154654_65c5ae680a24,/IMU,15.0,20.0,200.0,0.005
gait_20260909_154654_65c5ae680a24,/IMU,20.0,25.0,200.0,0.005
gait_20260909_154654_65c5ae680a24,/IMU,25.0,30.0,200.0,0.005
gait_20260909_154654_65c5ae680a24,/IMU,30.0,35.0,200.0,0.005
gait_20260909_154654_65c5ae680a24,/IMU,35.0,40.0,200.0,0.005
gait_20260909_154654_65c5ae680a24,/IMU,40.0,45.0,200.0,0.005
gait_20260909_154654_65c5ae680a24,/IMU,45.0,50.0,200.0,0.005
gait_20260909_154654_65c5ae680a24,/IMU,50.0,55.0,200.0,0.005
gait_20260909_154654_65c5ae680a24,/IMU,55.0,60.0,200.0,0.005
gait_20260909_154654_65c5ae680a24,/IMU,60.0,65.0,200.0,0.005
gait_20260909_154654_65c5ae680a24,/IMU,65.0,70.0,200.0,0.005
gait_20260909_154654_65c5ae680a24,/IMU,70.0,75.0,200.0,0.005
gait_20260909_154654_65c5ae680a24,/IMU,75.0,80.0,200.0,0.005
gait_20260909_154654_65c5ae680a24,/IMU,80.0,85.0,200.0,0.005
gait_20260909_154654_65c5ae680a24,/IMU,85.0,90.0,200.0,0.005
gait_20260909_154654_65c5ae680a24,/IMU,90.0,95.0,200.0,0.005
gait_20260909_154654_65c5ae680a24,/IMU,95.0,100.0,200.0,0.005
gait_20260909_154654_65c5ae680a24,/IMU,100.0,105.0,200.0,0.005
gait_20260909_154654_65c5ae680a24,/IMU,105.0,110.0,200.0,0.005
gait_20260909_154654_65c5ae680a24,/IMU,110.0,111.55142463600009,200.0,0.005
gait_20260909_154654_65c5ae680a24,/JOINTS_DATA,0.0,5.0,50.00103752152857,0.0200152766
gait_20260909_154654_65c5ae680a24,/JOINTS_DATA,5.0,10.0,49.99884752656451,0.02001343975
gait_20260909_154654_65c5ae680a24,/JOINTS_DATA,10.0,15.0,49.99885002644939,0.020018529400000002
gait_20260909_154654_65c5ae680a24,/JOINTS_DATA,15.0,20.0,49.99957750357009,0.02001413935
gait_20260909_154654_65c5ae680a24,/JOINTS_DATA,20.0,25.0,49.99885002644939,0.02001176225
gait_20260909_154654_65c5ae680a24,/JOINTS_DATA,25.0,30.0,49.99921376236358,0.0200152623
gait_20260909_154654_65c5ae680a24,/JOINTS_DATA,30.0,35.0,49.99885002644939,0.0200150436
gait_20260909_154654_65c5ae680a24,/JOINTS_DATA,35.0,40.0,50.00103752152857,0.020015627
gait_20260909_154654_65c5ae680a24,/JOINTS_DATA,40.0,45.0,49.99921376236358,0.02001412435
gait_20260909_154654_65c5ae680a24,/JOINTS_DATA,45.0,50.0,50.00103502142495,0.0200151306
gait_20260909_154654_65c5ae680a24,/JOINTS_DATA,50.0,55.0,50.00103502142495,0.020013877
gait_20260909_154654_65c5ae680a24,/JOINTS_DATA,55.0,60.0,49.99957750357009,0.020015044
gait_20260909_154654_65c5ae680a24,/JOINTS_DATA,60.0,65.0,49.99921376236358,0.020013877
gait_20260909_154654_65c5ae680a24,/JOINTS_DATA,65.0,70.0,50.000307501891136,0.02001854335
gait_20260909_154654_65c5ae680a24,/JOINTS_DATA,70.0,75.0,50.00103502142495,0.0200169684
gait_20260909_154654_65c5ae680a24,/JOINTS_DATA,75.0,80.0,49.99994375006328,0.020014169
gait_20260909_154654_65c5ae680a24,/JOINTS_DATA,80.0,85.0,50.000307501891136,0.0200163271
gait_20260909_154654_65c5ae680a24,/JOINTS_DATA,85.0,90.0,49.999580003527974,0.0200177848
gait_20260909_154654_65c5ae680a24,/JOINTS_DATA,90.0,95.0,50.000307501891136,0.0200178578
gait_20260909_154654_65c5ae680a24,/JOINTS_DATA,95.0,100.0,50.000307501891136,0.02001692495
gait_20260909_154654_65c5ae680a24,/JOINTS_DATA,100.0,105.0,49.99884877650692,0.02002131425
gait_20260909_154654_65c5ae680a24,/JOINTS_DATA,105.0,110.0,49.99957750357009,0.0200177566
gait_20260909_154654_65c5ae680a24,/JOINTS_DATA,110.0,111.55142463600009,50.00103752152857,0.020013220749999998
gait_20260909_154654_65c5ae680a24,/JOINTS_DATA_10HZ,0.0,5.0,9.999974000067601,0.1000118102
gait_20260909_154654_65c5ae680a24,/JOINTS_DATA_10HZ,5.0,10.0,10.000149002220134,0.10001513449999999
gait_20260909_154654_65c5ae680a24,/JOINTS_DATA_10HZ,10.0,15.0,10.000017800031685,0.10001062905000001
gait_20260909_154654_65c5ae680a24,/JOINTS_DATA_10HZ,15.0,20.0,9.99979900404002,0.1000132827
gait_20260909_154654_65c5ae680a24,/JOINTS_DATA_10HZ,20.0,25.0,9.99987190164094,0.10001545565
gait_20260909_154654_65c5ae680a24,/JOINTS_DATA_10HZ,25.0,30.0,9.999973950067861,0.10001602494999999
gait_20260909_154654_65c5ae680a24,/JOINTS_DATA_10HZ,30.0,35.0,9.999871951639658,0.10001687075
gait_20260909_154654_65c5ae680a24,/JOINTS_DATA_10HZ,35.0,40.0,10.000178203175581,0.100013385
gait_20260909_154654_65c5ae680a24,/JOINTS_DATA_10HZ,40.0,45.0,9.999974000067601,0.1000156012
gait_20260909_154654_65c5ae680a24,/JOINTS_DATA_10HZ,45.0,50.0,9.999769805299081,0.10001294799999999
gait_20260909_154654_65c5ae680a24,/JOINTS_DATA_10HZ,50.0,55.0,9.99998855001311,0.1000127289
gait_20260909_154654_65c5ae680a24,/JOINTS_DATA_10HZ,55.0,60.0,10.000003150000992,0.10001415725
gait_20260909_154654_65c5ae680a24,/JOINTS_DATA_10HZ,60.0,65.0,9.999828202951473,0.10001636
gait_20260909_154654_65c5ae680a24,/JOINTS_DATA_10HZ,65.0,70.0,9.999974000067601,0.100012802
gait_20260909_154654_65c5ae680a24,/JOINTS_DATA_10HZ,70.0,75.0,9.99991560071233,0.1000152514
gait_20260909_154654_65c5ae680a24,/JOINTS_DATA_10HZ,75.0,80.0,10.000090600820844,0.10001119750000001
gait_20260909_154654_65c5ae680a24,/JOINTS_DATA_10HZ,80.0,85.0,10.000090700822657,0.1000162436
gait_20260909_154654_65c5ae680a24,/JOINTS_DATA_10HZ,85.0,90.0,9.999974000067601,0.1000168855
gait_20260909_154654_65c5ae680a24,/JOINTS_DATA_10HZ,90.0,95.0,10.000032350104654,0.10001503325000001
gait_20260909_154654_65c5ae680a24,/JOINTS_DATA_10HZ,95.0,100.0,10.00003230010433,0.1000170747
gait_20260909_154654_65c5ae680a24,/JOINTS_DATA_10HZ,100.0,105.0,10.000032400104978,0.1000345018
gait_20260909_154654_65c5ae680a24,/JOINTS_DATA_10HZ,105.0,110.0,9.999915700710643,0.10001265549999999
gait_20260909_154654_65c5ae680a24,/JOINTS_DATA_10HZ,110.0,111.55142463600009,9.999915650711488,0.10001000155
gait_20260909_154654_65c5ae680a24,/MOTION_INFO,0.0,5.0,20.000531214109046,0.0500299383
gait_20260909_154654_65c5ae680a24,/MOTION_INFO,5.0,10.0,20.000239802875235,0.05002920885
gait_20260909_154654_65c5ae680a24,/MOTION_INFO,10.0,15.0,19.999948000135202,0.0500083106
gait_20260909_154654_65c5ae680a24,/MOTION_INFO,15.0,20.0,20.000064800209955,0.05001181155
gait_20260909_154654_65c5ae680a24,/MOTION_INFO,20.0,25.0,19.999948000135202,0.0500112422
gait_20260909_154654_65c5ae680a24,/MOTION_INFO,25.0,30.0,19.999948000135202,0.050013839
gait_20260909_154654_65c5ae680a24,/MOTION_INFO,30.0,35.0,19.9998898006072,0.0500099008
gait_20260909_154654_65c5ae680a24,/MOTION_INFO,35.0,40.0,20.000064800209955,0.05001452405
gait_20260909_154654_65c5ae680a24,/MOTION_INFO,40.0,45.0,19.999948000135202,0.05001208815
gait_20260909_154654_65c5ae680a24,/MOTION_INFO,45.0,50.0,20.00006460020866,0.050007115399999996
gait_20260909_154654_65c5ae680a24,/MOTION_INFO,50.0,55.0,20.00006440020737,0.05002503865
gait_20260909_154654_65c5ae680a24,/MOTION_INFO,55.0,60.0,20.000181201641688,0.05001560265
gait_20260909_154654_65c5ae680a24,/MOTION_INFO,60.0,65.0,19.999364820173312,0.0500211884
gait_20260909_154654_65c5ae680a24,/MOTION_INFO,65.0,70.0,19.999539610598163,0.0500318491
gait_20260909_154654_65c5ae680a24,/MOTION_INFO,70.0,75.0,19.999889600609407,0.0500300549
gait_20260909_154654_65c5ae680a24,/MOTION_INFO,75.0,80.0,20.00006440020737,0.0500177616
gait_20260909_154654_65c5ae680a24,/MOTION_INFO,80.0,85.0,19.999948000135202,0.05001042545
gait_20260909_154654_65c5ae680a24,/MOTION_INFO,85.0,90.0,20.000181201641688,0.05001763
gait_20260909_154654_65c5ae680a24,/MOTION_INFO,90.0,95.0,20.000181401645314,0.0500121327
gait_20260909_154654_65c5ae680a24,/MOTION_INFO,95.0,100.0,19.99977300257642,0.05001480145
gait_20260909_154654_65c5ae680a24,/MOTION_INFO,100.0,105.0,20.000064800209955,0.0500153836
gait_20260909_154654_65c5ae680a24,/MOTION_INFO,105.0,110.0,20.000181201641688,0.0500097112
gait_20260909_154654_65c5ae680a24,/MOTION_INFO,110.0,111.55142463600009,19.99965620590982,0.050009200649999995
gait_20260909_154654_65c5ae680a24,/STEER,0.0,5.0,12283.654141433994,1.0000815448
gait_20260909_154654_65c5ae680a24,/STEER,10.0,15.0,12342.936137648423,1.0000803935
gait_20260909_154654_65c5ae680a24,/STEER,15.0,20.0,12392.955843898328,1.0000808828
gait_20260909_154654_65c5ae680a24,/STEER,20.0,25.0,12307.46509295213,1.00008015695
gait_20260909_154654_65c5ae680a24,/STEER,25.0,30.0,12380.604544919928,1.0000806615
gait_20260909_154654_65c5ae680a24,/STEER,30.0,35.0,12339.280866711088,1.0000807765
gait_20260909_154654_65c5ae680a24,/STEER,35.0,40.0,12337.606257633894,1.00008067
gait_20260909_154654_65c5ae680a24,/STEER,40.0,45.0,12246.197555658968,1.5013773545000002
gait_20260909_154654_65c5ae680a24,/STEER,45.0,50.0,12326.96029486089,1.000655281
gait_20260909_154654_65c5ae680a24,/STEER,50.0,55.0,12335.39951275172,1.00008081055
gait_20260909_154654_65c5ae680a24,/rslidar_front/points,0.0,5.0,10.000104901100412,0.10008203975
gait_20260909_154654_65c5ae680a24,/rslidar_front/points,5.0,10.0,10.000009600009216,0.10007953650000001
gait_20260909_154654_65c5ae680a24,/rslidar_front/points,10.0,15.0,10.000009500009025,0.100763369
gait_20260909_154654_65c5ae680a24,/rslidar_front/points,15.0,20.0,10.003706473285417,0.10053348549999999
gait_20260909_154654_65c5ae680a24,/rslidar_front/points,20.0,25.0,10.00630777629602,0.1006030556
gait_20260909_154654_65c5ae680a24,/rslidar_front/points,25.0,30.0,10.001010952192102,0.10016653525000001
gait_20260909_154654_65c5ae680a24,/rslidar_front/points,30.0,35.0,10.00194112672417,0.10058033515
gait_20260909_154654_65c5ae680a24,/rslidar_front/points,35.0,40.0,10.00004530020521,0.1001402138
gait_20260909_154654_65c5ae680a24,/rslidar_front/points,40.0,45.0,9.999997600000576,0.10007892894999999
gait_20260909_154654_65c5ae680a24,/rslidar_front/points,45.0,50.0,10.000152602328711,0.1000926845
gait_20260909_154654_65c5ae680a24,/rslidar_front/points,50.0,55.0,9.999401585812096,0.1002568006
gait_20260909_154654_65c5ae680a24,/rslidar_front/points,55.0,60.0,10.000414817206618,0.1001485701
gait_20260909_154654_65c5ae680a24,/rslidar_front/points,60.0,65.0,9.999055939133507,0.1001092673
gait_20260909_154654_65c5ae680a24,/rslidar_front/points,65.0,70.0,10.00074870605188,0.10035619755
gait_20260909_154654_65c5ae680a24,/rslidar_front/points,70.0,75.0,9.999556569663918,0.10016628485
gait_20260909_154654_65c5ae680a24,/rslidar_front/points,75.0,80.0,9.99960431565723,0.1001094575
gait_20260909_154654_65c5ae680a24,/rslidar_front/points,80.0,85.0,9.99998570002045,0.10010442779999999
gait_20260909_154654_65c5ae680a24,/rslidar_front/points,85.0,90.0,9.99998570002045,0.100104451
gait_20260909_154654_65c5ae680a24,/rslidar_front/points,90.0,95.0,9.99998570002045,0.1000873566
gait_20260909_154654_65c5ae680a24,/rslidar_front/points,95.0,100.0,10.000009600009216,0.100087166
gait_20260909_154654_65c5ae680a24,/rslidar_front/points,100.0,105.0,10.000009600009216,0.1001090054
gait_20260909_154654_65c5ae680a24,/rslidar_front/points,105.0,110.0,9.999949950250498,0.100110054
gait_20260909_154654_65c5ae680a24,/rslidar_front/points,110.0,111.55142463600009,10.000104901100412,0.10001936
gait_20260909_154654_65c5ae680a24,/rslidar_rear/points,0.0,5.0,9.999914150737016,0.1001066566
gait_20260909_154654_65c5ae680a24,/rslidar_rear/points,5.0,10.0,10.00000955000912,0.10011036345
gait_20260909_154654_65c5ae680a24,/rslidar_rear/points,10.0,15.0,9.999794954204464,0.10039836175
gait_20260909_154654_65c5ae680a24,/rslidar_rear/points,15.0,20.0,10.002990694157738,0.10055041349999999
gait_20260909_154654_65c5ae680a24,/rslidar_rear/points,20.0,25.0,10.002513531625361,0.1007643702
gait_20260909_154654_65c5ae680a24,/rslidar_rear/points,25.0,30.0,10.000319510208351,0.10020053400000001
gait_20260909_154654_65c5ae680a24,/rslidar_rear/points,30.0,35.0,10.0052097126974,0.1005833152
gait_20260909_154654_65c5ae680a24,/rslidar_rear/points,35.0,40.0,10.00020030401209,0.10018827955000001
gait_20260909_154654_65c5ae680a24,/rslidar_rear/points,40.0,45.0,10.000104901100412,0.10009541500000001
gait_20260909_154654_65c5ae680a24,/rslidar_rear/points,45.0,50.0,9.999699509029753,0.1000840665
gait_20260909_154654_65c5ae680a24,/rslidar_rear/points,50.0,55.0,9.999842652475865,0.10016976585000001
gait_20260909_154654_65c5ae680a24,/rslidar_rear/points,55.0,60.0,10.00020030401209,0.10010910049999999
gait_20260909_154654_65c5ae680a24,/rslidar_rear/points,60.0,65.0,10.000104901100412,0.1001376152
gait_20260909_154654_65c5ae680a24,/rslidar_rear/points,65.0,70.0,9.999747256388096,0.1001748917
gait_20260909_154654_65c5ae680a24,/rslidar_rear/points,70.0,75.0,10.000748656044392,0.1000847217
gait_20260909_154654_65c5ae680a24,/rslidar_rear/points,75.0,80.0,10.000581833851093,0.1001600025
gait_20260909_154654_65c5ae680a24,/rslidar_rear/points,80.0,85.0,10.000104901100412,0.100085163
gait_20260909_154654_65c5ae680a24,/rslidar_rear/points,85.0,90.0,10.000104901100412,0.100107706
gait_20260909_154654_65c5ae680a24,/rslidar_rear/points,90.0,95.0,10.000009500009025,0.1000816347
gait_20260909_154654_65c5ae680a24,/rslidar_rear/points,95.0,100.0,10.000295658741152,0.1001131413
gait_20260909_154654_65c5ae680a24,/rslidar_rear/points,100.0,105.0,10.00020030401209,0.10010513115
gait_20260909_154654_65c5ae680a24,/rslidar_rear/points,105.0,110.0,10.000104901100412,0.1000669355
gait_20260909_154654_65c5ae680a24,/rslidar_rear/points,110.0,111.55142463600009,9.99998570002045,0.10004091259999999
gait_20260909_154856_5809460fe5ab,/HANDLE_STEER,15.0,20.0,12264.445984313772,1.00139555695
gait_20260909_154856_5809460fe5ab,/HANDLE_STEER,20.0,25.0,12344.155042587336,1.0000811641999998
gait_20260909_154856_5809460fe5ab,/HANDLE_STEER,25.0,30.0,12319.063751154914,1.0000797565
gait_20260909_154856_5809460fe5ab,/HANDLE_STEER,30.0,35.0,12350.9395977299,1.0000801480000001
gait_20260909_154856_5809460fe5ab,/HANDLE_STEER,35.0,40.0,12380.068090374498,1.0000815884
gait_20260909_154856_5809460fe5ab,/HANDLE_STEER,40.0,45.0,12344.459806438872,1.0000833784999998
gait_20260909_154856_5809460fe5ab,/HANDLE_STEER,45.0,50.0,12347.355813752483,1.000080746
gait_20260909_154856_5809460fe5ab,/HANDLE_STEER,50.0,55.0,12319.974374453303,1.0000817629999998
gait_20260909_154856_5809460fe5ab,/HANDLE_STEER,55.0,60.0,12351.09214532295,1.0000801975
gait_20260909_154856_5809460fe5ab,/HANDLE_STEER,60.0,65.0,12380.681185078802,1.000080234
gait_20260909_154856_5809460fe5ab,/HANDLE_STEER,65.0,70.0,12315.422603726645,1.00008162875
gait_20260909_154856_5809460fe5ab,/HANDLE_STEER,70.0,75.0,12350.024391298173,1.0000804289499998
gait_20260909_154856_5809460fe5ab,/HANDLE_STEER,75.0,80.0,12327.72011144259,1.0000787828000002
gait_20260909_154856_5809460fe5ab,/IMU,0.0,5.0,200.0,0.005
gait_20260909_154856_5809460fe5ab,/IMU,5.0,10.0,200.0,0.005
gait_20260909_154856_5809460fe5ab,/IMU,10.0,15.0,200.0,0.005
gait_20260909_154856_5809460fe5ab,/IMU,15.0,20.0,200.0,0.005
gait_20260909_154856_5809460fe5ab,/IMU,20.0,25.0,200.0,0.005
gait_20260909_154856_5809460fe5ab,/IMU,25.0,30.0,200.0,0.005
gait_20260909_154856_5809460fe5ab,/IMU,30.0,35.0,200.0,0.005
gait_20260909_154856_5809460fe5ab,/IMU,35.0,40.0,200.0,0.005
gait_20260909_154856_5809460fe5ab,/IMU,40.0,45.0,200.0,0.005
gait_20260909_154856_5809460fe5ab,/IMU,45.0,50.0,200.0,0.005
gait_20260909_154856_5809460fe5ab,/IMU,50.0,55.0,200.0,0.005
gait_20260909_154856_5809460fe5ab,/IMU,55.0,60.0,200.0,0.005
gait_20260909_154856_5809460fe5ab,/IMU,60.0,65.0,200.0,0.005
gait_20260909_154856_5809460fe5ab,/IMU,65.0,70.0,200.0,0.005
gait_20260909_154856_5809460fe5ab,/IMU,70.0,75.0,200.0,0.005
gait_20260909_154856_5809460fe5ab,/IMU,75.0,80.0,200.0,0.005
gait_20260909_154856_5809460fe5ab,/IMU,80.0,84.15241997300018,200.0,0.005
gait_20260909_154856_5809460fe5ab,/JOINTS_DATA,0.0,5.0,49.99957750357009,0.02001257905
gait_20260909_154856_5809460fe5ab,/JOINTS_DATA,5.0,10.0,49.99884752656451,0.02001542295
gait_20260909_154856_5809460fe5ab,/JOINTS_DATA,10.0,15.0,49.99994375006328,0.020014810299999998
gait_20260909_154856_5809460fe5ab,/JOINTS_DATA,15.0,20.0,50.00140128927113,0.0200145485
gait_20260909_154856_5809460fe5ab,/JOINTS_DATA,20.0,25.0,50.000307501891136,0.0200143286
gait_20260909_154856_5809460fe5ab,/JOINTS_DATA,25.0,30.0,49.99994375006328,0.02001244765
gait_20260909_154856_5809460fe5ab,/JOINTS_DATA,30.0,35.0,49.99994375006328,0.02001345405
gait_20260909_154856_5809460fe5ab,/JOINTS_DATA,35.0,40.0,49.99957750357009,0.02001520415
gait_20260909_154856_5809460fe5ab,/JOINTS_DATA,40.0,45.0,50.00067125901165,0.02001446055
gait_20260909_154856_5809460fe5ab,/JOINTS_DATA,45.0,50.0,50.000307501891136,0.02001669225
gait_20260909_154856_5809460fe5ab,/JOINTS_DATA,50.0,55.0,50.000307501891136,0.0200140376
gait_20260909_154856_5809460fe5ab,/JOINTS_DATA,55.0,60.0,49.999578753549,0.020013877
gait_20260909_154856_5809460fe5ab,/JOINTS_DATA,60.0,65.0,49.99921376236358,0.02001539385
gait_20260909_154856_5809460fe5ab,/JOINTS_DATA,65.0,70.0,49.99812007068534,0.020013586
gait_20260909_154856_5809460fe5ab,/JOINTS_DATA,70.0,75.0,49.99921376236358,0.02001244765
gait_20260909_154856_5809460fe5ab,/JOINTS_DATA,75.0,80.0,50.000672509045245,0.020013293
gait_20260909_154856_5809460fe5ab,/JOINTS_DATA,80.0,84.15241997300018,50.00103752152857,0.0200146644
gait_20260909_154856_5809460fe5ab,/JOINTS_DATA_10HZ,0.0,5.0,9.99998855001311,0.10001360345
gait_20260909_154856_5809460fe5ab,/JOINTS_DATA_10HZ,5.0,10.0,10.000046900219962,0.10002126015
gait_20260909_154856_5809460fe5ab,/JOINTS_DATA_10HZ,10.0,15.0,9.999915650711486,0.1000150328
gait_20260909_154856_5809460fe5ab,/JOINTS_DATA_10HZ,15.0,20.0,9.999930250486502,0.10000946159999999
gait_20260909_154856_5809460fe5ab,/JOINTS_DATA_10HZ,20.0,25.0,10.000046900219962,0.100014843
gait_20260909_154856_5809460fe5ab,/JOINTS_DATA_10HZ,25.0,30.0,9.9999740000676,0.10001166365
gait_20260909_154856_5809460fe5ab,/JOINTS_DATA_10HZ,30.0,35.0,10.000003150000992,0.1000160546
gait_20260909_154856_5809460fe5ab,/JOINTS_DATA_10HZ,35.0,40.0,9.99998855001311,0.1000161998
gait_20260909_154856_5809460fe5ab,/JOINTS_DATA_10HZ,40.0,45.0,10.000061550378843,0.10001328279999999
gait_20260909_154856_5809460fe5ab,/JOINTS_DATA_10HZ,45.0,50.0,9.9999740000676,0.10002220825000001
gait_20260909_154856_5809460fe5ab,/JOINTS_DATA_10HZ,50.0,55.0,10.00003230010433,0.10001455155
gait_20260909_154856_5809460fe5ab,/JOINTS_DATA_10HZ,55.0,60.0,9.999988600012996,0.10001360445
gait_20260909_154856_5809460fe5ab,/JOINTS_DATA_10HZ,60.0,65.0,9.9999740000676,0.10001166465
gait_20260909_154856_5809460fe5ab,/JOINTS_DATA_10HZ,65.0,70.0,10.000061450377613,0.10001458065
gait_20260909_154856_5809460fe5ab,/JOINTS_DATA_10HZ,70.0,75.0,9.99988650128821,0.100013093
gait_20260909_154856_5809460fe5ab,/JOINTS_DATA_10HZ,75.0,80.0,10.000032400104978,0.100009593
gait_20260909_154856_5809460fe5ab,/JOINTS_DATA_10HZ,80.0,84.15241997300018,10.000061500378228,0.10001631595
gait_20260909_154856_5809460fe5ab,/MOTION_INFO,0.0,5.0,20.000064800209955,0.05000893835
gait_20260909_154856_5809460fe5ab,/MOTION_INFO,5.0,10.0,20.00000640000205,0.050007713
gait_20260909_154856_5809460fe5ab,/MOTION_INFO,10.0,15.0,20.00000640000205,0.05000658975
gait_20260909_154856_5809460fe5ab,/MOTION_INFO,15.0,20.0,19.99977300257642,0.050009201149999995
gait_20260909_154856_5809460fe5ab,/MOTION_INFO,20.0,25.0,19.999889600609407,0.05000978415
gait_20260909_154856_5809460fe5ab,/MOTION_INFO,25.0,30.0,20.000356406351163,0.0500190877
gait_20260909_154856_5809460fe5ab,/MOTION_INFO,30.0,35.0,20.000006200001923,0.0500101773
gait_20260909_154856_5809460fe5ab,/MOTION_INFO,35.0,40.0,19.9999480001352,0.050010075200000004
gait_20260909_154856_5809460fe5ab,/MOTION_INFO,40.0,45.0,20.000123000756457,0.05001513625
gait_20260909_154856_5809460fe5ab,/MOTION_INFO,45.0,50.0,19.9998898006072,0.05001805225
gait_20260909_154856_5809460fe5ab,/MOTION_INFO,50.0,55.0,20.00000640000205,0.0500109949
gait_20260909_154856_5809460fe5ab,/MOTION_INFO,55.0,60.0,20.00006460020866,0.05000927405
gait_20260909_154856_5809460fe5ab,/MOTION_INFO,60.0,65.0,19.999714804066894,0.05000743655
gait_20260909_154856_5809460fe5ab,/MOTION_INFO,65.0,70.0,20.00006440020737,0.050016755
gait_20260909_154856_5809460fe5ab,/MOTION_INFO,70.0,75.0,19.99983120142466,0.05000966715
gait_20260909_154856_5809460fe5ab,/MOTION_INFO,75.0,80.0,20.000006200001923,0.050008923749999996
gait_20260909_154856_5809460fe5ab,/MOTION_INFO,80.0,84.15241997300018,20.000006200001923,0.05001456815
gait_20260909_154856_5809460fe5ab,/STEER,15.0,20.0,12264.445984313772,1.00139555695
gait_20260909_154856_5809460fe5ab,/STEER,20.0,25.0,12344.155042587336,1.0000811641999998
gait_20260909_154856_5809460fe5ab,/STEER,25.0,30.0,12319.063751154914,1.0000797565
gait_20260909_154856_5809460fe5ab,/STEER,30.0,35.0,12350.9395977299,1.0000801480000001
gait_20260909_154856_5809460fe5ab,/STEER,35.0,40.0,12380.068090374498,1.0000815884
gait_20260909_154856_5809460fe5ab,/STEER,40.0,45.0,12344.459806438872,1.0000833784999998
gait_20260909_154856_5809460fe5ab,/STEER,45.0,50.0,12347.355813752483,1.000080746
gait_20260909_154856_5809460fe5ab,/STEER,50.0,55.0,12319.974374453303,1.0000817629999998
gait_20260909_154856_5809460fe5ab,/STEER,55.0,60.0,12351.09214532295,1.0000801975
gait_20260909_154856_5809460fe5ab,/STEER,60.0,65.0,12380.681185078802,1.000080234
gait_20260909_154856_5809460fe5ab,/STEER,65.0,70.0,12315.422603726645,1.00008162875
gait_20260909_154856_5809460fe5ab,/STEER,70.0,75.0,12350.024391298173,1.0000804289499998
gait_20260909_154856_5809460fe5ab,/STEER,75.0,80.0,12327.72011144259,1.0000787828000002
gait_20260909_154856_5809460fe5ab,/rslidar_front/points,0.0,5.0,10.000104901100412,0.10010843259999999
gait_20260909_154856_5809460fe5ab,/rslidar_front/points,5.0,10.0,10.000200204008085,0.10010899290000001
gait_20260909_154856_5809460fe5ab,/rslidar_front/points,10.0,15.0,10.000104901100412,0.10010714525
gait_20260909_154856_5809460fe5ab,/rslidar_front/points,15.0,20.0,10.000152552327185,0.10010863565
gait_20260909_154856_5809460fe5ab,/rslidar_front/points,20.0,25.0,10.000259906754977,0.1007773397
gait_20260909_154856_5809460fe5ab,/rslidar_front/points,25.0,30.0,10.001344880846126,0.10028215635
gait_20260909_154856_5809460fe5ab,/rslidar_front/points,30.0,35.0,10.001452210861016,0.10048205825
gait_20260909_154856_5809460fe5ab,/rslidar_front/points,35.0,40.0,10.002799833687448,0.1006733413
gait_20260909_154856_5809460fe5ab,/rslidar_front/points,40.0,45.0,10.001154083175427,0.1004202839
gait_20260909_154856_5809460fe5ab,/rslidar_front/points,45.0,50.0,10.006343571538896,0.10042533925
gait_20260909_154856_5809460fe5ab,/rslidar_front/points,50.0,55.0,9.999997600000576,0.10009751254999999
gait_20260909_154856_5809460fe5ab,/rslidar_front/points,55.0,60.0,10.000557881121399,0.10084756585
gait_20260909_154856_5809460fe5ab,/rslidar_front/points,60.0,65.0,10.012458552238844,0.10065439925
gait_20260909_154856_5809460fe5ab,/rslidar_front/points,65.0,70.0,10.000438719246613,0.1001562713
gait_20260909_154856_5809460fe5ab,/rslidar_front/points,70.0,75.0,10.001201794413625,0.10029329045
gait_20260909_154856_5809460fe5ab,/rslidar_front/points,75.0,80.0,10.002000650180053,0.1003188844
gait_20260909_154856_5809460fe5ab,/rslidar_front/points,80.0,84.15241997300018,10.000104901100412,0.100107909
gait_20260909_154856_5809460fe5ab,/rslidar_rear/points,0.0,5.0,10.000057250327758,0.1000765324
gait_20260909_154856_5809460fe5ab,/rslidar_rear/points,5.0,10.0,10.000009500009025,0.10008128855
gait_20260909_154856_5809460fe5ab,/rslidar_rear/points,10.0,15.0,10.000104901100412,0.10010803935
gait_20260909_154856_5809460fe5ab,/rslidar_rear/points,15.0,20.0,10.000009500009025,0.100108027
gait_20260909_154856_5809460fe5ab,/rslidar_rear/points,20.0,25.0,9.999890301203395,0.1006109238
gait_20260909_154856_5809460fe5ab,/rslidar_rear/points,25.0,30.0,10.001893408431684,0.10055162890000001
gait_20260909_154856_5809460fe5ab,/rslidar_rear/points,30.0,35.0,10.002847460572363,0.1005271076
gait_20260909_154856_5809460fe5ab,/rslidar_rear/points,35.0,40.0,10.001690685793527,0.1003409504
gait_20260909_154856_5809460fe5ab,/rslidar_rear/points,40.0,45.0,10.000367163480409,0.10016037235
gait_20260909_154856_5809460fe5ab,/rslidar_rear/points,45.0,50.0,10.006212256817522,0.1007672429
gait_20260909_154856_5809460fe5ab,/rslidar_rear/points,50.0,55.0,10.000081000656104,0.10007507825
gait_20260909_154856_5809460fe5ab,/rslidar_rear/points,55.0,60.0,10.004147869769024,0.1007915138
gait_20260909_154856_5809460fe5ab,/rslidar_rear/points,60.0,65.0,10.010355712985083,0.10114611395
gait_20260909_154856_5809460fe5ab,/rslidar_rear/points,65.0,70.0,10.000248006150551,0.1002423401
gait_20260909_154856_5809460fe5ab,/rslidar_rear/points,70.0,75.0,10.000856023271313,0.10039866
gait_20260909_154856_5809460fe5ab,/rslidar_rear/points,75.0,80.0,10.003145739256352,0.10040161585
gait_20260909_154856_5809460fe5ab,/rslidar_rear/points,80.0,84.15241997300018,9.999914200736157,0.100033998
