recording_id,raw_files,passage_id,segment_id,start_s,end_s,time_basis,anchor_ns,start_source_ns,end_source_ns,terrain,action_phase,direction,obstacle_id,flight_id,platform_id,outcome,evidence,visual_evidence,judgement_status,human_review_status,expert_sample_status,notes,preview
gait_20260909_144907_fd57c06d30d3,"[""D:\\S10Data\\050\\2026-09-09\\gait_20260909_144907_fd57c06d30d3\\bag\\bag_0.db3""]",gait_20260909_144907_fd57c06d30d3-P01,gait_20260909_144907_fd57c06d30d3-S001,0.0,3.5,source_stamp_minus_manifest_started_wall_ns,1788936547150611101,1788936547150611101,1788936550650611101,flat_candidate,等待候选,unknown,,,,uncertain,"{""automatic_class"": ""等待候选"", ""bin_s"": 0.5, ""pitch_median_deg"": 1.78, ""max_abs_roll_pitch_deg"": 1.82, ""leg_dq_rms_median"": 0.007, ""wheel_dq_abs_median"": 0.015}","[""模型检查完整信号图与12帧点云速览：主要为连续近水平地面；约4–23s报告vx多次正负切换，24–58s和60–82s有关节周期运动/转向，82–98s近静止。仅确认信号与抽样地面形态，不能确认每次移动的完成条件。""]",model_visual_checked_candidate,pending,not_assessed,边界约 ±0.5–1s；未知地面可能为平地、平台或障碍上的停顿；整段 outcome 未传播。,viewer.html?id=gait_20260909_144907_fd57c06d30d3&t=0.000&end=3.500
gait_20260909_144907_fd57c06d30d3,"[""D:\\S10Data\\050\\2026-09-09\\gait_20260909_144907_fd57c06d30d3\\bag\\bag_0.db3""]",gait_20260909_144907_fd57c06d30d3-P01,gait_20260909_144907_fd57c06d30d3-S002,3.5,23.5,source_stamp_minus_manifest_started_wall_ns,1788936547150611101,1788936550650611101,1788936570650611101,flat_candidate,行走/调整候选,unknown,,,,uncertain,"{""automatic_class"": ""行走/调整候选"", ""bin_s"": 0.5, ""pitch_median_deg"": 1.58, ""max_abs_roll_pitch_deg"": 5.39, ""leg_dq_rms_median"": 0.108, ""wheel_dq_abs_median"": 21.05}","[""模型检查完整信号图与12帧点云速览：主要为连续近水平地面；约4–23s报告vx多次正负切换，24–58s和60–82s有关节周期运动/转向，82–98s近静止。仅确认信号与抽样地面形态，不能确认每次移动的完成条件。""]",model_visual_checked_candidate,pending,not_assessed,边界约 ±0.5–1s；未知地面可能为平地、平台或障碍上的停顿；整段 outcome 未传播。,viewer.html?id=gait_20260909_144907_fd57c06d30d3&t=3.500&end=23.500
gait_20260909_144907_fd57c06d30d3,"[""D:\\S10Data\\050\\2026-09-09\\gait_20260909_144907_fd57c06d30d3\\bag\\bag_0.db3""]",gait_20260909_144907_fd57c06d30d3-P01,gait_20260909_144907_fd57c06d30d3-S003,23.5,50.0,source_stamp_minus_manifest_started_wall_ns,1788936547150611101,1788936570650611101,1788936597150611101,flat_candidate,转向候选,unknown,,,,uncertain,"{""automatic_class"": ""转向候选"", ""bin_s"": 0.5, ""pitch_median_deg"": -1.65, ""max_abs_roll_pitch_deg"": 4.84, ""leg_dq_rms_median"": 1.442, ""wheel_dq_abs_median"": 2.786}","[""模型检查完整信号图与12帧点云速览：主要为连续近水平地面；约4–23s报告vx多次正负切换，24–58s和60–82s有关节周期运动/转向，82–98s近静止。仅确认信号与抽样地面形态，不能确认每次移动的完成条件。""]",model_visual_checked_candidate,pending,not_assessed,边界约 ±0.5–1s；未知地面可能为平地、平台或障碍上的停顿；整段 outcome 未传播。,viewer.html?id=gait_20260909_144907_fd57c06d30d3&t=23.500&end=50.000
gait_20260909_144907_fd57c06d30d3,"[""D:\\S10Data\\050\\2026-09-09\\gait_20260909_144907_fd57c06d30d3\\bag\\bag_0.db3""]",gait_20260909_144907_fd57c06d30d3-P01,gait_20260909_144907_fd57c06d30d3-S004,50.0,51.0,source_stamp_minus_manifest_started_wall_ns,1788936547150611101,1788936597150611101,1788936598150611101,flat_candidate,行走/调整候选,unknown,,,,uncertain,"{""automatic_class"": ""行走/调整候选"", ""bin_s"": 0.5, ""pitch_median_deg"": 0.52, ""max_abs_roll_pitch_deg"": 3.27, ""leg_dq_rms_median"": 0.83, ""wheel_dq_abs_median"": 1.087}","[""模型检查完整信号图与12帧点云速览：主要为连续近水平地面；约4–23s报告vx多次正负切换，24–58s和60–82s有关节周期运动/转向，82–98s近静止。仅确认信号与抽样地面形态，不能确认每次移动的完成条件。""]",model_visual_checked_candidate,pending,not_assessed,边界约 ±0.5–1s；未知地面可能为平地、平台或障碍上的停顿；整段 outcome 未传播。,viewer.html?id=gait_20260909_144907_fd57c06d30d3&t=50.000&end=51.000
gait_20260909_144907_fd57c06d30d3,"[""D:\\S10Data\\050\\2026-09-09\\gait_20260909_144907_fd57c06d30d3\\bag\\bag_0.db3""]",gait_20260909_144907_fd57c06d30d3-P01,gait_20260909_144907_fd57c06d30d3-S005,51.0,58.5,source_stamp_minus_manifest_started_wall_ns,1788936547150611101,1788936598150611101,1788936605650611101,flat_candidate,转向候选,unknown,,,,uncertain,"{""automatic_class"": ""转向候选"", ""bin_s"": 0.5, ""pitch_median_deg"": -1.46, ""max_abs_roll_pitch_deg"": 3.22, ""leg_dq_rms_median"": 1.497, ""wheel_dq_abs_median"": 2.856}","[""模型检查完整信号图与12帧点云速览：主要为连续近水平地面；约4–23s报告vx多次正负切换，24–58s和60–82s有关节周期运动/转向，82–98s近静止。仅确认信号与抽样地面形态，不能确认每次移动的完成条件。""]",model_visual_checked_candidate,pending,not_assessed,边界约 ±0.5–1s；未知地面可能为平地、平台或障碍上的停顿；整段 outcome 未传播。,viewer.html?id=gait_20260909_144907_fd57c06d30d3&t=51.000&end=58.500
gait_20260909_144907_fd57c06d30d3,"[""D:\\S10Data\\050\\2026-09-09\\gait_20260909_144907_fd57c06d30d3\\bag\\bag_0.db3""]",gait_20260909_144907_fd57c06d30d3-P01,gait_20260909_144907_fd57c06d30d3-S006,58.5,59.0,source_stamp_minus_manifest_started_wall_ns,1788936547150611101,1788936605650611101,1788936606150611101,flat_candidate,行走/调整候选,unknown,,,,uncertain,"{""automatic_class"": ""行走/调整候选"", ""bin_s"": 0.5, ""pitch_median_deg"": 1.28, ""max_abs_roll_pitch_deg"": 2.04, ""leg_dq_rms_median"": 0.653, ""wheel_dq_abs_median"": 0.634}","[""模型检查完整信号图与12帧点云速览：主要为连续近水平地面；约4–23s报告vx多次正负切换，24–58s和60–82s有关节周期运动/转向，82–98s近静止。仅确认信号与抽样地面形态，不能确认每次移动的完成条件。""]",model_visual_checked_candidate,pending,not_assessed,边界约 ±0.5–1s；未知地面可能为平地、平台或障碍上的停顿；整段 outcome 未传播。,viewer.html?id=gait_20260909_144907_fd57c06d30d3&t=58.500&end=59.000
gait_20260909_144907_fd57c06d30d3,"[""D:\\S10Data\\050\\2026-09-09\\gait_20260909_144907_fd57c06d30d3\\bag\\bag_0.db3""]",gait_20260909_144907_fd57c06d30d3-P01,gait_20260909_144907_fd57c06d30d3-S007,59.0,60.0,source_stamp_minus_manifest_started_wall_ns,1788936547150611101,1788936606150611101,1788936607150611101,flat_candidate,等待候选,unknown,,,,uncertain,"{""automatic_class"": ""等待候选"", ""bin_s"": 0.5, ""pitch_median_deg"": 2.04, ""max_abs_roll_pitch_deg"": 2.07, ""leg_dq_rms_median"": 0.016, ""wheel_dq_abs_median"": 0.086}","[""模型检查完整信号图与12帧点云速览：主要为连续近水平地面；约4–23s报告vx多次正负切换，24–58s和60–82s有关节周期运动/转向，82–98s近静止。仅确认信号与抽样地面形态，不能确认每次移动的完成条件。""]",model_visual_checked_candidate,pending,not_assessed,边界约 ±0.5–1s；未知地面可能为平地、平台或障碍上的停顿；整段 outcome 未传播。,viewer.html?id=gait_20260909_144907_fd57c06d30d3&t=59.000&end=60.000
gait_20260909_144907_fd57c06d30d3,"[""D:\\S10Data\\050\\2026-09-09\\gait_20260909_144907_fd57c06d30d3\\bag\\bag_0.db3""]",gait_20260909_144907_fd57c06d30d3-P01,gait_20260909_144907_fd57c06d30d3-S008,60.0,82.5,source_stamp_minus_manifest_started_wall_ns,1788936547150611101,1788936607150611101,1788936629650611101,flat_candidate,行走/调整候选,unknown,,,,uncertain,"{""automatic_class"": ""行走/调整候选"", ""bin_s"": 0.5, ""pitch_median_deg"": -0.91, ""max_abs_roll_pitch_deg"": 3.88, ""leg_dq_rms_median"": 1.657, ""wheel_dq_abs_median"": 1.94}","[""模型检查完整信号图与12帧点云速览：主要为连续近水平地面；约4–23s报告vx多次正负切换，24–58s和60–82s有关节周期运动/转向，82–98s近静止。仅确认信号与抽样地面形态，不能确认每次移动的完成条件。""]",model_visual_checked_candidate,pending,not_assessed,边界约 ±0.5–1s；未知地面可能为平地、平台或障碍上的停顿；整段 outcome 未传播。,viewer.html?id=gait_20260909_144907_fd57c06d30d3&t=60.000&end=82.500
gait_20260909_144907_fd57c06d30d3,"[""D:\\S10Data\\050\\2026-09-09\\gait_20260909_144907_fd57c06d30d3\\bag\\bag_0.db3""]",gait_20260909_144907_fd57c06d30d3-P01,gait_20260909_144907_fd57c06d30d3-S009,82.5,98.5,source_stamp_minus_manifest_started_wall_ns,1788936547150611101,1788936629650611101,1788936645650611101,flat_candidate,等待候选,unknown,,,,uncertain,"{""automatic_class"": ""等待候选"", ""bin_s"": 0.5, ""pitch_median_deg"": 0.81, ""max_abs_roll_pitch_deg"": 1.26, ""leg_dq_rms_median"": 0.007, ""wheel_dq_abs_median"": 0.012}","[""模型检查完整信号图与12帧点云速览：主要为连续近水平地面；约4–23s报告vx多次正负切换，24–58s和60–82s有关节周期运动/转向，82–98s近静止。仅确认信号与抽样地面形态，不能确认每次移动的完成条件。""]",model_visual_checked_candidate,pending,not_assessed,边界约 ±0.5–1s；未知地面可能为平地、平台或障碍上的停顿；整段 outcome 未传播。,viewer.html?id=gait_20260909_144907_fd57c06d30d3&t=82.500&end=98.500
gait_20260909_144907_fd57c06d30d3,"[""D:\\S10Data\\050\\2026-09-09\\gait_20260909_144907_fd57c06d30d3\\bag\\bag_0.db3""]",gait_20260909_144907_fd57c06d30d3-P01,gait_20260909_144907_fd57c06d30d3-S010,98.5,101.5,source_stamp_minus_manifest_started_wall_ns,1788936547150611101,1788936645650611101,1788936648650611101,flat_candidate,行走/调整候选,unknown,,,,uncertain,"{""automatic_class"": ""行走/调整候选"", ""bin_s"": 0.5, ""pitch_median_deg"": -0.82, ""max_abs_roll_pitch_deg"": 3.89, ""leg_dq_rms_median"": 1.385, ""wheel_dq_abs_median"": 1.772}","[""模型检查完整信号图与12帧点云速览：主要为连续近水平地面；约4–23s报告vx多次正负切换，24–58s和60–82s有关节周期运动/转向，82–98s近静止。仅确认信号与抽样地面形态，不能确认每次移动的完成条件。""]",model_visual_checked_candidate,pending,not_assessed,边界约 ±0.5–1s；未知地面可能为平地、平台或障碍上的停顿；整段 outcome 未传播。,viewer.html?id=gait_20260909_144907_fd57c06d30d3&t=98.500&end=101.500
gait_20260909_144907_fd57c06d30d3,"[""D:\\S10Data\\050\\2026-09-09\\gait_20260909_144907_fd57c06d30d3\\bag\\bag_0.db3""]",gait_20260909_144907_fd57c06d30d3-P01,gait_20260909_144907_fd57c06d30d3-S011,101.5,103.5,source_stamp_minus_manifest_started_wall_ns,1788936547150611101,1788936648650611101,1788936650650611101,flat_candidate,等待候选,unknown,,,,uncertain,"{""automatic_class"": ""等待候选"", ""bin_s"": 0.5, ""pitch_median_deg"": 1.51, ""max_abs_roll_pitch_deg"": 1.6, ""leg_dq_rms_median"": 0.006, ""wheel_dq_abs_median"": 0.016}","[""模型检查完整信号图与12帧点云速览：主要为连续近水平地面；约4–23s报告vx多次正负切换，24–58s和60–82s有关节周期运动/转向，82–98s近静止。仅确认信号与抽样地面形态，不能确认每次移动的完成条件。""]",model_visual_checked_candidate,pending,not_assessed,边界约 ±0.5–1s；未知地面可能为平地、平台或障碍上的停顿；整段 outcome 未传播。,viewer.html?id=gait_20260909_144907_fd57c06d30d3&t=101.500&end=103.500
gait_20260909_144907_fd57c06d30d3,"[""D:\\S10Data\\050\\2026-09-09\\gait_20260909_144907_fd57c06d30d3\\bag\\bag_0.db3""]",gait_20260909_144907_fd57c06d30d3-P01,gait_20260909_144907_fd57c06d30d3-S012,103.5,104.0,source_stamp_minus_manifest_started_wall_ns,1788936547150611101,1788936650650611101,1788936651150611101,flat_candidate,行走/调整候选,unknown,,,,uncertain,"{""automatic_class"": ""行走/调整候选"", ""bin_s"": 0.5, ""pitch_median_deg"": 1.46, ""max_abs_roll_pitch_deg"": 1.47, ""leg_dq_rms_median"": 0.062, ""wheel_dq_abs_median"": 0.642}","[""模型检查完整信号图与12帧点云速览：主要为连续近水平地面；约4–23s报告vx多次正负切换，24–58s和60–82s有关节周期运动/转向，82–98s近静止。仅确认信号与抽样地面形态，不能确认每次移动的完成条件。""]",model_visual_checked_candidate,pending,not_assessed,边界约 ±0.5–1s；未知地面可能为平地、平台或障碍上的停顿；整段 outcome 未传播。,viewer.html?id=gait_20260909_144907_fd57c06d30d3&t=103.500&end=104.000
gait_20260909_144907_fd57c06d30d3,"[""D:\\S10Data\\050\\2026-09-09\\gait_20260909_144907_fd57c06d30d3\\bag\\bag_0.db3""]",gait_20260909_144907_fd57c06d30d3-P01,gait_20260909_144907_fd57c06d30d3-S013,104.0,119.5,source_stamp_minus_manifest_started_wall_ns,1788936547150611101,1788936651150611101,1788936666650611101,flat_candidate,转向候选,unknown,,,,uncertain,"{""automatic_class"": ""转向候选"", ""bin_s"": 0.5, ""pitch_median_deg"": -1.25, ""max_abs_roll_pitch_deg"": 4.68, ""leg_dq_rms_median"": 0.999, ""wheel_dq_abs_median"": 18.254}","[""模型检查完整信号图与12帧点云速览：主要为连续近水平地面；约4–23s报告vx多次正负切换，24–58s和60–82s有关节周期运动/转向，82–98s近静止。仅确认信号与抽样地面形态，不能确认每次移动的完成条件。""]",model_visual_checked_candidate,pending,not_assessed,边界约 ±0.5–1s；未知地面可能为平地、平台或障碍上的停顿；整段 outcome 未传播。,viewer.html?id=gait_20260909_144907_fd57c06d30d3&t=104.000&end=119.500
gait_20260909_144907_fd57c06d30d3,"[""D:\\S10Data\\050\\2026-09-09\\gait_20260909_144907_fd57c06d30d3\\bag\\bag_0.db3""]",gait_20260909_144907_fd57c06d30d3-P01,gait_20260909_144907_fd57c06d30d3-S014,119.5,120.0,source_stamp_minus_manifest_started_wall_ns,1788936547150611101,1788936666650611101,1788936667150611101,flat_candidate,行走/调整候选,unknown,,,,uncertain,"{""automatic_class"": ""行走/调整候选"", ""bin_s"": 0.5, ""pitch_median_deg"": -2.36, ""max_abs_roll_pitch_deg"": 2.67, ""leg_dq_rms_median"": 0.729, ""wheel_dq_abs_median"": 21.318}","[""模型检查完整信号图与12帧点云速览：主要为连续近水平地面；约4–23s报告vx多次正负切换，24–58s和60–82s有关节周期运动/转向，82–98s近静止。仅确认信号与抽样地面形态，不能确认每次移动的完成条件。""]",model_visual_checked_candidate,pending,not_assessed,边界约 ±0.5–1s；未知地面可能为平地、平台或障碍上的停顿；整段 outcome 未传播。,viewer.html?id=gait_20260909_144907_fd57c06d30d3&t=119.500&end=120.000
gait_20260909_144907_fd57c06d30d3,"[""D:\\S10Data\\050\\2026-09-09\\gait_20260909_144907_fd57c06d30d3\\bag\\bag_0.db3""]",gait_20260909_144907_fd57c06d30d3-P01,gait_20260909_144907_fd57c06d30d3-S015,120.0,120.005768292,source_stamp_minus_manifest_started_wall_ns,1788936547150611101,1788936667150611101,1788936667156379393,unknown,数据中断/不可判断,unknown,,,,interrupted_data,"{""automatic_class"": ""数据中断/不可判断"", ""bin_s"": 0.5}","[""模型检查完整信号图与12帧点云速览：主要为连续近水平地面；约4–23s报告vx多次正负切换，24–58s和60–82s有关节周期运动/转向，82–98s近静止。仅确认信号与抽样地面形态，不能确认每次移动的完成条件。""]",model_visual_checked_candidate,pending,not_assessed,边界约 ±0.5–1s；未知地面可能为平地、平台或障碍上的停顿；整段 outcome 未传播。,viewer.html?id=gait_20260909_144907_fd57c06d30d3&t=120.000&end=120.006
gait_20260909_145241_9cae0ba51169,"[""D:\\S10Data\\050\\2026-09-09\\gait_20260909_145241_9cae0ba51169\\bag\\bag_0.db3""]",gait_20260909_145241_9cae0ba51169-P01,gait_20260909_145241_9cae0ba51169-S001,0.0,1.5,source_stamp_minus_manifest_started_wall_ns,1788936761721470832,1788936761721470832,1788936763221470832,stairs_candidate,等待候选,unknown,,,,uncertain,"{""automatic_class"": ""等待候选"", ""bin_s"": 0.5, ""pitch_median_deg"": 0.85, ""max_abs_roll_pitch_deg"": 0.86, ""leg_dq_rms_median"": 0.007, ""wheel_dq_abs_median"": 0.017}","[""0.7/2.1s前点云有连续阶梯；约2.5s起pitch下降至约−12°，2–6s轮关节明显转动，10s后基本静止；实际步态全程0x1001。上楼方向为点云+姿态的候选推断，后半段停在何处未确认。""]",model_visual_checked_candidate,pending,not_assessed,边界约 ±0.5–1s；未知地面可能为平地、平台或障碍上的停顿；整段 outcome 未传播。,viewer.html?id=gait_20260909_145241_9cae0ba51169&t=0.000&end=1.500
gait_20260909_145241_9cae0ba51169,"[""D:\\S10Data\\050\\2026-09-09\\gait_20260909_145241_9cae0ba51169\\bag\\bag_0.db3""]",gait_20260909_145241_9cae0ba51169-P01,gait_20260909_145241_9cae0ba51169-S002,1.5,2,source_stamp_minus_manifest_started_wall_ns,1788936761721470832,1788936763221470832,1788936763721470832,stairs_candidate,行走/调整候选,unknown,,,,uncertain,"{""automatic_class"": ""行走/调整候选"", ""bin_s"": 0.5, ""pitch_median_deg"": 0.84, ""max_abs_roll_pitch_deg"": 0.85, ""leg_dq_rms_median"": 0.088, ""wheel_dq_abs_median"": 1.165}","[""0.7/2.1s前点云有连续阶梯；约2.5s起pitch下降至约−12°，2–6s轮关节明显转动，10s后基本静止；实际步态全程0x1001。上楼方向为点云+姿态的候选推断，后半段停在何处未确认。""]",model_visual_checked_candidate,pending,not_assessed,边界约 ±0.5–1s；未知地面可能为平地、平台或障碍上的停顿；整段 outcome 未传播。,viewer.html?id=gait_20260909_145241_9cae0ba51169&t=1.500&end=2.000
gait_20260909_145241_9cae0ba51169,"[""D:\\S10Data\\050\\2026-09-09\\gait_20260909_145241_9cae0ba51169\\bag\\bag_0.db3""]",gait_20260909_145241_9cae0ba51169-P01,gait_20260909_145241_9cae0ba51169-S003,2,3.0,source_stamp_minus_manifest_started_wall_ns,1788936761721470832,1788936763721470832,1788936764721470832,stairs_candidate,行走/调整候选,unknown,,,,uncertain,"{""automatic_class"": ""行走/调整候选"", ""bin_s"": 0.5, ""pitch_median_deg"": -3.45, ""max_abs_roll_pitch_deg"": 11.41, ""leg_dq_rms_median"": 1.06, ""wheel_dq_abs_median"": 7.243}","[""0.7/2.1s前点云有连续阶梯；约2.5s起pitch下降至约−12°，2–6s轮关节明显转动，10s后基本静止；实际步态全程0x1001。上楼方向为点云+姿态的候选推断，后半段停在何处未确认。""]",model_visual_checked_candidate,pending,not_assessed,边界约 ±0.5–1s；未知地面可能为平地、平台或障碍上的停顿；整段 outcome 未传播。,viewer.html?id=gait_20260909_145241_9cae0ba51169&t=2.000&end=3.000
gait_20260909_145241_9cae0ba51169,"[""D:\\S10Data\\050\\2026-09-09\\gait_20260909_145241_9cae0ba51169\\bag\\bag_0.db3""]",gait_20260909_145241_9cae0ba51169-P01,gait_20260909_145241_9cae0ba51169-S004,3.0,6.5,source_stamp_minus_manifest_started_wall_ns,1788936761721470832,1788936764721470832,1788936768221470832,stairs_candidate,上楼尝试候选,up_candidate,,,,uncertain,"{""automatic_class"": ""姿态变化/越障候选"", ""bin_s"": 0.5, ""pitch_median_deg"": -11.52, ""max_abs_roll_pitch_deg"": 13.76, ""leg_dq_rms_median"": 0.715, ""wheel_dq_abs_median"": 8.729}","[""0.7/2.1s前点云有连续阶梯；约2.5s起pitch下降至约−12°，2–6s轮关节明显转动，10s后基本静止；实际步态全程0x1001。上楼方向为点云+姿态的候选推断，后半段停在何处未确认。""]",model_visual_checked_candidate,pending,not_assessed,边界约 ±0.5–1s；未知地面可能为平地、平台或障碍上的停顿；整段 outcome 未传播。,viewer.html?id=gait_20260909_145241_9cae0ba51169&t=3.000&end=6.500
gait_20260909_145241_9cae0ba51169,"[""D:\\S10Data\\050\\2026-09-09\\gait_20260909_145241_9cae0ba51169\\bag\\bag_0.db3""]",gait_20260909_145241_9cae0ba51169-P01,gait_20260909_145241_9cae0ba51169-S005,6.5,7.5,source_stamp_minus_manifest_started_wall_ns,1788936761721470832,1788936768221470832,1788936769221470832,stairs_candidate,等待候选,unknown,,,,uncertain,"{""automatic_class"": ""等待候选"", ""bin_s"": 0.5, ""pitch_median_deg"": -11.53, ""max_abs_roll_pitch_deg"": 11.64, ""leg_dq_rms_median"": 0.055, ""wheel_dq_abs_median"": 0.238}","[""0.7/2.1s前点云有连续阶梯；约2.5s起pitch下降至约−12°，2–6s轮关节明显转动，10s后基本静止；实际步态全程0x1001。上楼方向为点云+姿态的候选推断，后半段停在何处未确认。""]",model_visual_checked_candidate,pending,not_assessed,边界约 ±0.5–1s；未知地面可能为平地、平台或障碍上的停顿；整段 outcome 未传播。,viewer.html?id=gait_20260909_145241_9cae0ba51169&t=6.500&end=7.500
gait_20260909_145241_9cae0ba51169,"[""D:\\S10Data\\050\\2026-09-09\\gait_20260909_145241_9cae0ba51169\\bag\\bag_0.db3""]",gait_20260909_145241_9cae0ba51169-P01,gait_20260909_145241_9cae0ba51169-S006,7.5,10.0,source_stamp_minus_manifest_started_wall_ns,1788936761721470832,1788936769221470832,1788936771721470832,stairs_candidate,上楼尝试候选,up_candidate,,,,uncertain,"{""automatic_class"": ""姿态变化/越障候选"", ""bin_s"": 0.5, ""pitch_median_deg"": -12.87, ""max_abs_roll_pitch_deg"": 14.13, ""leg_dq_rms_median"": 0.1, ""wheel_dq_abs_median"": 2.137}","[""0.7/2.1s前点云有连续阶梯；约2.5s起pitch下降至约−12°，2–6s轮关节明显转动，10s后基本静止；实际步态全程0x1001。上楼方向为点云+姿态的候选推断，后半段停在何处未确认。""]",model_visual_checked_candidate,pending,not_assessed,边界约 ±0.5–1s；未知地面可能为平地、平台或障碍上的停顿；整段 outcome 未传播。,viewer.html?id=gait_20260909_145241_9cae0ba51169&t=7.500&end=10.000
gait_20260909_145241_9cae0ba51169,"[""D:\\S10Data\\050\\2026-09-09\\gait_20260909_145241_9cae0ba51169\\bag\\bag_0.db3""]",gait_20260909_145241_9cae0ba51169-P01,gait_20260909_145241_9cae0ba51169-S007,10.0,16.698716726999976,source_stamp_minus_manifest_started_wall_ns,1788936761721470832,1788936771721470832,1788936778420187559,stairs_candidate,等待候选,unknown,,,,uncertain,"{""automatic_class"": ""等待候选"", ""bin_s"": 0.5, ""pitch_median_deg"": -12.52, ""max_abs_roll_pitch_deg"": 12.58, ""leg_dq_rms_median"": 0.007, ""wheel_dq_abs_median"": 0.012}","[""0.7/2.1s前点云有连续阶梯；约2.5s起pitch下降至约−12°，2–6s轮关节明显转动，10s后基本静止；实际步态全程0x1001。上楼方向为点云+姿态的候选推断，后半段停在何处未确认。""]",model_visual_checked_candidate,pending,not_assessed,边界约 ±0.5–1s；未知地面可能为平地、平台或障碍上的停顿；整段 outcome 未传播。,viewer.html?id=gait_20260909_145241_9cae0ba51169&t=10.000&end=16.699
gait_20260909_145331_616f9d8038d9,"[""D:\\S10Data\\050\\2026-09-09\\gait_20260909_145331_616f9d8038d9\\bag\\bag_0.db3""]",gait_20260909_145331_616f9d8038d9-P01,gait_20260909_145331_616f9d8038d9-S001,0.0,3.5,source_stamp_minus_manifest_started_wall_ns,1788936811348370187,1788936811348370187,1788936814848370187,unknown,等待候选,unknown,,,,uncertain,"{""automatic_class"": ""等待候选"", ""bin_s"": 0.5, ""pitch_median_deg"": -0.03, ""max_abs_roll_pitch_deg"": 0.42, ""leg_dq_rms_median"": 0.007, ""wheel_dq_abs_median"": 0.013}",[],automatic_candidate,pending,not_assessed,边界约 ±0.5–1s；未知地面可能为平地、平台或障碍上的停顿；整段 outcome 未传播。,viewer.html?id=gait_20260909_145331_616f9d8038d9&t=0.000&end=3.500
gait_20260909_145331_616f9d8038d9,"[""D:\\S10Data\\050\\2026-09-09\\gait_20260909_145331_616f9d8038d9\\bag\\bag_0.db3""]",gait_20260909_145331_616f9d8038d9-P01,gait_20260909_145331_616f9d8038d9-S002,3.5,8.0,source_stamp_minus_manifest_started_wall_ns,1788936811348370187,1788936814848370187,1788936819348370187,unknown,行走/调整候选,unknown,,,,uncertain,"{""automatic_class"": ""行走/调整候选"", ""bin_s"": 0.5, ""pitch_median_deg"": -0.17, ""max_abs_roll_pitch_deg"": 2.55, ""leg_dq_rms_median"": 0.122, ""wheel_dq_abs_median"": 6.15}",[],automatic_candidate,pending,not_assessed,边界约 ±0.5–1s；未知地面可能为平地、平台或障碍上的停顿；整段 outcome 未传播。,viewer.html?id=gait_20260909_145331_616f9d8038d9&t=3.500&end=8.000
gait_20260909_145331_616f9d8038d9,"[""D:\\S10Data\\050\\2026-09-09\\gait_20260909_145331_616f9d8038d9\\bag\\bag_0.db3""]",gait_20260909_145331_616f9d8038d9-P01,gait_20260909_145331_616f9d8038d9-S003,8.0,10.5,source_stamp_minus_manifest_started_wall_ns,1788936811348370187,1788936819348370187,1788936821848370187,unknown,等待候选,unknown,,,,uncertain,"{""automatic_class"": ""等待候选"", ""bin_s"": 0.5, ""pitch_median_deg"": 0.55, ""max_abs_roll_pitch_deg"": 0.88, ""leg_dq_rms_median"": 0.036, ""wheel_dq_abs_median"": 0.03}",[],automatic_candidate,pending,not_assessed,边界约 ±0.5–1s；未知地面可能为平地、平台或障碍上的停顿；整段 outcome 未传播。,viewer.html?id=gait_20260909_145331_616f9d8038d9&t=8.000&end=10.500
gait_20260909_145331_616f9d8038d9,"[""D:\\S10Data\\050\\2026-09-09\\gait_20260909_145331_616f9d8038d9\\bag\\bag_0.db3""]",gait_20260909_145331_616f9d8038d9-P01,gait_20260909_145331_616f9d8038d9-S004,10.5,12.5,source_stamp_minus_manifest_started_wall_ns,1788936811348370187,1788936821848370187,1788936823848370187,unknown,行走/调整候选,unknown,,,,uncertain,"{""automatic_class"": ""行走/调整候选"", ""bin_s"": 0.5, ""pitch_median_deg"": -0.66, ""max_abs_roll_pitch_deg"": 1.74, ""leg_dq_rms_median"": 0.19, ""wheel_dq_abs_median"": 2.256}",[],automatic_candidate,pending,not_assessed,边界约 ±0.5–1s；未知地面可能为平地、平台或障碍上的停顿；整段 outcome 未传播。,viewer.html?id=gait_20260909_145331_616f9d8038d9&t=10.500&end=12.500
gait_20260909_145331_616f9d8038d9,"[""D:\\S10Data\\050\\2026-09-09\\gait_20260909_145331_616f9d8038d9\\bag\\bag_0.db3""]",gait_20260909_145331_616f9d8038d9-P01,gait_20260909_145331_616f9d8038d9-S005,12.5,13.0,source_stamp_minus_manifest_started_wall_ns,1788936811348370187,1788936823848370187,1788936824348370187,stairs_candidate,行走/调整候选,unknown,,,,uncertain,"{""automatic_class"": ""行走/调整候选"", ""bin_s"": 0.5, ""pitch_median_deg"": 0.34, ""max_abs_roll_pitch_deg"": 2.72, ""leg_dq_rms_median"": 2.026, ""wheel_dq_abs_median"": 2.167}","[""首段约13–25s持续负pitch及腿关节活动；之前前点云阶梯明显，过程中后点云出现阶梯，支持上楼候选。""]",model_visual_checked_candidate,pending,not_assessed,边界约 ±0.5–1s；未知地面可能为平地、平台或障碍上的停顿；整段 outcome 未传播。,viewer.html?id=gait_20260909_145331_616f9d8038d9&t=12.500&end=13.000
gait_20260909_145331_616f9d8038d9,"[""D:\\S10Data\\050\\2026-09-09\\gait_20260909_145331_616f9d8038d9\\bag\\bag_0.db3""]",gait_20260909_145331_616f9d8038d9-P01,gait_20260909_145331_616f9d8038d9-S006,13.0,13.5,source_stamp_minus_manifest_started_wall_ns,1788936811348370187,1788936824348370187,1788936824848370187,stairs_candidate,转向候选,unknown,,,,uncertain,"{""automatic_class"": ""转向候选"", ""bin_s"": 0.5, ""pitch_median_deg"": -3.86, ""max_abs_roll_pitch_deg"": 10.2, ""leg_dq_rms_median"": 1.754, ""wheel_dq_abs_median"": 2.622}","[""首段约13–25s持续负pitch及腿关节活动；之前前点云阶梯明显，过程中后点云出现阶梯，支持上楼候选。""]",model_visual_checked_candidate,pending,not_assessed,边界约 ±0.5–1s；未知地面可能为平地、平台或障碍上的停顿；整段 outcome 未传播。,viewer.html?id=gait_20260909_145331_616f9d8038d9&t=13.000&end=13.500
gait_20260909_145331_616f9d8038d9,"[""D:\\S10Data\\050\\2026-09-09\\gait_20260909_145331_616f9d8038d9\\bag\\bag_0.db3""]",gait_20260909_145331_616f9d8038d9-P01,gait_20260909_145331_616f9d8038d9-S007,13.5,24.5,source_stamp_minus_manifest_started_wall_ns,1788936811348370187,1788936824848370187,1788936835848370187,stairs_candidate,上楼候选,up_candidate,,,,uncertain,"{""automatic_class"": ""姿态变化/越障候选"", ""bin_s"": 0.5, ""pitch_median_deg"": -15.28, ""max_abs_roll_pitch_deg"": 23.72, ""leg_dq_rms_median"": 2.553, ""wheel_dq_abs_median"": 5.677}","[""首段约13–25s持续负pitch及腿关节活动；之前前点云阶梯明显，过程中后点云出现阶梯，支持上楼候选。""]",model_visual_checked_candidate,pending,not_assessed,边界约 ±0.5–1s；未知地面可能为平地、平台或障碍上的停顿；整段 outcome 未传播。,viewer.html?id=gait_20260909_145331_616f9d8038d9&t=13.500&end=24.500
gait_20260909_145331_616f9d8038d9,"[""D:\\S10Data\\050\\2026-09-09\\gait_20260909_145331_616f9d8038d9\\bag\\bag_0.db3""]",gait_20260909_145331_616f9d8038d9-P01,gait_20260909_145331_616f9d8038d9-S008,24.5,25,source_stamp_minus_manifest_started_wall_ns,1788936811348370187,1788936835848370187,1788936836348370187,stairs_candidate,行走/调整候选,unknown,,,,uncertain,"{""automatic_class"": ""行走/调整候选"", ""bin_s"": 0.5, ""pitch_median_deg"": -2.8, ""max_abs_roll_pitch_deg"": 6.38, ""leg_dq_rms_median"": 1.526, ""wheel_dq_abs_median"": 2.967}","[""首段约13–25s持续负pitch及腿关节活动；之前前点云阶梯明显，过程中后点云出现阶梯，支持上楼候选。""]",model_visual_checked_candidate,pending,not_assessed,边界约 ±0.5–1s；未知地面可能为平地、平台或障碍上的停顿；整段 outcome 未传播。,viewer.html?id=gait_20260909_145331_616f9d8038d9&t=24.500&end=25.000
gait_20260909_145331_616f9d8038d9,"[""D:\\S10Data\\050\\2026-09-09\\gait_20260909_145331_616f9d8038d9\\bag\\bag_0.db3""]",gait_20260909_145331_616f9d8038d9-P01,gait_20260909_145331_616f9d8038d9-S009,25,28.0,source_stamp_minus_manifest_started_wall_ns,1788936811348370187,1788936836348370187,1788936839348370187,landing_or_approach_unknown,平台行走/下一段接近候选,unknown,,,,uncertain,"{""automatic_class"": ""行走/调整候选"", ""bin_s"": 0.5, ""pitch_median_deg"": -0.26, ""max_abs_roll_pitch_deg"": 1.24, ""leg_dq_rms_median"": 0.204, ""wheel_dq_abs_median"": 0.529}","[""25–39.5s姿态回平，约31–34s发生轮式移动；35s点云前方再次有阶梯。可能是中间平台后接下一梯段，也可能重新接近；保留在同一通行候选。""]",model_visual_checked_candidate,pending,not_assessed,边界约 ±0.5–1s；未知地面可能为平地、平台或障碍上的停顿；整段 outcome 未传播。,viewer.html?id=gait_20260909_145331_616f9d8038d9&t=25.000&end=28.000
gait_20260909_145331_616f9d8038d9,"[""D:\\S10Data\\050\\2026-09-09\\gait_20260909_145331_616f9d8038d9\\bag\\bag_0.db3""]",gait_20260909_145331_616f9d8038d9-P01,gait_20260909_145331_616f9d8038d9-S010,28.0,30.0,source_stamp_minus_manifest_started_wall_ns,1788936811348370187,1788936839348370187,1788936841348370187,landing_or_approach_unknown,平台/平地等待候选,unknown,,,,uncertain,"{""automatic_class"": ""等待候选"", ""bin_s"": 0.5, ""pitch_median_deg"": -0.18, ""max_abs_roll_pitch_deg"": 0.41, ""leg_dq_rms_median"": 0.021, ""wheel_dq_abs_median"": 0.141}","[""25–39.5s姿态回平，约31–34s发生轮式移动；35s点云前方再次有阶梯。可能是中间平台后接下一梯段，也可能重新接近；保留在同一通行候选。""]",model_visual_checked_candidate,pending,not_assessed,边界约 ±0.5–1s；未知地面可能为平地、平台或障碍上的停顿；整段 outcome 未传播。,viewer.html?id=gait_20260909_145331_616f9d8038d9&t=28.000&end=30.000
gait_20260909_145331_616f9d8038d9,"[""D:\\S10Data\\050\\2026-09-09\\gait_20260909_145331_616f9d8038d9\\bag\\bag_0.db3""]",gait_20260909_145331_616f9d8038d9-P01,gait_20260909_145331_616f9d8038d9-S011,30.0,34.0,source_stamp_minus_manifest_started_wall_ns,1788936811348370187,1788936841348370187,1788936845348370187,landing_or_approach_unknown,平台行走/下一段接近候选,unknown,,,,uncertain,"{""automatic_class"": ""行走/调整候选"", ""bin_s"": 0.5, ""pitch_median_deg"": -1.68, ""max_abs_roll_pitch_deg"": 3.23, ""leg_dq_rms_median"": 0.198, ""wheel_dq_abs_median"": 4.658}","[""25–39.5s姿态回平，约31–34s发生轮式移动；35s点云前方再次有阶梯。可能是中间平台后接下一梯段，也可能重新接近；保留在同一通行候选。""]",model_visual_checked_candidate,pending,not_assessed,边界约 ±0.5–1s；未知地面可能为平地、平台或障碍上的停顿；整段 outcome 未传播。,viewer.html?id=gait_20260909_145331_616f9d8038d9&t=30.000&end=34.000
gait_20260909_145331_616f9d8038d9,"[""D:\\S10Data\\050\\2026-09-09\\gait_20260909_145331_616f9d8038d9\\bag\\bag_0.db3""]",gait_20260909_145331_616f9d8038d9-P01,gait_20260909_145331_616f9d8038d9-S012,34.0,39.5,source_stamp_minus_manifest_started_wall_ns,1788936811348370187,1788936845348370187,1788936850848370187,landing_or_approach_unknown,平台/平地等待候选,unknown,,,,uncertain,"{""automatic_class"": ""等待候选"", ""bin_s"": 0.5, ""pitch_median_deg"": 0.35, ""max_abs_roll_pitch_deg"": 1.38, ""leg_dq_rms_median"": 0.008, ""wheel_dq_abs_median"": 0.017}","[""25–39.5s姿态回平，约31–34s发生轮式移动；35s点云前方再次有阶梯。可能是中间平台后接下一梯段，也可能重新接近；保留在同一通行候选。""]",model_visual_checked_candidate,pending,not_assessed,边界约 ±0.5–1s；未知地面可能为平地、平台或障碍上的停顿；整段 outcome 未传播。,viewer.html?id=gait_20260909_145331_616f9d8038d9&t=34.000&end=39.500
gait_20260909_145331_616f9d8038d9,"[""D:\\S10Data\\050\\2026-09-09\\gait_20260909_145331_616f9d8038d9\\bag\\bag_0.db3""]",gait_20260909_145331_616f9d8038d9-P01,gait_20260909_145331_616f9d8038d9-S013,39.5,41.5,source_stamp_minus_manifest_started_wall_ns,1788936811348370187,1788936850848370187,1788936852848370187,stairs_candidate,行走/调整候选,unknown,,,,uncertain,"{""automatic_class"": ""行走/调整候选"", ""bin_s"": 0.5, ""pitch_median_deg"": -0.52, ""max_abs_roll_pitch_deg"": 2.91, ""leg_dq_rms_median"": 0.285, ""wheel_dq_abs_median"": 3.338}","[""40–55s再次持续负pitch及腿关节运动，42.7/50.5s附近前后点云见阶梯。""]",model_visual_checked_candidate,pending,not_assessed,边界约 ±0.5–1s；未知地面可能为平地、平台或障碍上的停顿；整段 outcome 未传播。,viewer.html?id=gait_20260909_145331_616f9d8038d9&t=39.500&end=41.500
gait_20260909_145331_616f9d8038d9,"[""D:\\S10Data\\050\\2026-09-09\\gait_20260909_145331_616f9d8038d9\\bag\\bag_0.db3""]",gait_20260909_145331_616f9d8038d9-P01,gait_20260909_145331_616f9d8038d9-S014,41.5,54.5,source_stamp_minus_manifest_started_wall_ns,1788936811348370187,1788936852848370187,1788936865848370187,stairs_candidate,上楼候选,up_candidate,,,,uncertain,"{""automatic_class"": ""姿态变化/越障候选"", ""bin_s"": 0.5, ""pitch_median_deg"": -14.47, ""max_abs_roll_pitch_deg"": 21.54, ""leg_dq_rms_median"": 1.96, ""wheel_dq_abs_median"": 4.29}","[""40–55s再次持续负pitch及腿关节运动，42.7/50.5s附近前后点云见阶梯。""]",model_visual_checked_candidate,pending,not_assessed,边界约 ±0.5–1s；未知地面可能为平地、平台或障碍上的停顿；整段 outcome 未传播。,viewer.html?id=gait_20260909_145331_616f9d8038d9&t=41.500&end=54.500
gait_20260909_145331_616f9d8038d9,"[""D:\\S10Data\\050\\2026-09-09\\gait_20260909_145331_616f9d8038d9\\bag\\bag_0.db3""]",gait_20260909_145331_616f9d8038d9-P01,gait_20260909_145331_616f9d8038d9-S015,54.5,55.0,source_stamp_minus_manifest_started_wall_ns,1788936811348370187,1788936865848370187,1788936866348370187,stairs_candidate,转向候选,unknown,,,,uncertain,"{""automatic_class"": ""转向候选"", ""bin_s"": 0.5, ""pitch_median_deg"": -2.64, ""max_abs_roll_pitch_deg"": 5.02, ""leg_dq_rms_median"": 0.983, ""wheel_dq_abs_median"": 2.749}","[""40–55s再次持续负pitch及腿关节运动，42.7/50.5s附近前后点云见阶梯。""]",model_visual_checked_candidate,pending,not_assessed,边界约 ±0.5–1s；未知地面可能为平地、平台或障碍上的停顿；整段 outcome 未传播。,viewer.html?id=gait_20260909_145331_616f9d8038d9&t=54.500&end=55.000
gait_20260909_145331_616f9d8038d9,"[""D:\\S10Data\\050\\2026-09-09\\gait_20260909_145331_616f9d8038d9\\bag\\bag_0.db3""]",gait_20260909_145331_616f9d8038d9-P01,gait_20260909_145331_616f9d8038d9-S016,55.0,55.5,source_stamp_minus_manifest_started_wall_ns,1788936811348370187,1788936866348370187,1788936866848370187,landing_or_approach_unknown,平台行走/下一段接近候选,unknown,,,,uncertain,"{""automatic_class"": ""行走/调整候选"", ""bin_s"": 0.5, ""pitch_median_deg"": -1.22, ""max_abs_roll_pitch_deg"": 1.81, ""leg_dq_rms_median"": 0.393, ""wheel_dq_abs_median"": 1.141}","[""55–68s姿态大体回平，60–63s有快速轮关节活动与转向；58.3/66.1s前方仍见阶梯；平台还是重试接近需确认。""]",model_visual_checked_candidate,pending,not_assessed,边界约 ±0.5–1s；未知地面可能为平地、平台或障碍上的停顿；整段 outcome 未传播。,viewer.html?id=gait_20260909_145331_616f9d8038d9&t=55.000&end=55.500
gait_20260909_145331_616f9d8038d9,"[""D:\\S10Data\\050\\2026-09-09\\gait_20260909_145331_616f9d8038d9\\bag\\bag_0.db3""]",gait_20260909_145331_616f9d8038d9-P01,gait_20260909_145331_616f9d8038d9-S017,55.5,59.5,source_stamp_minus_manifest_started_wall_ns,1788936811348370187,1788936866848370187,1788936870848370187,landing_or_approach_unknown,平台/平地等待候选,unknown,,,,uncertain,"{""automatic_class"": ""等待候选"", ""bin_s"": 0.5, ""pitch_median_deg"": -1.06, ""max_abs_roll_pitch_deg"": 2.17, ""leg_dq_rms_median"": 0.036, ""wheel_dq_abs_median"": 0.4}","[""55–68s姿态大体回平，60–63s有快速轮关节活动与转向；58.3/66.1s前方仍见阶梯；平台还是重试接近需确认。""]",model_visual_checked_candidate,pending,not_assessed,边界约 ±0.5–1s；未知地面可能为平地、平台或障碍上的停顿；整段 outcome 未传播。,viewer.html?id=gait_20260909_145331_616f9d8038d9&t=55.500&end=59.500
gait_20260909_145331_616f9d8038d9,"[""D:\\S10Data\\050\\2026-09-09\\gait_20260909_145331_616f9d8038d9\\bag\\bag_0.db3""]",gait_20260909_145331_616f9d8038d9-P01,gait_20260909_145331_616f9d8038d9-S018,59.5,60,source_stamp_minus_manifest_started_wall_ns,1788936811348370187,1788936870848370187,1788936871348370187,landing_or_approach_unknown,平台行走/下一段接近候选,unknown,,,,uncertain,"{""automatic_class"": ""行走/调整候选"", ""bin_s"": 0.5, ""pitch_median_deg"": -1.24, ""max_abs_roll_pitch_deg"": 1.49, ""leg_dq_rms_median"": 0.276, ""wheel_dq_abs_median"": 1.207}","[""55–68s姿态大体回平，60–63s有快速轮关节活动与转向；58.3/66.1s前方仍见阶梯；平台还是重试接近需确认。""]",model_visual_checked_candidate,pending,not_assessed,边界约 ±0.5–1s；未知地面可能为平地、平台或障碍上的停顿；整段 outcome 未传播。,viewer.html?id=gait_20260909_145331_616f9d8038d9&t=59.500&end=60.000
gait_20260909_145331_616f9d8038d9,"[""D:\\S10Data\\050\\2026-09-09\\gait_20260909_145331_616f9d8038d9\\bag\\bag_0.db3""]",gait_20260909_145331_616f9d8038d9-P01,gait_20260909_145331_616f9d8038d9-S019,60,64.0,source_stamp_minus_manifest_started_wall_ns,1788936811348370187,1788936871348370187,1788936875348370187,landing_or_approach_unknown,平台行走/下一段接近候选,unknown,,,,uncertain,"{""automatic_class"": ""行走/调整候选"", ""bin_s"": 0.5, ""pitch_median_deg"": -2.48, ""max_abs_roll_pitch_deg"": 5.07, ""leg_dq_rms_median"": 1.421, ""wheel_dq_abs_median"": 1.874}","[""55–68s姿态大体回平，60–63s有快速轮关节活动与转向；58.3/66.1s前方仍见阶梯；平台还是重试接近需确认。""]",model_visual_checked_candidate,pending,not_assessed,边界约 ±0.5–1s；未知地面可能为平地、平台或障碍上的停顿；整段 outcome 未传播。,viewer.html?id=gait_20260909_145331_616f9d8038d9&t=60.000&end=64.000
gait_20260909_145331_616f9d8038d9,"[""D:\\S10Data\\050\\2026-09-09\\gait_20260909_145331_616f9d8038d9\\bag\\bag_0.db3""]",gait_20260909_145331_616f9d8038d9-P01,gait_20260909_145331_616f9d8038d9-S020,64.0,66.0,source_stamp_minus_manifest_started_wall_ns,1788936811348370187,1788936875348370187,1788936877348370187,landing_or_approach_unknown,平台/平地等待候选,unknown,,,,uncertain,"{""automatic_class"": ""等待候选"", ""bin_s"": 0.5, ""pitch_median_deg"": 0.26, ""max_abs_roll_pitch_deg"": 1.24, ""leg_dq_rms_median"": 0.042, ""wheel_dq_abs_median"": 0.052}","[""55–68s姿态大体回平，60–63s有快速轮关节活动与转向；58.3/66.1s前方仍见阶梯；平台还是重试接近需确认。""]",model_visual_checked_candidate,pending,not_assessed,边界约 ±0.5–1s；未知地面可能为平地、平台或障碍上的停顿；整段 outcome 未传播。,viewer.html?id=gait_20260909_145331_616f9d8038d9&t=64.000&end=66.000
gait_20260909_145331_616f9d8038d9,"[""D:\\S10Data\\050\\2026-09-09\\gait_20260909_145331_616f9d8038d9\\bag\\bag_0.db3""]",gait_20260909_145331_616f9d8038d9-P01,gait_20260909_145331_616f9d8038d9-S021,66.0,68.0,source_stamp_minus_manifest_started_wall_ns,1788936811348370187,1788936877348370187,1788936879348370187,landing_or_approach_unknown,平台行走/下一段接近候选,unknown,,,,uncertain,"{""automatic_class"": ""行走/调整候选"", ""bin_s"": 0.5, ""pitch_median_deg"": -0.35, ""max_abs_roll_pitch_deg"": 2.46, ""leg_dq_rms_median"": 0.256, ""wheel_dq_abs_median"": 2.385}","[""55–68s姿态大体回平，60–63s有快速轮关节活动与转向；58.3/66.1s前方仍见阶梯；平台还是重试接近需确认。""]",model_visual_checked_candidate,pending,not_assessed,边界约 ±0.5–1s；未知地面可能为平地、平台或障碍上的停顿；整段 outcome 未传播。,viewer.html?id=gait_20260909_145331_616f9d8038d9&t=66.000&end=68.000
gait_20260909_145331_616f9d8038d9,"[""D:\\S10Data\\050\\2026-09-09\\gait_20260909_145331_616f9d8038d9\\bag\\bag_0.db3""]",gait_20260909_145331_616f9d8038d9-P01,gait_20260909_145331_616f9d8038d9-S022,68.0,75.0,source_stamp_minus_manifest_started_wall_ns,1788936811348370187,1788936879348370187,1788936886348370187,stairs_candidate,上楼候选,up_candidate,,,,uncertain,"{""automatic_class"": ""姿态变化/越障候选"", ""bin_s"": 0.5, ""pitch_median_deg"": -14.39, ""max_abs_roll_pitch_deg"": 23.55, ""leg_dq_rms_median"": 2.332, ""wheel_dq_abs_median"": 4.988}","[""68–86.5s负pitch及腿关节活动；75–79s在倾斜姿态下近静止，不能据此标作平平台。89.4s抽样点云前方趋平。""]",model_visual_checked_candidate,pending,not_assessed,边界约 ±0.5–1s；未知地面可能为平地、平台或障碍上的停顿；整段 outcome 未传播。,viewer.html?id=gait_20260909_145331_616f9d8038d9&t=68.000&end=75.000
gait_20260909_145331_616f9d8038d9,"[""D:\\S10Data\\050\\2026-09-09\\gait_20260909_145331_616f9d8038d9\\bag\\bag_0.db3""]",gait_20260909_145331_616f9d8038d9-P01,gait_20260909_145331_616f9d8038d9-S023,75.0,78.5,source_stamp_minus_manifest_started_wall_ns,1788936811348370187,1788936886348370187,1788936889848370187,stairs_candidate,等待候选,unknown,,,,uncertain,"{""automatic_class"": ""等待候选"", ""bin_s"": 0.5, ""pitch_median_deg"": -13.83, ""max_abs_roll_pitch_deg"": 14.48, ""leg_dq_rms_median"": 0.126, ""wheel_dq_abs_median"": 0.184}","[""68–86.5s负pitch及腿关节活动；75–79s在倾斜姿态下近静止，不能据此标作平平台。89.4s抽样点云前方趋平。""]",model_visual_checked_candidate,pending,not_assessed,边界约 ±0.5–1s；未知地面可能为平地、平台或障碍上的停顿；整段 outcome 未传播。,viewer.html?id=gait_20260909_145331_616f9d8038d9&t=75.000&end=78.500
gait_20260909_145331_616f9d8038d9,"[""D:\\S10Data\\050\\2026-09-09\\gait_20260909_145331_616f9d8038d9\\bag\\bag_0.db3""]",gait_20260909_145331_616f9d8038d9-P01,gait_20260909_145331_616f9d8038d9-S024,78.5,79,source_stamp_minus_manifest_started_wall_ns,1788936811348370187,1788936889848370187,1788936890348370187,stairs_candidate,上楼候选,up_candidate,,,,uncertain,"{""automatic_class"": ""姿态变化/越障候选"", ""bin_s"": 0.5, ""pitch_median_deg"": -13.75, ""max_abs_roll_pitch_deg"": 13.76, ""leg_dq_rms_median"": 0.612, ""wheel_dq_abs_median"": 0.114}","[""68–86.5s负pitch及腿关节活动；75–79s在倾斜姿态下近静止，不能据此标作平平台。89.4s抽样点云前方趋平。""]",model_visual_checked_candidate,pending,not_assessed,边界约 ±0.5–1s；未知地面可能为平地、平台或障碍上的停顿；整段 outcome 未传播。,viewer.html?id=gait_20260909_145331_616f9d8038d9&t=78.500&end=79.000
gait_20260909_145331_616f9d8038d9,"[""D:\\S10Data\\050\\2026-09-09\\gait_20260909_145331_616f9d8038d9\\bag\\bag_0.db3""]",gait_20260909_145331_616f9d8038d9-P01,gait_20260909_145331_616f9d8038d9-S025,79,86.0,source_stamp_minus_manifest_started_wall_ns,1788936811348370187,1788936890348370187,1788936897348370187,stairs_candidate,上楼候选,up_candidate,,,,uncertain,"{""automatic_class"": ""姿态变化/越障候选"", ""bin_s"": 0.5, ""pitch_median_deg"": -16.7, ""max_abs_roll_pitch_deg"": 23.83, ""leg_dq_rms_median"": 2.797, ""wheel_dq_abs_median"": 5.898}","[""68–86.5s负pitch及腿关节活动；75–79s在倾斜姿态下近静止，不能据此标作平平台。89.4s抽样点云前方趋平。""]",model_visual_checked_candidate,pending,not_assessed,边界约 ±0.5–1s；未知地面可能为平地、平台或障碍上的停顿；整段 outcome 未传播。,viewer.html?id=gait_20260909_145331_616f9d8038d9&t=79.000&end=86.000
gait_20260909_145331_616f9d8038d9,"[""D:\\S10Data\\050\\2026-09-09\\gait_20260909_145331_616f9d8038d9\\bag\\bag_0.db3""]",gait_20260909_145331_616f9d8038d9-P01,gait_20260909_145331_616f9d8038d9-S026,86.0,86.5,source_stamp_minus_manifest_started_wall_ns,1788936811348370187,1788936897348370187,1788936897848370187,stairs_candidate,行走/调整候选,unknown,,,,uncertain,"{""automatic_class"": ""行走/调整候选"", ""bin_s"": 0.5, ""pitch_median_deg"": -2.61, ""max_abs_roll_pitch_deg"": 4.19, ""leg_dq_rms_median"": 1.044, ""wheel_dq_abs_median"": 2.505}","[""68–86.5s负pitch及腿关节活动；75–79s在倾斜姿态下近静止，不能据此标作平平台。89.4s抽样点云前方趋平。""]",model_visual_checked_candidate,pending,not_assessed,边界约 ±0.5–1s；未知地面可能为平地、平台或障碍上的停顿；整段 outcome 未传播。,viewer.html?id=gait_20260909_145331_616f9d8038d9&t=86.000&end=86.500
gait_20260909_145331_616f9d8038d9,"[""D:\\S10Data\\050\\2026-09-09\\gait_20260909_145331_616f9d8038d9\\bag\\bag_0.db3""]",gait_20260909_145331_616f9d8038d9-P01,gait_20260909_145331_616f9d8038d9-S027,86.5,93.26002346299998,source_stamp_minus_manifest_started_wall_ns,1788936811348370187,1788936897848370187,1788936904608393650,unknown,等待候选,unknown,,,,uncertain,"{""automatic_class"": ""等待候选"", ""bin_s"": 0.5, ""pitch_median_deg"": -1.41, ""max_abs_roll_pitch_deg"": 1.7, ""leg_dq_rms_median"": 0.007, ""wheel_dq_abs_median"": 0.015}",[],automatic_candidate,pending,not_assessed,边界约 ±0.5–1s；未知地面可能为平地、平台或障碍上的停顿；整段 outcome 未传播。,viewer.html?id=gait_20260909_145331_616f9d8038d9&t=86.500&end=93.260
gait_20260909_145914_2e0541078764,"[""D:\\S10Data\\050\\2026-09-09\\gait_20260909_145914_2e0541078764\\bag\\bag_0.db3""]",gait_20260909_145914_2e0541078764-P01,gait_20260909_145914_2e0541078764-S001,0.0,1.0,source_stamp_minus_manifest_started_wall_ns,1788937154072699273,1788937154072699273,1788937155072699273,flat_candidate,等待候选,unknown,,,,uncertain,"{""automatic_class"": ""等待候选"", ""bin_s"": 0.5, ""pitch_median_deg"": 1.74, ""max_abs_roll_pitch_deg"": 1.75, ""leg_dq_rms_median"": 0.015, ""wheel_dq_abs_median"": 0.027}","[""信号和点云初览前21s主要为近水平地面行走/转向；实际基础步态。""]",model_visual_checked_candidate,pending,not_assessed,边界约 ±0.5–1s；未知地面可能为平地、平台或障碍上的停顿；整段 outcome 未传播。,viewer.html?id=gait_20260909_145914_2e0541078764&t=0.000&end=1.000
gait_20260909_145914_2e0541078764,"[""D:\\S10Data\\050\\2026-09-09\\gait_20260909_145914_2e0541078764\\bag\\bag_0.db3""]",gait_20260909_145914_2e0541078764-P01,gait_20260909_145914_2e0541078764-S002,1.0,8.0,source_stamp_minus_manifest_started_wall_ns,1788937154072699273,1788937155072699273,1788937162072699273,flat_candidate,行走/调整候选,unknown,,,,uncertain,"{""automatic_class"": ""行走/调整候选"", ""bin_s"": 0.5, ""pitch_median_deg"": -0.45, ""max_abs_roll_pitch_deg"": 2.97, ""leg_dq_rms_median"": 0.619, ""wheel_dq_abs_median"": 6.955}","[""信号和点云初览前21s主要为近水平地面行走/转向；实际基础步态。""]",model_visual_checked_candidate,pending,not_assessed,边界约 ±0.5–1s；未知地面可能为平地、平台或障碍上的停顿；整段 outcome 未传播。,viewer.html?id=gait_20260909_145914_2e0541078764&t=1.000&end=8.000
gait_20260909_145914_2e0541078764,"[""D:\\S10Data\\050\\2026-09-09\\gait_20260909_145914_2e0541078764\\bag\\bag_0.db3""]",gait_20260909_145914_2e0541078764-P01,gait_20260909_145914_2e0541078764-S003,8.0,10.5,source_stamp_minus_manifest_started_wall_ns,1788937154072699273,1788937162072699273,1788937164572699273,flat_candidate,等待候选,unknown,,,,uncertain,"{""automatic_class"": ""等待候选"", ""bin_s"": 0.5, ""pitch_median_deg"": 3.03, ""max_abs_roll_pitch_deg"": 3.49, ""leg_dq_rms_median"": 0.007, ""wheel_dq_abs_median"": 0.017}","[""信号和点云初览前21s主要为近水平地面行走/转向；实际基础步态。""]",model_visual_checked_candidate,pending,not_assessed,边界约 ±0.5–1s；未知地面可能为平地、平台或障碍上的停顿；整段 outcome 未传播。,viewer.html?id=gait_20260909_145914_2e0541078764&t=8.000&end=10.500
gait_20260909_145914_2e0541078764,"[""D:\\S10Data\\050\\2026-09-09\\gait_20260909_145914_2e0541078764\\bag\\bag_0.db3""]",gait_20260909_145914_2e0541078764-P01,gait_20260909_145914_2e0541078764-S004,10.5,15.0,source_stamp_minus_manifest_started_wall_ns,1788937154072699273,1788937164572699273,1788937169072699273,flat_candidate,行走/调整候选,unknown,,,,uncertain,"{""automatic_class"": ""行走/调整候选"", ""bin_s"": 0.5, ""pitch_median_deg"": -0.88, ""max_abs_roll_pitch_deg"": 2.67, ""leg_dq_rms_median"": 0.323, ""wheel_dq_abs_median"": 20.229}","[""信号和点云初览前21s主要为近水平地面行走/转向；实际基础步态。""]",model_visual_checked_candidate,pending,not_assessed,边界约 ±0.5–1s；未知地面可能为平地、平台或障碍上的停顿；整段 outcome 未传播。,viewer.html?id=gait_20260909_145914_2e0541078764&t=10.500&end=15.000
gait_20260909_145914_2e0541078764,"[""D:\\S10Data\\050\\2026-09-09\\gait_20260909_145914_2e0541078764\\bag\\bag_0.db3""]",gait_20260909_145914_2e0541078764-P01,gait_20260909_145914_2e0541078764-S005,15.0,16.5,source_stamp_minus_manifest_started_wall_ns,1788937154072699273,1788937169072699273,1788937170572699273,flat_candidate,转向候选,unknown,,,,uncertain,"{""automatic_class"": ""转向候选"", ""bin_s"": 0.5, ""pitch_median_deg"": 0.93, ""max_abs_roll_pitch_deg"": 2.58, ""leg_dq_rms_median"": 0.917, ""wheel_dq_abs_median"": 18.923}","[""信号和点云初览前21s主要为近水平地面行走/转向；实际基础步态。""]",model_visual_checked_candidate,pending,not_assessed,边界约 ±0.5–1s；未知地面可能为平地、平台或障碍上的停顿；整段 outcome 未传播。,viewer.html?id=gait_20260909_145914_2e0541078764&t=15.000&end=16.500
gait_20260909_145914_2e0541078764,"[""D:\\S10Data\\050\\2026-09-09\\gait_20260909_145914_2e0541078764\\bag\\bag_0.db3""]",gait_20260909_145914_2e0541078764-P01,gait_20260909_145914_2e0541078764-S006,16.5,21,source_stamp_minus_manifest_started_wall_ns,1788937154072699273,1788937170572699273,1788937175072699273,flat_candidate,行走/调整候选,unknown,,,,uncertain,"{""automatic_class"": ""行走/调整候选"", ""bin_s"": 0.5, ""pitch_median_deg"": -0.25, ""max_abs_roll_pitch_deg"": 2.26, ""leg_dq_rms_median"": 0.214, ""wheel_dq_abs_median"": 22.009}","[""信号和点云初览前21s主要为近水平地面行走/转向；实际基础步态。""]",model_visual_checked_candidate,pending,not_assessed,边界约 ±0.5–1s；未知地面可能为平地、平台或障碍上的停顿；整段 outcome 未传播。,viewer.html?id=gait_20260909_145914_2e0541078764&t=16.500&end=21.000
gait_20260909_145914_2e0541078764,"[""D:\\S10Data\\050\\2026-09-09\\gait_20260909_145914_2e0541078764\\bag\\bag_0.db3""]",gait_20260909_145914_2e0541078764-P01,gait_20260909_145914_2e0541078764-S007,21,24,source_stamp_minus_manifest_started_wall_ns,1788937154072699273,1788937175072699273,1788937178072699273,ledge_candidate,行走/调整候选,unknown,,,,uncertain,"{""automatic_class"": ""行走/调整候选"", ""bin_s"": 0.5, ""pitch_median_deg"": 0.53, ""max_abs_roll_pitch_deg"": 2.98, ""leg_dq_rms_median"": 0.266, ""wheel_dq_abs_median"": 9.298}","[""21.4s前方出现台阶状边缘；24–27s pitch约−12°且腿轮活动，随后报告vx转负；27.9s前方边缘仍可见。不能把基础标签解释为全程平地，也不能据整段成功判断越障完成。""]",model_visual_checked_candidate,pending,not_assessed,边界约 ±0.5–1s；未知地面可能为平地、平台或障碍上的停顿；整段 outcome 未传播。,viewer.html?id=gait_20260909_145914_2e0541078764&t=21.000&end=24.000
gait_20260909_145914_2e0541078764,"[""D:\\S10Data\\050\\2026-09-09\\gait_20260909_145914_2e0541078764\\bag\\bag_0.db3""]",gait_20260909_145914_2e0541078764-P01,gait_20260909_145914_2e0541078764-S008,24,24.5,source_stamp_minus_manifest_started_wall_ns,1788937154072699273,1788937178072699273,1788937178572699273,ledge_candidate,行走/调整候选,unknown,,,,uncertain,"{""automatic_class"": ""行走/调整候选"", ""bin_s"": 0.5, ""pitch_median_deg"": 0.81, ""max_abs_roll_pitch_deg"": 13.55, ""leg_dq_rms_median"": 2.607, ""wheel_dq_abs_median"": 11.541}","[""21.4s前方出现台阶状边缘；24–27s pitch约−12°且腿轮活动，随后报告vx转负；27.9s前方边缘仍可见。不能把基础标签解释为全程平地，也不能据整段成功判断越障完成。""]",model_visual_checked_candidate,pending,not_assessed,边界约 ±0.5–1s；未知地面可能为平地、平台或障碍上的停顿；整段 outcome 未传播。,viewer.html?id=gait_20260909_145914_2e0541078764&t=24.000&end=24.500
gait_20260909_145914_2e0541078764,"[""D:\\S10Data\\050\\2026-09-09\\gait_20260909_145914_2e0541078764\\bag\\bag_0.db3""]",gait_20260909_145914_2e0541078764-P01,gait_20260909_145914_2e0541078764-S009,24.5,26.5,source_stamp_minus_manifest_started_wall_ns,1788937154072699273,1788937178572699273,1788937180572699273,ledge_candidate,姿态变化/越障候选,unknown,,,,uncertain,"{""automatic_class"": ""姿态变化/越障候选"", ""bin_s"": 0.5, ""pitch_median_deg"": -12.25, ""max_abs_roll_pitch_deg"": 14.17, ""leg_dq_rms_median"": 0.477, ""wheel_dq_abs_median"": 8.449}","[""21.4s前方出现台阶状边缘；24–27s pitch约−12°且腿轮活动，随后报告vx转负；27.9s前方边缘仍可见。不能把基础标签解释为全程平地，也不能据整段成功判断越障完成。""]",model_visual_checked_candidate,pending,not_assessed,边界约 ±0.5–1s；未知地面可能为平地、平台或障碍上的停顿；整段 outcome 未传播。,viewer.html?id=gait_20260909_145914_2e0541078764&t=24.500&end=26.500
gait_20260909_145914_2e0541078764,"[""D:\\S10Data\\050\\2026-09-09\\gait_20260909_145914_2e0541078764\\bag\\bag_0.db3""]",gait_20260909_145914_2e0541078764-P01,gait_20260909_145914_2e0541078764-S010,26.5,27,source_stamp_minus_manifest_started_wall_ns,1788937154072699273,1788937180572699273,1788937181072699273,ledge_candidate,行走/调整候选,unknown,,,,uncertain,"{""automatic_class"": ""行走/调整候选"", ""bin_s"": 0.5, ""pitch_median_deg"": -6.6, ""max_abs_roll_pitch_deg"": 11.63, ""leg_dq_rms_median"": 0.693, ""wheel_dq_abs_median"": 5.371}","[""21.4s前方出现台阶状边缘；24–27s pitch约−12°且腿轮活动，随后报告vx转负；27.9s前方边缘仍可见。不能把基础标签解释为全程平地，也不能据整段成功判断越障完成。""]",model_visual_checked_candidate,pending,not_assessed,边界约 ±0.5–1s；未知地面可能为平地、平台或障碍上的停顿；整段 outcome 未传播。,viewer.html?id=gait_20260909_145914_2e0541078764&t=26.500&end=27.000
gait_20260909_145914_2e0541078764,"[""D:\\S10Data\\050\\2026-09-09\\gait_20260909_145914_2e0541078764\\bag\\bag_0.db3""]",gait_20260909_145914_2e0541078764-P01,gait_20260909_145914_2e0541078764-S011,27,28.0,source_stamp_minus_manifest_started_wall_ns,1788937154072699273,1788937181072699273,1788937182072699273,ledge_candidate,行走/调整候选,unknown,,,,uncertain,"{""automatic_class"": ""行走/调整候选"", ""bin_s"": 0.5, ""pitch_median_deg"": 2.07, ""max_abs_roll_pitch_deg"": 2.81, ""leg_dq_rms_median"": 0.239, ""wheel_dq_abs_median"": 9.906}","[""21.4s前方出现台阶状边缘；24–27s pitch约−12°且腿轮活动，随后报告vx转负；27.9s前方边缘仍可见。不能把基础标签解释为全程平地，也不能据整段成功判断越障完成。""]",model_visual_checked_candidate,pending,not_assessed,边界约 ±0.5–1s；未知地面可能为平地、平台或障碍上的停顿；整段 outcome 未传播。,viewer.html?id=gait_20260909_145914_2e0541078764&t=27.000&end=28.000
gait_20260909_145914_2e0541078764,"[""D:\\S10Data\\050\\2026-09-09\\gait_20260909_145914_2e0541078764\\bag\\bag_0.db3""]",gait_20260909_145914_2e0541078764-P01,gait_20260909_145914_2e0541078764-S012,28.0,29,source_stamp_minus_manifest_started_wall_ns,1788937154072699273,1788937182072699273,1788937183072699273,ledge_candidate,等待候选,unknown,,,,uncertain,"{""automatic_class"": ""等待候选"", ""bin_s"": 0.5, ""pitch_median_deg"": 0.47, ""max_abs_roll_pitch_deg"": 1.24, ""leg_dq_rms_median"": 0.029, ""wheel_dq_abs_median"": 0.31}","[""21.4s前方出现台阶状边缘；24–27s pitch约−12°且腿轮活动，随后报告vx转负；27.9s前方边缘仍可见。不能把基础标签解释为全程平地，也不能据整段成功判断越障完成。""]",model_visual_checked_candidate,pending,not_assessed,边界约 ±0.5–1s；未知地面可能为平地、平台或障碍上的停顿；整段 outcome 未传播。,viewer.html?id=gait_20260909_145914_2e0541078764&t=28.000&end=29.000
gait_20260909_145914_2e0541078764,"[""D:\\S10Data\\050\\2026-09-09\\gait_20260909_145914_2e0541078764\\bag\\bag_0.db3""]",gait_20260909_145914_2e0541078764-P01,gait_20260909_145914_2e0541078764-S013,29,39.444364042000075,source_stamp_minus_manifest_started_wall_ns,1788937154072699273,1788937183072699273,1788937193517063315,unknown,等待候选,unknown,,,,uncertain,"{""automatic_class"": ""等待候选"", ""bin_s"": 0.5, ""pitch_median_deg"": 0.37, ""max_abs_roll_pitch_deg"": 0.43, ""leg_dq_rms_median"": 0.007, ""wheel_dq_abs_median"": 0.015}",[],automatic_candidate,pending,not_assessed,边界约 ±0.5–1s；未知地面可能为平地、平台或障碍上的停顿；整段 outcome 未传播。,viewer.html?id=gait_20260909_145914_2e0541078764&t=29.000&end=39.444
gait_20260909_150146_9b19dc6690ec,"[""D:\\S10Data\\050\\2026-09-09\\gait_20260909_150146_9b19dc6690ec\\bag\\bag_0.db3""]",gait_20260909_150146_9b19dc6690ec-P01,gait_20260909_150146_9b19dc6690ec-S001,0.0,2.0,source_stamp_minus_manifest_started_wall_ns,1788937306966536491,1788937306966536491,1788937308966536491,ledge_candidate,等待候选,unknown,,,,uncertain,"{""automatic_class"": ""等待候选"", ""bin_s"": 0.5, ""pitch_median_deg"": 0.96, ""max_abs_roll_pitch_deg"": 0.97, ""leg_dq_rms_median"": 0.007, ""wheel_dq_abs_median"": 0.015}","[""全段速览多次出现单个抬高边缘与平台；13/16/27/70/106s负pitch突变，45/89s正pitch突变，伴腿轮活动；中间有姿态回平和转向。19/37/50/75/93s为活动簇间候选通行分界，合并/拆分与同一高台身份均未人工确认。""]",model_visual_checked_candidate,pending,not_assessed,边界约 ±0.5–1s；未知地面可能为平地、平台或障碍上的停顿；整段 outcome 未传播。,viewer.html?id=gait_20260909_150146_9b19dc6690ec&t=0.000&end=2.000
gait_20260909_150146_9b19dc6690ec,"[""D:\\S10Data\\050\\2026-09-09\\gait_20260909_150146_9b19dc6690ec\\bag\\bag_0.db3""]",gait_20260909_150146_9b19dc6690ec-P01,gait_20260909_150146_9b19dc6690ec-S002,2.0,6.0,source_stamp_minus_manifest_started_wall_ns,1788937306966536491,1788937308966536491,1788937312966536491,ledge_candidate,行走/调整候选,unknown,,,,uncertain,"{""automatic_class"": ""行走/调整候选"", ""bin_s"": 0.5, ""pitch_median_deg"": 0.49, ""max_abs_roll_pitch_deg"": 2.63, ""leg_dq_rms_median"": 0.165, ""wheel_dq_abs_median"": 3.125}","[""全段速览多次出现单个抬高边缘与平台；13/16/27/70/106s负pitch突变，45/89s正pitch突变，伴腿轮活动；中间有姿态回平和转向。19/37/50/75/93s为活动簇间候选通行分界，合并/拆分与同一高台身份均未人工确认。""]",model_visual_checked_candidate,pending,not_assessed,边界约 ±0.5–1s；未知地面可能为平地、平台或障碍上的停顿；整段 outcome 未传播。,viewer.html?id=gait_20260909_150146_9b19dc6690ec&t=2.000&end=6.000
gait_20260909_150146_9b19dc6690ec,"[""D:\\S10Data\\050\\2026-09-09\\gait_20260909_150146_9b19dc6690ec\\bag\\bag_0.db3""]",gait_20260909_150146_9b19dc6690ec-P01,gait_20260909_150146_9b19dc6690ec-S003,6.0,9.0,source_stamp_minus_manifest_started_wall_ns,1788937306966536491,1788937312966536491,1788937315966536491,ledge_candidate,等待候选,unknown,,,,uncertain,"{""automatic_class"": ""等待候选"", ""bin_s"": 0.5, ""pitch_median_deg"": 0.23, ""max_abs_roll_pitch_deg"": 0.76, ""leg_dq_rms_median"": 0.049, ""wheel_dq_abs_median"": 0.053}","[""全段速览多次出现单个抬高边缘与平台；13/16/27/70/106s负pitch突变，45/89s正pitch突变，伴腿轮活动；中间有姿态回平和转向。19/37/50/75/93s为活动簇间候选通行分界，合并/拆分与同一高台身份均未人工确认。""]",model_visual_checked_candidate,pending,not_assessed,边界约 ±0.5–1s；未知地面可能为平地、平台或障碍上的停顿；整段 outcome 未传播。,viewer.html?id=gait_20260909_150146_9b19dc6690ec&t=6.000&end=9.000
gait_20260909_150146_9b19dc6690ec,"[""D:\\S10Data\\050\\2026-09-09\\gait_20260909_150146_9b19dc6690ec\\bag\\bag_0.db3""]",gait_20260909_150146_9b19dc6690ec-P01,gait_20260909_150146_9b19dc6690ec-S004,9.0,11,source_stamp_minus_manifest_started_wall_ns,1788937306966536491,1788937315966536491,1788937317966536491,ledge_candidate,行走/调整候选,unknown,,,,uncertain,"{""automatic_class"": ""行走/调整候选"", ""bin_s"": 0.5, ""pitch_median_deg"": 0.1, ""max_abs_roll_pitch_deg"": 1.94, ""leg_dq_rms_median"": 0.207, ""wheel_dq_abs_median"": 0.465}","[""全段速览多次出现单个抬高边缘与平台；13/16/27/70/106s负pitch突变，45/89s正pitch突变，伴腿轮活动；中间有姿态回平和转向。19/37/50/75/93s为活动簇间候选通行分界，合并/拆分与同一高台身份均未人工确认。""]",model_visual_checked_candidate,pending,not_assessed,边界约 ±0.5–1s；未知地面可能为平地、平台或障碍上的停顿；整段 outcome 未传播。,viewer.html?id=gait_20260909_150146_9b19dc6690ec&t=9.000&end=11.000
gait_20260909_150146_9b19dc6690ec,"[""D:\\S10Data\\050\\2026-09-09\\gait_20260909_150146_9b19dc6690ec\\bag\\bag_0.db3""]",gait_20260909_150146_9b19dc6690ec-P01,gait_20260909_150146_9b19dc6690ec-S005,11,12.5,source_stamp_minus_manifest_started_wall_ns,1788937306966536491,1788937317966536491,1788937319466536491,ledge_candidate,行走/调整候选,unknown,,,,uncertain,"{""automatic_class"": ""行走/调整候选"", ""bin_s"": 0.5, ""pitch_median_deg"": -0.84, ""max_abs_roll_pitch_deg"": 2.01, ""leg_dq_rms_median"": 0.177, ""wheel_dq_abs_median"": 4.357}","[""全段速览多次出现单个抬高边缘与平台；13/16/27/70/106s负pitch突变，45/89s正pitch突变，伴腿轮活动；中间有姿态回平和转向。19/37/50/75/93s为活动簇间候选通行分界，合并/拆分与同一高台身份均未人工确认。""]",model_visual_checked_candidate,pending,not_assessed,边界约 ±0.5–1s；未知地面可能为平地、平台或障碍上的停顿；整段 outcome 未传播。,viewer.html?id=gait_20260909_150146_9b19dc6690ec&t=11.000&end=12.500
gait_20260909_150146_9b19dc6690ec,"[""D:\\S10Data\\050\\2026-09-09\\gait_20260909_150146_9b19dc6690ec\\bag\\bag_0.db3""]",gait_20260909_150146_9b19dc6690ec-P01,gait_20260909_150146_9b19dc6690ec-S006,12.5,13.0,source_stamp_minus_manifest_started_wall_ns,1788937306966536491,1788937319466536491,1788937319966536491,ledge_candidate,姿态变化/越障候选,unknown,,,,uncertain,"{""automatic_class"": ""姿态变化/越障候选"", ""bin_s"": 0.5, ""pitch_median_deg"": -20.19, ""max_abs_roll_pitch_deg"": 26.9, ""leg_dq_rms_median"": 3.168, ""wheel_dq_abs_median"": 7.847}","[""全段速览多次出现单个抬高边缘与平台；13/16/27/70/106s负pitch突变，45/89s正pitch突变，伴腿轮活动；中间有姿态回平和转向。19/37/50/75/93s为活动簇间候选通行分界，合并/拆分与同一高台身份均未人工确认。""]",model_visual_checked_candidate,pending,not_assessed,边界约 ±0.5–1s；未知地面可能为平地、平台或障碍上的停顿；整段 outcome 未传播。,viewer.html?id=gait_20260909_150146_9b19dc6690ec&t=12.500&end=13.000
gait_20260909_150146_9b19dc6690ec,"[""D:\\S10Data\\050\\2026-09-09\\gait_20260909_150146_9b19dc6690ec\\bag\\bag_0.db3""]",gait_20260909_150146_9b19dc6690ec-P01,gait_20260909_150146_9b19dc6690ec-S007,13.0,15.5,source_stamp_minus_manifest_started_wall_ns,1788937306966536491,1788937319966536491,1788937322466536491,ledge_candidate,行走/调整候选,unknown,,,,uncertain,"{""automatic_class"": ""行走/调整候选"", ""bin_s"": 0.5, ""pitch_median_deg"": -0.45, ""max_abs_roll_pitch_deg"": 20.96, ""leg_dq_rms_median"": 0.397, ""wheel_dq_abs_median"": 2.502}","[""全段速览多次出现单个抬高边缘与平台；13/16/27/70/106s负pitch突变，45/89s正pitch突变，伴腿轮活动；中间有姿态回平和转向。19/37/50/75/93s为活动簇间候选通行分界，合并/拆分与同一高台身份均未人工确认。""]",model_visual_checked_candidate,pending,not_assessed,边界约 ±0.5–1s；未知地面可能为平地、平台或障碍上的停顿；整段 outcome 未传播。,viewer.html?id=gait_20260909_150146_9b19dc6690ec&t=13.000&end=15.500
gait_20260909_150146_9b19dc6690ec,"[""D:\\S10Data\\050\\2026-09-09\\gait_20260909_150146_9b19dc6690ec\\bag\\bag_0.db3""]",gait_20260909_150146_9b19dc6690ec-P01,gait_20260909_150146_9b19dc6690ec-S008,15.5,16.5,source_stamp_minus_manifest_started_wall_ns,1788937306966536491,1788937322466536491,1788937323466536491,ledge_candidate,姿态变化/越障候选,unknown,,,,uncertain,"{""automatic_class"": ""姿态变化/越障候选"", ""bin_s"": 0.5, ""pitch_median_deg"": -24.19, ""max_abs_roll_pitch_deg"": 33.37, ""leg_dq_rms_median"": 2.55, ""wheel_dq_abs_median"": 12.693}","[""全段速览多次出现单个抬高边缘与平台；13/16/27/70/106s负pitch突变，45/89s正pitch突变，伴腿轮活动；中间有姿态回平和转向。19/37/50/75/93s为活动簇间候选通行分界，合并/拆分与同一高台身份均未人工确认。""]",model_visual_checked_candidate,pending,not_assessed,边界约 ±0.5–1s；未知地面可能为平地、平台或障碍上的停顿；整段 outcome 未传播。,viewer.html?id=gait_20260909_150146_9b19dc6690ec&t=15.500&end=16.500
gait_20260909_150146_9b19dc6690ec,"[""D:\\S10Data\\050\\2026-09-09\\gait_20260909_150146_9b19dc6690ec\\bag\\bag_0.db3""]",gait_20260909_150146_9b19dc6690ec-P01,gait_20260909_150146_9b19dc6690ec-S009,16.5,17.0,source_stamp_minus_manifest_started_wall_ns,1788937306966536491,1788937323466536491,1788937323966536491,ledge_candidate,行走/调整候选,unknown,,,,uncertain,"{""automatic_class"": ""行走/调整候选"", ""bin_s"": 0.5, ""pitch_median_deg"": -2.11, ""max_abs_roll_pitch_deg"": 3.6, ""leg_dq_rms_median"": 0.584, ""wheel_dq_abs_median"": 2.038}","[""全段速览多次出现单个抬高边缘与平台；13/16/27/70/106s负pitch突变，45/89s正pitch突变，伴腿轮活动；中间有姿态回平和转向。19/37/50/75/93s为活动簇间候选通行分界，合并/拆分与同一高台身份均未人工确认。""]",model_visual_checked_candidate,pending,not_assessed,边界约 ±0.5–1s；未知地面可能为平地、平台或障碍上的停顿；整段 outcome 未传播。,viewer.html?id=gait_20260909_150146_9b19dc6690ec&t=16.500&end=17.000
gait_20260909_150146_9b19dc6690ec,"[""D:\\S10Data\\050\\2026-09-09\\gait_20260909_150146_9b19dc6690ec\\bag\\bag_0.db3""]",gait_20260909_150146_9b19dc6690ec-P01,gait_20260909_150146_9b19dc6690ec-S010,17.0,19.0,source_stamp_minus_manifest_started_wall_ns,1788937306966536491,1788937323966536491,1788937325966536491,ledge_candidate,等待候选,unknown,,,,uncertain,"{""automatic_class"": ""等待候选"", ""bin_s"": 0.5, ""pitch_median_deg"": -0.66, ""max_abs_roll_pitch_deg"": 1.23, ""leg_dq_rms_median"": 0.019, ""wheel_dq_abs_median"": 0.112}","[""全段速览多次出现单个抬高边缘与平台；13/16/27/70/106s负pitch突变，45/89s正pitch突变，伴腿轮活动；中间有姿态回平和转向。19/37/50/75/93s为活动簇间候选通行分界，合并/拆分与同一高台身份均未人工确认。""]",model_visual_checked_candidate,pending,not_assessed,边界约 ±0.5–1s；未知地面可能为平地、平台或障碍上的停顿；整段 outcome 未传播。,viewer.html?id=gait_20260909_150146_9b19dc6690ec&t=17.000&end=19.000
gait_20260909_150146_9b19dc6690ec,"[""D:\\S10Data\\050\\2026-09-09\\gait_20260909_150146_9b19dc6690ec\\bag\\bag_0.db3""]",gait_20260909_150146_9b19dc6690ec-P02,gait_20260909_150146_9b19dc6690ec-S011,19.0,19.5,source_stamp_minus_manifest_started_wall_ns,1788937306966536491,1788937325966536491,1788937326466536491,ledge_candidate,等待候选,unknown,,,,uncertain,"{""automatic_class"": ""等待候选"", ""bin_s"": 0.5, ""pitch_median_deg"": -0.6, ""max_abs_roll_pitch_deg"": 1.2, ""leg_dq_rms_median"": 0.064, ""wheel_dq_abs_median"": 0.057}","[""全段速览多次出现单个抬高边缘与平台；13/16/27/70/106s负pitch突变，45/89s正pitch突变，伴腿轮活动；中间有姿态回平和转向。19/37/50/75/93s为活动簇间候选通行分界，合并/拆分与同一高台身份均未人工确认。""]",model_visual_checked_candidate,pending,not_assessed,边界约 ±0.5–1s；未知地面可能为平地、平台或障碍上的停顿；整段 outcome 未传播。,viewer.html?id=gait_20260909_150146_9b19dc6690ec&t=19.000&end=19.500
gait_20260909_150146_9b19dc6690ec,"[""D:\\S10Data\\050\\2026-09-09\\gait_20260909_150146_9b19dc6690ec\\bag\\bag_0.db3""]",gait_20260909_150146_9b19dc6690ec-P02,gait_20260909_150146_9b19dc6690ec-S012,19.5,21.0,source_stamp_minus_manifest_started_wall_ns,1788937306966536491,1788937326466536491,1788937327966536491,ledge_candidate,行走/调整候选,unknown,,,,uncertain,"{""automatic_class"": ""行走/调整候选"", ""bin_s"": 0.5, ""pitch_median_deg"": 1.32, ""max_abs_roll_pitch_deg"": 3.76, ""leg_dq_rms_median"": 0.137, ""wheel_dq_abs_median"": 0.746}","[""全段速览多次出现单个抬高边缘与平台；13/16/27/70/106s负pitch突变，45/89s正pitch突变，伴腿轮活动；中间有姿态回平和转向。19/37/50/75/93s为活动簇间候选通行分界，合并/拆分与同一高台身份均未人工确认。""]",model_visual_checked_candidate,pending,not_assessed,边界约 ±0.5–1s；未知地面可能为平地、平台或障碍上的停顿；整段 outcome 未传播。,viewer.html?id=gait_20260909_150146_9b19dc6690ec&t=19.500&end=21.000
gait_20260909_150146_9b19dc6690ec,"[""D:\\S10Data\\050\\2026-09-09\\gait_20260909_150146_9b19dc6690ec\\bag\\bag_0.db3""]",gait_20260909_150146_9b19dc6690ec-P02,gait_20260909_150146_9b19dc6690ec-S013,21.0,22.0,source_stamp_minus_manifest_started_wall_ns,1788937306966536491,1788937327966536491,1788937328966536491,ledge_candidate,等待候选,unknown,,,,uncertain,"{""automatic_class"": ""等待候选"", ""bin_s"": 0.5, ""pitch_median_deg"": 0.41, ""max_abs_roll_pitch_deg"": 3.99, ""leg_dq_rms_median"": 0.148, ""wheel_dq_abs_median"": 0.431}","[""全段速览多次出现单个抬高边缘与平台；13/16/27/70/106s负pitch突变，45/89s正pitch突变，伴腿轮活动；中间有姿态回平和转向。19/37/50/75/93s为活动簇间候选通行分界，合并/拆分与同一高台身份均未人工确认。""]",model_visual_checked_candidate,pending,not_assessed,边界约 ±0.5–1s；未知地面可能为平地、平台或障碍上的停顿；整段 outcome 未传播。,viewer.html?id=gait_20260909_150146_9b19dc6690ec&t=21.000&end=22.000
gait_20260909_150146_9b19dc6690ec,"[""D:\\S10Data\\050\\2026-09-09\\gait_20260909_150146_9b19dc6690ec\\bag\\bag_0.db3""]",gait_20260909_150146_9b19dc6690ec-P02,gait_20260909_150146_9b19dc6690ec-S014,22.0,26,source_stamp_minus_manifest_started_wall_ns,1788937306966536491,1788937328966536491,1788937332966536491,ledge_candidate,行走/调整候选,unknown,,,,uncertain,"{""automatic_class"": ""行走/调整候选"", ""bin_s"": 0.5, ""pitch_median_deg"": 0.22, ""max_abs_roll_pitch_deg"": 3.67, ""leg_dq_rms_median"": 0.178, ""wheel_dq_abs_median"": 1.773}","[""全段速览多次出现单个抬高边缘与平台；13/16/27/70/106s负pitch突变，45/89s正pitch突变，伴腿轮活动；中间有姿态回平和转向。19/37/50/75/93s为活动簇间候选通行分界，合并/拆分与同一高台身份均未人工确认。""]",model_visual_checked_candidate,pending,not_assessed,边界约 ±0.5–1s；未知地面可能为平地、平台或障碍上的停顿；整段 outcome 未传播。,viewer.html?id=gait_20260909_150146_9b19dc6690ec&t=22.000&end=26.000
gait_20260909_150146_9b19dc6690ec,"[""D:\\S10Data\\050\\2026-09-09\\gait_20260909_150146_9b19dc6690ec\\bag\\bag_0.db3""]",gait_20260909_150146_9b19dc6690ec-P02,gait_20260909_150146_9b19dc6690ec-S015,26,27.0,source_stamp_minus_manifest_started_wall_ns,1788937306966536491,1788937332966536491,1788937333966536491,ledge_candidate,行走/调整候选,unknown,,,,uncertain,"{""automatic_class"": ""行走/调整候选"", ""bin_s"": 0.5, ""pitch_median_deg"": -1.04, ""max_abs_roll_pitch_deg"": 3.06, ""leg_dq_rms_median"": 0.444, ""wheel_dq_abs_median"": 6.132}","[""全段速览多次出现单个抬高边缘与平台；13/16/27/70/106s负pitch突变，45/89s正pitch突变，伴腿轮活动；中间有姿态回平和转向。19/37/50/75/93s为活动簇间候选通行分界，合并/拆分与同一高台身份均未人工确认。""]",model_visual_checked_candidate,pending,not_assessed,边界约 ±0.5–1s；未知地面可能为平地、平台或障碍上的停顿；整段 outcome 未传播。,viewer.html?id=gait_20260909_150146_9b19dc6690ec&t=26.000&end=27.000
gait_20260909_150146_9b19dc6690ec,"[""D:\\S10Data\\050\\2026-09-09\\gait_20260909_150146_9b19dc6690ec\\bag\\bag_0.db3""]",gait_20260909_150146_9b19dc6690ec-P02,gait_20260909_150146_9b19dc6690ec-S016,27.0,28.0,source_stamp_minus_manifest_started_wall_ns,1788937306966536491,1788937333966536491,1788937334966536491,ledge_candidate,姿态变化/越障候选,unknown,,,,uncertain,"{""automatic_class"": ""姿态变化/越障候选"", ""bin_s"": 0.5, ""pitch_median_deg"": -16.96, ""max_abs_roll_pitch_deg"": 31.67, ""leg_dq_rms_median"": 3.808, ""wheel_dq_abs_median"": 9.606}","[""全段速览多次出现单个抬高边缘与平台；13/16/27/70/106s负pitch突变，45/89s正pitch突变，伴腿轮活动；中间有姿态回平和转向。19/37/50/75/93s为活动簇间候选通行分界，合并/拆分与同一高台身份均未人工确认。""]",model_visual_checked_candidate,pending,not_assessed,边界约 ±0.5–1s；未知地面可能为平地、平台或障碍上的停顿；整段 outcome 未传播。,viewer.html?id=gait_20260909_150146_9b19dc6690ec&t=27.000&end=28.000
gait_20260909_150146_9b19dc6690ec,"[""D:\\S10Data\\050\\2026-09-09\\gait_20260909_150146_9b19dc6690ec\\bag\\bag_0.db3""]",gait_20260909_150146_9b19dc6690ec-P02,gait_20260909_150146_9b19dc6690ec-S017,28.0,29,source_stamp_minus_manifest_started_wall_ns,1788937306966536491,1788937334966536491,1788937335966536491,ledge_candidate,行走/调整候选,unknown,,,,uncertain,"{""automatic_class"": ""行走/调整候选"", ""bin_s"": 0.5, ""pitch_median_deg"": -3.93, ""max_abs_roll_pitch_deg"": 6.19, ""leg_dq_rms_median"": 0.671, ""wheel_dq_abs_median"": 7.895}","[""全段速览多次出现单个抬高边缘与平台；13/16/27/70/106s负pitch突变，45/89s正pitch突变，伴腿轮活动；中间有姿态回平和转向。19/37/50/75/93s为活动簇间候选通行分界，合并/拆分与同一高台身份均未人工确认。""]",model_visual_checked_candidate,pending,not_assessed,边界约 ±0.5–1s；未知地面可能为平地、平台或障碍上的停顿；整段 outcome 未传播。,viewer.html?id=gait_20260909_150146_9b19dc6690ec&t=28.000&end=29.000
gait_20260909_150146_9b19dc6690ec,"[""D:\\S10Data\\050\\2026-09-09\\gait_20260909_150146_9b19dc6690ec\\bag\\bag_0.db3""]",gait_20260909_150146_9b19dc6690ec-P02,gait_20260909_150146_9b19dc6690ec-S018,29,29.5,source_stamp_minus_manifest_started_wall_ns,1788937306966536491,1788937335966536491,1788937336466536491,ledge_candidate,行走/调整候选,unknown,,,,uncertain,"{""automatic_class"": ""行走/调整候选"", ""bin_s"": 0.5, ""pitch_median_deg"": -0.99, ""max_abs_roll_pitch_deg"": 1.5, ""leg_dq_rms_median"": 0.234, ""wheel_dq_abs_median"": 1.228}","[""全段速览多次出现单个抬高边缘与平台；13/16/27/70/106s负pitch突变，45/89s正pitch突变，伴腿轮活动；中间有姿态回平和转向。19/37/50/75/93s为活动簇间候选通行分界，合并/拆分与同一高台身份均未人工确认。""]",model_visual_checked_candidate,pending,not_assessed,边界约 ±0.5–1s；未知地面可能为平地、平台或障碍上的停顿；整段 outcome 未传播。,viewer.html?id=gait_20260909_150146_9b19dc6690ec&t=29.000&end=29.500
gait_20260909_150146_9b19dc6690ec,"[""D:\\S10Data\\050\\2026-09-09\\gait_20260909_150146_9b19dc6690ec\\bag\\bag_0.db3""]",gait_20260909_150146_9b19dc6690ec-P02,gait_20260909_150146_9b19dc6690ec-S019,29.5,31.0,source_stamp_minus_manifest_started_wall_ns,1788937306966536491,1788937336466536491,1788937337966536491,ledge_candidate,等待候选,unknown,,,,uncertain,"{""automatic_class"": ""等待候选"", ""bin_s"": 0.5, ""pitch_median_deg"": -1.04, ""max_abs_roll_pitch_deg"": 1.3, ""leg_dq_rms_median"": 0.046, ""wheel_dq_abs_median"": 0.385}","[""全段速览多次出现单个抬高边缘与平台；13/16/27/70/106s负pitch突变，45/89s正pitch突变，伴腿轮活动；中间有姿态回平和转向。19/37/50/75/93s为活动簇间候选通行分界，合并/拆分与同一高台身份均未人工确认。""]",model_visual_checked_candidate,pending,not_assessed,边界约 ±0.5–1s；未知地面可能为平地、平台或障碍上的停顿；整段 outcome 未传播。,viewer.html?id=gait_20260909_150146_9b19dc6690ec&t=29.500&end=31.000
gait_20260909_150146_9b19dc6690ec,"[""D:\\S10Data\\050\\2026-09-09\\gait_20260909_150146_9b19dc6690ec\\bag\\bag_0.db3""]",gait_20260909_150146_9b19dc6690ec-P02,gait_20260909_150146_9b19dc6690ec-S020,31.0,32.0,source_stamp_minus_manifest_started_wall_ns,1788937306966536491,1788937337966536491,1788937338966536491,ledge_candidate,行走/调整候选,unknown,,,,uncertain,"{""automatic_class"": ""行走/调整候选"", ""bin_s"": 0.5, ""pitch_median_deg"": -1.67, ""max_abs_roll_pitch_deg"": 1.99, ""leg_dq_rms_median"": 0.556, ""wheel_dq_abs_median"": 0.342}","[""全段速览多次出现单个抬高边缘与平台；13/16/27/70/106s负pitch突变，45/89s正pitch突变，伴腿轮活动；中间有姿态回平和转向。19/37/50/75/93s为活动簇间候选通行分界，合并/拆分与同一高台身份均未人工确认。""]",model_visual_checked_candidate,pending,not_assessed,边界约 ±0.5–1s；未知地面可能为平地、平台或障碍上的停顿；整段 outcome 未传播。,viewer.html?id=gait_20260909_150146_9b19dc6690ec&t=31.000&end=32.000
gait_20260909_150146_9b19dc6690ec,"[""D:\\S10Data\\050\\2026-09-09\\gait_20260909_150146_9b19dc6690ec\\bag\\bag_0.db3""]",gait_20260909_150146_9b19dc6690ec-P02,gait_20260909_150146_9b19dc6690ec-S021,32.0,33.5,source_stamp_minus_manifest_started_wall_ns,1788937306966536491,1788937338966536491,1788937340466536491,ledge_candidate,等待候选,unknown,,,,uncertain,"{""automatic_class"": ""等待候选"", ""bin_s"": 0.5, ""pitch_median_deg"": -0.81, ""max_abs_roll_pitch_deg"": 1.17, ""leg_dq_rms_median"": 0.014, ""wheel_dq_abs_median"": 0.047}","[""全段速览多次出现单个抬高边缘与平台；13/16/27/70/106s负pitch突变，45/89s正pitch突变，伴腿轮活动；中间有姿态回平和转向。19/37/50/75/93s为活动簇间候选通行分界，合并/拆分与同一高台身份均未人工确认。""]",model_visual_checked_candidate,pending,not_assessed,边界约 ±0.5–1s；未知地面可能为平地、平台或障碍上的停顿；整段 outcome 未传播。,viewer.html?id=gait_20260909_150146_9b19dc6690ec&t=32.000&end=33.500
gait_20260909_150146_9b19dc6690ec,"[""D:\\S10Data\\050\\2026-09-09\\gait_20260909_150146_9b19dc6690ec\\bag\\bag_0.db3""]",gait_20260909_150146_9b19dc6690ec-P02,gait_20260909_150146_9b19dc6690ec-S022,33.5,34.0,source_stamp_minus_manifest_started_wall_ns,1788937306966536491,1788937340466536491,1788937340966536491,ledge_candidate,行走/调整候选,unknown,,,,uncertain,"{""automatic_class"": ""行走/调整候选"", ""bin_s"": 0.5, ""pitch_median_deg"": -1.5, ""max_abs_roll_pitch_deg"": 2.84, ""leg_dq_rms_median"": 0.15, ""wheel_dq_abs_median"": 5.081}","[""全段速览多次出现单个抬高边缘与平台；13/16/27/70/106s负pitch突变，45/89s正pitch突变，伴腿轮活动；中间有姿态回平和转向。19/37/50/75/93s为活动簇间候选通行分界，合并/拆分与同一高台身份均未人工确认。""]",model_visual_checked_candidate,pending,not_assessed,边界约 ±0.5–1s；未知地面可能为平地、平台或障碍上的停顿；整段 outcome 未传播。,viewer.html?id=gait_20260909_150146_9b19dc6690ec&t=33.500&end=34.000
gait_20260909_150146_9b19dc6690ec,"[""D:\\S10Data\\050\\2026-09-09\\gait_20260909_150146_9b19dc6690ec\\bag\\bag_0.db3""]",gait_20260909_150146_9b19dc6690ec-P02,gait_20260909_150146_9b19dc6690ec-S023,34.0,37.0,source_stamp_minus_manifest_started_wall_ns,1788937306966536491,1788937340966536491,1788937343966536491,ledge_candidate,转向候选,unknown,,,,uncertain,"{""automatic_class"": ""转向候选"", ""bin_s"": 0.5, ""pitch_median_deg"": -1.59, ""max_abs_roll_pitch_deg"": 4.49, ""leg_dq_rms_median"": 1.251, ""wheel_dq_abs_median"": 3.024}","[""全段速览多次出现单个抬高边缘与平台；13/16/27/70/106s负pitch突变，45/89s正pitch突变，伴腿轮活动；中间有姿态回平和转向。19/37/50/75/93s为活动簇间候选通行分界，合并/拆分与同一高台身份均未人工确认。""]",model_visual_checked_candidate,pending,not_assessed,边界约 ±0.5–1s；未知地面可能为平地、平台或障碍上的停顿；整段 outcome 未传播。,viewer.html?id=gait_20260909_150146_9b19dc6690ec&t=34.000&end=37.000
gait_20260909_150146_9b19dc6690ec,"[""D:\\S10Data\\050\\2026-09-09\\gait_20260909_150146_9b19dc6690ec\\bag\\bag_0.db3""]",gait_20260909_150146_9b19dc6690ec-P03,gait_20260909_150146_9b19dc6690ec-S024,37.0,44,source_stamp_minus_manifest_started_wall_ns,1788937306966536491,1788937343966536491,1788937350966536491,ledge_candidate,行走/调整候选,unknown,,,,uncertain,"{""automatic_class"": ""行走/调整候选"", ""bin_s"": 0.5, ""pitch_median_deg"": 0.9, ""max_abs_roll_pitch_deg"": 4.74, ""leg_dq_rms_median"": 0.156, ""wheel_dq_abs_median"": 1.415}","[""全段速览多次出现单个抬高边缘与平台；13/16/27/70/106s负pitch突变，45/89s正pitch突变，伴腿轮活动；中间有姿态回平和转向。19/37/50/75/93s为活动簇间候选通行分界，合并/拆分与同一高台身份均未人工确认。""]",model_visual_checked_candidate,pending,not_assessed,边界约 ±0.5–1s；未知地面可能为平地、平台或障碍上的停顿；整段 outcome 未传播。,viewer.html?id=gait_20260909_150146_9b19dc6690ec&t=37.000&end=44.000
gait_20260909_150146_9b19dc6690ec,"[""D:\\S10Data\\050\\2026-09-09\\gait_20260909_150146_9b19dc6690ec\\bag\\bag_0.db3""]",gait_20260909_150146_9b19dc6690ec-P03,gait_20260909_150146_9b19dc6690ec-S025,44,44.5,source_stamp_minus_manifest_started_wall_ns,1788937306966536491,1788937350966536491,1788937351466536491,ledge_candidate,行走/调整候选,unknown,,,,uncertain,"{""automatic_class"": ""行走/调整候选"", ""bin_s"": 0.5, ""pitch_median_deg"": -0.07, ""max_abs_roll_pitch_deg"": 2.14, ""leg_dq_rms_median"": 0.139, ""wheel_dq_abs_median"": 4.663}","[""全段速览多次出现单个抬高边缘与平台；13/16/27/70/106s负pitch突变，45/89s正pitch突变，伴腿轮活动；中间有姿态回平和转向。19/37/50/75/93s为活动簇间候选通行分界，合并/拆分与同一高台身份均未人工确认。"", ""43s前点云边缘后下落，45s正pitch与轮速峰值配合；下台候选。""]",model_visual_checked_candidate,pending,not_assessed,边界约 ±0.5–1s；未知地面可能为平地、平台或障碍上的停顿；整段 outcome 未传播。,viewer.html?id=gait_20260909_150146_9b19dc6690ec&t=44.000&end=44.500
gait_20260909_150146_9b19dc6690ec,"[""D:\\S10Data\\050\\2026-09-09\\gait_20260909_150146_9b19dc6690ec\\bag\\bag_0.db3""]",gait_20260909_150146_9b19dc6690ec-P03,gait_20260909_150146_9b19dc6690ec-S026,44.5,45.5,source_stamp_minus_manifest_started_wall_ns,1788937306966536491,1788937351466536491,1788937352466536491,ledge_candidate,下台候选,down_candidate,,,,uncertain,"{""automatic_class"": ""姿态变化/越障候选"", ""bin_s"": 0.5, ""pitch_median_deg"": 17.96, ""max_abs_roll_pitch_deg"": 30.29, ""leg_dq_rms_median"": 2.192, ""wheel_dq_abs_median"": 10.145}","[""全段速览多次出现单个抬高边缘与平台；13/16/27/70/106s负pitch突变，45/89s正pitch突变，伴腿轮活动；中间有姿态回平和转向。19/37/50/75/93s为活动簇间候选通行分界，合并/拆分与同一高台身份均未人工确认。"", ""43s前点云边缘后下落，45s正pitch与轮速峰值配合；下台候选。""]",model_visual_checked_candidate,pending,not_assessed,边界约 ±0.5–1s；未知地面可能为平地、平台或障碍上的停顿；整段 outcome 未传播。,viewer.html?id=gait_20260909_150146_9b19dc6690ec&t=44.500&end=45.500
gait_20260909_150146_9b19dc6690ec,"[""D:\\S10Data\\050\\2026-09-09\\gait_20260909_150146_9b19dc6690ec\\bag\\bag_0.db3""]",gait_20260909_150146_9b19dc6690ec-P03,gait_20260909_150146_9b19dc6690ec-S027,45.5,46.0,source_stamp_minus_manifest_started_wall_ns,1788937306966536491,1788937352466536491,1788937352966536491,ledge_candidate,行走/调整候选,unknown,,,,uncertain,"{""automatic_class"": ""行走/调整候选"", ""bin_s"": 0.5, ""pitch_median_deg"": 1.49, ""max_abs_roll_pitch_deg"": 5.71, ""leg_dq_rms_median"": 0.548, ""wheel_dq_abs_median"": 3.159}","[""全段速览多次出现单个抬高边缘与平台；13/16/27/70/106s负pitch突变，45/89s正pitch突变，伴腿轮活动；中间有姿态回平和转向。19/37/50/75/93s为活动簇间候选通行分界，合并/拆分与同一高台身份均未人工确认。"", ""43s前点云边缘后下落，45s正pitch与轮速峰值配合；下台候选。""]",model_visual_checked_candidate,pending,not_assessed,边界约 ±0.5–1s；未知地面可能为平地、平台或障碍上的停顿；整段 outcome 未传播。,viewer.html?id=gait_20260909_150146_9b19dc6690ec&t=45.500&end=46.000
gait_20260909_150146_9b19dc6690ec,"[""D:\\S10Data\\050\\2026-09-09\\gait_20260909_150146_9b19dc6690ec\\bag\\bag_0.db3""]",gait_20260909_150146_9b19dc6690ec-P03,gait_20260909_150146_9b19dc6690ec-S028,46.0,48.0,source_stamp_minus_manifest_started_wall_ns,1788937306966536491,1788937352966536491,1788937354966536491,ledge_candidate,等待候选,unknown,,,,uncertain,"{""automatic_class"": ""等待候选"", ""bin_s"": 0.5, ""pitch_median_deg"": 1.28, ""max_abs_roll_pitch_deg"": 2.01, ""leg_dq_rms_median"": 0.066, ""wheel_dq_abs_median"": 0.265}","[""全段速览多次出现单个抬高边缘与平台；13/16/27/70/106s负pitch突变，45/89s正pitch突变，伴腿轮活动；中间有姿态回平和转向。19/37/50/75/93s为活动簇间候选通行分界，合并/拆分与同一高台身份均未人工确认。""]",model_visual_checked_candidate,pending,not_assessed,边界约 ±0.5–1s；未知地面可能为平地、平台或障碍上的停顿；整段 outcome 未传播。,viewer.html?id=gait_20260909_150146_9b19dc6690ec&t=46.000&end=48.000
gait_20260909_150146_9b19dc6690ec,"[""D:\\S10Data\\050\\2026-09-09\\gait_20260909_150146_9b19dc6690ec\\bag\\bag_0.db3""]",gait_20260909_150146_9b19dc6690ec-P03,gait_20260909_150146_9b19dc6690ec-S029,48.0,49.0,source_stamp_minus_manifest_started_wall_ns,1788937306966536491,1788937354966536491,1788937355966536491,ledge_candidate,行走/调整候选,unknown,,,,uncertain,"{""automatic_class"": ""行走/调整候选"", ""bin_s"": 0.5, ""pitch_median_deg"": 0.74, ""max_abs_roll_pitch_deg"": 1.5, ""leg_dq_rms_median"": 0.484, ""wheel_dq_abs_median"": 0.23}","[""全段速览多次出现单个抬高边缘与平台；13/16/27/70/106s负pitch突变，45/89s正pitch突变，伴腿轮活动；中间有姿态回平和转向。19/37/50/75/93s为活动簇间候选通行分界，合并/拆分与同一高台身份均未人工确认。""]",model_visual_checked_candidate,pending,not_assessed,边界约 ±0.5–1s；未知地面可能为平地、平台或障碍上的停顿；整段 outcome 未传播。,viewer.html?id=gait_20260909_150146_9b19dc6690ec&t=48.000&end=49.000
gait_20260909_150146_9b19dc6690ec,"[""D:\\S10Data\\050\\2026-09-09\\gait_20260909_150146_9b19dc6690ec\\bag\\bag_0.db3""]",gait_20260909_150146_9b19dc6690ec-P03,gait_20260909_150146_9b19dc6690ec-S030,49.0,50.0,source_stamp_minus_manifest_started_wall_ns,1788937306966536491,1788937355966536491,1788937356966536491,ledge_candidate,转向候选,unknown,,,,uncertain,"{""automatic_class"": ""转向候选"", ""bin_s"": 0.5, ""pitch_median_deg"": -1.24, ""max_abs_roll_pitch_deg"": 2.97, ""leg_dq_rms_median"": 1.196, ""wheel_dq_abs_median"": 2.096}","[""全段速览多次出现单个抬高边缘与平台；13/16/27/70/106s负pitch突变，45/89s正pitch突变，伴腿轮活动；中间有姿态回平和转向。19/37/50/75/93s为活动簇间候选通行分界，合并/拆分与同一高台身份均未人工确认。""]",model_visual_checked_candidate,pending,not_assessed,边界约 ±0.5–1s；未知地面可能为平地、平台或障碍上的停顿；整段 outcome 未传播。,viewer.html?id=gait_20260909_150146_9b19dc6690ec&t=49.000&end=50.000
gait_20260909_150146_9b19dc6690ec,"[""D:\\S10Data\\050\\2026-09-09\\gait_20260909_150146_9b19dc6690ec\\bag\\bag_0.db3""]",gait_20260909_150146_9b19dc6690ec-P04,gait_20260909_150146_9b19dc6690ec-S031,50.0,52.5,source_stamp_minus_manifest_started_wall_ns,1788937306966536491,1788937356966536491,1788937359466536491,ledge_candidate,转向候选,unknown,,,,uncertain,"{""automatic_class"": ""转向候选"", ""bin_s"": 0.5, ""pitch_median_deg"": -1.77, ""max_abs_roll_pitch_deg"": 3.45, ""leg_dq_rms_median"": 1.374, ""wheel_dq_abs_median"": 2.665}","[""全段速览多次出现单个抬高边缘与平台；13/16/27/70/106s负pitch突变，45/89s正pitch突变，伴腿轮活动；中间有姿态回平和转向。19/37/50/75/93s为活动簇间候选通行分界，合并/拆分与同一高台身份均未人工确认。""]",model_visual_checked_candidate,pending,not_assessed,边界约 ±0.5–1s；未知地面可能为平地、平台或障碍上的停顿；整段 outcome 未传播。,viewer.html?id=gait_20260909_150146_9b19dc6690ec&t=50.000&end=52.500
gait_20260909_150146_9b19dc6690ec,"[""D:\\S10Data\\050\\2026-09-09\\gait_20260909_150146_9b19dc6690ec\\bag\\bag_0.db3""]",gait_20260909_150146_9b19dc6690ec-P04,gait_20260909_150146_9b19dc6690ec-S032,52.5,55.0,source_stamp_minus_manifest_started_wall_ns,1788937306966536491,1788937359466536491,1788937361966536491,ledge_candidate,行走/调整候选,unknown,,,,uncertain,"{""automatic_class"": ""行走/调整候选"", ""bin_s"": 0.5, ""pitch_median_deg"": 0.09, ""max_abs_roll_pitch_deg"": 3.98, ""leg_dq_rms_median"": 0.234, ""wheel_dq_abs_median"": 1.32}","[""全段速览多次出现单个抬高边缘与平台；13/16/27/70/106s负pitch突变，45/89s正pitch突变，伴腿轮活动；中间有姿态回平和转向。19/37/50/75/93s为活动簇间候选通行分界，合并/拆分与同一高台身份均未人工确认。""]",model_visual_checked_candidate,pending,not_assessed,边界约 ±0.5–1s；未知地面可能为平地、平台或障碍上的停顿；整段 outcome 未传播。,viewer.html?id=gait_20260909_150146_9b19dc6690ec&t=52.500&end=55.000
gait_20260909_150146_9b19dc6690ec,"[""D:\\S10Data\\050\\2026-09-09\\gait_20260909_150146_9b19dc6690ec\\bag\\bag_0.db3""]",gait_20260909_150146_9b19dc6690ec-P04,gait_20260909_150146_9b19dc6690ec-S033,55.0,57.0,source_stamp_minus_manifest_started_wall_ns,1788937306966536491,1788937361966536491,1788937363966536491,ledge_candidate,等待候选,unknown,,,,uncertain,"{""automatic_class"": ""等待候选"", ""bin_s"": 0.5, ""pitch_median_deg"": -0.63, ""max_abs_roll_pitch_deg"": 0.88, ""leg_dq_rms_median"": 0.01, ""wheel_dq_abs_median"": 0.085}","[""全段速览多次出现单个抬高边缘与平台；13/16/27/70/106s负pitch突变，45/89s正pitch突变，伴腿轮活动；中间有姿态回平和转向。19/37/50/75/93s为活动簇间候选通行分界，合并/拆分与同一高台身份均未人工确认。""]",model_visual_checked_candidate,pending,not_assessed,边界约 ±0.5–1s；未知地面可能为平地、平台或障碍上的停顿；整段 outcome 未传播。,viewer.html?id=gait_20260909_150146_9b19dc6690ec&t=55.000&end=57.000
gait_20260909_150146_9b19dc6690ec,"[""D:\\S10Data\\050\\2026-09-09\\gait_20260909_150146_9b19dc6690ec\\bag\\bag_0.db3""]",gait_20260909_150146_9b19dc6690ec-P04,gait_20260909_150146_9b19dc6690ec-S034,57.0,66.5,source_stamp_minus_manifest_started_wall_ns,1788937306966536491,1788937363966536491,1788937373466536491,ledge_candidate,行走/调整候选,unknown,,,,uncertain,"{""automatic_class"": ""行走/调整候选"", ""bin_s"": 0.5, ""pitch_median_deg"": -1.26, ""max_abs_roll_pitch_deg"": 4.24, ""leg_dq_rms_median"": 0.85, ""wheel_dq_abs_median"": 2.378}","[""全段速览多次出现单个抬高边缘与平台；13/16/27/70/106s负pitch突变，45/89s正pitch突变，伴腿轮活动；中间有姿态回平和转向。19/37/50/75/93s为活动簇间候选通行分界，合并/拆分与同一高台身份均未人工确认。""]",model_visual_checked_candidate,pending,not_assessed,边界约 ±0.5–1s；未知地面可能为平地、平台或障碍上的停顿；整段 outcome 未传播。,viewer.html?id=gait_20260909_150146_9b19dc6690ec&t=57.000&end=66.500
gait_20260909_150146_9b19dc6690ec,"[""D:\\S10Data\\050\\2026-09-09\\gait_20260909_150146_9b19dc6690ec\\bag\\bag_0.db3""]",gait_20260909_150146_9b19dc6690ec-P04,gait_20260909_150146_9b19dc6690ec-S035,66.5,67.5,source_stamp_minus_manifest_started_wall_ns,1788937306966536491,1788937373466536491,1788937374466536491,ledge_candidate,等待候选,unknown,,,,uncertain,"{""automatic_class"": ""等待候选"", ""bin_s"": 0.5, ""pitch_median_deg"": 1.21, ""max_abs_roll_pitch_deg"": 1.35, ""leg_dq_rms_median"": 0.032, ""wheel_dq_abs_median"": 0.077}","[""全段速览多次出现单个抬高边缘与平台；13/16/27/70/106s负pitch突变，45/89s正pitch突变，伴腿轮活动；中间有姿态回平和转向。19/37/50/75/93s为活动簇间候选通行分界，合并/拆分与同一高台身份均未人工确认。""]",model_visual_checked_candidate,pending,not_assessed,边界约 ±0.5–1s；未知地面可能为平地、平台或障碍上的停顿；整段 outcome 未传播。,viewer.html?id=gait_20260909_150146_9b19dc6690ec&t=66.500&end=67.500
gait_20260909_150146_9b19dc6690ec,"[""D:\\S10Data\\050\\2026-09-09\\gait_20260909_150146_9b19dc6690ec\\bag\\bag_0.db3""]",gait_20260909_150146_9b19dc6690ec-P04,gait_20260909_150146_9b19dc6690ec-S036,67.5,69,source_stamp_minus_manifest_started_wall_ns,1788937306966536491,1788937374466536491,1788937375966536491,ledge_candidate,行走/调整候选,unknown,,,,uncertain,"{""automatic_class"": ""行走/调整候选"", ""bin_s"": 0.5, ""pitch_median_deg"": 0.54, ""max_abs_roll_pitch_deg"": 2.49, ""leg_dq_rms_median"": 0.288, ""wheel_dq_abs_median"": 1.605}","[""全段速览多次出现单个抬高边缘与平台；13/16/27/70/106s负pitch突变，45/89s正pitch突变，伴腿轮活动；中间有姿态回平和转向。19/37/50/75/93s为活动簇间候选通行分界，合并/拆分与同一高台身份均未人工确认。""]",model_visual_checked_candidate,pending,not_assessed,边界约 ±0.5–1s；未知地面可能为平地、平台或障碍上的停顿；整段 outcome 未传播。,viewer.html?id=gait_20260909_150146_9b19dc6690ec&t=67.500&end=69.000
gait_20260909_150146_9b19dc6690ec,"[""D:\\S10Data\\050\\2026-09-09\\gait_20260909_150146_9b19dc6690ec\\bag\\bag_0.db3""]",gait_20260909_150146_9b19dc6690ec-P04,gait_20260909_150146_9b19dc6690ec-S037,69,69.5,source_stamp_minus_manifest_started_wall_ns,1788937306966536491,1788937375966536491,1788937376466536491,ledge_candidate,行走/调整候选,unknown,,,,uncertain,"{""automatic_class"": ""行走/调整候选"", ""bin_s"": 0.5, ""pitch_median_deg"": -1.41, ""max_abs_roll_pitch_deg"": 2.63, ""leg_dq_rms_median"": 0.685, ""wheel_dq_abs_median"": 6.887}","[""全段速览多次出现单个抬高边缘与平台；13/16/27/70/106s负pitch突变，45/89s正pitch突变，伴腿轮活动；中间有姿态回平和转向。19/37/50/75/93s为活动簇间候选通行分界，合并/拆分与同一高台身份均未人工确认。""]",model_visual_checked_candidate,pending,not_assessed,边界约 ±0.5–1s；未知地面可能为平地、平台或障碍上的停顿；整段 outcome 未传播。,viewer.html?id=gait_20260909_150146_9b19dc6690ec&t=69.000&end=69.500
gait_20260909_150146_9b19dc6690ec,"[""D:\\S10Data\\050\\2026-09-09\\gait_20260909_150146_9b19dc6690ec\\bag\\bag_0.db3""]",gait_20260909_150146_9b19dc6690ec-P04,gait_20260909_150146_9b19dc6690ec-S038,69.5,70.0,source_stamp_minus_manifest_started_wall_ns,1788937306966536491,1788937376466536491,1788937376966536491,ledge_candidate,姿态变化/越障候选,unknown,,,,uncertain,"{""automatic_class"": ""姿态变化/越障候选"", ""bin_s"": 0.5, ""pitch_median_deg"": -21.48, ""max_abs_roll_pitch_deg"": 27.97, ""leg_dq_rms_median"": 3.257, ""wheel_dq_abs_median"": 7.531}","[""全段速览多次出现单个抬高边缘与平台；13/16/27/70/106s负pitch突变，45/89s正pitch突变，伴腿轮活动；中间有姿态回平和转向。19/37/50/75/93s为活动簇间候选通行分界，合并/拆分与同一高台身份均未人工确认。""]",model_visual_checked_candidate,pending,not_assessed,边界约 ±0.5–1s；未知地面可能为平地、平台或障碍上的停顿；整段 outcome 未传播。,viewer.html?id=gait_20260909_150146_9b19dc6690ec&t=69.500&end=70.000
gait_20260909_150146_9b19dc6690ec,"[""D:\\S10Data\\050\\2026-09-09\\gait_20260909_150146_9b19dc6690ec\\bag\\bag_0.db3""]",gait_20260909_150146_9b19dc6690ec-P04,gait_20260909_150146_9b19dc6690ec-S039,70.0,71,source_stamp_minus_manifest_started_wall_ns,1788937306966536491,1788937376966536491,1788937377966536491,ledge_candidate,行走/调整候选,unknown,,,,uncertain,"{""automatic_class"": ""行走/调整候选"", ""bin_s"": 0.5, ""pitch_median_deg"": -3.85, ""max_abs_roll_pitch_deg"": 18.3, ""leg_dq_rms_median"": 2.594, ""wheel_dq_abs_median"": 7.336}","[""全段速览多次出现单个抬高边缘与平台；13/16/27/70/106s负pitch突变，45/89s正pitch突变，伴腿轮活动；中间有姿态回平和转向。19/37/50/75/93s为活动簇间候选通行分界，合并/拆分与同一高台身份均未人工确认。""]",model_visual_checked_candidate,pending,not_assessed,边界约 ±0.5–1s；未知地面可能为平地、平台或障碍上的停顿；整段 outcome 未传播。,viewer.html?id=gait_20260909_150146_9b19dc6690ec&t=70.000&end=71.000
gait_20260909_150146_9b19dc6690ec,"[""D:\\S10Data\\050\\2026-09-09\\gait_20260909_150146_9b19dc6690ec\\bag\\bag_0.db3""]",gait_20260909_150146_9b19dc6690ec-P04,gait_20260909_150146_9b19dc6690ec-S040,71,74.5,source_stamp_minus_manifest_started_wall_ns,1788937306966536491,1788937377966536491,1788937381466536491,ledge_candidate,行走/调整候选,unknown,,,,uncertain,"{""automatic_class"": ""行走/调整候选"", ""bin_s"": 0.5, ""pitch_median_deg"": 0.29, ""max_abs_roll_pitch_deg"": 2.76, ""leg_dq_rms_median"": 0.27, ""wheel_dq_abs_median"": 1.028}","[""全段速览多次出现单个抬高边缘与平台；13/16/27/70/106s负pitch突变，45/89s正pitch突变，伴腿轮活动；中间有姿态回平和转向。19/37/50/75/93s为活动簇间候选通行分界，合并/拆分与同一高台身份均未人工确认。""]",model_visual_checked_candidate,pending,not_assessed,边界约 ±0.5–1s；未知地面可能为平地、平台或障碍上的停顿；整段 outcome 未传播。,viewer.html?id=gait_20260909_150146_9b19dc6690ec&t=71.000&end=74.500
gait_20260909_150146_9b19dc6690ec,"[""D:\\S10Data\\050\\2026-09-09\\gait_20260909_150146_9b19dc6690ec\\bag\\bag_0.db3""]",gait_20260909_150146_9b19dc6690ec-P04,gait_20260909_150146_9b19dc6690ec-S041,74.5,75.0,source_stamp_minus_manifest_started_wall_ns,1788937306966536491,1788937381466536491,1788937381966536491,ledge_candidate,转向候选,unknown,,,,uncertain,"{""automatic_class"": ""转向候选"", ""bin_s"": 0.5, ""pitch_median_deg"": -2.29, ""max_abs_roll_pitch_deg"": 3.1, ""leg_dq_rms_median"": 1.196, ""wheel_dq_abs_median"": 12.146}","[""全段速览多次出现单个抬高边缘与平台；13/16/27/70/106s负pitch突变，45/89s正pitch突变，伴腿轮活动；中间有姿态回平和转向。19/37/50/75/93s为活动簇间候选通行分界，合并/拆分与同一高台身份均未人工确认。""]",model_visual_checked_candidate,pending,not_assessed,边界约 ±0.5–1s；未知地面可能为平地、平台或障碍上的停顿；整段 outcome 未传播。,viewer.html?id=gait_20260909_150146_9b19dc6690ec&t=74.500&end=75.000
gait_20260909_150146_9b19dc6690ec,"[""D:\\S10Data\\050\\2026-09-09\\gait_20260909_150146_9b19dc6690ec\\bag\\bag_0.db3""]",gait_20260909_150146_9b19dc6690ec-P05,gait_20260909_150146_9b19dc6690ec-S042,75.0,76.5,source_stamp_minus_manifest_started_wall_ns,1788937306966536491,1788937381966536491,1788937383466536491,ledge_candidate,转向候选,unknown,,,,uncertain,"{""automatic_class"": ""转向候选"", ""bin_s"": 0.5, ""pitch_median_deg"": -1.62, ""max_abs_roll_pitch_deg"": 3.06, ""leg_dq_rms_median"": 1.557, ""wheel_dq_abs_median"": 2.934}","[""全段速览多次出现单个抬高边缘与平台；13/16/27/70/106s负pitch突变，45/89s正pitch突变，伴腿轮活动；中间有姿态回平和转向。19/37/50/75/93s为活动簇间候选通行分界，合并/拆分与同一高台身份均未人工确认。""]",model_visual_checked_candidate,pending,not_assessed,边界约 ±0.5–1s；未知地面可能为平地、平台或障碍上的停顿；整段 outcome 未传播。,viewer.html?id=gait_20260909_150146_9b19dc6690ec&t=75.000&end=76.500
gait_20260909_150146_9b19dc6690ec,"[""D:\\S10Data\\050\\2026-09-09\\gait_20260909_150146_9b19dc6690ec\\bag\\bag_0.db3""]",gait_20260909_150146_9b19dc6690ec-P05,gait_20260909_150146_9b19dc6690ec-S043,76.5,88,source_stamp_minus_manifest_started_wall_ns,1788937306966536491,1788937383466536491,1788937394966536491,ledge_candidate,行走/调整候选,unknown,,,,uncertain,"{""automatic_class"": ""行走/调整候选"", ""bin_s"": 0.5, ""pitch_median_deg"": 0.43, ""max_abs_roll_pitch_deg"": 3.41, ""leg_dq_rms_median"": 0.885, ""wheel_dq_abs_median"": 1.655}","[""全段速览多次出现单个抬高边缘与平台；13/16/27/70/106s负pitch突变，45/89s正pitch突变，伴腿轮活动；中间有姿态回平和转向。19/37/50/75/93s为活动簇间候选通行分界，合并/拆分与同一高台身份均未人工确认。""]",model_visual_checked_candidate,pending,not_assessed,边界约 ±0.5–1s；未知地面可能为平地、平台或障碍上的停顿；整段 outcome 未传播。,viewer.html?id=gait_20260909_150146_9b19dc6690ec&t=76.500&end=88.000
gait_20260909_150146_9b19dc6690ec,"[""D:\\S10Data\\050\\2026-09-09\\gait_20260909_150146_9b19dc6690ec\\bag\\bag_0.db3""]",gait_20260909_150146_9b19dc6690ec-P05,gait_20260909_150146_9b19dc6690ec-S044,88,89.0,source_stamp_minus_manifest_started_wall_ns,1788937306966536491,1788937394966536491,1788937395966536491,ledge_candidate,行走/调整候选,unknown,,,,uncertain,"{""automatic_class"": ""行走/调整候选"", ""bin_s"": 0.5, ""pitch_median_deg"": 1.34, ""max_abs_roll_pitch_deg"": 28.68, ""leg_dq_rms_median"": 1.076, ""wheel_dq_abs_median"": 7.765}","[""全段速览多次出现单个抬高边缘与平台；13/16/27/70/106s负pitch突变，45/89s正pitch突变，伴腿轮活动；中间有姿态回平和转向。19/37/50/75/93s为活动簇间候选通行分界，合并/拆分与同一高台身份均未人工确认。"", ""81.2s前点云可见高低边缘，89s正pitch峰值，90.8s前地面形态改变；下台候选。""]",model_visual_checked_candidate,pending,not_assessed,边界约 ±0.5–1s；未知地面可能为平地、平台或障碍上的停顿；整段 outcome 未传播。,viewer.html?id=gait_20260909_150146_9b19dc6690ec&t=88.000&end=89.000
gait_20260909_150146_9b19dc6690ec,"[""D:\\S10Data\\050\\2026-09-09\\gait_20260909_150146_9b19dc6690ec\\bag\\bag_0.db3""]",gait_20260909_150146_9b19dc6690ec-P05,gait_20260909_150146_9b19dc6690ec-S045,89.0,89.5,source_stamp_minus_manifest_started_wall_ns,1788937306966536491,1788937395966536491,1788937396466536491,ledge_candidate,下台候选,down_candidate,,,,uncertain,"{""automatic_class"": ""姿态变化/越障候选"", ""bin_s"": 0.5, ""pitch_median_deg"": 27.62, ""max_abs_roll_pitch_deg"": 30.25, ""leg_dq_rms_median"": 2.613, ""wheel_dq_abs_median"": 14.422}","[""全段速览多次出现单个抬高边缘与平台；13/16/27/70/106s负pitch突变，45/89s正pitch突变，伴腿轮活动；中间有姿态回平和转向。19/37/50/75/93s为活动簇间候选通行分界，合并/拆分与同一高台身份均未人工确认。"", ""81.2s前点云可见高低边缘，89s正pitch峰值，90.8s前地面形态改变；下台候选。""]",model_visual_checked_candidate,pending,not_assessed,边界约 ±0.5–1s；未知地面可能为平地、平台或障碍上的停顿；整段 outcome 未传播。,viewer.html?id=gait_20260909_150146_9b19dc6690ec&t=89.000&end=89.500
gait_20260909_150146_9b19dc6690ec,"[""D:\\S10Data\\050\\2026-09-09\\gait_20260909_150146_9b19dc6690ec\\bag\\bag_0.db3""]",gait_20260909_150146_9b19dc6690ec-P05,gait_20260909_150146_9b19dc6690ec-S046,89.5,90,source_stamp_minus_manifest_started_wall_ns,1788937306966536491,1788937396466536491,1788937396966536491,ledge_candidate,行走/调整候选,unknown,,,,uncertain,"{""automatic_class"": ""行走/调整候选"", ""bin_s"": 0.5, ""pitch_median_deg"": 1.2, ""max_abs_roll_pitch_deg"": 9.63, ""leg_dq_rms_median"": 0.931, ""wheel_dq_abs_median"": 6.738}","[""全段速览多次出现单个抬高边缘与平台；13/16/27/70/106s负pitch突变，45/89s正pitch突变，伴腿轮活动；中间有姿态回平和转向。19/37/50/75/93s为活动簇间候选通行分界，合并/拆分与同一高台身份均未人工确认。"", ""81.2s前点云可见高低边缘，89s正pitch峰值，90.8s前地面形态改变；下台候选。""]",model_visual_checked_candidate,pending,not_assessed,边界约 ±0.5–1s；未知地面可能为平地、平台或障碍上的停顿；整段 outcome 未传播。,viewer.html?id=gait_20260909_150146_9b19dc6690ec&t=89.500&end=90.000
gait_20260909_150146_9b19dc6690ec,"[""D:\\S10Data\\050\\2026-09-09\\gait_20260909_150146_9b19dc6690ec\\bag\\bag_0.db3""]",gait_20260909_150146_9b19dc6690ec-P05,gait_20260909_150146_9b19dc6690ec-S047,90,92.5,source_stamp_minus_manifest_started_wall_ns,1788937306966536491,1788937396966536491,1788937399466536491,ledge_candidate,行走/调整候选,unknown,,,,uncertain,"{""automatic_class"": ""行走/调整候选"", ""bin_s"": 0.5, ""pitch_median_deg"": 1.79, ""max_abs_roll_pitch_deg"": 2.45, ""leg_dq_rms_median"": 0.172, ""wheel_dq_abs_median"": 0.632}","[""全段速览多次出现单个抬高边缘与平台；13/16/27/70/106s负pitch突变，45/89s正pitch突变，伴腿轮活动；中间有姿态回平和转向。19/37/50/75/93s为活动簇间候选通行分界，合并/拆分与同一高台身份均未人工确认。""]",model_visual_checked_candidate,pending,not_assessed,边界约 ±0.5–1s；未知地面可能为平地、平台或障碍上的停顿；整段 outcome 未传播。,viewer.html?id=gait_20260909_150146_9b19dc6690ec&t=90.000&end=92.500
gait_20260909_150146_9b19dc6690ec,"[""D:\\S10Data\\050\\2026-09-09\\gait_20260909_150146_9b19dc6690ec\\bag\\bag_0.db3""]",gait_20260909_150146_9b19dc6690ec-P05,gait_20260909_150146_9b19dc6690ec-S048,92.5,93.0,source_stamp_minus_manifest_started_wall_ns,1788937306966536491,1788937399466536491,1788937399966536491,ledge_candidate,转向候选,unknown,,,,uncertain,"{""automatic_class"": ""转向候选"", ""bin_s"": 0.5, ""pitch_median_deg"": -1.38, ""max_abs_roll_pitch_deg"": 2.77, ""leg_dq_rms_median"": 1.49, ""wheel_dq_abs_median"": 6.014}","[""全段速览多次出现单个抬高边缘与平台；13/16/27/70/106s负pitch突变，45/89s正pitch突变，伴腿轮活动；中间有姿态回平和转向。19/37/50/75/93s为活动簇间候选通行分界，合并/拆分与同一高台身份均未人工确认。""]",model_visual_checked_candidate,pending,not_assessed,边界约 ±0.5–1s；未知地面可能为平地、平台或障碍上的停顿；整段 outcome 未传播。,viewer.html?id=gait_20260909_150146_9b19dc6690ec&t=92.500&end=93.000
gait_20260909_150146_9b19dc6690ec,"[""D:\\S10Data\\050\\2026-09-09\\gait_20260909_150146_9b19dc6690ec\\bag\\bag_0.db3""]",gait_20260909_150146_9b19dc6690ec-P06,gait_20260909_150146_9b19dc6690ec-S049,93.0,94.5,source_stamp_minus_manifest_started_wall_ns,1788937306966536491,1788937399966536491,1788937401466536491,ledge_candidate,转向候选,unknown,,,,uncertain,"{""automatic_class"": ""转向候选"", ""bin_s"": 0.5, ""pitch_median_deg"": -3.1, ""max_abs_roll_pitch_deg"": 3.84, ""leg_dq_rms_median"": 1.366, ""wheel_dq_abs_median"": 2.76}","[""全段速览多次出现单个抬高边缘与平台；13/16/27/70/106s负pitch突变，45/89s正pitch突变，伴腿轮活动；中间有姿态回平和转向。19/37/50/75/93s为活动簇间候选通行分界，合并/拆分与同一高台身份均未人工确认。""]",model_visual_checked_candidate,pending,not_assessed,边界约 ±0.5–1s；未知地面可能为平地、平台或障碍上的停顿；整段 outcome 未传播。,viewer.html?id=gait_20260909_150146_9b19dc6690ec&t=93.000&end=94.500
gait_20260909_150146_9b19dc6690ec,"[""D:\\S10Data\\050\\2026-09-09\\gait_20260909_150146_9b19dc6690ec\\bag\\bag_0.db3""]",gait_20260909_150146_9b19dc6690ec-P06,gait_20260909_150146_9b19dc6690ec-S050,94.5,100.0,source_stamp_minus_manifest_started_wall_ns,1788937306966536491,1788937401466536491,1788937406966536491,ledge_candidate,行走/调整候选,unknown,,,,uncertain,"{""automatic_class"": ""行走/调整候选"", ""bin_s"": 0.5, ""pitch_median_deg"": -2.52, ""max_abs_roll_pitch_deg"": 4.21, ""leg_dq_rms_median"": 1.127, ""wheel_dq_abs_median"": 1.968}","[""全段速览多次出现单个抬高边缘与平台；13/16/27/70/106s负pitch突变，45/89s正pitch突变，伴腿轮活动；中间有姿态回平和转向。19/37/50/75/93s为活动簇间候选通行分界，合并/拆分与同一高台身份均未人工确认。""]",model_visual_checked_candidate,pending,not_assessed,边界约 ±0.5–1s；未知地面可能为平地、平台或障碍上的停顿；整段 outcome 未传播。,viewer.html?id=gait_20260909_150146_9b19dc6690ec&t=94.500&end=100.000
gait_20260909_150146_9b19dc6690ec,"[""D:\\S10Data\\050\\2026-09-09\\gait_20260909_150146_9b19dc6690ec\\bag\\bag_0.db3""]",gait_20260909_150146_9b19dc6690ec-P06,gait_20260909_150146_9b19dc6690ec-S051,100.0,103.5,source_stamp_minus_manifest_started_wall_ns,1788937306966536491,1788937406966536491,1788937410466536491,ledge_candidate,等待候选,unknown,,,,uncertain,"{""automatic_class"": ""等待候选"", ""bin_s"": 0.5, ""pitch_median_deg"": 0.2, ""max_abs_roll_pitch_deg"": 0.93, ""leg_dq_rms_median"": 0.007, ""wheel_dq_abs_median"": 0.014}","[""全段速览多次出现单个抬高边缘与平台；13/16/27/70/106s负pitch突变，45/89s正pitch突变，伴腿轮活动；中间有姿态回平和转向。19/37/50/75/93s为活动簇间候选通行分界，合并/拆分与同一高台身份均未人工确认。""]",model_visual_checked_candidate,pending,not_assessed,边界约 ±0.5–1s；未知地面可能为平地、平台或障碍上的停顿；整段 outcome 未传播。,viewer.html?id=gait_20260909_150146_9b19dc6690ec&t=100.000&end=103.500
gait_20260909_150146_9b19dc6690ec,"[""D:\\S10Data\\050\\2026-09-09\\gait_20260909_150146_9b19dc6690ec\\bag\\bag_0.db3""]",gait_20260909_150146_9b19dc6690ec-P06,gait_20260909_150146_9b19dc6690ec-S052,103.5,105,source_stamp_minus_manifest_started_wall_ns,1788937306966536491,1788937410466536491,1788937411966536491,ledge_candidate,行走/调整候选,unknown,,,,uncertain,"{""automatic_class"": ""行走/调整候选"", ""bin_s"": 0.5, ""pitch_median_deg"": -0.5, ""max_abs_roll_pitch_deg"": 4.89, ""leg_dq_rms_median"": 0.596, ""wheel_dq_abs_median"": 0.903}","[""全段速览多次出现单个抬高边缘与平台；13/16/27/70/106s负pitch突变，45/89s正pitch突变，伴腿轮活动；中间有姿态回平和转向。19/37/50/75/93s为活动簇间候选通行分界，合并/拆分与同一高台身份均未人工确认。""]",model_visual_checked_candidate,pending,not_assessed,边界约 ±0.5–1s；未知地面可能为平地、平台或障碍上的停顿；整段 outcome 未传播。,viewer.html?id=gait_20260909_150146_9b19dc6690ec&t=103.500&end=105.000
gait_20260909_150146_9b19dc6690ec,"[""D:\\S10Data\\050\\2026-09-09\\gait_20260909_150146_9b19dc6690ec\\bag\\bag_0.db3""]",gait_20260909_150146_9b19dc6690ec-P06,gait_20260909_150146_9b19dc6690ec-S053,105,106.0,source_stamp_minus_manifest_started_wall_ns,1788937306966536491,1788937411966536491,1788937412966536491,ledge_candidate,行走/调整候选,unknown,,,,uncertain,"{""automatic_class"": ""行走/调整候选"", ""bin_s"": 0.5, ""pitch_median_deg"": -1.58, ""max_abs_roll_pitch_deg"": 13.37, ""leg_dq_rms_median"": 1.192, ""wheel_dq_abs_median"": 3.033}","[""全段速览多次出现单个抬高边缘与平台；13/16/27/70/106s负pitch突变，45/89s正pitch突变，伴腿轮活动；中间有姿态回平和转向。19/37/50/75/93s为活动簇间候选通行分界，合并/拆分与同一高台身份均未人工确认。""]",model_visual_checked_candidate,pending,not_assessed,边界约 ±0.5–1s；未知地面可能为平地、平台或障碍上的停顿；整段 outcome 未传播。,viewer.html?id=gait_20260909_150146_9b19dc6690ec&t=105.000&end=106.000
gait_20260909_150146_9b19dc6690ec,"[""D:\\S10Data\\050\\2026-09-09\\gait_20260909_150146_9b19dc6690ec\\bag\\bag_0.db3""]",gait_20260909_150146_9b19dc6690ec-P06,gait_20260909_150146_9b19dc6690ec-S054,106.0,107.0,source_stamp_minus_manifest_started_wall_ns,1788937306966536491,1788937412966536491,1788937413966536491,ledge_candidate,姿态变化/越障候选,unknown,,,,uncertain,"{""automatic_class"": ""姿态变化/越障候选"", ""bin_s"": 0.5, ""pitch_median_deg"": -18.39, ""max_abs_roll_pitch_deg"": 32.99, ""leg_dq_rms_median"": 3.523, ""wheel_dq_abs_median"": 7.511}","[""全段速览多次出现单个抬高边缘与平台；13/16/27/70/106s负pitch突变，45/89s正pitch突变，伴腿轮活动；中间有姿态回平和转向。19/37/50/75/93s为活动簇间候选通行分界，合并/拆分与同一高台身份均未人工确认。""]",model_visual_checked_candidate,pending,not_assessed,边界约 ±0.5–1s；未知地面可能为平地、平台或障碍上的停顿；整段 outcome 未传播。,viewer.html?id=gait_20260909_150146_9b19dc6690ec&t=106.000&end=107.000
gait_20260909_150146_9b19dc6690ec,"[""D:\\S10Data\\050\\2026-09-09\\gait_20260909_150146_9b19dc6690ec\\bag\\bag_0.db3""]",gait_20260909_150146_9b19dc6690ec-P06,gait_20260909_150146_9b19dc6690ec-S055,107.0,108,source_stamp_minus_manifest_started_wall_ns,1788937306966536491,1788937413966536491,1788937414966536491,ledge_candidate,行走/调整候选,unknown,,,,uncertain,"{""automatic_class"": ""行走/调整候选"", ""bin_s"": 0.5, ""pitch_median_deg"": -0.79, ""max_abs_roll_pitch_deg"": 7.12, ""leg_dq_rms_median"": 0.553, ""wheel_dq_abs_median"": 8.546}","[""全段速览多次出现单个抬高边缘与平台；13/16/27/70/106s负pitch突变，45/89s正pitch突变，伴腿轮活动；中间有姿态回平和转向。19/37/50/75/93s为活动簇间候选通行分界，合并/拆分与同一高台身份均未人工确认。""]",model_visual_checked_candidate,pending,not_assessed,边界约 ±0.5–1s；未知地面可能为平地、平台或障碍上的停顿；整段 outcome 未传播。,viewer.html?id=gait_20260909_150146_9b19dc6690ec&t=107.000&end=108.000
gait_20260909_150146_9b19dc6690ec,"[""D:\\S10Data\\050\\2026-09-09\\gait_20260909_150146_9b19dc6690ec\\bag\\bag_0.db3""]",gait_20260909_150146_9b19dc6690ec-P06,gait_20260909_150146_9b19dc6690ec-S056,108,110.5,source_stamp_minus_manifest_started_wall_ns,1788937306966536491,1788937414966536491,1788937417466536491,ledge_candidate,行走/调整候选,unknown,,,,uncertain,"{""automatic_class"": ""行走/调整候选"", ""bin_s"": 0.5, ""pitch_median_deg"": 1.36, ""max_abs_roll_pitch_deg"": 4.17, ""leg_dq_rms_median"": 0.333, ""wheel_dq_abs_median"": 0.471}","[""全段速览多次出现单个抬高边缘与平台；13/16/27/70/106s负pitch突变，45/89s正pitch突变，伴腿轮活动；中间有姿态回平和转向。19/37/50/75/93s为活动簇间候选通行分界，合并/拆分与同一高台身份均未人工确认。""]",model_visual_checked_candidate,pending,not_assessed,边界约 ±0.5–1s；未知地面可能为平地、平台或障碍上的停顿；整段 outcome 未传播。,viewer.html?id=gait_20260909_150146_9b19dc6690ec&t=108.000&end=110.500
gait_20260909_150146_9b19dc6690ec,"[""D:\\S10Data\\050\\2026-09-09\\gait_20260909_150146_9b19dc6690ec\\bag\\bag_0.db3""]",gait_20260909_150146_9b19dc6690ec-P06,gait_20260909_150146_9b19dc6690ec-S057,110.5,114.63989696200008,source_stamp_minus_manifest_started_wall_ns,1788937306966536491,1788937417466536491,1788937421606433453,ledge_candidate,等待候选,unknown,,,,uncertain,"{""automatic_class"": ""等待候选"", ""bin_s"": 0.5, ""pitch_median_deg"": 1.34, ""max_abs_roll_pitch_deg"": 1.52, ""leg_dq_rms_median"": 0.007, ""wheel_dq_abs_median"": 0.016}","[""全段速览多次出现单个抬高边缘与平台；13/16/27/70/106s负pitch突变，45/89s正pitch突变，伴腿轮活动；中间有姿态回平和转向。19/37/50/75/93s为活动簇间候选通行分界，合并/拆分与同一高台身份均未人工确认。""]",model_visual_checked_candidate,pending,not_assessed,边界约 ±0.5–1s；未知地面可能为平地、平台或障碍上的停顿；整段 outcome 未传播。,viewer.html?id=gait_20260909_150146_9b19dc6690ec&t=110.500&end=114.640
gait_20260909_150705_4fe2b5f8eebd,"[""D:\\S10Data\\050\\2026-09-09\\gait_20260909_150705_4fe2b5f8eebd\\bag\\bag_0.db3""]",gait_20260909_150705_4fe2b5f8eebd-P01,gait_20260909_150705_4fe2b5f8eebd-S001,0.0,0.5,source_stamp_minus_manifest_started_wall_ns,1788937625907206844,1788937625907206844,1788937626407206844,ledge_candidate,等待候选,unknown,,,,uncertain,"{""automatic_class"": ""等待候选"", ""bin_s"": 0.5, ""pitch_median_deg"": 2.64, ""max_abs_roll_pitch_deg"": 2.64, ""leg_dq_rms_median"": 0.007, ""wheel_dq_abs_median"": 0.015}","[""点云反复出现前方台沿与后方地面；11–18、28–36、40–43.5、63–65.5、81–84s有多次姿态/关节活动簇。23/38/48/78s为候选通行分界；第一簇同时有正负pitch与大roll，不能逐峰当作成功上/下台。66–80s长时间近静止但0x1002仍保持。""]",model_visual_checked_candidate,pending,not_assessed,边界约 ±0.5–1s；未知地面可能为平地、平台或障碍上的停顿；整段 outcome 未传播。,viewer.html?id=gait_20260909_150705_4fe2b5f8eebd&t=0.000&end=0.500
gait_20260909_150705_4fe2b5f8eebd,"[""D:\\S10Data\\050\\2026-09-09\\gait_20260909_150705_4fe2b5f8eebd\\bag\\bag_0.db3""]",gait_20260909_150705_4fe2b5f8eebd-P01,gait_20260909_150705_4fe2b5f8eebd-S002,0.5,5.5,source_stamp_minus_manifest_started_wall_ns,1788937625907206844,1788937626407206844,1788937631407206844,ledge_candidate,行走/调整候选,unknown,,,,uncertain,"{""automatic_class"": ""行走/调整候选"", ""bin_s"": 0.5, ""pitch_median_deg"": 2.06, ""max_abs_roll_pitch_deg"": 4.68, ""leg_dq_rms_median"": 0.169, ""wheel_dq_abs_median"": 2.592}","[""点云反复出现前方台沿与后方地面；11–18、28–36、40–43.5、63–65.5、81–84s有多次姿态/关节活动簇。23/38/48/78s为候选通行分界；第一簇同时有正负pitch与大roll，不能逐峰当作成功上/下台。66–80s长时间近静止但0x1002仍保持。""]",model_visual_checked_candidate,pending,not_assessed,边界约 ±0.5–1s；未知地面可能为平地、平台或障碍上的停顿；整段 outcome 未传播。,viewer.html?id=gait_20260909_150705_4fe2b5f8eebd&t=0.500&end=5.500
gait_20260909_150705_4fe2b5f8eebd,"[""D:\\S10Data\\050\\2026-09-09\\gait_20260909_150705_4fe2b5f8eebd\\bag\\bag_0.db3""]",gait_20260909_150705_4fe2b5f8eebd-P01,gait_20260909_150705_4fe2b5f8eebd-S003,5.5,8.5,source_stamp_minus_manifest_started_wall_ns,1788937625907206844,1788937631407206844,1788937634407206844,ledge_candidate,等待候选,unknown,,,,uncertain,"{""automatic_class"": ""等待候选"", ""bin_s"": 0.5, ""pitch_median_deg"": 3.42, ""max_abs_roll_pitch_deg"": 5.6, ""leg_dq_rms_median"": 0.024, ""wheel_dq_abs_median"": 0.059}","[""点云反复出现前方台沿与后方地面；11–18、28–36、40–43.5、63–65.5、81–84s有多次姿态/关节活动簇。23/38/48/78s为候选通行分界；第一簇同时有正负pitch与大roll，不能逐峰当作成功上/下台。66–80s长时间近静止但0x1002仍保持。""]",model_visual_checked_candidate,pending,not_assessed,边界约 ±0.5–1s；未知地面可能为平地、平台或障碍上的停顿；整段 outcome 未传播。,viewer.html?id=gait_20260909_150705_4fe2b5f8eebd&t=5.500&end=8.500
gait_20260909_150705_4fe2b5f8eebd,"[""D:\\S10Data\\050\\2026-09-09\\gait_20260909_150705_4fe2b5f8eebd\\bag\\bag_0.db3""]",gait_20260909_150705_4fe2b5f8eebd-P01,gait_20260909_150705_4fe2b5f8eebd-S004,8.5,10.5,source_stamp_minus_manifest_started_wall_ns,1788937625907206844,1788937634407206844,1788937636407206844,ledge_candidate,行走/调整候选,unknown,,,,uncertain,"{""automatic_class"": ""行走/调整候选"", ""bin_s"": 0.5, ""pitch_median_deg"": 2.25, ""max_abs_roll_pitch_deg"": 5.54, ""leg_dq_rms_median"": 0.138, ""wheel_dq_abs_median"": 1.004}","[""点云反复出现前方台沿与后方地面；11–18、28–36、40–43.5、63–65.5、81–84s有多次姿态/关节活动簇。23/38/48/78s为候选通行分界；第一簇同时有正负pitch与大roll，不能逐峰当作成功上/下台。66–80s长时间近静止但0x1002仍保持。""]",model_visual_checked_candidate,pending,not_assessed,边界约 ±0.5–1s；未知地面可能为平地、平台或障碍上的停顿；整段 outcome 未传播。,viewer.html?id=gait_20260909_150705_4fe2b5f8eebd&t=8.500&end=10.500
gait_20260909_150705_4fe2b5f8eebd,"[""D:\\S10Data\\050\\2026-09-09\\gait_20260909_150705_4fe2b5f8eebd\\bag\\bag_0.db3""]",gait_20260909_150705_4fe2b5f8eebd-P01,gait_20260909_150705_4fe2b5f8eebd-S005,10.5,11.0,source_stamp_minus_manifest_started_wall_ns,1788937625907206844,1788937636407206844,1788937636907206844,ledge_candidate,行走/调整候选,unknown,,,,uncertain,"{""automatic_class"": ""行走/调整候选"", ""bin_s"": 0.5, ""pitch_median_deg"": 1.52, ""max_abs_roll_pitch_deg"": 14.34, ""leg_dq_rms_median"": 1.73, ""wheel_dq_abs_median"": 4.783}","[""点云反复出现前方台沿与后方地面；11–18、28–36、40–43.5、63–65.5、81–84s有多次姿态/关节活动簇。23/38/48/78s为候选通行分界；第一簇同时有正负pitch与大roll，不能逐峰当作成功上/下台。66–80s长时间近静止但0x1002仍保持。""]",model_visual_checked_candidate,pending,not_assessed,边界约 ±0.5–1s；未知地面可能为平地、平台或障碍上的停顿；整段 outcome 未传播。,viewer.html?id=gait_20260909_150705_4fe2b5f8eebd&t=10.500&end=11.000
gait_20260909_150705_4fe2b5f8eebd,"[""D:\\S10Data\\050\\2026-09-09\\gait_20260909_150705_4fe2b5f8eebd\\bag\\bag_0.db3""]",gait_20260909_150705_4fe2b5f8eebd-P01,gait_20260909_150705_4fe2b5f8eebd-S006,11.0,11.5,source_stamp_minus_manifest_started_wall_ns,1788937625907206844,1788937636907206844,1788937637407206844,ledge_candidate,姿态变化/越障候选,unknown,,,,uncertain,"{""automatic_class"": ""姿态变化/越障候选"", ""bin_s"": 0.5, ""pitch_median_deg"": -23.98, ""max_abs_roll_pitch_deg"": 29.39, ""leg_dq_rms_median"": 3.63, ""wheel_dq_abs_median"": 8.041}","[""点云反复出现前方台沿与后方地面；11–18、28–36、40–43.5、63–65.5、81–84s有多次姿态/关节活动簇。23/38/48/78s为候选通行分界；第一簇同时有正负pitch与大roll，不能逐峰当作成功上/下台。66–80s长时间近静止但0x1002仍保持。""]",model_visual_checked_candidate,pending,not_assessed,边界约 ±0.5–1s；未知地面可能为平地、平台或障碍上的停顿；整段 outcome 未传播。,viewer.html?id=gait_20260909_150705_4fe2b5f8eebd&t=11.000&end=11.500
gait_20260909_150705_4fe2b5f8eebd,"[""D:\\S10Data\\050\\2026-09-09\\gait_20260909_150705_4fe2b5f8eebd\\bag\\bag_0.db3""]",gait_20260909_150705_4fe2b5f8eebd-P01,gait_20260909_150705_4fe2b5f8eebd-S007,11.5,12.5,source_stamp_minus_manifest_started_wall_ns,1788937625907206844,1788937637407206844,1788937638407206844,ledge_candidate,行走/调整候选,unknown,,,,uncertain,"{""automatic_class"": ""行走/调整候选"", ""bin_s"": 0.5, ""pitch_median_deg"": 1.98, ""max_abs_roll_pitch_deg"": 11.76, ""leg_dq_rms_median"": 1.947, ""wheel_dq_abs_median"": 5.111}","[""点云反复出现前方台沿与后方地面；11–18、28–36、40–43.5、63–65.5、81–84s有多次姿态/关节活动簇。23/38/48/78s为候选通行分界；第一簇同时有正负pitch与大roll，不能逐峰当作成功上/下台。66–80s长时间近静止但0x1002仍保持。""]",model_visual_checked_candidate,pending,not_assessed,边界约 ±0.5–1s；未知地面可能为平地、平台或障碍上的停顿；整段 outcome 未传播。,viewer.html?id=gait_20260909_150705_4fe2b5f8eebd&t=11.500&end=12.500
gait_20260909_150705_4fe2b5f8eebd,"[""D:\\S10Data\\050\\2026-09-09\\gait_20260909_150705_4fe2b5f8eebd\\bag\\bag_0.db3""]",gait_20260909_150705_4fe2b5f8eebd-P01,gait_20260909_150705_4fe2b5f8eebd-S008,12.5,13.0,source_stamp_minus_manifest_started_wall_ns,1788937625907206844,1788937638407206844,1788937638907206844,ledge_candidate,姿态变化/越障候选,unknown,,,,uncertain,"{""automatic_class"": ""姿态变化/越障候选"", ""bin_s"": 0.5, ""pitch_median_deg"": 14.72, ""max_abs_roll_pitch_deg"": 25.41, ""leg_dq_rms_median"": 1.029, ""wheel_dq_abs_median"": 2.065}","[""点云反复出现前方台沿与后方地面；11–18、28–36、40–43.5、63–65.5、81–84s有多次姿态/关节活动簇。23/38/48/78s为候选通行分界；第一簇同时有正负pitch与大roll，不能逐峰当作成功上/下台。66–80s长时间近静止但0x1002仍保持。""]",model_visual_checked_candidate,pending,not_assessed,边界约 ±0.5–1s；未知地面可能为平地、平台或障碍上的停顿；整段 outcome 未传播。,viewer.html?id=gait_20260909_150705_4fe2b5f8eebd&t=12.500&end=13.000
gait_20260909_150705_4fe2b5f8eebd,"[""D:\\S10Data\\050\\2026-09-09\\gait_20260909_150705_4fe2b5f8eebd\\bag\\bag_0.db3""]",gait_20260909_150705_4fe2b5f8eebd-P01,gait_20260909_150705_4fe2b5f8eebd-S009,13.0,13.5,source_stamp_minus_manifest_started_wall_ns,1788937625907206844,1788937638907206844,1788937639407206844,ledge_candidate,转向候选,unknown,,,,uncertain,"{""automatic_class"": ""转向候选"", ""bin_s"": 0.5, ""pitch_median_deg"": 4.6, ""max_abs_roll_pitch_deg"": 24.53, ""leg_dq_rms_median"": 4.212, ""wheel_dq_abs_median"": 7.779}","[""点云反复出现前方台沿与后方地面；11–18、28–36、40–43.5、63–65.5、81–84s有多次姿态/关节活动簇。23/38/48/78s为候选通行分界；第一簇同时有正负pitch与大roll，不能逐峰当作成功上/下台。66–80s长时间近静止但0x1002仍保持。""]",model_visual_checked_candidate,pending,not_assessed,边界约 ±0.5–1s；未知地面可能为平地、平台或障碍上的停顿；整段 outcome 未传播。,viewer.html?id=gait_20260909_150705_4fe2b5f8eebd&t=13.000&end=13.500
gait_20260909_150705_4fe2b5f8eebd,"[""D:\\S10Data\\050\\2026-09-09\\gait_20260909_150705_4fe2b5f8eebd\\bag\\bag_0.db3""]",gait_20260909_150705_4fe2b5f8eebd-P01,gait_20260909_150705_4fe2b5f8eebd-S010,13.5,14.0,source_stamp_minus_manifest_started_wall_ns,1788937625907206844,1788937639407206844,1788937639907206844,ledge_candidate,行走/调整候选,unknown,,,,uncertain,"{""automatic_class"": ""行走/调整候选"", ""bin_s"": 0.5, ""pitch_median_deg"": 0.45, ""max_abs_roll_pitch_deg"": 8.57, ""leg_dq_rms_median"": 1.499, ""wheel_dq_abs_median"": 2.493}","[""点云反复出现前方台沿与后方地面；11–18、28–36、40–43.5、63–65.5、81–84s有多次姿态/关节活动簇。23/38/48/78s为候选通行分界；第一簇同时有正负pitch与大roll，不能逐峰当作成功上/下台。66–80s长时间近静止但0x1002仍保持。""]",model_visual_checked_candidate,pending,not_assessed,边界约 ±0.5–1s；未知地面可能为平地、平台或障碍上的停顿；整段 outcome 未传播。,viewer.html?id=gait_20260909_150705_4fe2b5f8eebd&t=13.500&end=14.000
gait_20260909_150705_4fe2b5f8eebd,"[""D:\\S10Data\\050\\2026-09-09\\gait_20260909_150705_4fe2b5f8eebd\\bag\\bag_0.db3""]",gait_20260909_150705_4fe2b5f8eebd-P01,gait_20260909_150705_4fe2b5f8eebd-S011,14.0,16.5,source_stamp_minus_manifest_started_wall_ns,1788937625907206844,1788937639907206844,1788937642407206844,ledge_candidate,姿态变化/越障候选,unknown,,,,uncertain,"{""automatic_class"": ""姿态变化/越障候选"", ""bin_s"": 0.5, ""pitch_median_deg"": -14.04, ""max_abs_roll_pitch_deg"": 30.78, ""leg_dq_rms_median"": 2.943, ""wheel_dq_abs_median"": 7.31}","[""点云反复出现前方台沿与后方地面；11–18、28–36、40–43.5、63–65.5、81–84s有多次姿态/关节活动簇。23/38/48/78s为候选通行分界；第一簇同时有正负pitch与大roll，不能逐峰当作成功上/下台。66–80s长时间近静止但0x1002仍保持。""]",model_visual_checked_candidate,pending,not_assessed,边界约 ±0.5–1s；未知地面可能为平地、平台或障碍上的停顿；整段 outcome 未传播。,viewer.html?id=gait_20260909_150705_4fe2b5f8eebd&t=14.000&end=16.500
gait_20260909_150705_4fe2b5f8eebd,"[""D:\\S10Data\\050\\2026-09-09\\gait_20260909_150705_4fe2b5f8eebd\\bag\\bag_0.db3""]",gait_20260909_150705_4fe2b5f8eebd-P01,gait_20260909_150705_4fe2b5f8eebd-S012,16.5,18,source_stamp_minus_manifest_started_wall_ns,1788937625907206844,1788937642407206844,1788937643907206844,ledge_candidate,行走/调整候选,unknown,,,,uncertain,"{""automatic_class"": ""行走/调整候选"", ""bin_s"": 0.5, ""pitch_median_deg"": -0.17, ""max_abs_roll_pitch_deg"": 27.72, ""leg_dq_rms_median"": 0.961, ""wheel_dq_abs_median"": 3.592}","[""点云反复出现前方台沿与后方地面；11–18、28–36、40–43.5、63–65.5、81–84s有多次姿态/关节活动簇。23/38/48/78s为候选通行分界；第一簇同时有正负pitch与大roll，不能逐峰当作成功上/下台。66–80s长时间近静止但0x1002仍保持。""]",model_visual_checked_candidate,pending,not_assessed,边界约 ±0.5–1s；未知地面可能为平地、平台或障碍上的停顿；整段 outcome 未传播。,viewer.html?id=gait_20260909_150705_4fe2b5f8eebd&t=16.500&end=18.000
gait_20260909_150705_4fe2b5f8eebd,"[""D:\\S10Data\\050\\2026-09-09\\gait_20260909_150705_4fe2b5f8eebd\\bag\\bag_0.db3""]",gait_20260909_150705_4fe2b5f8eebd-P01,gait_20260909_150705_4fe2b5f8eebd-S013,18,20.0,source_stamp_minus_manifest_started_wall_ns,1788937625907206844,1788937643907206844,1788937645907206844,ledge_candidate,行走/调整候选,unknown,,,,uncertain,"{""automatic_class"": ""行走/调整候选"", ""bin_s"": 0.5, ""pitch_median_deg"": 0.39, ""max_abs_roll_pitch_deg"": 1.82, ""leg_dq_rms_median"": 0.145, ""wheel_dq_abs_median"": 0.705}","[""点云反复出现前方台沿与后方地面；11–18、28–36、40–43.5、63–65.5、81–84s有多次姿态/关节活动簇。23/38/48/78s为候选通行分界；第一簇同时有正负pitch与大roll，不能逐峰当作成功上/下台。66–80s长时间近静止但0x1002仍保持。""]",model_visual_checked_candidate,pending,not_assessed,边界约 ±0.5–1s；未知地面可能为平地、平台或障碍上的停顿；整段 outcome 未传播。,viewer.html?id=gait_20260909_150705_4fe2b5f8eebd&t=18.000&end=20.000
gait_20260909_150705_4fe2b5f8eebd,"[""D:\\S10Data\\050\\2026-09-09\\gait_20260909_150705_4fe2b5f8eebd\\bag\\bag_0.db3""]",gait_20260909_150705_4fe2b5f8eebd-P01,gait_20260909_150705_4fe2b5f8eebd-S014,20.0,21.0,source_stamp_minus_manifest_started_wall_ns,1788937625907206844,1788937645907206844,1788937646907206844,ledge_candidate,等待候选,unknown,,,,uncertain,"{""automatic_class"": ""等待候选"", ""bin_s"": 0.5, ""pitch_median_deg"": 1.28, ""max_abs_roll_pitch_deg"": 1.56, ""leg_dq_rms_median"": 0.126, ""wheel_dq_abs_median"": 0.289}","[""点云反复出现前方台沿与后方地面；11–18、28–36、40–43.5、63–65.5、81–84s有多次姿态/关节活动簇。23/38/48/78s为候选通行分界；第一簇同时有正负pitch与大roll，不能逐峰当作成功上/下台。66–80s长时间近静止但0x1002仍保持。""]",model_visual_checked_candidate,pending,not_assessed,边界约 ±0.5–1s；未知地面可能为平地、平台或障碍上的停顿；整段 outcome 未传播。,viewer.html?id=gait_20260909_150705_4fe2b5f8eebd&t=20.000&end=21.000
gait_20260909_150705_4fe2b5f8eebd,"[""D:\\S10Data\\050\\2026-09-09\\gait_20260909_150705_4fe2b5f8eebd\\bag\\bag_0.db3""]",gait_20260909_150705_4fe2b5f8eebd-P01,gait_20260909_150705_4fe2b5f8eebd-S015,21.0,23.0,source_stamp_minus_manifest_started_wall_ns,1788937625907206844,1788937646907206844,1788937648907206844,ledge_candidate,行走/调整候选,unknown,,,,uncertain,"{""automatic_class"": ""行走/调整候选"", ""bin_s"": 0.5, ""pitch_median_deg"": 0.23, ""max_abs_roll_pitch_deg"": 1.36, ""leg_dq_rms_median"": 0.22, ""wheel_dq_abs_median"": 1.485}","[""点云反复出现前方台沿与后方地面；11–18、28–36、40–43.5、63–65.5、81–84s有多次姿态/关节活动簇。23/38/48/78s为候选通行分界；第一簇同时有正负pitch与大roll，不能逐峰当作成功上/下台。66–80s长时间近静止但0x1002仍保持。""]",model_visual_checked_candidate,pending,not_assessed,边界约 ±0.5–1s；未知地面可能为平地、平台或障碍上的停顿；整段 outcome 未传播。,viewer.html?id=gait_20260909_150705_4fe2b5f8eebd&t=21.000&end=23.000
gait_20260909_150705_4fe2b5f8eebd,"[""D:\\S10Data\\050\\2026-09-09\\gait_20260909_150705_4fe2b5f8eebd\\bag\\bag_0.db3""]",gait_20260909_150705_4fe2b5f8eebd-P02,gait_20260909_150705_4fe2b5f8eebd-S016,23.0,28,source_stamp_minus_manifest_started_wall_ns,1788937625907206844,1788937648907206844,1788937653907206844,ledge_candidate,行走/调整候选,unknown,,,,uncertain,"{""automatic_class"": ""行走/调整候选"", ""bin_s"": 0.5, ""pitch_median_deg"": 1.3, ""max_abs_roll_pitch_deg"": 4.72, ""leg_dq_rms_median"": 0.576, ""wheel_dq_abs_median"": 1.386}","[""点云反复出现前方台沿与后方地面；11–18、28–36、40–43.5、63–65.5、81–84s有多次姿态/关节活动簇。23/38/48/78s为候选通行分界；第一簇同时有正负pitch与大roll，不能逐峰当作成功上/下台。66–80s长时间近静止但0x1002仍保持。""]",model_visual_checked_candidate,pending,not_assessed,边界约 ±0.5–1s；未知地面可能为平地、平台或障碍上的停顿；整段 outcome 未传播。,viewer.html?id=gait_20260909_150705_4fe2b5f8eebd&t=23.000&end=28.000
gait_20260909_150705_4fe2b5f8eebd,"[""D:\\S10Data\\050\\2026-09-09\\gait_20260909_150705_4fe2b5f8eebd\\bag\\bag_0.db3""]",gait_20260909_150705_4fe2b5f8eebd-P02,gait_20260909_150705_4fe2b5f8eebd-S017,28,28.5,source_stamp_minus_manifest_started_wall_ns,1788937625907206844,1788937653907206844,1788937654407206844,ledge_candidate,行走/调整候选,unknown,,,,uncertain,"{""automatic_class"": ""行走/调整候选"", ""bin_s"": 0.5, ""pitch_median_deg"": -1.07, ""max_abs_roll_pitch_deg"": 25.52, ""leg_dq_rms_median"": 2.288, ""wheel_dq_abs_median"": 8.834}","[""点云反复出现前方台沿与后方地面；11–18、28–36、40–43.5、63–65.5、81–84s有多次姿态/关节活动簇。23/38/48/78s为候选通行分界；第一簇同时有正负pitch与大roll，不能逐峰当作成功上/下台。66–80s长时间近静止但0x1002仍保持。""]",model_visual_checked_candidate,pending,not_assessed,边界约 ±0.5–1s；未知地面可能为平地、平台或障碍上的停顿；整段 outcome 未传播。,viewer.html?id=gait_20260909_150705_4fe2b5f8eebd&t=28.000&end=28.500
gait_20260909_150705_4fe2b5f8eebd,"[""D:\\S10Data\\050\\2026-09-09\\gait_20260909_150705_4fe2b5f8eebd\\bag\\bag_0.db3""]",gait_20260909_150705_4fe2b5f8eebd-P02,gait_20260909_150705_4fe2b5f8eebd-S018,28.5,30.5,source_stamp_minus_manifest_started_wall_ns,1788937625907206844,1788937654407206844,1788937656407206844,ledge_candidate,姿态变化/越障候选,unknown,,,,uncertain,"{""automatic_class"": ""姿态变化/越障候选"", ""bin_s"": 0.5, ""pitch_median_deg"": 7.55, ""max_abs_roll_pitch_deg"": 33.05, ""leg_dq_rms_median"": 3.323, ""wheel_dq_abs_median"": 6.78}","[""点云反复出现前方台沿与后方地面；11–18、28–36、40–43.5、63–65.5、81–84s有多次姿态/关节活动簇。23/38/48/78s为候选通行分界；第一簇同时有正负pitch与大roll，不能逐峰当作成功上/下台。66–80s长时间近静止但0x1002仍保持。""]",model_visual_checked_candidate,pending,not_assessed,边界约 ±0.5–1s；未知地面可能为平地、平台或障碍上的停顿；整段 outcome 未传播。,viewer.html?id=gait_20260909_150705_4fe2b5f8eebd&t=28.500&end=30.500
gait_20260909_150705_4fe2b5f8eebd,"[""D:\\S10Data\\050\\2026-09-09\\gait_20260909_150705_4fe2b5f8eebd\\bag\\bag_0.db3""]",gait_20260909_150705_4fe2b5f8eebd-P02,gait_20260909_150705_4fe2b5f8eebd-S019,30.5,31.0,source_stamp_minus_manifest_started_wall_ns,1788937625907206844,1788937656407206844,1788937656907206844,ledge_candidate,行走/调整候选,unknown,,,,uncertain,"{""automatic_class"": ""行走/调整候选"", ""bin_s"": 0.5, ""pitch_median_deg"": 1.17, ""max_abs_roll_pitch_deg"": 5.78, ""leg_dq_rms_median"": 1.407, ""wheel_dq_abs_median"": 4.408}","[""点云反复出现前方台沿与后方地面；11–18、28–36、40–43.5、63–65.5、81–84s有多次姿态/关节活动簇。23/38/48/78s为候选通行分界；第一簇同时有正负pitch与大roll，不能逐峰当作成功上/下台。66–80s长时间近静止但0x1002仍保持。""]",model_visual_checked_candidate,pending,not_assessed,边界约 ±0.5–1s；未知地面可能为平地、平台或障碍上的停顿；整段 outcome 未传播。,viewer.html?id=gait_20260909_150705_4fe2b5f8eebd&t=30.500&end=31.000
gait_20260909_150705_4fe2b5f8eebd,"[""D:\\S10Data\\050\\2026-09-09\\gait_20260909_150705_4fe2b5f8eebd\\bag\\bag_0.db3""]",gait_20260909_150705_4fe2b5f8eebd-P02,gait_20260909_150705_4fe2b5f8eebd-S020,31.0,32.0,source_stamp_minus_manifest_started_wall_ns,1788937625907206844,1788937656907206844,1788937657907206844,ledge_candidate,等待候选,unknown,,,,uncertain,"{""automatic_class"": ""等待候选"", ""bin_s"": 0.5, ""pitch_median_deg"": 0.94, ""max_abs_roll_pitch_deg"": 1.38, ""leg_dq_rms_median"": 0.043, ""wheel_dq_abs_median"": 0.054}","[""点云反复出现前方台沿与后方地面；11–18、28–36、40–43.5、63–65.5、81–84s有多次姿态/关节活动簇。23/38/48/78s为候选通行分界；第一簇同时有正负pitch与大roll，不能逐峰当作成功上/下台。66–80s长时间近静止但0x1002仍保持。""]",model_visual_checked_candidate,pending,not_assessed,边界约 ±0.5–1s；未知地面可能为平地、平台或障碍上的停顿；整段 outcome 未传播。,viewer.html?id=gait_20260909_150705_4fe2b5f8eebd&t=31.000&end=32.000
gait_20260909_150705_4fe2b5f8eebd,"[""D:\\S10Data\\050\\2026-09-09\\gait_20260909_150705_4fe2b5f8eebd\\bag\\bag_0.db3""]",gait_20260909_150705_4fe2b5f8eebd-P02,gait_20260909_150705_4fe2b5f8eebd-S021,32.0,34.0,source_stamp_minus_manifest_started_wall_ns,1788937625907206844,1788937657907206844,1788937659907206844,ledge_candidate,行走/调整候选,unknown,,,,uncertain,"{""automatic_class"": ""行走/调整候选"", ""bin_s"": 0.5, ""pitch_median_deg"": 1.62, ""max_abs_roll_pitch_deg"": 3.33, ""leg_dq_rms_median"": 0.412, ""wheel_dq_abs_median"": 1.294}","[""点云反复出现前方台沿与后方地面；11–18、28–36、40–43.5、63–65.5、81–84s有多次姿态/关节活动簇。23/38/48/78s为候选通行分界；第一簇同时有正负pitch与大roll，不能逐峰当作成功上/下台。66–80s长时间近静止但0x1002仍保持。""]",model_visual_checked_candidate,pending,not_assessed,边界约 ±0.5–1s；未知地面可能为平地、平台或障碍上的停顿；整段 outcome 未传播。,viewer.html?id=gait_20260909_150705_4fe2b5f8eebd&t=32.000&end=34.000
gait_20260909_150705_4fe2b5f8eebd,"[""D:\\S10Data\\050\\2026-09-09\\gait_20260909_150705_4fe2b5f8eebd\\bag\\bag_0.db3""]",gait_20260909_150705_4fe2b5f8eebd-P02,gait_20260909_150705_4fe2b5f8eebd-S022,34.0,35.0,source_stamp_minus_manifest_started_wall_ns,1788937625907206844,1788937659907206844,1788937660907206844,ledge_candidate,姿态变化/越障候选,unknown,,,,uncertain,"{""automatic_class"": ""姿态变化/越障候选"", ""bin_s"": 0.5, ""pitch_median_deg"": -25.41, ""max_abs_roll_pitch_deg"": 28.7, ""leg_dq_rms_median"": 0.869, ""wheel_dq_abs_median"": 6.354}","[""点云反复出现前方台沿与后方地面；11–18、28–36、40–43.5、63–65.5、81–84s有多次姿态/关节活动簇。23/38/48/78s为候选通行分界；第一簇同时有正负pitch与大roll，不能逐峰当作成功上/下台。66–80s长时间近静止但0x1002仍保持。""]",model_visual_checked_candidate,pending,not_assessed,边界约 ±0.5–1s；未知地面可能为平地、平台或障碍上的停顿；整段 outcome 未传播。,viewer.html?id=gait_20260909_150705_4fe2b5f8eebd&t=34.000&end=35.000
gait_20260909_150705_4fe2b5f8eebd,"[""D:\\S10Data\\050\\2026-09-09\\gait_20260909_150705_4fe2b5f8eebd\\bag\\bag_0.db3""]",gait_20260909_150705_4fe2b5f8eebd-P02,gait_20260909_150705_4fe2b5f8eebd-S023,35.0,36,source_stamp_minus_manifest_started_wall_ns,1788937625907206844,1788937660907206844,1788937661907206844,ledge_candidate,行走/调整候选,unknown,,,,uncertain,"{""automatic_class"": ""行走/调整候选"", ""bin_s"": 0.5, ""pitch_median_deg"": 1.26, ""max_abs_roll_pitch_deg"": 22.79, ""leg_dq_rms_median"": 0.658, ""wheel_dq_abs_median"": 8.74}","[""点云反复出现前方台沿与后方地面；11–18、28–36、40–43.5、63–65.5、81–84s有多次姿态/关节活动簇。23/38/48/78s为候选通行分界；第一簇同时有正负pitch与大roll，不能逐峰当作成功上/下台。66–80s长时间近静止但0x1002仍保持。""]",model_visual_checked_candidate,pending,not_assessed,边界约 ±0.5–1s；未知地面可能为平地、平台或障碍上的停顿；整段 outcome 未传播。,viewer.html?id=gait_20260909_150705_4fe2b5f8eebd&t=35.000&end=36.000
gait_20260909_150705_4fe2b5f8eebd,"[""D:\\S10Data\\050\\2026-09-09\\gait_20260909_150705_4fe2b5f8eebd\\bag\\bag_0.db3""]",gait_20260909_150705_4fe2b5f8eebd-P02,gait_20260909_150705_4fe2b5f8eebd-S024,36,38.0,source_stamp_minus_manifest_started_wall_ns,1788937625907206844,1788937661907206844,1788937663907206844,ledge_candidate,行走/调整候选,unknown,,,,uncertain,"{""automatic_class"": ""行走/调整候选"", ""bin_s"": 0.5, ""pitch_median_deg"": -0.34, ""max_abs_roll_pitch_deg"": 3.32, ""leg_dq_rms_median"": 0.983, ""wheel_dq_abs_median"": 1.176}","[""点云反复出现前方台沿与后方地面；11–18、28–36、40–43.5、63–65.5、81–84s有多次姿态/关节活动簇。23/38/48/78s为候选通行分界；第一簇同时有正负pitch与大roll，不能逐峰当作成功上/下台。66–80s长时间近静止但0x1002仍保持。""]",model_visual_checked_candidate,pending,not_assessed,边界约 ±0.5–1s；未知地面可能为平地、平台或障碍上的停顿；整段 outcome 未传播。,viewer.html?id=gait_20260909_150705_4fe2b5f8eebd&t=36.000&end=38.000
gait_20260909_150705_4fe2b5f8eebd,"[""D:\\S10Data\\050\\2026-09-09\\gait_20260909_150705_4fe2b5f8eebd\\bag\\bag_0.db3""]",gait_20260909_150705_4fe2b5f8eebd-P03,gait_20260909_150705_4fe2b5f8eebd-S025,38.0,40,source_stamp_minus_manifest_started_wall_ns,1788937625907206844,1788937663907206844,1788937665907206844,ledge_candidate,行走/调整候选,unknown,,,,uncertain,"{""automatic_class"": ""行走/调整候选"", ""bin_s"": 0.5, ""pitch_median_deg"": 0.36, ""max_abs_roll_pitch_deg"": 3.4, ""leg_dq_rms_median"": 0.334, ""wheel_dq_abs_median"": 1.728}","[""点云反复出现前方台沿与后方地面；11–18、28–36、40–43.5、63–65.5、81–84s有多次姿态/关节活动簇。23/38/48/78s为候选通行分界；第一簇同时有正负pitch与大roll，不能逐峰当作成功上/下台。66–80s长时间近静止但0x1002仍保持。""]",model_visual_checked_candidate,pending,not_assessed,边界约 ±0.5–1s；未知地面可能为平地、平台或障碍上的停顿；整段 outcome 未传播。,viewer.html?id=gait_20260909_150705_4fe2b5f8eebd&t=38.000&end=40.000
gait_20260909_150705_4fe2b5f8eebd,"[""D:\\S10Data\\050\\2026-09-09\\gait_20260909_150705_4fe2b5f8eebd\\bag\\bag_0.db3""]",gait_20260909_150705_4fe2b5f8eebd-P03,gait_20260909_150705_4fe2b5f8eebd-S026,40,40.5,source_stamp_minus_manifest_started_wall_ns,1788937625907206844,1788937665907206844,1788937666407206844,ledge_candidate,行走/调整候选,unknown,,,,uncertain,"{""automatic_class"": ""行走/调整候选"", ""bin_s"": 0.5, ""pitch_median_deg"": 3.28, ""max_abs_roll_pitch_deg"": 3.88, ""leg_dq_rms_median"": 0.352, ""wheel_dq_abs_median"": 4.832}","[""点云反复出现前方台沿与后方地面；11–18、28–36、40–43.5、63–65.5、81–84s有多次姿态/关节活动簇。23/38/48/78s为候选通行分界；第一簇同时有正负pitch与大roll，不能逐峰当作成功上/下台。66–80s长时间近静止但0x1002仍保持。""]",model_visual_checked_candidate,pending,not_assessed,边界约 ±0.5–1s；未知地面可能为平地、平台或障碍上的停顿；整段 outcome 未传播。,viewer.html?id=gait_20260909_150705_4fe2b5f8eebd&t=40.000&end=40.500
gait_20260909_150705_4fe2b5f8eebd,"[""D:\\S10Data\\050\\2026-09-09\\gait_20260909_150705_4fe2b5f8eebd\\bag\\bag_0.db3""]",gait_20260909_150705_4fe2b5f8eebd-P03,gait_20260909_150705_4fe2b5f8eebd-S027,40.5,43.0,source_stamp_minus_manifest_started_wall_ns,1788937625907206844,1788937666407206844,1788937668907206844,ledge_candidate,姿态变化/越障候选,unknown,,,,uncertain,"{""automatic_class"": ""姿态变化/越障候选"", ""bin_s"": 0.5, ""pitch_median_deg"": -10.89, ""max_abs_roll_pitch_deg"": 29.76, ""leg_dq_rms_median"": 3.444, ""wheel_dq_abs_median"": 10.126}","[""点云反复出现前方台沿与后方地面；11–18、28–36、40–43.5、63–65.5、81–84s有多次姿态/关节活动簇。23/38/48/78s为候选通行分界；第一簇同时有正负pitch与大roll，不能逐峰当作成功上/下台。66–80s长时间近静止但0x1002仍保持。""]",model_visual_checked_candidate,pending,not_assessed,边界约 ±0.5–1s；未知地面可能为平地、平台或障碍上的停顿；整段 outcome 未传播。,viewer.html?id=gait_20260909_150705_4fe2b5f8eebd&t=40.500&end=43.000
gait_20260909_150705_4fe2b5f8eebd,"[""D:\\S10Data\\050\\2026-09-09\\gait_20260909_150705_4fe2b5f8eebd\\bag\\bag_0.db3""]",gait_20260909_150705_4fe2b5f8eebd-P03,gait_20260909_150705_4fe2b5f8eebd-S028,43.0,43.5,source_stamp_minus_manifest_started_wall_ns,1788937625907206844,1788937668907206844,1788937669407206844,ledge_candidate,行走/调整候选,unknown,,,,uncertain,"{""automatic_class"": ""行走/调整候选"", ""bin_s"": 0.5, ""pitch_median_deg"": -2.72, ""max_abs_roll_pitch_deg"": 30.14, ""leg_dq_rms_median"": 2.792, ""wheel_dq_abs_median"": 9.372}","[""点云反复出现前方台沿与后方地面；11–18、28–36、40–43.5、63–65.5、81–84s有多次姿态/关节活动簇。23/38/48/78s为候选通行分界；第一簇同时有正负pitch与大roll，不能逐峰当作成功上/下台。66–80s长时间近静止但0x1002仍保持。""]",model_visual_checked_candidate,pending,not_assessed,边界约 ±0.5–1s；未知地面可能为平地、平台或障碍上的停顿；整段 outcome 未传播。,viewer.html?id=gait_20260909_150705_4fe2b5f8eebd&t=43.000&end=43.500
gait_20260909_150705_4fe2b5f8eebd,"[""D:\\S10Data\\050\\2026-09-09\\gait_20260909_150705_4fe2b5f8eebd\\bag\\bag_0.db3""]",gait_20260909_150705_4fe2b5f8eebd-P03,gait_20260909_150705_4fe2b5f8eebd-S029,43.5,45.5,source_stamp_minus_manifest_started_wall_ns,1788937625907206844,1788937669407206844,1788937671407206844,ledge_candidate,行走/调整候选,unknown,,,,uncertain,"{""automatic_class"": ""行走/调整候选"", ""bin_s"": 0.5, ""pitch_median_deg"": 2.34, ""max_abs_roll_pitch_deg"": 3.96, ""leg_dq_rms_median"": 0.139, ""wheel_dq_abs_median"": 0.358}","[""点云反复出现前方台沿与后方地面；11–18、28–36、40–43.5、63–65.5、81–84s有多次姿态/关节活动簇。23/38/48/78s为候选通行分界；第一簇同时有正负pitch与大roll，不能逐峰当作成功上/下台。66–80s长时间近静止但0x1002仍保持。""]",model_visual_checked_candidate,pending,not_assessed,边界约 ±0.5–1s；未知地面可能为平地、平台或障碍上的停顿；整段 outcome 未传播。,viewer.html?id=gait_20260909_150705_4fe2b5f8eebd&t=43.500&end=45.500
gait_20260909_150705_4fe2b5f8eebd,"[""D:\\S10Data\\050\\2026-09-09\\gait_20260909_150705_4fe2b5f8eebd\\bag\\bag_0.db3""]",gait_20260909_150705_4fe2b5f8eebd-P03,gait_20260909_150705_4fe2b5f8eebd-S030,45.5,47.5,source_stamp_minus_manifest_started_wall_ns,1788937625907206844,1788937671407206844,1788937673407206844,ledge_candidate,等待候选,unknown,,,,uncertain,"{""automatic_class"": ""等待候选"", ""bin_s"": 0.5, ""pitch_median_deg"": 2.32, ""max_abs_roll_pitch_deg"": 3.42, ""leg_dq_rms_median"": 0.057, ""wheel_dq_abs_median"": 0.063}","[""点云反复出现前方台沿与后方地面；11–18、28–36、40–43.5、63–65.5、81–84s有多次姿态/关节活动簇。23/38/48/78s为候选通行分界；第一簇同时有正负pitch与大roll，不能逐峰当作成功上/下台。66–80s长时间近静止但0x1002仍保持。""]",model_visual_checked_candidate,pending,not_assessed,边界约 ±0.5–1s；未知地面可能为平地、平台或障碍上的停顿；整段 outcome 未传播。,viewer.html?id=gait_20260909_150705_4fe2b5f8eebd&t=45.500&end=47.500
gait_20260909_150705_4fe2b5f8eebd,"[""D:\\S10Data\\050\\2026-09-09\\gait_20260909_150705_4fe2b5f8eebd\\bag\\bag_0.db3""]",gait_20260909_150705_4fe2b5f8eebd-P03,gait_20260909_150705_4fe2b5f8eebd-S031,47.5,48.0,source_stamp_minus_manifest_started_wall_ns,1788937625907206844,1788937673407206844,1788937673907206844,ledge_candidate,行走/调整候选,unknown,,,,uncertain,"{""automatic_class"": ""行走/调整候选"", ""bin_s"": 0.5, ""pitch_median_deg"": 1.94, ""max_abs_roll_pitch_deg"": 2.26, ""leg_dq_rms_median"": 0.794, ""wheel_dq_abs_median"": 0.173}","[""点云反复出现前方台沿与后方地面；11–18、28–36、40–43.5、63–65.5、81–84s有多次姿态/关节活动簇。23/38/48/78s为候选通行分界；第一簇同时有正负pitch与大roll，不能逐峰当作成功上/下台。66–80s长时间近静止但0x1002仍保持。""]",model_visual_checked_candidate,pending,not_assessed,边界约 ±0.5–1s；未知地面可能为平地、平台或障碍上的停顿；整段 outcome 未传播。,viewer.html?id=gait_20260909_150705_4fe2b5f8eebd&t=47.500&end=48.000
gait_20260909_150705_4fe2b5f8eebd,"[""D:\\S10Data\\050\\2026-09-09\\gait_20260909_150705_4fe2b5f8eebd\\bag\\bag_0.db3""]",gait_20260909_150705_4fe2b5f8eebd-P04,gait_20260909_150705_4fe2b5f8eebd-S032,48.0,54.0,source_stamp_minus_manifest_started_wall_ns,1788937625907206844,1788937673907206844,1788937679907206844,ledge_candidate,行走/调整候选,unknown,,,,uncertain,"{""automatic_class"": ""行走/调整候选"", ""bin_s"": 0.5, ""pitch_median_deg"": 0.17, ""max_abs_roll_pitch_deg"": 3.52, ""leg_dq_rms_median"": 1.164, ""wheel_dq_abs_median"": 1.533}","[""点云反复出现前方台沿与后方地面；11–18、28–36、40–43.5、63–65.5、81–84s有多次姿态/关节活动簇。23/38/48/78s为候选通行分界；第一簇同时有正负pitch与大roll，不能逐峰当作成功上/下台。66–80s长时间近静止但0x1002仍保持。""]",model_visual_checked_candidate,pending,not_assessed,边界约 ±0.5–1s；未知地面可能为平地、平台或障碍上的停顿；整段 outcome 未传播。,viewer.html?id=gait_20260909_150705_4fe2b5f8eebd&t=48.000&end=54.000
gait_20260909_150705_4fe2b5f8eebd,"[""D:\\S10Data\\050\\2026-09-09\\gait_20260909_150705_4fe2b5f8eebd\\bag\\bag_0.db3""]",gait_20260909_150705_4fe2b5f8eebd-P04,gait_20260909_150705_4fe2b5f8eebd-S033,54.0,60.5,source_stamp_minus_manifest_started_wall_ns,1788937625907206844,1788937679907206844,1788937686407206844,ledge_candidate,等待候选,unknown,,,,uncertain,"{""automatic_class"": ""等待候选"", ""bin_s"": 0.5, ""pitch_median_deg"": 1.75, ""max_abs_roll_pitch_deg"": 4.41, ""leg_dq_rms_median"": 0.01, ""wheel_dq_abs_median"": 0.023}","[""点云反复出现前方台沿与后方地面；11–18、28–36、40–43.5、63–65.5、81–84s有多次姿态/关节活动簇。23/38/48/78s为候选通行分界；第一簇同时有正负pitch与大roll，不能逐峰当作成功上/下台。66–80s长时间近静止但0x1002仍保持。""]",model_visual_checked_candidate,pending,not_assessed,边界约 ±0.5–1s；未知地面可能为平地、平台或障碍上的停顿；整段 outcome 未传播。,viewer.html?id=gait_20260909_150705_4fe2b5f8eebd&t=54.000&end=60.500
gait_20260909_150705_4fe2b5f8eebd,"[""D:\\S10Data\\050\\2026-09-09\\gait_20260909_150705_4fe2b5f8eebd\\bag\\bag_0.db3""]",gait_20260909_150705_4fe2b5f8eebd-P04,gait_20260909_150705_4fe2b5f8eebd-S034,60.5,63,source_stamp_minus_manifest_started_wall_ns,1788937625907206844,1788937686407206844,1788937688907206844,ledge_candidate,行走/调整候选,unknown,,,,uncertain,"{""automatic_class"": ""行走/调整候选"", ""bin_s"": 0.5, ""pitch_median_deg"": 1.41, ""max_abs_roll_pitch_deg"": 4.51, ""leg_dq_rms_median"": 0.137, ""wheel_dq_abs_median"": 2.669}","[""点云反复出现前方台沿与后方地面；11–18、28–36、40–43.5、63–65.5、81–84s有多次姿态/关节活动簇。23/38/48/78s为候选通行分界；第一簇同时有正负pitch与大roll，不能逐峰当作成功上/下台。66–80s长时间近静止但0x1002仍保持。""]",model_visual_checked_candidate,pending,not_assessed,边界约 ±0.5–1s；未知地面可能为平地、平台或障碍上的停顿；整段 outcome 未传播。,viewer.html?id=gait_20260909_150705_4fe2b5f8eebd&t=60.500&end=63.000
gait_20260909_150705_4fe2b5f8eebd,"[""D:\\S10Data\\050\\2026-09-09\\gait_20260909_150705_4fe2b5f8eebd\\bag\\bag_0.db3""]",gait_20260909_150705_4fe2b5f8eebd-P04,gait_20260909_150705_4fe2b5f8eebd-S035,63,64.0,source_stamp_minus_manifest_started_wall_ns,1788937625907206844,1788937688907206844,1788937689907206844,ledge_candidate,行走/调整候选,unknown,,,,uncertain,"{""automatic_class"": ""行走/调整候选"", ""bin_s"": 0.5, ""pitch_median_deg"": 1.46, ""max_abs_roll_pitch_deg"": 3.56, ""leg_dq_rms_median"": 0.412, ""wheel_dq_abs_median"": 2.396}","[""点云反复出现前方台沿与后方地面；11–18、28–36、40–43.5、63–65.5、81–84s有多次姿态/关节活动簇。23/38/48/78s为候选通行分界；第一簇同时有正负pitch与大roll，不能逐峰当作成功上/下台。66–80s长时间近静止但0x1002仍保持。""]",model_visual_checked_candidate,pending,not_assessed,边界约 ±0.5–1s；未知地面可能为平地、平台或障碍上的停顿；整段 outcome 未传播。,viewer.html?id=gait_20260909_150705_4fe2b5f8eebd&t=63.000&end=64.000
gait_20260909_150705_4fe2b5f8eebd,"[""D:\\S10Data\\050\\2026-09-09\\gait_20260909_150705_4fe2b5f8eebd\\bag\\bag_0.db3""]",gait_20260909_150705_4fe2b5f8eebd-P04,gait_20260909_150705_4fe2b5f8eebd-S036,64.0,65.0,source_stamp_minus_manifest_started_wall_ns,1788937625907206844,1788937689907206844,1788937690907206844,ledge_candidate,姿态变化/越障候选,unknown,,,,uncertain,"{""automatic_class"": ""姿态变化/越障候选"", ""bin_s"": 0.5, ""pitch_median_deg"": -18.94, ""max_abs_roll_pitch_deg"": 32.03, ""leg_dq_rms_median"": 3.548, ""wheel_dq_abs_median"": 7.676}","[""点云反复出现前方台沿与后方地面；11–18、28–36、40–43.5、63–65.5、81–84s有多次姿态/关节活动簇。23/38/48/78s为候选通行分界；第一簇同时有正负pitch与大roll，不能逐峰当作成功上/下台。66–80s长时间近静止但0x1002仍保持。""]",model_visual_checked_candidate,pending,not_assessed,边界约 ±0.5–1s；未知地面可能为平地、平台或障碍上的停顿；整段 outcome 未传播。,viewer.html?id=gait_20260909_150705_4fe2b5f8eebd&t=64.000&end=65.000
gait_20260909_150705_4fe2b5f8eebd,"[""D:\\S10Data\\050\\2026-09-09\\gait_20260909_150705_4fe2b5f8eebd\\bag\\bag_0.db3""]",gait_20260909_150705_4fe2b5f8eebd-P04,gait_20260909_150705_4fe2b5f8eebd-S037,65.0,65.5,source_stamp_minus_manifest_started_wall_ns,1788937625907206844,1788937690907206844,1788937691407206844,ledge_candidate,行走/调整候选,unknown,,,,uncertain,"{""automatic_class"": ""行走/调整候选"", ""bin_s"": 0.5, ""pitch_median_deg"": 0.82, ""max_abs_roll_pitch_deg"": 7.58, ""leg_dq_rms_median"": 0.997, ""wheel_dq_abs_median"": 2.074}","[""点云反复出现前方台沿与后方地面；11–18、28–36、40–43.5、63–65.5、81–84s有多次姿态/关节活动簇。23/38/48/78s为候选通行分界；第一簇同时有正负pitch与大roll，不能逐峰当作成功上/下台。66–80s长时间近静止但0x1002仍保持。""]",model_visual_checked_candidate,pending,not_assessed,边界约 ±0.5–1s；未知地面可能为平地、平台或障碍上的停顿；整段 outcome 未传播。,viewer.html?id=gait_20260909_150705_4fe2b5f8eebd&t=65.000&end=65.500
gait_20260909_150705_4fe2b5f8eebd,"[""D:\\S10Data\\050\\2026-09-09\\gait_20260909_150705_4fe2b5f8eebd\\bag\\bag_0.db3""]",gait_20260909_150705_4fe2b5f8eebd-P04,gait_20260909_150705_4fe2b5f8eebd-S038,65.5,78.0,source_stamp_minus_manifest_started_wall_ns,1788937625907206844,1788937691407206844,1788937703907206844,ledge_candidate,等待候选,unknown,,,,uncertain,"{""automatic_class"": ""等待候选"", ""bin_s"": 0.5, ""pitch_median_deg"": 2.3, ""max_abs_roll_pitch_deg"": 2.79, ""leg_dq_rms_median"": 0.007, ""wheel_dq_abs_median"": 0.013}","[""点云反复出现前方台沿与后方地面；11–18、28–36、40–43.5、63–65.5、81–84s有多次姿态/关节活动簇。23/38/48/78s为候选通行分界；第一簇同时有正负pitch与大roll，不能逐峰当作成功上/下台。66–80s长时间近静止但0x1002仍保持。""]",model_visual_checked_candidate,pending,not_assessed,边界约 ±0.5–1s；未知地面可能为平地、平台或障碍上的停顿；整段 outcome 未传播。,viewer.html?id=gait_20260909_150705_4fe2b5f8eebd&t=65.500&end=78.000
gait_20260909_150705_4fe2b5f8eebd,"[""D:\\S10Data\\050\\2026-09-09\\gait_20260909_150705_4fe2b5f8eebd\\bag\\bag_0.db3""]",gait_20260909_150705_4fe2b5f8eebd-P05,gait_20260909_150705_4fe2b5f8eebd-S039,78.0,80.5,source_stamp_minus_manifest_started_wall_ns,1788937625907206844,1788937703907206844,1788937706407206844,ledge_candidate,等待候选,unknown,,,,uncertain,"{""automatic_class"": ""等待候选"", ""bin_s"": 0.5, ""pitch_median_deg"": 2.24, ""max_abs_roll_pitch_deg"": 2.24, ""leg_dq_rms_median"": 0.007, ""wheel_dq_abs_median"": 0.013}","[""点云反复出现前方台沿与后方地面；11–18、28–36、40–43.5、63–65.5、81–84s有多次姿态/关节活动簇。23/38/48/78s为候选通行分界；第一簇同时有正负pitch与大roll，不能逐峰当作成功上/下台。66–80s长时间近静止但0x1002仍保持。""]",model_visual_checked_candidate,pending,not_assessed,边界约 ±0.5–1s；未知地面可能为平地、平台或障碍上的停顿；整段 outcome 未传播。,viewer.html?id=gait_20260909_150705_4fe2b5f8eebd&t=78.000&end=80.500
gait_20260909_150705_4fe2b5f8eebd,"[""D:\\S10Data\\050\\2026-09-09\\gait_20260909_150705_4fe2b5f8eebd\\bag\\bag_0.db3""]",gait_20260909_150705_4fe2b5f8eebd-P05,gait_20260909_150705_4fe2b5f8eebd-S040,80.5,81,source_stamp_minus_manifest_started_wall_ns,1788937625907206844,1788937706407206844,1788937706907206844,ledge_candidate,行走/调整候选,unknown,,,,uncertain,"{""automatic_class"": ""行走/调整候选"", ""bin_s"": 0.5, ""pitch_median_deg"": 2.41, ""max_abs_roll_pitch_deg"": 2.53, ""leg_dq_rms_median"": 0.631, ""wheel_dq_abs_median"": 0.111}","[""点云反复出现前方台沿与后方地面；11–18、28–36、40–43.5、63–65.5、81–84s有多次姿态/关节活动簇。23/38/48/78s为候选通行分界；第一簇同时有正负pitch与大roll，不能逐峰当作成功上/下台。66–80s长时间近静止但0x1002仍保持。""]",model_visual_checked_candidate,pending,not_assessed,边界约 ±0.5–1s；未知地面可能为平地、平台或障碍上的停顿；整段 outcome 未传播。,viewer.html?id=gait_20260909_150705_4fe2b5f8eebd&t=80.500&end=81.000
gait_20260909_150705_4fe2b5f8eebd,"[""D:\\S10Data\\050\\2026-09-09\\gait_20260909_150705_4fe2b5f8eebd\\bag\\bag_0.db3""]",gait_20260909_150705_4fe2b5f8eebd-P05,gait_20260909_150705_4fe2b5f8eebd-S041,81,82.0,source_stamp_minus_manifest_started_wall_ns,1788937625907206844,1788937706907206844,1788937707907206844,ledge_candidate,行走/调整候选,unknown,,,,uncertain,"{""automatic_class"": ""行走/调整候选"", ""bin_s"": 0.5, ""pitch_median_deg"": 2.42, ""max_abs_roll_pitch_deg"": 3.23, ""leg_dq_rms_median"": 0.434, ""wheel_dq_abs_median"": 3.775}","[""点云反复出现前方台沿与后方地面；11–18、28–36、40–43.5、63–65.5、81–84s有多次姿态/关节活动簇。23/38/48/78s为候选通行分界；第一簇同时有正负pitch与大roll，不能逐峰当作成功上/下台。66–80s长时间近静止但0x1002仍保持。""]",model_visual_checked_candidate,pending,not_assessed,边界约 ±0.5–1s；未知地面可能为平地、平台或障碍上的停顿；整段 outcome 未传播。,viewer.html?id=gait_20260909_150705_4fe2b5f8eebd&t=81.000&end=82.000
gait_20260909_150705_4fe2b5f8eebd,"[""D:\\S10Data\\050\\2026-09-09\\gait_20260909_150705_4fe2b5f8eebd\\bag\\bag_0.db3""]",gait_20260909_150705_4fe2b5f8eebd-P05,gait_20260909_150705_4fe2b5f8eebd-S042,82.0,83.0,source_stamp_minus_manifest_started_wall_ns,1788937625907206844,1788937707907206844,1788937708907206844,ledge_candidate,姿态变化/越障候选,unknown,,,,uncertain,"{""automatic_class"": ""姿态变化/越障候选"", ""bin_s"": 0.5, ""pitch_median_deg"": -23.51, ""max_abs_roll_pitch_deg"": 27.54, ""leg_dq_rms_median"": 1.25, ""wheel_dq_abs_median"": 9.068}","[""点云反复出现前方台沿与后方地面；11–18、28–36、40–43.5、63–65.5、81–84s有多次姿态/关节活动簇。23/38/48/78s为候选通行分界；第一簇同时有正负pitch与大roll，不能逐峰当作成功上/下台。66–80s长时间近静止但0x1002仍保持。""]",model_visual_checked_candidate,pending,not_assessed,边界约 ±0.5–1s；未知地面可能为平地、平台或障碍上的停顿；整段 outcome 未传播。,viewer.html?id=gait_20260909_150705_4fe2b5f8eebd&t=82.000&end=83.000
gait_20260909_150705_4fe2b5f8eebd,"[""D:\\S10Data\\050\\2026-09-09\\gait_20260909_150705_4fe2b5f8eebd\\bag\\bag_0.db3""]",gait_20260909_150705_4fe2b5f8eebd-P05,gait_20260909_150705_4fe2b5f8eebd-S043,83.0,83.5,source_stamp_minus_manifest_started_wall_ns,1788937625907206844,1788937708907206844,1788937709407206844,ledge_candidate,行走/调整候选,unknown,,,,uncertain,"{""automatic_class"": ""行走/调整候选"", ""bin_s"": 0.5, ""pitch_median_deg"": 1.74, ""max_abs_roll_pitch_deg"": 3.77, ""leg_dq_rms_median"": 0.451, ""wheel_dq_abs_median"": 6.499}","[""点云反复出现前方台沿与后方地面；11–18、28–36、40–43.5、63–65.5、81–84s有多次姿态/关节活动簇。23/38/48/78s为候选通行分界；第一簇同时有正负pitch与大roll，不能逐峰当作成功上/下台。66–80s长时间近静止但0x1002仍保持。""]",model_visual_checked_candidate,pending,not_assessed,边界约 ±0.5–1s；未知地面可能为平地、平台或障碍上的停顿；整段 outcome 未传播。,viewer.html?id=gait_20260909_150705_4fe2b5f8eebd&t=83.000&end=83.500
gait_20260909_150705_4fe2b5f8eebd,"[""D:\\S10Data\\050\\2026-09-09\\gait_20260909_150705_4fe2b5f8eebd\\bag\\bag_0.db3""]",gait_20260909_150705_4fe2b5f8eebd-P05,gait_20260909_150705_4fe2b5f8eebd-S044,83.5,84,source_stamp_minus_manifest_started_wall_ns,1788937625907206844,1788937709407206844,1788937709907206844,ledge_candidate,等待候选,unknown,,,,uncertain,"{""automatic_class"": ""等待候选"", ""bin_s"": 0.5, ""pitch_median_deg"": 0.7, ""max_abs_roll_pitch_deg"": 3.82, ""leg_dq_rms_median"": 0.069, ""wheel_dq_abs_median"": 0.525}","[""点云反复出现前方台沿与后方地面；11–18、28–36、40–43.5、63–65.5、81–84s有多次姿态/关节活动簇。23/38/48/78s为候选通行分界；第一簇同时有正负pitch与大roll，不能逐峰当作成功上/下台。66–80s长时间近静止但0x1002仍保持。""]",model_visual_checked_candidate,pending,not_assessed,边界约 ±0.5–1s；未知地面可能为平地、平台或障碍上的停顿；整段 outcome 未传播。,viewer.html?id=gait_20260909_150705_4fe2b5f8eebd&t=83.500&end=84.000
gait_20260909_150705_4fe2b5f8eebd,"[""D:\\S10Data\\050\\2026-09-09\\gait_20260909_150705_4fe2b5f8eebd\\bag\\bag_0.db3""]",gait_20260909_150705_4fe2b5f8eebd-P05,gait_20260909_150705_4fe2b5f8eebd-S045,84,93.25584556100011,source_stamp_minus_manifest_started_wall_ns,1788937625907206844,1788937709907206844,1788937719163052405,ledge_candidate,等待候选,unknown,,,,uncertain,"{""automatic_class"": ""等待候选"", ""bin_s"": 0.5, ""pitch_median_deg"": 1.09, ""max_abs_roll_pitch_deg"": 3.82, ""leg_dq_rms_median"": 0.007, ""wheel_dq_abs_median"": 0.013}","[""点云反复出现前方台沿与后方地面；11–18、28–36、40–43.5、63–65.5、81–84s有多次姿态/关节活动簇。23/38/48/78s为候选通行分界；第一簇同时有正负pitch与大roll，不能逐峰当作成功上/下台。66–80s长时间近静止但0x1002仍保持。""]",model_visual_checked_candidate,pending,not_assessed,边界约 ±0.5–1s；未知地面可能为平地、平台或障碍上的停顿；整段 outcome 未传播。,viewer.html?id=gait_20260909_150705_4fe2b5f8eebd&t=84.000&end=93.256
gait_20260909_150921_9ed8457a8250,"[""D:\\S10Data\\050\\2026-09-09\\gait_20260909_150921_9ed8457a8250\\bag\\bag_0.db3""]",gait_20260909_150921_9ed8457a8250-P01,gait_20260909_150921_9ed8457a8250-S001,0.0,4.5,source_stamp_minus_manifest_started_wall_ns,1788937761476556125,1788937761476556125,1788937765976556125,ledge_candidate,等待候选,unknown,,,,uncertain,"{""automatic_class"": ""等待候选"", ""bin_s"": 0.5, ""pitch_median_deg"": -1.9, ""max_abs_roll_pitch_deg"": 1.91, ""leg_dq_rms_median"": 0.007, ""wheel_dq_abs_median"": 0.012}","[""前方点云有台沿，约11s短负pitch；16–19s大幅roll/pitch倾斜，16.813s状态17→2，18.814s→0。整段manifest仍为success；事件归因和此前是否有成功通行需人工确认。""]",model_visual_checked_candidate,pending,not_assessed,边界约 ±0.5–1s；未知地面可能为平地、平台或障碍上的停顿；整段 outcome 未传播。,viewer.html?id=gait_20260909_150921_9ed8457a8250&t=0.000&end=4.500
gait_20260909_150921_9ed8457a8250,"[""D:\\S10Data\\050\\2026-09-09\\gait_20260909_150921_9ed8457a8250\\bag\\bag_0.db3""]",gait_20260909_150921_9ed8457a8250-P01,gait_20260909_150921_9ed8457a8250-S002,4.5,5.5,source_stamp_minus_manifest_started_wall_ns,1788937761476556125,1788937765976556125,1788937766976556125,ledge_candidate,行走/调整候选,unknown,,,,uncertain,"{""automatic_class"": ""行走/调整候选"", ""bin_s"": 0.5, ""pitch_median_deg"": -3.97, ""max_abs_roll_pitch_deg"": 8.6, ""leg_dq_rms_median"": 0.248, ""wheel_dq_abs_median"": 8.03}","[""前方点云有台沿，约11s短负pitch；16–19s大幅roll/pitch倾斜，16.813s状态17→2，18.814s→0。整段manifest仍为success；事件归因和此前是否有成功通行需人工确认。""]",model_visual_checked_candidate,pending,not_assessed,边界约 ±0.5–1s；未知地面可能为平地、平台或障碍上的停顿；整段 outcome 未传播。,viewer.html?id=gait_20260909_150921_9ed8457a8250&t=4.500&end=5.500
gait_20260909_150921_9ed8457a8250,"[""D:\\S10Data\\050\\2026-09-09\\gait_20260909_150921_9ed8457a8250\\bag\\bag_0.db3""]",gait_20260909_150921_9ed8457a8250-P01,gait_20260909_150921_9ed8457a8250-S003,5.5,6.0,source_stamp_minus_manifest_started_wall_ns,1788937761476556125,1788937766976556125,1788937767476556125,ledge_candidate,姿态变化/越障候选,unknown,,,,uncertain,"{""automatic_class"": ""姿态变化/越障候选"", ""bin_s"": 0.5, ""pitch_median_deg"": -8.24, ""max_abs_roll_pitch_deg"": 9.76, ""leg_dq_rms_median"": 0.368, ""wheel_dq_abs_median"": 9.553}","[""前方点云有台沿，约11s短负pitch；16–19s大幅roll/pitch倾斜，16.813s状态17→2，18.814s→0。整段manifest仍为success；事件归因和此前是否有成功通行需人工确认。""]",model_visual_checked_candidate,pending,not_assessed,边界约 ±0.5–1s；未知地面可能为平地、平台或障碍上的停顿；整段 outcome 未传播。,viewer.html?id=gait_20260909_150921_9ed8457a8250&t=5.500&end=6.000
gait_20260909_150921_9ed8457a8250,"[""D:\\S10Data\\050\\2026-09-09\\gait_20260909_150921_9ed8457a8250\\bag\\bag_0.db3""]",gait_20260909_150921_9ed8457a8250-P01,gait_20260909_150921_9ed8457a8250-S004,6.0,10,source_stamp_minus_manifest_started_wall_ns,1788937761476556125,1788937767476556125,1788937771476556125,ledge_candidate,行走/调整候选,unknown,,,,uncertain,"{""automatic_class"": ""行走/调整候选"", ""bin_s"": 0.5, ""pitch_median_deg"": -1.47, ""max_abs_roll_pitch_deg"": 5.39, ""leg_dq_rms_median"": 0.336, ""wheel_dq_abs_median"": 0.844}","[""前方点云有台沿，约11s短负pitch；16–19s大幅roll/pitch倾斜，16.813s状态17→2，18.814s→0。整段manifest仍为success；事件归因和此前是否有成功通行需人工确认。""]",model_visual_checked_candidate,pending,not_assessed,边界约 ±0.5–1s；未知地面可能为平地、平台或障碍上的停顿；整段 outcome 未传播。,viewer.html?id=gait_20260909_150921_9ed8457a8250&t=6.000&end=10.000
gait_20260909_150921_9ed8457a8250,"[""D:\\S10Data\\050\\2026-09-09\\gait_20260909_150921_9ed8457a8250\\bag\\bag_0.db3""]",gait_20260909_150921_9ed8457a8250-P01,gait_20260909_150921_9ed8457a8250-S005,10,10.5,source_stamp_minus_manifest_started_wall_ns,1788937761476556125,1788937771476556125,1788937771976556125,ledge_candidate,行走/调整候选,unknown,,,,uncertain,"{""automatic_class"": ""行走/调整候选"", ""bin_s"": 0.5, ""pitch_median_deg"": -1.4, ""max_abs_roll_pitch_deg"": 2.25, ""leg_dq_rms_median"": 0.361, ""wheel_dq_abs_median"": 3.584}","[""前方点云有台沿，约11s短负pitch；16–19s大幅roll/pitch倾斜，16.813s状态17→2，18.814s→0。整段manifest仍为success；事件归因和此前是否有成功通行需人工确认。""]",model_visual_checked_candidate,pending,not_assessed,边界约 ±0.5–1s；未知地面可能为平地、平台或障碍上的停顿；整段 outcome 未传播。,viewer.html?id=gait_20260909_150921_9ed8457a8250&t=10.000&end=10.500
gait_20260909_150921_9ed8457a8250,"[""D:\\S10Data\\050\\2026-09-09\\gait_20260909_150921_9ed8457a8250\\bag\\bag_0.db3""]",gait_20260909_150921_9ed8457a8250-P01,gait_20260909_150921_9ed8457a8250-S006,10.5,11.5,source_stamp_minus_manifest_started_wall_ns,1788937761476556125,1788937771976556125,1788937772976556125,ledge_candidate,姿态变化/越障候选,unknown,,,,uncertain,"{""automatic_class"": ""姿态变化/越障候选"", ""bin_s"": 0.5, ""pitch_median_deg"": -26.73, ""max_abs_roll_pitch_deg"": 37.13, ""leg_dq_rms_median"": 3.426, ""wheel_dq_abs_median"": 9.541}","[""前方点云有台沿，约11s短负pitch；16–19s大幅roll/pitch倾斜，16.813s状态17→2，18.814s→0。整段manifest仍为success；事件归因和此前是否有成功通行需人工确认。""]",model_visual_checked_candidate,pending,not_assessed,边界约 ±0.5–1s；未知地面可能为平地、平台或障碍上的停顿；整段 outcome 未传播。,viewer.html?id=gait_20260909_150921_9ed8457a8250&t=10.500&end=11.500
gait_20260909_150921_9ed8457a8250,"[""D:\\S10Data\\050\\2026-09-09\\gait_20260909_150921_9ed8457a8250\\bag\\bag_0.db3""]",gait_20260909_150921_9ed8457a8250-P01,gait_20260909_150921_9ed8457a8250-S007,11.5,12,source_stamp_minus_manifest_started_wall_ns,1788937761476556125,1788937772976556125,1788937773476556125,ledge_candidate,行走/调整候选,unknown,,,,uncertain,"{""automatic_class"": ""行走/调整候选"", ""bin_s"": 0.5, ""pitch_median_deg"": 3.24, ""max_abs_roll_pitch_deg"": 9.36, ""leg_dq_rms_median"": 1.633, ""wheel_dq_abs_median"": 7.356}","[""前方点云有台沿，约11s短负pitch；16–19s大幅roll/pitch倾斜，16.813s状态17→2，18.814s→0。整段manifest仍为success；事件归因和此前是否有成功通行需人工确认。""]",model_visual_checked_candidate,pending,not_assessed,边界约 ±0.5–1s；未知地面可能为平地、平台或障碍上的停顿；整段 outcome 未传播。,viewer.html?id=gait_20260909_150921_9ed8457a8250&t=11.500&end=12.000
gait_20260909_150921_9ed8457a8250,"[""D:\\S10Data\\050\\2026-09-09\\gait_20260909_150921_9ed8457a8250\\bag\\bag_0.db3""]",gait_20260909_150921_9ed8457a8250-P01,gait_20260909_150921_9ed8457a8250-S008,12,15.5,source_stamp_minus_manifest_started_wall_ns,1788937761476556125,1788937773476556125,1788937776976556125,ledge_candidate,行走/调整候选,unknown,,,,uncertain,"{""automatic_class"": ""行走/调整候选"", ""bin_s"": 0.5, ""pitch_median_deg"": -2.0, ""max_abs_roll_pitch_deg"": 6.29, ""leg_dq_rms_median"": 0.454, ""wheel_dq_abs_median"": 1.14}","[""前方点云有台沿，约11s短负pitch；16–19s大幅roll/pitch倾斜，16.813s状态17→2，18.814s→0。整段manifest仍为success；事件归因和此前是否有成功通行需人工确认。""]",model_visual_checked_candidate,pending,not_assessed,边界约 ±0.5–1s；未知地面可能为平地、平台或障碍上的停顿；整段 outcome 未传播。,viewer.html?id=gait_20260909_150921_9ed8457a8250&t=12.000&end=15.500
gait_20260909_150921_9ed8457a8250,"[""D:\\S10Data\\050\\2026-09-09\\gait_20260909_150921_9ed8457a8250\\bag\\bag_0.db3""]",gait_20260909_150921_9ed8457a8250-P01,gait_20260909_150921_9ed8457a8250-S009,15.5,16.0,source_stamp_minus_manifest_started_wall_ns,1788937761476556125,1788937776976556125,1788937777476556125,ledge_candidate,行走/调整候选,unknown,,,,uncertain,"{""automatic_class"": ""行走/调整候选"", ""bin_s"": 0.5, ""pitch_median_deg"": 3.94, ""max_abs_roll_pitch_deg"": 16.05, ""leg_dq_rms_median"": 0.796, ""wheel_dq_abs_median"": 15.13}","[""前方点云有台沿，约11s短负pitch；16–19s大幅roll/pitch倾斜，16.813s状态17→2，18.814s→0。整段manifest仍为success；事件归因和此前是否有成功通行需人工确认。""]",model_visual_checked_candidate,pending,not_assessed,边界约 ±0.5–1s；未知地面可能为平地、平台或障碍上的停顿；整段 outcome 未传播。,viewer.html?id=gait_20260909_150921_9ed8457a8250&t=15.500&end=16.000
gait_20260909_150921_9ed8457a8250,"[""D:\\S10Data\\050\\2026-09-09\\gait_20260909_150921_9ed8457a8250\\bag\\bag_0.db3""]",gait_20260909_150921_9ed8457a8250-P01,gait_20260909_150921_9ed8457a8250-S010,16.0,16.5,source_stamp_minus_manifest_started_wall_ns,1788937761476556125,1788937777476556125,1788937777976556125,unknown,大倾角/恢复待确认,unknown,,,,uncertain,"{""automatic_class"": ""大倾角/恢复待确认"", ""bin_s"": 0.5, ""pitch_median_deg"": -38.13, ""max_abs_roll_pitch_deg"": 49.46, ""leg_dq_rms_median"": 1.783, ""wheel_dq_abs_median"": 5.748}","[""前方点云有台沿，约11s短负pitch；16–19s大幅roll/pitch倾斜，16.813s状态17→2，18.814s→0。整段manifest仍为success；事件归因和此前是否有成功通行需人工确认。""]",model_visual_checked_candidate,pending,not_assessed,边界约 ±0.5–1s；未知地面可能为平地、平台或障碍上的停顿；整段 outcome 未传播。,viewer.html?id=gait_20260909_150921_9ed8457a8250&t=16.000&end=16.500
gait_20260909_150921_9ed8457a8250,"[""D:\\S10Data\\050\\2026-09-09\\gait_20260909_150921_9ed8457a8250\\bag\\bag_0.db3""]",gait_20260909_150921_9ed8457a8250-P01,gait_20260909_150921_9ed8457a8250-S011,16.5,16.812668758,source_stamp_minus_manifest_started_wall_ns,1788937761476556125,1788937777976556125,1788937778289224883,unknown,控制退出后的记录,unknown,,,,interrupted_control,"{""automatic_class"": ""控制退出后的记录"", ""bin_s"": 0.5, ""pitch_median_deg"": -62.6, ""max_abs_roll_pitch_deg"": 69.74, ""leg_dq_rms_median"": 0.556, ""wheel_dq_abs_median"": 2.834}","[""前方点云有台沿，约11s短负pitch；16–19s大幅roll/pitch倾斜，16.813s状态17→2，18.814s→0。整段manifest仍为success；事件归因和此前是否有成功通行需人工确认。""]",model_visual_checked_candidate,pending,not_assessed,边界约 ±0.5–1s；未知地面可能为平地、平台或障碍上的停顿；整段 outcome 未传播。,viewer.html?id=gait_20260909_150921_9ed8457a8250&t=16.500&end=16.813
gait_20260909_150921_9ed8457a8250,"[""D:\\S10Data\\050\\2026-09-09\\gait_20260909_150921_9ed8457a8250\\bag\\bag_0.db3""]",gait_20260909_150921_9ed8457a8250-P02,gait_20260909_150921_9ed8457a8250-S012,16.812668758,19.5,source_stamp_minus_manifest_started_wall_ns,1788937761476556125,1788937778289224883,1788937780976556125,unknown,控制退出后的记录,unknown,,,,interrupted_control,"{""automatic_class"": ""控制退出后的记录"", ""bin_s"": 0.5, ""pitch_median_deg"": -42.17, ""max_abs_roll_pitch_deg"": 74.38, ""leg_dq_rms_median"": 0.63, ""wheel_dq_abs_median"": 0.325}","[""前方点云有台沿，约11s短负pitch；16–19s大幅roll/pitch倾斜，16.813s状态17→2，18.814s→0。整段manifest仍为success；事件归因和此前是否有成功通行需人工确认。"", ""退出控制后约19–30s关节近静止而机身倾斜；30–48s姿态再变化，可能有人处理但无人工事件证据。MOTION_INFO速度字段维持常值，不能推断持续运动。""]",model_visual_checked_candidate,pending,not_assessed,边界约 ±0.5–1s；未知地面可能为平地、平台或障碍上的停顿；整段 outcome 未传播。,viewer.html?id=gait_20260909_150921_9ed8457a8250&t=16.813&end=19.500
gait_20260909_150921_9ed8457a8250,"[""D:\\S10Data\\050\\2026-09-09\\gait_20260909_150921_9ed8457a8250\\bag\\bag_0.db3""]",gait_20260909_150921_9ed8457a8250-P02,gait_20260909_150921_9ed8457a8250-S013,19.5,30,source_stamp_minus_manifest_started_wall_ns,1788937761476556125,1788937780976556125,1788937791476556125,unknown,控制退出后的记录,unknown,,,,uncertain,"{""automatic_class"": ""控制退出后的记录"", ""bin_s"": 0.5, ""pitch_median_deg"": -21.09, ""max_abs_roll_pitch_deg"": 21.13, ""leg_dq_rms_median"": 0.012, ""wheel_dq_abs_median"": 0.014}","[""退出控制后约19–30s关节近静止而机身倾斜；30–48s姿态再变化，可能有人处理但无人工事件证据。MOTION_INFO速度字段维持常值，不能推断持续运动。""]",model_visual_checked_candidate,pending,not_assessed,边界约 ±0.5–1s；未知地面可能为平地、平台或障碍上的停顿；整段 outcome 未传播。,viewer.html?id=gait_20260909_150921_9ed8457a8250&t=19.500&end=30.000
gait_20260909_150921_9ed8457a8250,"[""D:\\S10Data\\050\\2026-09-09\\gait_20260909_150921_9ed8457a8250\\bag\\bag_0.db3""]",gait_20260909_150921_9ed8457a8250-P02,gait_20260909_150921_9ed8457a8250-S014,30,45,source_stamp_minus_manifest_started_wall_ns,1788937761476556125,1788937791476556125,1788937806476556125,unknown,控制退出后的记录,unknown,,,,uncertain,"{""automatic_class"": ""控制退出后的记录"", ""bin_s"": 0.5, ""pitch_median_deg"": -20.72, ""max_abs_roll_pitch_deg"": 31.17, ""leg_dq_rms_median"": 0.012, ""wheel_dq_abs_median"": 0.014}","[""退出控制后约19–30s关节近静止而机身倾斜；30–48s姿态再变化，可能有人处理但无人工事件证据。MOTION_INFO速度字段维持常值，不能推断持续运动。""]",model_visual_checked_candidate,pending,not_assessed,边界约 ±0.5–1s；未知地面可能为平地、平台或障碍上的停顿；整段 outcome 未传播。,viewer.html?id=gait_20260909_150921_9ed8457a8250&t=30.000&end=45.000
gait_20260909_150921_9ed8457a8250,"[""D:\\S10Data\\050\\2026-09-09\\gait_20260909_150921_9ed8457a8250\\bag\\bag_0.db3""]",gait_20260909_150921_9ed8457a8250-P02,gait_20260909_150921_9ed8457a8250-S015,45,48,source_stamp_minus_manifest_started_wall_ns,1788937761476556125,1788937806476556125,1788937809476556125,unknown,控制退出后的记录,unknown,,,,uncertain,"{""automatic_class"": ""控制退出后的记录"", ""bin_s"": 0.5, ""pitch_median_deg"": -11.02, ""max_abs_roll_pitch_deg"": 13.06, ""leg_dq_rms_median"": 0.012, ""wheel_dq_abs_median"": 0.014}","[""退出控制后约19–30s关节近静止而机身倾斜；30–48s姿态再变化，可能有人处理但无人工事件证据。MOTION_INFO速度字段维持常值，不能推断持续运动。""]",model_visual_checked_candidate,pending,not_assessed,边界约 ±0.5–1s；未知地面可能为平地、平台或障碍上的停顿；整段 outcome 未传播。,viewer.html?id=gait_20260909_150921_9ed8457a8250&t=45.000&end=48.000
gait_20260909_150921_9ed8457a8250,"[""D:\\S10Data\\050\\2026-09-09\\gait_20260909_150921_9ed8457a8250\\bag\\bag_0.db3""]",gait_20260909_150921_9ed8457a8250-P02,gait_20260909_150921_9ed8457a8250-S016,48,63.75,source_stamp_minus_manifest_started_wall_ns,1788937761476556125,1788937809476556125,1788937825226556125,unknown,控制退出后的记录,unknown,,,,uncertain,"{""automatic_class"": ""控制退出后的记录"", ""bin_s"": 0.5, ""pitch_median_deg"": -3.66, ""max_abs_roll_pitch_deg"": 11.81, ""leg_dq_rms_median"": 0.012, ""wheel_dq_abs_median"": 0.014}","[""退出控制后约19–30s关节近静止而机身倾斜；30–48s姿态再变化，可能有人处理但无人工事件证据。MOTION_INFO速度字段维持常值，不能推断持续运动。""]",model_visual_checked_candidate,pending,not_assessed,边界约 ±0.5–1s；未知地面可能为平地、平台或障碍上的停顿；整段 outcome 未传播。,viewer.html?id=gait_20260909_150921_9ed8457a8250&t=48.000&end=63.750
gait_20260909_150921_9ed8457a8250,"[""D:\\S10Data\\050\\2026-09-09\\gait_20260909_150921_9ed8457a8250\\bag\\bag_0.db3""]",gait_20260909_150921_9ed8457a8250-P02,gait_20260909_150921_9ed8457a8250-S017,63.75,64.0,source_stamp_minus_manifest_started_wall_ns,1788937761476556125,1788937825226556125,1788937825476556125,unknown,控制退出后的记录,unknown,,,,uncertain,"{""automatic_class"": ""控制退出后的记录"", ""bin_s"": 0.5}","[""IMU/JOINTS_DATA/MOTION_INFO在约63.7s后无数据；前后点云有长源时间间隔，末尾恢复部分点云。""]",model_visual_checked_candidate,pending,not_assessed,边界约 ±0.5–1s；未知地面可能为平地、平台或障碍上的停顿；整段 outcome 未传播。,viewer.html?id=gait_20260909_150921_9ed8457a8250&t=63.750&end=64.000
gait_20260909_150921_9ed8457a8250,"[""D:\\S10Data\\050\\2026-09-09\\gait_20260909_150921_9ed8457a8250\\bag\\bag_0.db3""]",gait_20260909_150921_9ed8457a8250-P02,gait_20260909_150921_9ed8457a8250-S018,64.0,89.36710523900001,source_stamp_minus_manifest_started_wall_ns,1788937761476556125,1788937825476556125,1788937850843661364,unknown,数据中断/不可判断,unknown,,,,interrupted_data,"{""automatic_class"": ""数据中断/不可判断"", ""bin_s"": 0.5}","[""IMU/JOINTS_DATA/MOTION_INFO在约63.7s后无数据；前后点云有长源时间间隔，末尾恢复部分点云。""]",model_visual_checked_candidate,pending,not_assessed,边界约 ±0.5–1s；未知地面可能为平地、平台或障碍上的停顿；整段 outcome 未传播。,viewer.html?id=gait_20260909_150921_9ed8457a8250&t=64.000&end=89.367
gait_20260909_151135_f45a816f4062,"[""D:\\S10Data\\050\\2026-09-09\\gait_20260909_151135_f45a816f4062\\bag\\bag_0.db3""]",gait_20260909_151135_f45a816f4062-P01,gait_20260909_151135_f45a816f4062-S001,0.0,2.5,source_stamp_minus_manifest_started_wall_ns,1788937895100321950,1788937895100321950,1788937897600321950,ledge_candidate,等待候选,unknown,,,,uncertain,"{""automatic_class"": ""等待候选"", ""bin_s"": 0.5, ""pitch_median_deg"": -2.59, ""max_abs_roll_pitch_deg"": 2.84, ""leg_dq_rms_median"": 0.007, ""wheel_dq_abs_median"": 0.014}","[""1–12s前点云见台沿；约12–13.5s负pitch达约−40°并有腿轮活动，14.3s后前点云趋平、后方保留高低结构；支持上台候选。19–23s有后续移动/转向，不能自动解释为已完全通过。""]",model_visual_checked_candidate,pending,not_assessed,边界约 ±0.5–1s；未知地面可能为平地、平台或障碍上的停顿；整段 outcome 未传播。,viewer.html?id=gait_20260909_151135_f45a816f4062&t=0.000&end=2.500
gait_20260909_151135_f45a816f4062,"[""D:\\S10Data\\050\\2026-09-09\\gait_20260909_151135_f45a816f4062\\bag\\bag_0.db3""]",gait_20260909_151135_f45a816f4062-P01,gait_20260909_151135_f45a816f4062-S002,2.5,3.5,source_stamp_minus_manifest_started_wall_ns,1788937895100321950,1788937897600321950,1788937898600321950,ledge_candidate,行走/调整候选,unknown,,,,uncertain,"{""automatic_class"": ""行走/调整候选"", ""bin_s"": 0.5, ""pitch_median_deg"": -2.02, ""max_abs_roll_pitch_deg"": 2.64, ""leg_dq_rms_median"": 0.113, ""wheel_dq_abs_median"": 1.078}","[""1–12s前点云见台沿；约12–13.5s负pitch达约−40°并有腿轮活动，14.3s后前点云趋平、后方保留高低结构；支持上台候选。19–23s有后续移动/转向，不能自动解释为已完全通过。""]",model_visual_checked_candidate,pending,not_assessed,边界约 ±0.5–1s；未知地面可能为平地、平台或障碍上的停顿；整段 outcome 未传播。,viewer.html?id=gait_20260909_151135_f45a816f4062&t=2.500&end=3.500
gait_20260909_151135_f45a816f4062,"[""D:\\S10Data\\050\\2026-09-09\\gait_20260909_151135_f45a816f4062\\bag\\bag_0.db3""]",gait_20260909_151135_f45a816f4062-P01,gait_20260909_151135_f45a816f4062-S003,3.5,4.5,source_stamp_minus_manifest_started_wall_ns,1788937895100321950,1788937898600321950,1788937899600321950,ledge_candidate,等待候选,unknown,,,,uncertain,"{""automatic_class"": ""等待候选"", ""bin_s"": 0.5, ""pitch_median_deg"": -1.49, ""max_abs_roll_pitch_deg"": 1.51, ""leg_dq_rms_median"": 0.012, ""wheel_dq_abs_median"": 0.069}","[""1–12s前点云见台沿；约12–13.5s负pitch达约−40°并有腿轮活动，14.3s后前点云趋平、后方保留高低结构；支持上台候选。19–23s有后续移动/转向，不能自动解释为已完全通过。""]",model_visual_checked_candidate,pending,not_assessed,边界约 ±0.5–1s；未知地面可能为平地、平台或障碍上的停顿；整段 outcome 未传播。,viewer.html?id=gait_20260909_151135_f45a816f4062&t=3.500&end=4.500
gait_20260909_151135_f45a816f4062,"[""D:\\S10Data\\050\\2026-09-09\\gait_20260909_151135_f45a816f4062\\bag\\bag_0.db3""]",gait_20260909_151135_f45a816f4062-P01,gait_20260909_151135_f45a816f4062-S004,4.5,7.5,source_stamp_minus_manifest_started_wall_ns,1788937895100321950,1788937899600321950,1788937902600321950,ledge_candidate,行走/调整候选,unknown,,,,uncertain,"{""automatic_class"": ""行走/调整候选"", ""bin_s"": 0.5, ""pitch_median_deg"": -3.94, ""max_abs_roll_pitch_deg"": 6.66, ""leg_dq_rms_median"": 0.274, ""wheel_dq_abs_median"": 3.914}","[""1–12s前点云见台沿；约12–13.5s负pitch达约−40°并有腿轮活动，14.3s后前点云趋平、后方保留高低结构；支持上台候选。19–23s有后续移动/转向，不能自动解释为已完全通过。""]",model_visual_checked_candidate,pending,not_assessed,边界约 ±0.5–1s；未知地面可能为平地、平台或障碍上的停顿；整段 outcome 未传播。,viewer.html?id=gait_20260909_151135_f45a816f4062&t=4.500&end=7.500
gait_20260909_151135_f45a816f4062,"[""D:\\S10Data\\050\\2026-09-09\\gait_20260909_151135_f45a816f4062\\bag\\bag_0.db3""]",gait_20260909_151135_f45a816f4062-P01,gait_20260909_151135_f45a816f4062-S005,7.5,9.5,source_stamp_minus_manifest_started_wall_ns,1788937895100321950,1788937902600321950,1788937904600321950,ledge_candidate,等待候选,unknown,,,,uncertain,"{""automatic_class"": ""等待候选"", ""bin_s"": 0.5, ""pitch_median_deg"": -1.96, ""max_abs_roll_pitch_deg"": 2.12, ""leg_dq_rms_median"": 0.006, ""wheel_dq_abs_median"": 0.014}","[""1–12s前点云见台沿；约12–13.5s负pitch达约−40°并有腿轮活动，14.3s后前点云趋平、后方保留高低结构；支持上台候选。19–23s有后续移动/转向，不能自动解释为已完全通过。""]",model_visual_checked_candidate,pending,not_assessed,边界约 ±0.5–1s；未知地面可能为平地、平台或障碍上的停顿；整段 outcome 未传播。,viewer.html?id=gait_20260909_151135_f45a816f4062&t=7.500&end=9.500
gait_20260909_151135_f45a816f4062,"[""D:\\S10Data\\050\\2026-09-09\\gait_20260909_151135_f45a816f4062\\bag\\bag_0.db3""]",gait_20260909_151135_f45a816f4062-P01,gait_20260909_151135_f45a816f4062-S006,9.5,10.5,source_stamp_minus_manifest_started_wall_ns,1788937895100321950,1788937904600321950,1788937905600321950,ledge_candidate,行走/调整候选,unknown,,,,uncertain,"{""automatic_class"": ""行走/调整候选"", ""bin_s"": 0.5, ""pitch_median_deg"": -2.25, ""max_abs_roll_pitch_deg"": 2.62, ""leg_dq_rms_median"": 0.786, ""wheel_dq_abs_median"": 0.377}","[""1–12s前点云见台沿；约12–13.5s负pitch达约−40°并有腿轮活动，14.3s后前点云趋平、后方保留高低结构；支持上台候选。19–23s有后续移动/转向，不能自动解释为已完全通过。""]",model_visual_checked_candidate,pending,not_assessed,边界约 ±0.5–1s；未知地面可能为平地、平台或障碍上的停顿；整段 outcome 未传播。,viewer.html?id=gait_20260909_151135_f45a816f4062&t=9.500&end=10.500
gait_20260909_151135_f45a816f4062,"[""D:\\S10Data\\050\\2026-09-09\\gait_20260909_151135_f45a816f4062\\bag\\bag_0.db3""]",gait_20260909_151135_f45a816f4062-P01,gait_20260909_151135_f45a816f4062-S007,10.5,11.5,source_stamp_minus_manifest_started_wall_ns,1788937895100321950,1788937905600321950,1788937906600321950,ledge_candidate,等待候选,unknown,,,,uncertain,"{""automatic_class"": ""等待候选"", ""bin_s"": 0.5, ""pitch_median_deg"": -3.04, ""max_abs_roll_pitch_deg"": 3.25, ""leg_dq_rms_median"": 0.148, ""wheel_dq_abs_median"": 0.497}","[""1–12s前点云见台沿；约12–13.5s负pitch达约−40°并有腿轮活动，14.3s后前点云趋平、后方保留高低结构；支持上台候选。19–23s有后续移动/转向，不能自动解释为已完全通过。""]",model_visual_checked_candidate,pending,not_assessed,边界约 ±0.5–1s；未知地面可能为平地、平台或障碍上的停顿；整段 outcome 未传播。,viewer.html?id=gait_20260909_151135_f45a816f4062&t=10.500&end=11.500
gait_20260909_151135_f45a816f4062,"[""D:\\S10Data\\050\\2026-09-09\\gait_20260909_151135_f45a816f4062\\bag\\bag_0.db3""]",gait_20260909_151135_f45a816f4062-P01,gait_20260909_151135_f45a816f4062-S008,11.5,12.5,source_stamp_minus_manifest_started_wall_ns,1788937895100321950,1788937906600321950,1788937907600321950,ledge_candidate,行走/调整候选,unknown,,,,uncertain,"{""automatic_class"": ""行走/调整候选"", ""bin_s"": 0.5, ""pitch_median_deg"": -4.06, ""max_abs_roll_pitch_deg"": 10.03, ""leg_dq_rms_median"": 0.359, ""wheel_dq_abs_median"": 4.506}","[""1–12s前点云见台沿；约12–13.5s负pitch达约−40°并有腿轮活动，14.3s后前点云趋平、后方保留高低结构；支持上台候选。19–23s有后续移动/转向，不能自动解释为已完全通过。""]",model_visual_checked_candidate,pending,not_assessed,边界约 ±0.5–1s；未知地面可能为平地、平台或障碍上的停顿；整段 outcome 未传播。,viewer.html?id=gait_20260909_151135_f45a816f4062&t=11.500&end=12.500
gait_20260909_151135_f45a816f4062,"[""D:\\S10Data\\050\\2026-09-09\\gait_20260909_151135_f45a816f4062\\bag\\bag_0.db3""]",gait_20260909_151135_f45a816f4062-P01,gait_20260909_151135_f45a816f4062-S009,12.5,13.0,source_stamp_minus_manifest_started_wall_ns,1788937895100321950,1788937907600321950,1788937908100321950,ledge_candidate,上台候选,up_candidate,,,,uncertain,"{""automatic_class"": ""姿态变化/越障候选"", ""bin_s"": 0.5, ""pitch_median_deg"": -36.53, ""max_abs_roll_pitch_deg"": 40.04, ""leg_dq_rms_median"": 2.598, ""wheel_dq_abs_median"": 9.029}","[""1–12s前点云见台沿；约12–13.5s负pitch达约−40°并有腿轮活动，14.3s后前点云趋平、后方保留高低结构；支持上台候选。19–23s有后续移动/转向，不能自动解释为已完全通过。""]",model_visual_checked_candidate,pending,not_assessed,边界约 ±0.5–1s；未知地面可能为平地、平台或障碍上的停顿；整段 outcome 未传播。,viewer.html?id=gait_20260909_151135_f45a816f4062&t=12.500&end=13.000
gait_20260909_151135_f45a816f4062,"[""D:\\S10Data\\050\\2026-09-09\\gait_20260909_151135_f45a816f4062\\bag\\bag_0.db3""]",gait_20260909_151135_f45a816f4062-P01,gait_20260909_151135_f45a816f4062-S010,13.0,13.5,source_stamp_minus_manifest_started_wall_ns,1788937895100321950,1788937908100321950,1788937908600321950,ledge_candidate,行走/调整候选,unknown,,,,uncertain,"{""automatic_class"": ""行走/调整候选"", ""bin_s"": 0.5, ""pitch_median_deg"": -3.33, ""max_abs_roll_pitch_deg"": 35.13, ""leg_dq_rms_median"": 4.708, ""wheel_dq_abs_median"": 10.466}","[""1–12s前点云见台沿；约12–13.5s负pitch达约−40°并有腿轮活动，14.3s后前点云趋平、后方保留高低结构；支持上台候选。19–23s有后续移动/转向，不能自动解释为已完全通过。""]",model_visual_checked_candidate,pending,not_assessed,边界约 ±0.5–1s；未知地面可能为平地、平台或障碍上的停顿；整段 outcome 未传播。,viewer.html?id=gait_20260909_151135_f45a816f4062&t=13.000&end=13.500
gait_20260909_151135_f45a816f4062,"[""D:\\S10Data\\050\\2026-09-09\\gait_20260909_151135_f45a816f4062\\bag\\bag_0.db3""]",gait_20260909_151135_f45a816f4062-P01,gait_20260909_151135_f45a816f4062-S011,13.5,16.5,source_stamp_minus_manifest_started_wall_ns,1788937895100321950,1788937908600321950,1788937911600321950,ledge_candidate,行走/调整候选,unknown,,,,uncertain,"{""automatic_class"": ""行走/调整候选"", ""bin_s"": 0.5, ""pitch_median_deg"": 2.53, ""max_abs_roll_pitch_deg"": 5.98, ""leg_dq_rms_median"": 0.365, ""wheel_dq_abs_median"": 1.558}","[""1–12s前点云见台沿；约12–13.5s负pitch达约−40°并有腿轮活动，14.3s后前点云趋平、后方保留高低结构；支持上台候选。19–23s有后续移动/转向，不能自动解释为已完全通过。""]",model_visual_checked_candidate,pending,not_assessed,边界约 ±0.5–1s；未知地面可能为平地、平台或障碍上的停顿；整段 outcome 未传播。,viewer.html?id=gait_20260909_151135_f45a816f4062&t=13.500&end=16.500
gait_20260909_151135_f45a816f4062,"[""D:\\S10Data\\050\\2026-09-09\\gait_20260909_151135_f45a816f4062\\bag\\bag_0.db3""]",gait_20260909_151135_f45a816f4062-P01,gait_20260909_151135_f45a816f4062-S012,16.5,18.0,source_stamp_minus_manifest_started_wall_ns,1788937895100321950,1788937911600321950,1788937913100321950,ledge_candidate,等待候选,unknown,,,,uncertain,"{""automatic_class"": ""等待候选"", ""bin_s"": 0.5, ""pitch_median_deg"": 2.18, ""max_abs_roll_pitch_deg"": 2.33, ""leg_dq_rms_median"": 0.009, ""wheel_dq_abs_median"": 0.018}","[""1–12s前点云见台沿；约12–13.5s负pitch达约−40°并有腿轮活动，14.3s后前点云趋平、后方保留高低结构；支持上台候选。19–23s有后续移动/转向，不能自动解释为已完全通过。""]",model_visual_checked_candidate,pending,not_assessed,边界约 ±0.5–1s；未知地面可能为平地、平台或障碍上的停顿；整段 outcome 未传播。,viewer.html?id=gait_20260909_151135_f45a816f4062&t=16.500&end=18.000
gait_20260909_151135_f45a816f4062,"[""D:\\S10Data\\050\\2026-09-09\\gait_20260909_151135_f45a816f4062\\bag\\bag_0.db3""]",gait_20260909_151135_f45a816f4062-P01,gait_20260909_151135_f45a816f4062-S013,18.0,18.5,source_stamp_minus_manifest_started_wall_ns,1788937895100321950,1788937913100321950,1788937913600321950,ledge_candidate,行走/调整候选,unknown,,,,uncertain,"{""automatic_class"": ""行走/调整候选"", ""bin_s"": 0.5, ""pitch_median_deg"": 1.98, ""max_abs_roll_pitch_deg"": 2.12, ""leg_dq_rms_median"": 0.319, ""wheel_dq_abs_median"": 1.396}","[""1–12s前点云见台沿；约12–13.5s负pitch达约−40°并有腿轮活动，14.3s后前点云趋平、后方保留高低结构；支持上台候选。19–23s有后续移动/转向，不能自动解释为已完全通过。""]",model_visual_checked_candidate,pending,not_assessed,边界约 ±0.5–1s；未知地面可能为平地、平台或障碍上的停顿；整段 outcome 未传播。,viewer.html?id=gait_20260909_151135_f45a816f4062&t=18.000&end=18.500
gait_20260909_151135_f45a816f4062,"[""D:\\S10Data\\050\\2026-09-09\\gait_20260909_151135_f45a816f4062\\bag\\bag_0.db3""]",gait_20260909_151135_f45a816f4062-P01,gait_20260909_151135_f45a816f4062-S014,18.5,19.0,source_stamp_minus_manifest_started_wall_ns,1788937895100321950,1788937913600321950,1788937914100321950,ledge_candidate,转向候选,unknown,,,,uncertain,"{""automatic_class"": ""转向候选"", ""bin_s"": 0.5, ""pitch_median_deg"": -6.84, ""max_abs_roll_pitch_deg"": 9.97, ""leg_dq_rms_median"": 1.143, ""wheel_dq_abs_median"": 3.61}","[""1–12s前点云见台沿；约12–13.5s负pitch达约−40°并有腿轮活动，14.3s后前点云趋平、后方保留高低结构；支持上台候选。19–23s有后续移动/转向，不能自动解释为已完全通过。""]",model_visual_checked_candidate,pending,not_assessed,边界约 ±0.5–1s；未知地面可能为平地、平台或障碍上的停顿；整段 outcome 未传播。,viewer.html?id=gait_20260909_151135_f45a816f4062&t=18.500&end=19.000
gait_20260909_151135_f45a816f4062,"[""D:\\S10Data\\050\\2026-09-09\\gait_20260909_151135_f45a816f4062\\bag\\bag_0.db3""]",gait_20260909_151135_f45a816f4062-P01,gait_20260909_151135_f45a816f4062-S015,19.0,20.0,source_stamp_minus_manifest_started_wall_ns,1788937895100321950,1788937914100321950,1788937915100321950,ledge_candidate,上台候选,up_candidate,,,,uncertain,"{""automatic_class"": ""姿态变化/越障候选"", ""bin_s"": 0.5, ""pitch_median_deg"": -11.61, ""max_abs_roll_pitch_deg"": 13.01, ""leg_dq_rms_median"": 1.457, ""wheel_dq_abs_median"": 7.456}","[""1–12s前点云见台沿；约12–13.5s负pitch达约−40°并有腿轮活动，14.3s后前点云趋平、后方保留高低结构；支持上台候选。19–23s有后续移动/转向，不能自动解释为已完全通过。""]",model_visual_checked_candidate,pending,not_assessed,边界约 ±0.5–1s；未知地面可能为平地、平台或障碍上的停顿；整段 outcome 未传播。,viewer.html?id=gait_20260909_151135_f45a816f4062&t=19.000&end=20.000
gait_20260909_151135_f45a816f4062,"[""D:\\S10Data\\050\\2026-09-09\\gait_20260909_151135_f45a816f4062\\bag\\bag_0.db3""]",gait_20260909_151135_f45a816f4062-P01,gait_20260909_151135_f45a816f4062-S016,20.0,21.5,source_stamp_minus_manifest_started_wall_ns,1788937895100321950,1788937915100321950,1788937916600321950,ledge_candidate,行走/调整候选,unknown,,,,uncertain,"{""automatic_class"": ""行走/调整候选"", ""bin_s"": 0.5, ""pitch_median_deg"": -4.97, ""max_abs_roll_pitch_deg"": 9.38, ""leg_dq_rms_median"": 0.378, ""wheel_dq_abs_median"": 9.953}","[""1–12s前点云见台沿；约12–13.5s负pitch达约−40°并有腿轮活动，14.3s后前点云趋平、后方保留高低结构；支持上台候选。19–23s有后续移动/转向，不能自动解释为已完全通过。""]",model_visual_checked_candidate,pending,not_assessed,边界约 ±0.5–1s；未知地面可能为平地、平台或障碍上的停顿；整段 outcome 未传播。,viewer.html?id=gait_20260909_151135_f45a816f4062&t=20.000&end=21.500
gait_20260909_151135_f45a816f4062,"[""D:\\S10Data\\050\\2026-09-09\\gait_20260909_151135_f45a816f4062\\bag\\bag_0.db3""]",gait_20260909_151135_f45a816f4062-P01,gait_20260909_151135_f45a816f4062-S017,21.5,22.0,source_stamp_minus_manifest_started_wall_ns,1788937895100321950,1788937916600321950,1788937917100321950,ledge_candidate,上台候选,up_candidate,,,,uncertain,"{""automatic_class"": ""姿态变化/越障候选"", ""bin_s"": 0.5, ""pitch_median_deg"": -8.88, ""max_abs_roll_pitch_deg"": 9.13, ""leg_dq_rms_median"": 1.22, ""wheel_dq_abs_median"": 1.72}","[""1–12s前点云见台沿；约12–13.5s负pitch达约−40°并有腿轮活动，14.3s后前点云趋平、后方保留高低结构；支持上台候选。19–23s有后续移动/转向，不能自动解释为已完全通过。""]",model_visual_checked_candidate,pending,not_assessed,边界约 ±0.5–1s；未知地面可能为平地、平台或障碍上的停顿；整段 outcome 未传播。,viewer.html?id=gait_20260909_151135_f45a816f4062&t=21.500&end=22.000
gait_20260909_151135_f45a816f4062,"[""D:\\S10Data\\050\\2026-09-09\\gait_20260909_151135_f45a816f4062\\bag\\bag_0.db3""]",gait_20260909_151135_f45a816f4062-P01,gait_20260909_151135_f45a816f4062-S018,22.0,23.5,source_stamp_minus_manifest_started_wall_ns,1788937895100321950,1788937917100321950,1788937918600321950,ledge_candidate,行走/调整候选,unknown,,,,uncertain,"{""automatic_class"": ""行走/调整候选"", ""bin_s"": 0.5, ""pitch_median_deg"": -4.31, ""max_abs_roll_pitch_deg"": 6.07, ""leg_dq_rms_median"": 1.156, ""wheel_dq_abs_median"": 1.955}","[""1–12s前点云见台沿；约12–13.5s负pitch达约−40°并有腿轮活动，14.3s后前点云趋平、后方保留高低结构；支持上台候选。19–23s有后续移动/转向，不能自动解释为已完全通过。""]",model_visual_checked_candidate,pending,not_assessed,边界约 ±0.5–1s；未知地面可能为平地、平台或障碍上的停顿；整段 outcome 未传播。,viewer.html?id=gait_20260909_151135_f45a816f4062&t=22.000&end=23.500
gait_20260909_151135_f45a816f4062,"[""D:\\S10Data\\050\\2026-09-09\\gait_20260909_151135_f45a816f4062\\bag\\bag_0.db3""]",gait_20260909_151135_f45a816f4062-P01,gait_20260909_151135_f45a816f4062-S019,23.5,26.31858701400006,source_stamp_minus_manifest_started_wall_ns,1788937895100321950,1788937918600321950,1788937921418908964,ledge_candidate,等待候选,unknown,,,,uncertain,"{""automatic_class"": ""等待候选"", ""bin_s"": 0.5, ""pitch_median_deg"": -1.02, ""max_abs_roll_pitch_deg"": 5.04, ""leg_dq_rms_median"": 0.007, ""wheel_dq_abs_median"": 0.017}","[""1–12s前点云见台沿；约12–13.5s负pitch达约−40°并有腿轮活动，14.3s后前点云趋平、后方保留高低结构；支持上台候选。19–23s有后续移动/转向，不能自动解释为已完全通过。""]",model_visual_checked_candidate,pending,not_assessed,边界约 ±0.5–1s；未知地面可能为平地、平台或障碍上的停顿；整段 outcome 未传播。,viewer.html?id=gait_20260909_151135_f45a816f4062&t=23.500&end=26.319
gait_20260909_151220_d3ace6be729a,"[""D:\\S10Data\\050\\2026-09-09\\gait_20260909_151220_d3ace6be729a\\bag\\bag_0.db3""]",gait_20260909_151220_d3ace6be729a-P01,gait_20260909_151220_d3ace6be729a-S001,0.0,1.5,source_stamp_minus_manifest_started_wall_ns,1788937940673448923,1788937940673448923,1788937942173448923,ledge_candidate,等待候选,unknown,,,,uncertain,"{""automatic_class"": ""等待候选"", ""bin_s"": 0.5, ""pitch_median_deg"": -3.45, ""max_abs_roll_pitch_deg"": 3.48, ""leg_dq_rms_median"": 0.009, ""wheel_dq_abs_median"": 0.03}","[""前点云初始有台沿；约8.8–10s负pitch达约−42°，有腿轮活动，10.6s后前点云趋平而机身仍倾斜。截断前是否四轮完成越障无法仅凭速览确认。""]",model_visual_checked_candidate,pending,not_assessed,边界约 ±0.5–1s；未知地面可能为平地、平台或障碍上的停顿；整段 outcome 未传播。,viewer.html?id=gait_20260909_151220_d3ace6be729a&t=0.000&end=1.500
gait_20260909_151220_d3ace6be729a,"[""D:\\S10Data\\050\\2026-09-09\\gait_20260909_151220_d3ace6be729a\\bag\\bag_0.db3""]",gait_20260909_151220_d3ace6be729a-P01,gait_20260909_151220_d3ace6be729a-S002,1.5,3.0,source_stamp_minus_manifest_started_wall_ns,1788937940673448923,1788937942173448923,1788937943673448923,ledge_candidate,行走/调整候选,unknown,,,,uncertain,"{""automatic_class"": ""行走/调整候选"", ""bin_s"": 0.5, ""pitch_median_deg"": -5.52, ""max_abs_roll_pitch_deg"": 8.3, ""leg_dq_rms_median"": 0.279, ""wheel_dq_abs_median"": 6.962}","[""前点云初始有台沿；约8.8–10s负pitch达约−42°，有腿轮活动，10.6s后前点云趋平而机身仍倾斜。截断前是否四轮完成越障无法仅凭速览确认。""]",model_visual_checked_candidate,pending,not_assessed,边界约 ±0.5–1s；未知地面可能为平地、平台或障碍上的停顿；整段 outcome 未传播。,viewer.html?id=gait_20260909_151220_d3ace6be729a&t=1.500&end=3.000
gait_20260909_151220_d3ace6be729a,"[""D:\\S10Data\\050\\2026-09-09\\gait_20260909_151220_d3ace6be729a\\bag\\bag_0.db3""]",gait_20260909_151220_d3ace6be729a-P01,gait_20260909_151220_d3ace6be729a-S003,3.0,4.0,source_stamp_minus_manifest_started_wall_ns,1788937940673448923,1788937943673448923,1788937944673448923,ledge_candidate,转向候选,unknown,,,,uncertain,"{""automatic_class"": ""转向候选"", ""bin_s"": 0.5, ""pitch_median_deg"": -5.14, ""max_abs_roll_pitch_deg"": 6.92, ""leg_dq_rms_median"": 1.302, ""wheel_dq_abs_median"": 2.256}","[""前点云初始有台沿；约8.8–10s负pitch达约−42°，有腿轮活动，10.6s后前点云趋平而机身仍倾斜。截断前是否四轮完成越障无法仅凭速览确认。""]",model_visual_checked_candidate,pending,not_assessed,边界约 ±0.5–1s；未知地面可能为平地、平台或障碍上的停顿；整段 outcome 未传播。,viewer.html?id=gait_20260909_151220_d3ace6be729a&t=3.000&end=4.000
gait_20260909_151220_d3ace6be729a,"[""D:\\S10Data\\050\\2026-09-09\\gait_20260909_151220_d3ace6be729a\\bag\\bag_0.db3""]",gait_20260909_151220_d3ace6be729a-P01,gait_20260909_151220_d3ace6be729a-S004,4.0,8.5,source_stamp_minus_manifest_started_wall_ns,1788937940673448923,1788937944673448923,1788937949173448923,ledge_candidate,行走/调整候选,unknown,,,,uncertain,"{""automatic_class"": ""行走/调整候选"", ""bin_s"": 0.5, ""pitch_median_deg"": -3.99, ""max_abs_roll_pitch_deg"": 6.4, ""leg_dq_rms_median"": 0.19, ""wheel_dq_abs_median"": 0.906}","[""前点云初始有台沿；约8.8–10s负pitch达约−42°，有腿轮活动，10.6s后前点云趋平而机身仍倾斜。截断前是否四轮完成越障无法仅凭速览确认。""]",model_visual_checked_candidate,pending,not_assessed,边界约 ±0.5–1s；未知地面可能为平地、平台或障碍上的停顿；整段 outcome 未传播。,viewer.html?id=gait_20260909_151220_d3ace6be729a&t=4.000&end=8.500
gait_20260909_151220_d3ace6be729a,"[""D:\\S10Data\\050\\2026-09-09\\gait_20260909_151220_d3ace6be729a\\bag\\bag_0.db3""]",gait_20260909_151220_d3ace6be729a-P01,gait_20260909_151220_d3ace6be729a-S005,8.5,9.0,source_stamp_minus_manifest_started_wall_ns,1788937940673448923,1788937949173448923,1788937949673448923,ledge_candidate,行走/调整候选,unknown,,,,uncertain,"{""automatic_class"": ""行走/调整候选"", ""bin_s"": 0.5, ""pitch_median_deg"": -4.46, ""max_abs_roll_pitch_deg"": 14.27, ""leg_dq_rms_median"": 1.08, ""wheel_dq_abs_median"": 2.7}","[""前点云初始有台沿；约8.8–10s负pitch达约−42°，有腿轮活动，10.6s后前点云趋平而机身仍倾斜。截断前是否四轮完成越障无法仅凭速览确认。""]",model_visual_checked_candidate,pending,not_assessed,边界约 ±0.5–1s；未知地面可能为平地、平台或障碍上的停顿；整段 outcome 未传播。,viewer.html?id=gait_20260909_151220_d3ace6be729a&t=8.500&end=9.000
gait_20260909_151220_d3ace6be729a,"[""D:\\S10Data\\050\\2026-09-09\\gait_20260909_151220_d3ace6be729a\\bag\\bag_0.db3""]",gait_20260909_151220_d3ace6be729a-P01,gait_20260909_151220_d3ace6be729a-S006,9.0,9.5,source_stamp_minus_manifest_started_wall_ns,1788937940673448923,1788937949673448923,1788937950173448923,ledge_candidate,上台候选,up_candidate,,,,uncertain,"{""automatic_class"": ""姿态变化/越障候选"", ""bin_s"": 0.5, ""pitch_median_deg"": -36.69, ""max_abs_roll_pitch_deg"": 41.44, ""leg_dq_rms_median"": 4.307, ""wheel_dq_abs_median"": 10.437}","[""前点云初始有台沿；约8.8–10s负pitch达约−42°，有腿轮活动，10.6s后前点云趋平而机身仍倾斜。截断前是否四轮完成越障无法仅凭速览确认。""]",model_visual_checked_candidate,pending,not_assessed,边界约 ±0.5–1s；未知地面可能为平地、平台或障碍上的停顿；整段 outcome 未传播。,viewer.html?id=gait_20260909_151220_d3ace6be729a&t=9.000&end=9.500
gait_20260909_151220_d3ace6be729a,"[""D:\\S10Data\\050\\2026-09-09\\gait_20260909_151220_d3ace6be729a\\bag\\bag_0.db3""]",gait_20260909_151220_d3ace6be729a-P01,gait_20260909_151220_d3ace6be729a-S007,9.5,10,source_stamp_minus_manifest_started_wall_ns,1788937940673448923,1788937950173448923,1788937950673448923,ledge_candidate,行走/调整候选,unknown,,,,uncertain,"{""automatic_class"": ""行走/调整候选"", ""bin_s"": 0.5, ""pitch_median_deg"": -3.45, ""max_abs_roll_pitch_deg"": 21.76, ""leg_dq_rms_median"": 3.214, ""wheel_dq_abs_median"": 13.044}","[""前点云初始有台沿；约8.8–10s负pitch达约−42°，有腿轮活动，10.6s后前点云趋平而机身仍倾斜。截断前是否四轮完成越障无法仅凭速览确认。""]",model_visual_checked_candidate,pending,not_assessed,边界约 ±0.5–1s；未知地面可能为平地、平台或障碍上的停顿；整段 outcome 未传播。,viewer.html?id=gait_20260909_151220_d3ace6be729a&t=9.500&end=10.000
gait_20260909_151220_d3ace6be729a,"[""D:\\S10Data\\050\\2026-09-09\\gait_20260909_151220_d3ace6be729a\\bag\\bag_0.db3""]",gait_20260909_151220_d3ace6be729a-P01,gait_20260909_151220_d3ace6be729a-S008,10,10.5,source_stamp_minus_manifest_started_wall_ns,1788937940673448923,1788937950673448923,1788937951173448923,ledge_candidate,行走/调整候选,unknown,,,,uncertain,"{""automatic_class"": ""行走/调整候选"", ""bin_s"": 0.5, ""pitch_median_deg"": 2.1, ""max_abs_roll_pitch_deg"": 6.26, ""leg_dq_rms_median"": 0.914, ""wheel_dq_abs_median"": 7.644}","[""前点云初始有台沿；约8.8–10s负pitch达约−42°，有腿轮活动，10.6s后前点云趋平而机身仍倾斜。截断前是否四轮完成越障无法仅凭速览确认。""]",model_visual_checked_candidate,pending,not_assessed,边界约 ±0.5–1s；未知地面可能为平地、平台或障碍上的停顿；整段 outcome 未传播。,viewer.html?id=gait_20260909_151220_d3ace6be729a&t=10.000&end=10.500
gait_20260909_151220_d3ace6be729a,"[""D:\\S10Data\\050\\2026-09-09\\gait_20260909_151220_d3ace6be729a\\bag\\bag_0.db3""]",gait_20260909_151220_d3ace6be729a-P01,gait_20260909_151220_d3ace6be729a-S009,10.5,11,source_stamp_minus_manifest_started_wall_ns,1788937940673448923,1788937951173448923,1788937951673448923,ledge_candidate,上台候选,up_candidate,,,,uncertain,"{""automatic_class"": ""姿态变化/越障候选"", ""bin_s"": 0.5, ""pitch_median_deg"": -8.79, ""max_abs_roll_pitch_deg"": 10.25, ""leg_dq_rms_median"": 0.682, ""wheel_dq_abs_median"": 5.115}","[""前点云初始有台沿；约8.8–10s负pitch达约−42°，有腿轮活动，10.6s后前点云趋平而机身仍倾斜。截断前是否四轮完成越障无法仅凭速览确认。""]",model_visual_checked_candidate,pending,not_assessed,边界约 ±0.5–1s；未知地面可能为平地、平台或障碍上的停顿；整段 outcome 未传播。,viewer.html?id=gait_20260909_151220_d3ace6be729a&t=10.500&end=11.000
gait_20260909_151220_d3ace6be729a,"[""D:\\S10Data\\050\\2026-09-09\\gait_20260909_151220_d3ace6be729a\\bag\\bag_0.db3""]",gait_20260909_151220_d3ace6be729a-P01,gait_20260909_151220_d3ace6be729a-S010,11,12.5,source_stamp_minus_manifest_started_wall_ns,1788937940673448923,1788937951673448923,1788937953173448923,ledge_candidate,上台候选,up_candidate,,,,uncertain,"{""automatic_class"": ""姿态变化/越障候选"", ""bin_s"": 0.5, ""pitch_median_deg"": -12.14, ""max_abs_roll_pitch_deg"": 12.62, ""leg_dq_rms_median"": 0.191, ""wheel_dq_abs_median"": 1.434}","[""前点云初始有台沿；约8.8–10s负pitch达约−42°，有腿轮活动，10.6s后前点云趋平而机身仍倾斜。截断前是否四轮完成越障无法仅凭速览确认。""]",model_visual_checked_candidate,pending,not_assessed,边界约 ±0.5–1s；未知地面可能为平地、平台或障碍上的停顿；整段 outcome 未传播。,viewer.html?id=gait_20260909_151220_d3ace6be729a&t=11.000&end=12.500
gait_20260909_151220_d3ace6be729a,"[""D:\\S10Data\\050\\2026-09-09\\gait_20260909_151220_d3ace6be729a\\bag\\bag_0.db3""]",gait_20260909_151220_d3ace6be729a-P01,gait_20260909_151220_d3ace6be729a-S011,12.5,13.335592623000139,source_stamp_minus_manifest_started_wall_ns,1788937940673448923,1788937953173448923,1788937954009041546,ledge_candidate,等待候选,unknown,,,,uncertain,"{""automatic_class"": ""等待候选"", ""bin_s"": 0.5, ""pitch_median_deg"": -12.07, ""max_abs_roll_pitch_deg"": 12.23, ""leg_dq_rms_median"": 0.013, ""wheel_dq_abs_median"": 0.135}","[""前点云初始有台沿；约8.8–10s负pitch达约−42°，有腿轮活动，10.6s后前点云趋平而机身仍倾斜。截断前是否四轮完成越障无法仅凭速览确认。""]",model_visual_checked_candidate,pending,not_assessed,边界约 ±0.5–1s；未知地面可能为平地、平台或障碍上的停顿；整段 outcome 未传播。,viewer.html?id=gait_20260909_151220_d3ace6be729a&t=12.500&end=13.336
gait_20260909_151538_271bf7a9d4d2,"[""D:\\S10Data\\050\\2026-09-09\\gait_20260909_151538_271bf7a9d4d2\\bag\\bag_0.db3""]",gait_20260909_151538_271bf7a9d4d2-P01,gait_20260909_151538_271bf7a9d4d2-S001,0.0,24.862878365999904,source_stamp_minus_manifest_started_wall_ns,1788938138046545868,1788938138046545868,1788938162909424234,flat_candidate,等待候选,unknown,,,,uncertain,"{""automatic_class"": ""等待候选"", ""bin_s"": 0.5, ""pitch_median_deg"": 1.16, ""max_abs_roll_pitch_deg"": 1.17, ""leg_dq_rms_median"": 0.007, ""wheel_dq_abs_median"": 0.011}","[""完整信号图中roll/pitch近恒定、关节速度仅微小噪声，点云近地面形态基本稳定；实际状态17/步态0x1001。manifest为failure，但无可定位失败动作证据。""]",model_visual_checked_candidate,pending,not_assessed,边界约 ±0.5–1s；未知地面可能为平地、平台或障碍上的停顿；整段 outcome 未传播。,viewer.html?id=gait_20260909_151538_271bf7a9d4d2&t=0.000&end=24.863
gait_20260909_151616_30765a77bc55,"[""D:\\S10Data\\050\\2026-09-09\\gait_20260909_151616_30765a77bc55\\bag\\bag_0.db3""]",gait_20260909_151616_30765a77bc55-P01,gait_20260909_151616_30765a77bc55-S001,0.0,1.0,source_stamp_minus_manifest_started_wall_ns,1788938176268454910,1788938176268454910,1788938177268454910,flat_candidate,等待候选,unknown,,,,uncertain,"{""automatic_class"": ""等待候选"", ""bin_s"": 0.5, ""pitch_median_deg"": 1.16, ""max_abs_roll_pitch_deg"": 1.18, ""leg_dq_rms_median"": 0.033, ""wheel_dq_abs_median"": 0.182}","[""速览以近水平地面为主；1–24s与37–54s轮式移动，24–37s明显转向/调整；roll/pitch幅值较小，状态始终17。没有从这些信号定位到manifest failure的明确发生时刻。""]",model_visual_checked_candidate,pending,not_assessed,边界约 ±0.5–1s；未知地面可能为平地、平台或障碍上的停顿；整段 outcome 未传播。,viewer.html?id=gait_20260909_151616_30765a77bc55&t=0.000&end=1.000
gait_20260909_151616_30765a77bc55,"[""D:\\S10Data\\050\\2026-09-09\\gait_20260909_151616_30765a77bc55\\bag\\bag_0.db3""]",gait_20260909_151616_30765a77bc55-P01,gait_20260909_151616_30765a77bc55-S002,1.0,3.5,source_stamp_minus_manifest_started_wall_ns,1788938176268454910,1788938177268454910,1788938179768454910,flat_candidate,行走/调整候选,unknown,,,,uncertain,"{""automatic_class"": ""行走/调整候选"", ""bin_s"": 0.5, ""pitch_median_deg"": -0.27, ""max_abs_roll_pitch_deg"": 2.4, ""leg_dq_rms_median"": 0.175, ""wheel_dq_abs_median"": 5.129}","[""速览以近水平地面为主；1–24s与37–54s轮式移动，24–37s明显转向/调整；roll/pitch幅值较小，状态始终17。没有从这些信号定位到manifest failure的明确发生时刻。""]",model_visual_checked_candidate,pending,not_assessed,边界约 ±0.5–1s；未知地面可能为平地、平台或障碍上的停顿；整段 outcome 未传播。,viewer.html?id=gait_20260909_151616_30765a77bc55&t=1.000&end=3.500
gait_20260909_151616_30765a77bc55,"[""D:\\S10Data\\050\\2026-09-09\\gait_20260909_151616_30765a77bc55\\bag\\bag_0.db3""]",gait_20260909_151616_30765a77bc55-P01,gait_20260909_151616_30765a77bc55-S003,3.5,4.5,source_stamp_minus_manifest_started_wall_ns,1788938176268454910,1788938179768454910,1788938180768454910,flat_candidate,转向候选,unknown,,,,uncertain,"{""automatic_class"": ""转向候选"", ""bin_s"": 0.5, ""pitch_median_deg"": -2.46, ""max_abs_roll_pitch_deg"": 3.63, ""leg_dq_rms_median"": 0.693, ""wheel_dq_abs_median"": 10.544}","[""速览以近水平地面为主；1–24s与37–54s轮式移动，24–37s明显转向/调整；roll/pitch幅值较小，状态始终17。没有从这些信号定位到manifest failure的明确发生时刻。""]",model_visual_checked_candidate,pending,not_assessed,边界约 ±0.5–1s；未知地面可能为平地、平台或障碍上的停顿；整段 outcome 未传播。,viewer.html?id=gait_20260909_151616_30765a77bc55&t=3.500&end=4.500
gait_20260909_151616_30765a77bc55,"[""D:\\S10Data\\050\\2026-09-09\\gait_20260909_151616_30765a77bc55\\bag\\bag_0.db3""]",gait_20260909_151616_30765a77bc55-P01,gait_20260909_151616_30765a77bc55-S004,4.5,9.5,source_stamp_minus_manifest_started_wall_ns,1788938176268454910,1788938180768454910,1788938185768454910,flat_candidate,行走/调整候选,unknown,,,,uncertain,"{""automatic_class"": ""行走/调整候选"", ""bin_s"": 0.5, ""pitch_median_deg"": -1.74, ""max_abs_roll_pitch_deg"": 3.58, ""leg_dq_rms_median"": 0.265, ""wheel_dq_abs_median"": 18.726}","[""速览以近水平地面为主；1–24s与37–54s轮式移动，24–37s明显转向/调整；roll/pitch幅值较小，状态始终17。没有从这些信号定位到manifest failure的明确发生时刻。""]",model_visual_checked_candidate,pending,not_assessed,边界约 ±0.5–1s；未知地面可能为平地、平台或障碍上的停顿；整段 outcome 未传播。,viewer.html?id=gait_20260909_151616_30765a77bc55&t=4.500&end=9.500
gait_20260909_151616_30765a77bc55,"[""D:\\S10Data\\050\\2026-09-09\\gait_20260909_151616_30765a77bc55\\bag\\bag_0.db3""]",gait_20260909_151616_30765a77bc55-P01,gait_20260909_151616_30765a77bc55-S005,9.5,11.0,source_stamp_minus_manifest_started_wall_ns,1788938176268454910,1788938185768454910,1788938187268454910,flat_candidate,转向候选,unknown,,,,uncertain,"{""automatic_class"": ""转向候选"", ""bin_s"": 0.5, ""pitch_median_deg"": -0.6, ""max_abs_roll_pitch_deg"": 3.56, ""leg_dq_rms_median"": 0.841, ""wheel_dq_abs_median"": 19.366}","[""速览以近水平地面为主；1–24s与37–54s轮式移动，24–37s明显转向/调整；roll/pitch幅值较小，状态始终17。没有从这些信号定位到manifest failure的明确发生时刻。""]",model_visual_checked_candidate,pending,not_assessed,边界约 ±0.5–1s；未知地面可能为平地、平台或障碍上的停顿；整段 outcome 未传播。,viewer.html?id=gait_20260909_151616_30765a77bc55&t=9.500&end=11.000
gait_20260909_151616_30765a77bc55,"[""D:\\S10Data\\050\\2026-09-09\\gait_20260909_151616_30765a77bc55\\bag\\bag_0.db3""]",gait_20260909_151616_30765a77bc55-P01,gait_20260909_151616_30765a77bc55-S006,11.0,12.0,source_stamp_minus_manifest_started_wall_ns,1788938176268454910,1788938187268454910,1788938188268454910,flat_candidate,行走/调整候选,unknown,,,,uncertain,"{""automatic_class"": ""行走/调整候选"", ""bin_s"": 0.5, ""pitch_median_deg"": -2.49, ""max_abs_roll_pitch_deg"": 2.9, ""leg_dq_rms_median"": 0.346, ""wheel_dq_abs_median"": 21.405}","[""速览以近水平地面为主；1–24s与37–54s轮式移动，24–37s明显转向/调整；roll/pitch幅值较小，状态始终17。没有从这些信号定位到manifest failure的明确发生时刻。""]",model_visual_checked_candidate,pending,not_assessed,边界约 ±0.5–1s；未知地面可能为平地、平台或障碍上的停顿；整段 outcome 未传播。,viewer.html?id=gait_20260909_151616_30765a77bc55&t=11.000&end=12.000
gait_20260909_151616_30765a77bc55,"[""D:\\S10Data\\050\\2026-09-09\\gait_20260909_151616_30765a77bc55\\bag\\bag_0.db3""]",gait_20260909_151616_30765a77bc55-P01,gait_20260909_151616_30765a77bc55-S007,12.0,16.5,source_stamp_minus_manifest_started_wall_ns,1788938176268454910,1788938188268454910,1788938192768454910,flat_candidate,转向候选,unknown,,,,uncertain,"{""automatic_class"": ""转向候选"", ""bin_s"": 0.5, ""pitch_median_deg"": -2.85, ""max_abs_roll_pitch_deg"": 4.89, ""leg_dq_rms_median"": 0.934, ""wheel_dq_abs_median"": 18.095}","[""速览以近水平地面为主；1–24s与37–54s轮式移动，24–37s明显转向/调整；roll/pitch幅值较小，状态始终17。没有从这些信号定位到manifest failure的明确发生时刻。""]",model_visual_checked_candidate,pending,not_assessed,边界约 ±0.5–1s；未知地面可能为平地、平台或障碍上的停顿；整段 outcome 未传播。,viewer.html?id=gait_20260909_151616_30765a77bc55&t=12.000&end=16.500
gait_20260909_151616_30765a77bc55,"[""D:\\S10Data\\050\\2026-09-09\\gait_20260909_151616_30765a77bc55\\bag\\bag_0.db3""]",gait_20260909_151616_30765a77bc55-P01,gait_20260909_151616_30765a77bc55-S008,16.5,17.5,source_stamp_minus_manifest_started_wall_ns,1788938176268454910,1788938192768454910,1788938193768454910,flat_candidate,行走/调整候选,unknown,,,,uncertain,"{""automatic_class"": ""行走/调整候选"", ""bin_s"": 0.5, ""pitch_median_deg"": -3.14, ""max_abs_roll_pitch_deg"": 3.45, ""leg_dq_rms_median"": 0.163, ""wheel_dq_abs_median"": 22.739}","[""速览以近水平地面为主；1–24s与37–54s轮式移动，24–37s明显转向/调整；roll/pitch幅值较小，状态始终17。没有从这些信号定位到manifest failure的明确发生时刻。""]",model_visual_checked_candidate,pending,not_assessed,边界约 ±0.5–1s；未知地面可能为平地、平台或障碍上的停顿；整段 outcome 未传播。,viewer.html?id=gait_20260909_151616_30765a77bc55&t=16.500&end=17.500
gait_20260909_151616_30765a77bc55,"[""D:\\S10Data\\050\\2026-09-09\\gait_20260909_151616_30765a77bc55\\bag\\bag_0.db3""]",gait_20260909_151616_30765a77bc55-P01,gait_20260909_151616_30765a77bc55-S009,17.5,30.5,source_stamp_minus_manifest_started_wall_ns,1788938176268454910,1788938193768454910,1788938206768454910,flat_candidate,转向候选,unknown,,,,uncertain,"{""automatic_class"": ""转向候选"", ""bin_s"": 0.5, ""pitch_median_deg"": -2.36, ""max_abs_roll_pitch_deg"": 4.75, ""leg_dq_rms_median"": 1.251, ""wheel_dq_abs_median"": 5.25}","[""速览以近水平地面为主；1–24s与37–54s轮式移动，24–37s明显转向/调整；roll/pitch幅值较小，状态始终17。没有从这些信号定位到manifest failure的明确发生时刻。""]",model_visual_checked_candidate,pending,not_assessed,边界约 ±0.5–1s；未知地面可能为平地、平台或障碍上的停顿；整段 outcome 未传播。,viewer.html?id=gait_20260909_151616_30765a77bc55&t=17.500&end=30.500
gait_20260909_151616_30765a77bc55,"[""D:\\S10Data\\050\\2026-09-09\\gait_20260909_151616_30765a77bc55\\bag\\bag_0.db3""]",gait_20260909_151616_30765a77bc55-P01,gait_20260909_151616_30765a77bc55-S010,30.5,32.0,source_stamp_minus_manifest_started_wall_ns,1788938176268454910,1788938206768454910,1788938208268454910,flat_candidate,行走/调整候选,unknown,,,,uncertain,"{""automatic_class"": ""行走/调整候选"", ""bin_s"": 0.5, ""pitch_median_deg"": 0.64, ""max_abs_roll_pitch_deg"": 2.76, ""leg_dq_rms_median"": 0.733, ""wheel_dq_abs_median"": 0.983}","[""速览以近水平地面为主；1–24s与37–54s轮式移动，24–37s明显转向/调整；roll/pitch幅值较小，状态始终17。没有从这些信号定位到manifest failure的明确发生时刻。""]",model_visual_checked_candidate,pending,not_assessed,边界约 ±0.5–1s；未知地面可能为平地、平台或障碍上的停顿；整段 outcome 未传播。,viewer.html?id=gait_20260909_151616_30765a77bc55&t=30.500&end=32.000
gait_20260909_151616_30765a77bc55,"[""D:\\S10Data\\050\\2026-09-09\\gait_20260909_151616_30765a77bc55\\bag\\bag_0.db3""]",gait_20260909_151616_30765a77bc55-P01,gait_20260909_151616_30765a77bc55-S011,32.0,33.5,source_stamp_minus_manifest_started_wall_ns,1788938176268454910,1788938208268454910,1788938209768454910,flat_candidate,转向候选,unknown,,,,uncertain,"{""automatic_class"": ""转向候选"", ""bin_s"": 0.5, ""pitch_median_deg"": -2.79, ""max_abs_roll_pitch_deg"": 3.45, ""leg_dq_rms_median"": 1.251, ""wheel_dq_abs_median"": 1.835}","[""速览以近水平地面为主；1–24s与37–54s轮式移动，24–37s明显转向/调整；roll/pitch幅值较小，状态始终17。没有从这些信号定位到manifest failure的明确发生时刻。""]",model_visual_checked_candidate,pending,not_assessed,边界约 ±0.5–1s；未知地面可能为平地、平台或障碍上的停顿；整段 outcome 未传播。,viewer.html?id=gait_20260909_151616_30765a77bc55&t=32.000&end=33.500
gait_20260909_151616_30765a77bc55,"[""D:\\S10Data\\050\\2026-09-09\\gait_20260909_151616_30765a77bc55\\bag\\bag_0.db3""]",gait_20260909_151616_30765a77bc55-P01,gait_20260909_151616_30765a77bc55-S012,33.5,35.0,source_stamp_minus_manifest_started_wall_ns,1788938176268454910,1788938209768454910,1788938211268454910,flat_candidate,行走/调整候选,unknown,,,,uncertain,"{""automatic_class"": ""行走/调整候选"", ""bin_s"": 0.5, ""pitch_median_deg"": -2.7, ""max_abs_roll_pitch_deg"": 3.69, ""leg_dq_rms_median"": 1.233, ""wheel_dq_abs_median"": 1.702}","[""速览以近水平地面为主；1–24s与37–54s轮式移动，24–37s明显转向/调整；roll/pitch幅值较小，状态始终17。没有从这些信号定位到manifest failure的明确发生时刻。""]",model_visual_checked_candidate,pending,not_assessed,边界约 ±0.5–1s；未知地面可能为平地、平台或障碍上的停顿；整段 outcome 未传播。,viewer.html?id=gait_20260909_151616_30765a77bc55&t=33.500&end=35.000
gait_20260909_151616_30765a77bc55,"[""D:\\S10Data\\050\\2026-09-09\\gait_20260909_151616_30765a77bc55\\bag\\bag_0.db3""]",gait_20260909_151616_30765a77bc55-P01,gait_20260909_151616_30765a77bc55-S013,35.0,36.5,source_stamp_minus_manifest_started_wall_ns,1788938176268454910,1788938211268454910,1788938212768454910,flat_candidate,转向候选,unknown,,,,uncertain,"{""automatic_class"": ""转向候选"", ""bin_s"": 0.5, ""pitch_median_deg"": -3.03, ""max_abs_roll_pitch_deg"": 4.02, ""leg_dq_rms_median"": 1.315, ""wheel_dq_abs_median"": 1.968}","[""速览以近水平地面为主；1–24s与37–54s轮式移动，24–37s明显转向/调整；roll/pitch幅值较小，状态始终17。没有从这些信号定位到manifest failure的明确发生时刻。""]",model_visual_checked_candidate,pending,not_assessed,边界约 ±0.5–1s；未知地面可能为平地、平台或障碍上的停顿；整段 outcome 未传播。,viewer.html?id=gait_20260909_151616_30765a77bc55&t=35.000&end=36.500
gait_20260909_151616_30765a77bc55,"[""D:\\S10Data\\050\\2026-09-09\\gait_20260909_151616_30765a77bc55\\bag\\bag_0.db3""]",gait_20260909_151616_30765a77bc55-P01,gait_20260909_151616_30765a77bc55-S014,36.5,42.0,source_stamp_minus_manifest_started_wall_ns,1788938176268454910,1788938212768454910,1788938218268454910,flat_candidate,行走/调整候选,unknown,,,,uncertain,"{""automatic_class"": ""行走/调整候选"", ""bin_s"": 0.5, ""pitch_median_deg"": -1.57, ""max_abs_roll_pitch_deg"": 3.95, ""leg_dq_rms_median"": 0.184, ""wheel_dq_abs_median"": 10.222}","[""速览以近水平地面为主；1–24s与37–54s轮式移动，24–37s明显转向/调整；roll/pitch幅值较小，状态始终17。没有从这些信号定位到manifest failure的明确发生时刻。""]",model_visual_checked_candidate,pending,not_assessed,边界约 ±0.5–1s；未知地面可能为平地、平台或障碍上的停顿；整段 outcome 未传播。,viewer.html?id=gait_20260909_151616_30765a77bc55&t=36.500&end=42.000
gait_20260909_151616_30765a77bc55,"[""D:\\S10Data\\050\\2026-09-09\\gait_20260909_151616_30765a77bc55\\bag\\bag_0.db3""]",gait_20260909_151616_30765a77bc55-P01,gait_20260909_151616_30765a77bc55-S015,42.0,43.0,source_stamp_minus_manifest_started_wall_ns,1788938176268454910,1788938218268454910,1788938219268454910,flat_candidate,转向候选,unknown,,,,uncertain,"{""automatic_class"": ""转向候选"", ""bin_s"": 0.5, ""pitch_median_deg"": -2.16, ""max_abs_roll_pitch_deg"": 3.89, ""leg_dq_rms_median"": 1.496, ""wheel_dq_abs_median"": 4.759}","[""速览以近水平地面为主；1–24s与37–54s轮式移动，24–37s明显转向/调整；roll/pitch幅值较小，状态始终17。没有从这些信号定位到manifest failure的明确发生时刻。""]",model_visual_checked_candidate,pending,not_assessed,边界约 ±0.5–1s；未知地面可能为平地、平台或障碍上的停顿；整段 outcome 未传播。,viewer.html?id=gait_20260909_151616_30765a77bc55&t=42.000&end=43.000
gait_20260909_151616_30765a77bc55,"[""D:\\S10Data\\050\\2026-09-09\\gait_20260909_151616_30765a77bc55\\bag\\bag_0.db3""]",gait_20260909_151616_30765a77bc55-P01,gait_20260909_151616_30765a77bc55-S016,43.0,53.0,source_stamp_minus_manifest_started_wall_ns,1788938176268454910,1788938219268454910,1788938229268454910,flat_candidate,行走/调整候选,unknown,,,,uncertain,"{""automatic_class"": ""行走/调整候选"", ""bin_s"": 0.5, ""pitch_median_deg"": -0.23, ""max_abs_roll_pitch_deg"": 3.2, ""leg_dq_rms_median"": 0.135, ""wheel_dq_abs_median"": 9.654}","[""速览以近水平地面为主；1–24s与37–54s轮式移动，24–37s明显转向/调整；roll/pitch幅值较小，状态始终17。没有从这些信号定位到manifest failure的明确发生时刻。""]",model_visual_checked_candidate,pending,not_assessed,边界约 ±0.5–1s；未知地面可能为平地、平台或障碍上的停顿；整段 outcome 未传播。,viewer.html?id=gait_20260909_151616_30765a77bc55&t=43.000&end=53.000
gait_20260909_151616_30765a77bc55,"[""D:\\S10Data\\050\\2026-09-09\\gait_20260909_151616_30765a77bc55\\bag\\bag_0.db3""]",gait_20260909_151616_30765a77bc55-P01,gait_20260909_151616_30765a77bc55-S017,53.0,56.93477197700008,source_stamp_minus_manifest_started_wall_ns,1788938176268454910,1788938229268454910,1788938233203226887,flat_candidate,等待候选,unknown,,,,uncertain,"{""automatic_class"": ""等待候选"", ""bin_s"": 0.5, ""pitch_median_deg"": 1.1, ""max_abs_roll_pitch_deg"": 1.6, ""leg_dq_rms_median"": 0.008, ""wheel_dq_abs_median"": 0.013}","[""速览以近水平地面为主；1–24s与37–54s轮式移动，24–37s明显转向/调整；roll/pitch幅值较小，状态始终17。没有从这些信号定位到manifest failure的明确发生时刻。""]",model_visual_checked_candidate,pending,not_assessed,边界约 ±0.5–1s；未知地面可能为平地、平台或障碍上的停顿；整段 outcome 未传播。,viewer.html?id=gait_20260909_151616_30765a77bc55&t=53.000&end=56.935
gait_20260909_151734_72594dc0ad20,"[""D:\\S10Data\\050\\2026-09-09\\gait_20260909_151734_72594dc0ad20\\bag\\bag_0.db3""]",gait_20260909_151734_72594dc0ad20-P01,gait_20260909_151734_72594dc0ad20-S001,0.0,1.0,source_stamp_minus_manifest_started_wall_ns,1788938254360532318,1788938254360532318,1788938255360532318,unknown,等待候选,unknown,,,,uncertain,"{""automatic_class"": ""等待候选"", ""bin_s"": 0.5, ""pitch_median_deg"": -0.26, ""max_abs_roll_pitch_deg"": 0.79, ""leg_dq_rms_median"": 0.007, ""wheel_dq_abs_median"": 0.012}","[""轮式行走与转向交替，近地面点云并非处处平直，有局部起伏/边缘；roll/pitch多为个位数度，实际状态始终17。不能凭basic标签当作整段平地，也未定位整段failure对应事件。""]",model_visual_checked_candidate,pending,not_assessed,边界约 ±0.5–1s；未知地面可能为平地、平台或障碍上的停顿；整段 outcome 未传播。,viewer.html?id=gait_20260909_151734_72594dc0ad20&t=0.000&end=1.000
gait_20260909_151734_72594dc0ad20,"[""D:\\S10Data\\050\\2026-09-09\\gait_20260909_151734_72594dc0ad20\\bag\\bag_0.db3""]",gait_20260909_151734_72594dc0ad20-P01,gait_20260909_151734_72594dc0ad20-S002,1.0,8.0,source_stamp_minus_manifest_started_wall_ns,1788938254360532318,1788938255360532318,1788938262360532318,unknown,行走/调整候选,unknown,,,,uncertain,"{""automatic_class"": ""行走/调整候选"", ""bin_s"": 0.5, ""pitch_median_deg"": -0.49, ""max_abs_roll_pitch_deg"": 5.67, ""leg_dq_rms_median"": 0.538, ""wheel_dq_abs_median"": 7.463}","[""轮式行走与转向交替，近地面点云并非处处平直，有局部起伏/边缘；roll/pitch多为个位数度，实际状态始终17。不能凭basic标签当作整段平地，也未定位整段failure对应事件。""]",model_visual_checked_candidate,pending,not_assessed,边界约 ±0.5–1s；未知地面可能为平地、平台或障碍上的停顿；整段 outcome 未传播。,viewer.html?id=gait_20260909_151734_72594dc0ad20&t=1.000&end=8.000
gait_20260909_151734_72594dc0ad20,"[""D:\\S10Data\\050\\2026-09-09\\gait_20260909_151734_72594dc0ad20\\bag\\bag_0.db3""]",gait_20260909_151734_72594dc0ad20-P01,gait_20260909_151734_72594dc0ad20-S003,8.0,10.0,source_stamp_minus_manifest_started_wall_ns,1788938254360532318,1788938262360532318,1788938264360532318,unknown,转向候选,unknown,,,,uncertain,"{""automatic_class"": ""转向候选"", ""bin_s"": 0.5, ""pitch_median_deg"": -1.88, ""max_abs_roll_pitch_deg"": 4.16, ""leg_dq_rms_median"": 0.982, ""wheel_dq_abs_median"": 13.507}","[""轮式行走与转向交替，近地面点云并非处处平直，有局部起伏/边缘；roll/pitch多为个位数度，实际状态始终17。不能凭basic标签当作整段平地，也未定位整段failure对应事件。""]",model_visual_checked_candidate,pending,not_assessed,边界约 ±0.5–1s；未知地面可能为平地、平台或障碍上的停顿；整段 outcome 未传播。,viewer.html?id=gait_20260909_151734_72594dc0ad20&t=8.000&end=10.000
gait_20260909_151734_72594dc0ad20,"[""D:\\S10Data\\050\\2026-09-09\\gait_20260909_151734_72594dc0ad20\\bag\\bag_0.db3""]",gait_20260909_151734_72594dc0ad20-P01,gait_20260909_151734_72594dc0ad20-S004,10.0,11.0,source_stamp_minus_manifest_started_wall_ns,1788938254360532318,1788938264360532318,1788938265360532318,unknown,行走/调整候选,unknown,,,,uncertain,"{""automatic_class"": ""行走/调整候选"", ""bin_s"": 0.5, ""pitch_median_deg"": -2.73, ""max_abs_roll_pitch_deg"": 6.52, ""leg_dq_rms_median"": 0.733, ""wheel_dq_abs_median"": 19.136}","[""轮式行走与转向交替，近地面点云并非处处平直，有局部起伏/边缘；roll/pitch多为个位数度，实际状态始终17。不能凭basic标签当作整段平地，也未定位整段failure对应事件。""]",model_visual_checked_candidate,pending,not_assessed,边界约 ±0.5–1s；未知地面可能为平地、平台或障碍上的停顿；整段 outcome 未传播。,viewer.html?id=gait_20260909_151734_72594dc0ad20&t=10.000&end=11.000
gait_20260909_151734_72594dc0ad20,"[""D:\\S10Data\\050\\2026-09-09\\gait_20260909_151734_72594dc0ad20\\bag\\bag_0.db3""]",gait_20260909_151734_72594dc0ad20-P01,gait_20260909_151734_72594dc0ad20-S005,11.0,13.5,source_stamp_minus_manifest_started_wall_ns,1788938254360532318,1788938265360532318,1788938267860532318,unknown,转向候选,unknown,,,,uncertain,"{""automatic_class"": ""转向候选"", ""bin_s"": 0.5, ""pitch_median_deg"": -0.99, ""max_abs_roll_pitch_deg"": 5.69, ""leg_dq_rms_median"": 1.772, ""wheel_dq_abs_median"": 2.529}","[""轮式行走与转向交替，近地面点云并非处处平直，有局部起伏/边缘；roll/pitch多为个位数度，实际状态始终17。不能凭basic标签当作整段平地，也未定位整段failure对应事件。""]",model_visual_checked_candidate,pending,not_assessed,边界约 ±0.5–1s；未知地面可能为平地、平台或障碍上的停顿；整段 outcome 未传播。,viewer.html?id=gait_20260909_151734_72594dc0ad20&t=11.000&end=13.500
gait_20260909_151734_72594dc0ad20,"[""D:\\S10Data\\050\\2026-09-09\\gait_20260909_151734_72594dc0ad20\\bag\\bag_0.db3""]",gait_20260909_151734_72594dc0ad20-P01,gait_20260909_151734_72594dc0ad20-S006,13.5,18.5,source_stamp_minus_manifest_started_wall_ns,1788938254360532318,1788938267860532318,1788938272860532318,unknown,行走/调整候选,unknown,,,,uncertain,"{""automatic_class"": ""行走/调整候选"", ""bin_s"": 0.5, ""pitch_median_deg"": -2.01, ""max_abs_roll_pitch_deg"": 7.52, ""leg_dq_rms_median"": 0.688, ""wheel_dq_abs_median"": 15.689}","[""轮式行走与转向交替，近地面点云并非处处平直，有局部起伏/边缘；roll/pitch多为个位数度，实际状态始终17。不能凭basic标签当作整段平地，也未定位整段failure对应事件。""]",model_visual_checked_candidate,pending,not_assessed,边界约 ±0.5–1s；未知地面可能为平地、平台或障碍上的停顿；整段 outcome 未传播。,viewer.html?id=gait_20260909_151734_72594dc0ad20&t=13.500&end=18.500
gait_20260909_151734_72594dc0ad20,"[""D:\\S10Data\\050\\2026-09-09\\gait_20260909_151734_72594dc0ad20\\bag\\bag_0.db3""]",gait_20260909_151734_72594dc0ad20-P01,gait_20260909_151734_72594dc0ad20-S007,18.5,19.5,source_stamp_minus_manifest_started_wall_ns,1788938254360532318,1788938272860532318,1788938273860532318,unknown,转向候选,unknown,,,,uncertain,"{""automatic_class"": ""转向候选"", ""bin_s"": 0.5, ""pitch_median_deg"": -1.06, ""max_abs_roll_pitch_deg"": 6.62, ""leg_dq_rms_median"": 0.966, ""wheel_dq_abs_median"": 14.294}","[""轮式行走与转向交替，近地面点云并非处处平直，有局部起伏/边缘；roll/pitch多为个位数度，实际状态始终17。不能凭basic标签当作整段平地，也未定位整段failure对应事件。""]",model_visual_checked_candidate,pending,not_assessed,边界约 ±0.5–1s；未知地面可能为平地、平台或障碍上的停顿；整段 outcome 未传播。,viewer.html?id=gait_20260909_151734_72594dc0ad20&t=18.500&end=19.500
gait_20260909_151734_72594dc0ad20,"[""D:\\S10Data\\050\\2026-09-09\\gait_20260909_151734_72594dc0ad20\\bag\\bag_0.db3""]",gait_20260909_151734_72594dc0ad20-P01,gait_20260909_151734_72594dc0ad20-S008,19.5,20.5,source_stamp_minus_manifest_started_wall_ns,1788938254360532318,1788938273860532318,1788938274860532318,unknown,行走/调整候选,unknown,,,,uncertain,"{""automatic_class"": ""行走/调整候选"", ""bin_s"": 0.5, ""pitch_median_deg"": -1.99, ""max_abs_roll_pitch_deg"": 4.46, ""leg_dq_rms_median"": 0.578, ""wheel_dq_abs_median"": 14.736}","[""轮式行走与转向交替，近地面点云并非处处平直，有局部起伏/边缘；roll/pitch多为个位数度，实际状态始终17。不能凭basic标签当作整段平地，也未定位整段failure对应事件。""]",model_visual_checked_candidate,pending,not_assessed,边界约 ±0.5–1s；未知地面可能为平地、平台或障碍上的停顿；整段 outcome 未传播。,viewer.html?id=gait_20260909_151734_72594dc0ad20&t=19.500&end=20.500
gait_20260909_151734_72594dc0ad20,"[""D:\\S10Data\\050\\2026-09-09\\gait_20260909_151734_72594dc0ad20\\bag\\bag_0.db3""]",gait_20260909_151734_72594dc0ad20-P01,gait_20260909_151734_72594dc0ad20-S009,20.5,23.5,source_stamp_minus_manifest_started_wall_ns,1788938254360532318,1788938274860532318,1788938277860532318,unknown,转向候选,unknown,,,,uncertain,"{""automatic_class"": ""转向候选"", ""bin_s"": 0.5, ""pitch_median_deg"": -1.1, ""max_abs_roll_pitch_deg"": 3.78, ""leg_dq_rms_median"": 1.647, ""wheel_dq_abs_median"": 3.067}","[""轮式行走与转向交替，近地面点云并非处处平直，有局部起伏/边缘；roll/pitch多为个位数度，实际状态始终17。不能凭basic标签当作整段平地，也未定位整段failure对应事件。""]",model_visual_checked_candidate,pending,not_assessed,边界约 ±0.5–1s；未知地面可能为平地、平台或障碍上的停顿；整段 outcome 未传播。,viewer.html?id=gait_20260909_151734_72594dc0ad20&t=20.500&end=23.500
gait_20260909_151734_72594dc0ad20,"[""D:\\S10Data\\050\\2026-09-09\\gait_20260909_151734_72594dc0ad20\\bag\\bag_0.db3""]",gait_20260909_151734_72594dc0ad20-P01,gait_20260909_151734_72594dc0ad20-S010,23.5,24.5,source_stamp_minus_manifest_started_wall_ns,1788938254360532318,1788938277860532318,1788938278860532318,unknown,行走/调整候选,unknown,,,,uncertain,"{""automatic_class"": ""行走/调整候选"", ""bin_s"": 0.5, ""pitch_median_deg"": -1.63, ""max_abs_roll_pitch_deg"": 3.98, ""leg_dq_rms_median"": 0.724, ""wheel_dq_abs_median"": 7.97}","[""轮式行走与转向交替，近地面点云并非处处平直，有局部起伏/边缘；roll/pitch多为个位数度，实际状态始终17。不能凭basic标签当作整段平地，也未定位整段failure对应事件。""]",model_visual_checked_candidate,pending,not_assessed,边界约 ±0.5–1s；未知地面可能为平地、平台或障碍上的停顿；整段 outcome 未传播。,viewer.html?id=gait_20260909_151734_72594dc0ad20&t=23.500&end=24.500
gait_20260909_151734_72594dc0ad20,"[""D:\\S10Data\\050\\2026-09-09\\gait_20260909_151734_72594dc0ad20\\bag\\bag_0.db3""]",gait_20260909_151734_72594dc0ad20-P01,gait_20260909_151734_72594dc0ad20-S011,24.5,37.5,source_stamp_minus_manifest_started_wall_ns,1788938254360532318,1788938278860532318,1788938291860532318,unknown,转向候选,unknown,,,,uncertain,"{""automatic_class"": ""转向候选"", ""bin_s"": 0.5, ""pitch_median_deg"": -2.79, ""max_abs_roll_pitch_deg"": 5.97, ""leg_dq_rms_median"": 1.627, ""wheel_dq_abs_median"": 2.502}","[""轮式行走与转向交替，近地面点云并非处处平直，有局部起伏/边缘；roll/pitch多为个位数度，实际状态始终17。不能凭basic标签当作整段平地，也未定位整段failure对应事件。""]",model_visual_checked_candidate,pending,not_assessed,边界约 ±0.5–1s；未知地面可能为平地、平台或障碍上的停顿；整段 outcome 未传播。,viewer.html?id=gait_20260909_151734_72594dc0ad20&t=24.500&end=37.500
gait_20260909_151734_72594dc0ad20,"[""D:\\S10Data\\050\\2026-09-09\\gait_20260909_151734_72594dc0ad20\\bag\\bag_0.db3""]",gait_20260909_151734_72594dc0ad20-P01,gait_20260909_151734_72594dc0ad20-S012,37.5,38.5,source_stamp_minus_manifest_started_wall_ns,1788938254360532318,1788938291860532318,1788938292860532318,unknown,行走/调整候选,unknown,,,,uncertain,"{""automatic_class"": ""行走/调整候选"", ""bin_s"": 0.5, ""pitch_median_deg"": -2.53, ""max_abs_roll_pitch_deg"": 3.53, ""leg_dq_rms_median"": 0.492, ""wheel_dq_abs_median"": 10.651}","[""轮式行走与转向交替，近地面点云并非处处平直，有局部起伏/边缘；roll/pitch多为个位数度，实际状态始终17。不能凭basic标签当作整段平地，也未定位整段failure对应事件。""]",model_visual_checked_candidate,pending,not_assessed,边界约 ±0.5–1s；未知地面可能为平地、平台或障碍上的停顿；整段 outcome 未传播。,viewer.html?id=gait_20260909_151734_72594dc0ad20&t=37.500&end=38.500
gait_20260909_151734_72594dc0ad20,"[""D:\\S10Data\\050\\2026-09-09\\gait_20260909_151734_72594dc0ad20\\bag\\bag_0.db3""]",gait_20260909_151734_72594dc0ad20-P01,gait_20260909_151734_72594dc0ad20-S013,38.5,39.5,source_stamp_minus_manifest_started_wall_ns,1788938254360532318,1788938292860532318,1788938293860532318,unknown,转向候选,unknown,,,,uncertain,"{""automatic_class"": ""转向候选"", ""bin_s"": 0.5, ""pitch_median_deg"": -0.97, ""max_abs_roll_pitch_deg"": 4.09, ""leg_dq_rms_median"": 0.967, ""wheel_dq_abs_median"": 6.356}","[""轮式行走与转向交替，近地面点云并非处处平直，有局部起伏/边缘；roll/pitch多为个位数度，实际状态始终17。不能凭basic标签当作整段平地，也未定位整段failure对应事件。""]",model_visual_checked_candidate,pending,not_assessed,边界约 ±0.5–1s；未知地面可能为平地、平台或障碍上的停顿；整段 outcome 未传播。,viewer.html?id=gait_20260909_151734_72594dc0ad20&t=38.500&end=39.500
gait_20260909_151734_72594dc0ad20,"[""D:\\S10Data\\050\\2026-09-09\\gait_20260909_151734_72594dc0ad20\\bag\\bag_0.db3""]",gait_20260909_151734_72594dc0ad20-P01,gait_20260909_151734_72594dc0ad20-S014,39.5,46.5,source_stamp_minus_manifest_started_wall_ns,1788938254360532318,1788938293860532318,1788938300860532318,unknown,行走/调整候选,unknown,,,,uncertain,"{""automatic_class"": ""行走/调整候选"", ""bin_s"": 0.5, ""pitch_median_deg"": -1.06, ""max_abs_roll_pitch_deg"": 3.97, ""leg_dq_rms_median"": 0.613, ""wheel_dq_abs_median"": 9.67}","[""轮式行走与转向交替，近地面点云并非处处平直，有局部起伏/边缘；roll/pitch多为个位数度，实际状态始终17。不能凭basic标签当作整段平地，也未定位整段failure对应事件。""]",model_visual_checked_candidate,pending,not_assessed,边界约 ±0.5–1s；未知地面可能为平地、平台或障碍上的停顿；整段 outcome 未传播。,viewer.html?id=gait_20260909_151734_72594dc0ad20&t=39.500&end=46.500
gait_20260909_151734_72594dc0ad20,"[""D:\\S10Data\\050\\2026-09-09\\gait_20260909_151734_72594dc0ad20\\bag\\bag_0.db3""]",gait_20260909_151734_72594dc0ad20-P01,gait_20260909_151734_72594dc0ad20-S015,46.5,50.5,source_stamp_minus_manifest_started_wall_ns,1788938254360532318,1788938300860532318,1788938304860532318,unknown,转向候选,unknown,,,,uncertain,"{""automatic_class"": ""转向候选"", ""bin_s"": 0.5, ""pitch_median_deg"": -2.53, ""max_abs_roll_pitch_deg"": 5.68, ""leg_dq_rms_median"": 1.496, ""wheel_dq_abs_median"": 2.263}","[""轮式行走与转向交替，近地面点云并非处处平直，有局部起伏/边缘；roll/pitch多为个位数度，实际状态始终17。不能凭basic标签当作整段平地，也未定位整段failure对应事件。""]",model_visual_checked_candidate,pending,not_assessed,边界约 ±0.5–1s；未知地面可能为平地、平台或障碍上的停顿；整段 outcome 未传播。,viewer.html?id=gait_20260909_151734_72594dc0ad20&t=46.500&end=50.500
gait_20260909_151734_72594dc0ad20,"[""D:\\S10Data\\050\\2026-09-09\\gait_20260909_151734_72594dc0ad20\\bag\\bag_0.db3""]",gait_20260909_151734_72594dc0ad20-P01,gait_20260909_151734_72594dc0ad20-S016,50.5,56.5,source_stamp_minus_manifest_started_wall_ns,1788938254360532318,1788938304860532318,1788938310860532318,unknown,行走/调整候选,unknown,,,,uncertain,"{""automatic_class"": ""行走/调整候选"", ""bin_s"": 0.5, ""pitch_median_deg"": -1.73, ""max_abs_roll_pitch_deg"": 5.71, ""leg_dq_rms_median"": 0.477, ""wheel_dq_abs_median"": 9.369}","[""轮式行走与转向交替，近地面点云并非处处平直，有局部起伏/边缘；roll/pitch多为个位数度，实际状态始终17。不能凭basic标签当作整段平地，也未定位整段failure对应事件。""]",model_visual_checked_candidate,pending,not_assessed,边界约 ±0.5–1s；未知地面可能为平地、平台或障碍上的停顿；整段 outcome 未传播。,viewer.html?id=gait_20260909_151734_72594dc0ad20&t=50.500&end=56.500
gait_20260909_151734_72594dc0ad20,"[""D:\\S10Data\\050\\2026-09-09\\gait_20260909_151734_72594dc0ad20\\bag\\bag_0.db3""]",gait_20260909_151734_72594dc0ad20-P01,gait_20260909_151734_72594dc0ad20-S017,56.5,58.36690297999985,source_stamp_minus_manifest_started_wall_ns,1788938254360532318,1788938310860532318,1788938312727435298,unknown,等待候选,unknown,,,,uncertain,"{""automatic_class"": ""等待候选"", ""bin_s"": 0.5, ""pitch_median_deg"": 0.58, ""max_abs_roll_pitch_deg"": 2.79, ""leg_dq_rms_median"": 0.013, ""wheel_dq_abs_median"": 0.024}","[""轮式行走与转向交替，近地面点云并非处处平直，有局部起伏/边缘；roll/pitch多为个位数度，实际状态始终17。不能凭basic标签当作整段平地，也未定位整段failure对应事件。""]",model_visual_checked_candidate,pending,not_assessed,边界约 ±0.5–1s；未知地面可能为平地、平台或障碍上的停顿；整段 outcome 未传播。,viewer.html?id=gait_20260909_151734_72594dc0ad20&t=56.500&end=58.367
gait_20260909_151931_7a0441190ea8,"[""D:\\S10Data\\050\\2026-09-09\\gait_20260909_151931_7a0441190ea8\\bag\\bag_0.db3""]",gait_20260909_151931_7a0441190ea8-P01,gait_20260909_151931_7a0441190ea8-S001,0.0,1.0,source_stamp_minus_manifest_started_wall_ns,1788938371581896819,1788938371581896819,1788938372581896819,flat_candidate,等待候选,unknown,,,,uncertain,"{""automatic_class"": ""等待候选"", ""bin_s"": 0.5, ""pitch_median_deg"": 0.38, ""max_abs_roll_pitch_deg"": 0.39, ""leg_dq_rms_median"": 0.008, ""wheel_dq_abs_median"": 0.012}","[""近地面点云以平缓面为主；1–7、24–44、62–90、94s后有移动，7.5–23.5与44.5–62s长等待；尾段有周期关节活动/转向，状态始终17。停顿不自动切成新通行。""]",model_visual_checked_candidate,pending,not_assessed,边界约 ±0.5–1s；未知地面可能为平地、平台或障碍上的停顿；整段 outcome 未传播。,viewer.html?id=gait_20260909_151931_7a0441190ea8&t=0.000&end=1.000
gait_20260909_151931_7a0441190ea8,"[""D:\\S10Data\\050\\2026-09-09\\gait_20260909_151931_7a0441190ea8\\bag\\bag_0.db3""]",gait_20260909_151931_7a0441190ea8-P01,gait_20260909_151931_7a0441190ea8-S002,1.0,4.5,source_stamp_minus_manifest_started_wall_ns,1788938371581896819,1788938372581896819,1788938376081896819,flat_candidate,行走/调整候选,unknown,,,,uncertain,"{""automatic_class"": ""行走/调整候选"", ""bin_s"": 0.5, ""pitch_median_deg"": -2.82, ""max_abs_roll_pitch_deg"": 4.82, ""leg_dq_rms_median"": 0.219, ""wheel_dq_abs_median"": 20.76}","[""近地面点云以平缓面为主；1–7、24–44、62–90、94s后有移动，7.5–23.5与44.5–62s长等待；尾段有周期关节活动/转向，状态始终17。停顿不自动切成新通行。""]",model_visual_checked_candidate,pending,not_assessed,边界约 ±0.5–1s；未知地面可能为平地、平台或障碍上的停顿；整段 outcome 未传播。,viewer.html?id=gait_20260909_151931_7a0441190ea8&t=1.000&end=4.500
gait_20260909_151931_7a0441190ea8,"[""D:\\S10Data\\050\\2026-09-09\\gait_20260909_151931_7a0441190ea8\\bag\\bag_0.db3""]",gait_20260909_151931_7a0441190ea8-P01,gait_20260909_151931_7a0441190ea8-S003,4.5,6.5,source_stamp_minus_manifest_started_wall_ns,1788938371581896819,1788938376081896819,1788938378081896819,flat_candidate,转向候选,unknown,,,,uncertain,"{""automatic_class"": ""转向候选"", ""bin_s"": 0.5, ""pitch_median_deg"": -1.39, ""max_abs_roll_pitch_deg"": 2.29, ""leg_dq_rms_median"": 0.405, ""wheel_dq_abs_median"": 21.392}","[""近地面点云以平缓面为主；1–7、24–44、62–90、94s后有移动，7.5–23.5与44.5–62s长等待；尾段有周期关节活动/转向，状态始终17。停顿不自动切成新通行。""]",model_visual_checked_candidate,pending,not_assessed,边界约 ±0.5–1s；未知地面可能为平地、平台或障碍上的停顿；整段 outcome 未传播。,viewer.html?id=gait_20260909_151931_7a0441190ea8&t=4.500&end=6.500
gait_20260909_151931_7a0441190ea8,"[""D:\\S10Data\\050\\2026-09-09\\gait_20260909_151931_7a0441190ea8\\bag\\bag_0.db3""]",gait_20260909_151931_7a0441190ea8-P01,gait_20260909_151931_7a0441190ea8-S004,6.5,7.5,source_stamp_minus_manifest_started_wall_ns,1788938371581896819,1788938378081896819,1788938379081896819,flat_candidate,行走/调整候选,unknown,,,,uncertain,"{""automatic_class"": ""行走/调整候选"", ""bin_s"": 0.5, ""pitch_median_deg"": 0.1, ""max_abs_roll_pitch_deg"": 2.7, ""leg_dq_rms_median"": 0.313, ""wheel_dq_abs_median"": 9.555}","[""近地面点云以平缓面为主；1–7、24–44、62–90、94s后有移动，7.5–23.5与44.5–62s长等待；尾段有周期关节活动/转向，状态始终17。停顿不自动切成新通行。""]",model_visual_checked_candidate,pending,not_assessed,边界约 ±0.5–1s；未知地面可能为平地、平台或障碍上的停顿；整段 outcome 未传播。,viewer.html?id=gait_20260909_151931_7a0441190ea8&t=6.500&end=7.500
gait_20260909_151931_7a0441190ea8,"[""D:\\S10Data\\050\\2026-09-09\\gait_20260909_151931_7a0441190ea8\\bag\\bag_0.db3""]",gait_20260909_151931_7a0441190ea8-P01,gait_20260909_151931_7a0441190ea8-S005,7.5,23.5,source_stamp_minus_manifest_started_wall_ns,1788938371581896819,1788938379081896819,1788938395081896819,flat_candidate,等待候选,unknown,,,,uncertain,"{""automatic_class"": ""等待候选"", ""bin_s"": 0.5, ""pitch_median_deg"": 0.43, ""max_abs_roll_pitch_deg"": 2.69, ""leg_dq_rms_median"": 0.007, ""wheel_dq_abs_median"": 0.011}","[""近地面点云以平缓面为主；1–7、24–44、62–90、94s后有移动，7.5–23.5与44.5–62s长等待；尾段有周期关节活动/转向，状态始终17。停顿不自动切成新通行。""]",model_visual_checked_candidate,pending,not_assessed,边界约 ±0.5–1s；未知地面可能为平地、平台或障碍上的停顿；整段 outcome 未传播。,viewer.html?id=gait_20260909_151931_7a0441190ea8&t=7.500&end=23.500
gait_20260909_151931_7a0441190ea8,"[""D:\\S10Data\\050\\2026-09-09\\gait_20260909_151931_7a0441190ea8\\bag\\bag_0.db3""]",gait_20260909_151931_7a0441190ea8-P01,gait_20260909_151931_7a0441190ea8-S006,23.5,44.0,source_stamp_minus_manifest_started_wall_ns,1788938371581896819,1788938395081896819,1788938415581896819,flat_candidate,行走/调整候选,unknown,,,,uncertain,"{""automatic_class"": ""行走/调整候选"", ""bin_s"": 0.5, ""pitch_median_deg"": -0.8, ""max_abs_roll_pitch_deg"": 3.96, ""leg_dq_rms_median"": 0.154, ""wheel_dq_abs_median"": 14.656}","[""近地面点云以平缓面为主；1–7、24–44、62–90、94s后有移动，7.5–23.5与44.5–62s长等待；尾段有周期关节活动/转向，状态始终17。停顿不自动切成新通行。""]",model_visual_checked_candidate,pending,not_assessed,边界约 ±0.5–1s；未知地面可能为平地、平台或障碍上的停顿；整段 outcome 未传播。,viewer.html?id=gait_20260909_151931_7a0441190ea8&t=23.500&end=44.000
gait_20260909_151931_7a0441190ea8,"[""D:\\S10Data\\050\\2026-09-09\\gait_20260909_151931_7a0441190ea8\\bag\\bag_0.db3""]",gait_20260909_151931_7a0441190ea8-P01,gait_20260909_151931_7a0441190ea8-S007,44.0,44.5,source_stamp_minus_manifest_started_wall_ns,1788938371581896819,1788938415581896819,1788938416081896819,flat_candidate,等待候选,unknown,,,,uncertain,"{""automatic_class"": ""等待候选"", ""bin_s"": 0.5, ""pitch_median_deg"": 1.99, ""max_abs_roll_pitch_deg"": 2.13, ""leg_dq_rms_median"": 0.161, ""wheel_dq_abs_median"": 0.587}","[""近地面点云以平缓面为主；1–7、24–44、62–90、94s后有移动，7.5–23.5与44.5–62s长等待；尾段有周期关节活动/转向，状态始终17。停顿不自动切成新通行。""]",model_visual_checked_candidate,pending,not_assessed,边界约 ±0.5–1s；未知地面可能为平地、平台或障碍上的停顿；整段 outcome 未传播。,viewer.html?id=gait_20260909_151931_7a0441190ea8&t=44.000&end=44.500
gait_20260909_151931_7a0441190ea8,"[""D:\\S10Data\\050\\2026-09-09\\gait_20260909_151931_7a0441190ea8\\bag\\bag_0.db3""]",gait_20260909_151931_7a0441190ea8-P01,gait_20260909_151931_7a0441190ea8-S008,44.5,62.0,source_stamp_minus_manifest_started_wall_ns,1788938371581896819,1788938416081896819,1788938433581896819,flat_candidate,等待候选,unknown,,,,uncertain,"{""automatic_class"": ""等待候选"", ""bin_s"": 0.5, ""pitch_median_deg"": 0.32, ""max_abs_roll_pitch_deg"": 1.97, ""leg_dq_rms_median"": 0.007, ""wheel_dq_abs_median"": 0.014}","[""近地面点云以平缓面为主；1–7、24–44、62–90、94s后有移动，7.5–23.5与44.5–62s长等待；尾段有周期关节活动/转向，状态始终17。停顿不自动切成新通行。""]",model_visual_checked_candidate,pending,not_assessed,边界约 ±0.5–1s；未知地面可能为平地、平台或障碍上的停顿；整段 outcome 未传播。,viewer.html?id=gait_20260909_151931_7a0441190ea8&t=44.500&end=62.000
gait_20260909_151931_7a0441190ea8,"[""D:\\S10Data\\050\\2026-09-09\\gait_20260909_151931_7a0441190ea8\\bag\\bag_0.db3""]",gait_20260909_151931_7a0441190ea8-P01,gait_20260909_151931_7a0441190ea8-S009,62.0,63.0,source_stamp_minus_manifest_started_wall_ns,1788938371581896819,1788938433581896819,1788938434581896819,flat_candidate,行走/调整候选,unknown,,,,uncertain,"{""automatic_class"": ""行走/调整候选"", ""bin_s"": 0.5, ""pitch_median_deg"": -0.77, ""max_abs_roll_pitch_deg"": 2.83, ""leg_dq_rms_median"": 0.14, ""wheel_dq_abs_median"": 6.04}","[""近地面点云以平缓面为主；1–7、24–44、62–90、94s后有移动，7.5–23.5与44.5–62s长等待；尾段有周期关节活动/转向，状态始终17。停顿不自动切成新通行。""]",model_visual_checked_candidate,pending,not_assessed,边界约 ±0.5–1s；未知地面可能为平地、平台或障碍上的停顿；整段 outcome 未传播。,viewer.html?id=gait_20260909_151931_7a0441190ea8&t=62.000&end=63.000
gait_20260909_151931_7a0441190ea8,"[""D:\\S10Data\\050\\2026-09-09\\gait_20260909_151931_7a0441190ea8\\bag\\bag_0.db3""]",gait_20260909_151931_7a0441190ea8-P01,gait_20260909_151931_7a0441190ea8-S010,63.0,65.0,source_stamp_minus_manifest_started_wall_ns,1788938371581896819,1788938434581896819,1788938436581896819,flat_candidate,转向候选,unknown,,,,uncertain,"{""automatic_class"": ""转向候选"", ""bin_s"": 0.5, ""pitch_median_deg"": -2.95, ""max_abs_roll_pitch_deg"": 3.72, ""leg_dq_rms_median"": 1.034, ""wheel_dq_abs_median"": 9.04}","[""近地面点云以平缓面为主；1–7、24–44、62–90、94s后有移动，7.5–23.5与44.5–62s长等待；尾段有周期关节活动/转向，状态始终17。停顿不自动切成新通行。""]",model_visual_checked_candidate,pending,not_assessed,边界约 ±0.5–1s；未知地面可能为平地、平台或障碍上的停顿；整段 outcome 未传播。,viewer.html?id=gait_20260909_151931_7a0441190ea8&t=63.000&end=65.000
gait_20260909_151931_7a0441190ea8,"[""D:\\S10Data\\050\\2026-09-09\\gait_20260909_151931_7a0441190ea8\\bag\\bag_0.db3""]",gait_20260909_151931_7a0441190ea8-P01,gait_20260909_151931_7a0441190ea8-S011,65.0,82.0,source_stamp_minus_manifest_started_wall_ns,1788938371581896819,1788938436581896819,1788938453581896819,flat_candidate,行走/调整候选,unknown,,,,uncertain,"{""automatic_class"": ""行走/调整候选"", ""bin_s"": 0.5, ""pitch_median_deg"": -0.84, ""max_abs_roll_pitch_deg"": 3.17, ""leg_dq_rms_median"": 0.103, ""wheel_dq_abs_median"": 13.1}","[""近地面点云以平缓面为主；1–7、24–44、62–90、94s后有移动，7.5–23.5与44.5–62s长等待；尾段有周期关节活动/转向，状态始终17。停顿不自动切成新通行。""]",model_visual_checked_candidate,pending,not_assessed,边界约 ±0.5–1s；未知地面可能为平地、平台或障碍上的停顿；整段 outcome 未传播。,viewer.html?id=gait_20260909_151931_7a0441190ea8&t=65.000&end=82.000
gait_20260909_151931_7a0441190ea8,"[""D:\\S10Data\\050\\2026-09-09\\gait_20260909_151931_7a0441190ea8\\bag\\bag_0.db3""]",gait_20260909_151931_7a0441190ea8-P01,gait_20260909_151931_7a0441190ea8-S012,82.0,83.5,source_stamp_minus_manifest_started_wall_ns,1788938371581896819,1788938453581896819,1788938455081896819,flat_candidate,转向候选,unknown,,,,uncertain,"{""automatic_class"": ""转向候选"", ""bin_s"": 0.5, ""pitch_median_deg"": 0.13, ""max_abs_roll_pitch_deg"": 1.3, ""leg_dq_rms_median"": 0.569, ""wheel_dq_abs_median"": 21.042}","[""近地面点云以平缓面为主；1–7、24–44、62–90、94s后有移动，7.5–23.5与44.5–62s长等待；尾段有周期关节活动/转向，状态始终17。停顿不自动切成新通行。""]",model_visual_checked_candidate,pending,not_assessed,边界约 ±0.5–1s；未知地面可能为平地、平台或障碍上的停顿；整段 outcome 未传播。,viewer.html?id=gait_20260909_151931_7a0441190ea8&t=82.000&end=83.500
gait_20260909_151931_7a0441190ea8,"[""D:\\S10Data\\050\\2026-09-09\\gait_20260909_151931_7a0441190ea8\\bag\\bag_0.db3""]",gait_20260909_151931_7a0441190ea8-P01,gait_20260909_151931_7a0441190ea8-S013,83.5,90.5,source_stamp_minus_manifest_started_wall_ns,1788938371581896819,1788938455081896819,1788938462081896819,flat_candidate,行走/调整候选,unknown,,,,uncertain,"{""automatic_class"": ""行走/调整候选"", ""bin_s"": 0.5, ""pitch_median_deg"": -0.21, ""max_abs_roll_pitch_deg"": 1.63, ""leg_dq_rms_median"": 0.377, ""wheel_dq_abs_median"": 21.473}","[""近地面点云以平缓面为主；1–7、24–44、62–90、94s后有移动，7.5–23.5与44.5–62s长等待；尾段有周期关节活动/转向，状态始终17。停顿不自动切成新通行。""]",model_visual_checked_candidate,pending,not_assessed,边界约 ±0.5–1s；未知地面可能为平地、平台或障碍上的停顿；整段 outcome 未传播。,viewer.html?id=gait_20260909_151931_7a0441190ea8&t=83.500&end=90.500
gait_20260909_151931_7a0441190ea8,"[""D:\\S10Data\\050\\2026-09-09\\gait_20260909_151931_7a0441190ea8\\bag\\bag_0.db3""]",gait_20260909_151931_7a0441190ea8-P01,gait_20260909_151931_7a0441190ea8-S014,90.5,91.0,source_stamp_minus_manifest_started_wall_ns,1788938371581896819,1788938462081896819,1788938462581896819,flat_candidate,行走/调整候选,unknown,,,,uncertain,"{""automatic_class"": ""行走/调整候选"", ""bin_s"": 0.5, ""pitch_median_deg"": 2.61, ""max_abs_roll_pitch_deg"": 4.23, ""leg_dq_rms_median"": 0.265, ""wheel_dq_abs_median"": 3.355}","[""近地面点云以平缓面为主；1–7、24–44、62–90、94s后有移动，7.5–23.5与44.5–62s长等待；尾段有周期关节活动/转向，状态始终17。停顿不自动切成新通行。""]",model_visual_checked_candidate,pending,not_assessed,边界约 ±0.5–1s；未知地面可能为平地、平台或障碍上的停顿；整段 outcome 未传播。,viewer.html?id=gait_20260909_151931_7a0441190ea8&t=90.500&end=91.000
gait_20260909_151931_7a0441190ea8,"[""D:\\S10Data\\050\\2026-09-09\\gait_20260909_151931_7a0441190ea8\\bag\\bag_0.db3""]",gait_20260909_151931_7a0441190ea8-P01,gait_20260909_151931_7a0441190ea8-S015,91.0,93.5,source_stamp_minus_manifest_started_wall_ns,1788938371581896819,1788938462581896819,1788938465081896819,flat_candidate,等待候选,unknown,,,,uncertain,"{""automatic_class"": ""等待候选"", ""bin_s"": 0.5, ""pitch_median_deg"": 3.36, ""max_abs_roll_pitch_deg"": 4.24, ""leg_dq_rms_median"": 0.007, ""wheel_dq_abs_median"": 0.015}","[""近地面点云以平缓面为主；1–7、24–44、62–90、94s后有移动，7.5–23.5与44.5–62s长等待；尾段有周期关节活动/转向，状态始终17。停顿不自动切成新通行。""]",model_visual_checked_candidate,pending,not_assessed,边界约 ±0.5–1s；未知地面可能为平地、平台或障碍上的停顿；整段 outcome 未传播。,viewer.html?id=gait_20260909_151931_7a0441190ea8&t=91.000&end=93.500
gait_20260909_151931_7a0441190ea8,"[""D:\\S10Data\\050\\2026-09-09\\gait_20260909_151931_7a0441190ea8\\bag\\bag_0.db3""]",gait_20260909_151931_7a0441190ea8-P01,gait_20260909_151931_7a0441190ea8-S016,93.5,94.0,source_stamp_minus_manifest_started_wall_ns,1788938371581896819,1788938465081896819,1788938465581896819,flat_candidate,行走/调整候选,unknown,,,,uncertain,"{""automatic_class"": ""行走/调整候选"", ""bin_s"": 0.5, ""pitch_median_deg"": 1.97, ""max_abs_roll_pitch_deg"": 2.72, ""leg_dq_rms_median"": 0.255, ""wheel_dq_abs_median"": 5.67}","[""近地面点云以平缓面为主；1–7、24–44、62–90、94s后有移动，7.5–23.5与44.5–62s长等待；尾段有周期关节活动/转向，状态始终17。停顿不自动切成新通行。""]",model_visual_checked_candidate,pending,not_assessed,边界约 ±0.5–1s；未知地面可能为平地、平台或障碍上的停顿；整段 outcome 未传播。,viewer.html?id=gait_20260909_151931_7a0441190ea8&t=93.500&end=94.000
gait_20260909_151931_7a0441190ea8,"[""D:\\S10Data\\050\\2026-09-09\\gait_20260909_151931_7a0441190ea8\\bag\\bag_0.db3""]",gait_20260909_151931_7a0441190ea8-P01,gait_20260909_151931_7a0441190ea8-S017,94.0,95.5,source_stamp_minus_manifest_started_wall_ns,1788938371581896819,1788938465581896819,1788938467081896819,flat_candidate,转向候选,unknown,,,,uncertain,"{""automatic_class"": ""转向候选"", ""bin_s"": 0.5, ""pitch_median_deg"": -0.7, ""max_abs_roll_pitch_deg"": 1.98, ""leg_dq_rms_median"": 0.83, ""wheel_dq_abs_median"": 17.705}","[""近地面点云以平缓面为主；1–7、24–44、62–90、94s后有移动，7.5–23.5与44.5–62s长等待；尾段有周期关节活动/转向，状态始终17。停顿不自动切成新通行。""]",model_visual_checked_candidate,pending,not_assessed,边界约 ±0.5–1s；未知地面可能为平地、平台或障碍上的停顿；整段 outcome 未传播。,viewer.html?id=gait_20260909_151931_7a0441190ea8&t=94.000&end=95.500
gait_20260909_151931_7a0441190ea8,"[""D:\\S10Data\\050\\2026-09-09\\gait_20260909_151931_7a0441190ea8\\bag\\bag_0.db3""]",gait_20260909_151931_7a0441190ea8-P01,gait_20260909_151931_7a0441190ea8-S018,95.5,96.5,source_stamp_minus_manifest_started_wall_ns,1788938371581896819,1788938467081896819,1788938468081896819,flat_candidate,行走/调整候选,unknown,,,,uncertain,"{""automatic_class"": ""行走/调整候选"", ""bin_s"": 0.5, ""pitch_median_deg"": -2.44, ""max_abs_roll_pitch_deg"": 2.95, ""leg_dq_rms_median"": 0.307, ""wheel_dq_abs_median"": 22.278}","[""近地面点云以平缓面为主；1–7、24–44、62–90、94s后有移动，7.5–23.5与44.5–62s长等待；尾段有周期关节活动/转向，状态始终17。停顿不自动切成新通行。""]",model_visual_checked_candidate,pending,not_assessed,边界约 ±0.5–1s；未知地面可能为平地、平台或障碍上的停顿；整段 outcome 未传播。,viewer.html?id=gait_20260909_151931_7a0441190ea8&t=95.500&end=96.500
gait_20260909_151931_7a0441190ea8,"[""D:\\S10Data\\050\\2026-09-09\\gait_20260909_151931_7a0441190ea8\\bag\\bag_0.db3""]",gait_20260909_151931_7a0441190ea8-P01,gait_20260909_151931_7a0441190ea8-S019,96.5,98.0,source_stamp_minus_manifest_started_wall_ns,1788938371581896819,1788938468081896819,1788938469581896819,flat_candidate,转向候选,unknown,,,,uncertain,"{""automatic_class"": ""转向候选"", ""bin_s"": 0.5, ""pitch_median_deg"": -1.94, ""max_abs_roll_pitch_deg"": 4.0, ""leg_dq_rms_median"": 1.031, ""wheel_dq_abs_median"": 14.822}","[""近地面点云以平缓面为主；1–7、24–44、62–90、94s后有移动，7.5–23.5与44.5–62s长等待；尾段有周期关节活动/转向，状态始终17。停顿不自动切成新通行。""]",model_visual_checked_candidate,pending,not_assessed,边界约 ±0.5–1s；未知地面可能为平地、平台或障碍上的停顿；整段 outcome 未传播。,viewer.html?id=gait_20260909_151931_7a0441190ea8&t=96.500&end=98.000
gait_20260909_151931_7a0441190ea8,"[""D:\\S10Data\\050\\2026-09-09\\gait_20260909_151931_7a0441190ea8\\bag\\bag_0.db3""]",gait_20260909_151931_7a0441190ea8-P01,gait_20260909_151931_7a0441190ea8-S020,98.0,99.0,source_stamp_minus_manifest_started_wall_ns,1788938371581896819,1788938469581896819,1788938470581896819,flat_candidate,行走/调整候选,unknown,,,,uncertain,"{""automatic_class"": ""行走/调整候选"", ""bin_s"": 0.5, ""pitch_median_deg"": -3.61, ""max_abs_roll_pitch_deg"": 4.29, ""leg_dq_rms_median"": 0.456, ""wheel_dq_abs_median"": 20.784}","[""近地面点云以平缓面为主；1–7、24–44、62–90、94s后有移动，7.5–23.5与44.5–62s长等待；尾段有周期关节活动/转向，状态始终17。停顿不自动切成新通行。""]",model_visual_checked_candidate,pending,not_assessed,边界约 ±0.5–1s；未知地面可能为平地、平台或障碍上的停顿；整段 outcome 未传播。,viewer.html?id=gait_20260909_151931_7a0441190ea8&t=98.000&end=99.000
gait_20260909_151931_7a0441190ea8,"[""D:\\S10Data\\050\\2026-09-09\\gait_20260909_151931_7a0441190ea8\\bag\\bag_0.db3""]",gait_20260909_151931_7a0441190ea8-P01,gait_20260909_151931_7a0441190ea8-S021,99.0,112.0,source_stamp_minus_manifest_started_wall_ns,1788938371581896819,1788938470581896819,1788938483581896819,flat_candidate,转向候选,unknown,,,,uncertain,"{""automatic_class"": ""转向候选"", ""bin_s"": 0.5, ""pitch_median_deg"": -2.24, ""max_abs_roll_pitch_deg"": 5.33, ""leg_dq_rms_median"": 1.493, ""wheel_dq_abs_median"": 2.906}","[""近地面点云以平缓面为主；1–7、24–44、62–90、94s后有移动，7.5–23.5与44.5–62s长等待；尾段有周期关节活动/转向，状态始终17。停顿不自动切成新通行。""]",model_visual_checked_candidate,pending,not_assessed,边界约 ±0.5–1s；未知地面可能为平地、平台或障碍上的停顿；整段 outcome 未传播。,viewer.html?id=gait_20260909_151931_7a0441190ea8&t=99.000&end=112.000
gait_20260909_151931_7a0441190ea8,"[""D:\\S10Data\\050\\2026-09-09\\gait_20260909_151931_7a0441190ea8\\bag\\bag_0.db3""]",gait_20260909_151931_7a0441190ea8-P01,gait_20260909_151931_7a0441190ea8-S022,112.0,113.0,source_stamp_minus_manifest_started_wall_ns,1788938371581896819,1788938483581896819,1788938484581896819,flat_candidate,行走/调整候选,unknown,,,,uncertain,"{""automatic_class"": ""行走/调整候选"", ""bin_s"": 0.5, ""pitch_median_deg"": -2.1, ""max_abs_roll_pitch_deg"": 2.56, ""leg_dq_rms_median"": 0.325, ""wheel_dq_abs_median"": 21.211}","[""近地面点云以平缓面为主；1–7、24–44、62–90、94s后有移动，7.5–23.5与44.5–62s长等待；尾段有周期关节活动/转向，状态始终17。停顿不自动切成新通行。""]",model_visual_checked_candidate,pending,not_assessed,边界约 ±0.5–1s；未知地面可能为平地、平台或障碍上的停顿；整段 outcome 未传播。,viewer.html?id=gait_20260909_151931_7a0441190ea8&t=112.000&end=113.000
gait_20260909_151931_7a0441190ea8,"[""D:\\S10Data\\050\\2026-09-09\\gait_20260909_151931_7a0441190ea8\\bag\\bag_0.db3""]",gait_20260909_151931_7a0441190ea8-P01,gait_20260909_151931_7a0441190ea8-S023,113.0,117.0,source_stamp_minus_manifest_started_wall_ns,1788938371581896819,1788938484581896819,1788938488581896819,flat_candidate,转向候选,unknown,,,,uncertain,"{""automatic_class"": ""转向候选"", ""bin_s"": 0.5, ""pitch_median_deg"": -1.62, ""max_abs_roll_pitch_deg"": 3.47, ""leg_dq_rms_median"": 0.972, ""wheel_dq_abs_median"": 14.204}","[""近地面点云以平缓面为主；1–7、24–44、62–90、94s后有移动，7.5–23.5与44.5–62s长等待；尾段有周期关节活动/转向，状态始终17。停顿不自动切成新通行。""]",model_visual_checked_candidate,pending,not_assessed,边界约 ±0.5–1s；未知地面可能为平地、平台或障碍上的停顿；整段 outcome 未传播。,viewer.html?id=gait_20260909_151931_7a0441190ea8&t=113.000&end=117.000
gait_20260909_151931_7a0441190ea8,"[""D:\\S10Data\\050\\2026-09-09\\gait_20260909_151931_7a0441190ea8\\bag\\bag_0.db3""]",gait_20260909_151931_7a0441190ea8-P01,gait_20260909_151931_7a0441190ea8-S024,117.0,119.5,source_stamp_minus_manifest_started_wall_ns,1788938371581896819,1788938488581896819,1788938491081896819,flat_candidate,行走/调整候选,unknown,,,,uncertain,"{""automatic_class"": ""行走/调整候选"", ""bin_s"": 0.5, ""pitch_median_deg"": -0.42, ""max_abs_roll_pitch_deg"": 2.53, ""leg_dq_rms_median"": 0.931, ""wheel_dq_abs_median"": 3.074}","[""近地面点云以平缓面为主；1–7、24–44、62–90、94s后有移动，7.5–23.5与44.5–62s长等待；尾段有周期关节活动/转向，状态始终17。停顿不自动切成新通行。""]",model_visual_checked_candidate,pending,not_assessed,边界约 ±0.5–1s；未知地面可能为平地、平台或障碍上的停顿；整段 outcome 未传播。,viewer.html?id=gait_20260909_151931_7a0441190ea8&t=117.000&end=119.500
gait_20260909_151931_7a0441190ea8,"[""D:\\S10Data\\050\\2026-09-09\\gait_20260909_151931_7a0441190ea8\\bag\\bag_0.db3""]",gait_20260909_151931_7a0441190ea8-P01,gait_20260909_151931_7a0441190ea8-S025,119.5,120.0,source_stamp_minus_manifest_started_wall_ns,1788938371581896819,1788938491081896819,1788938491581896819,flat_candidate,转向候选,unknown,,,,uncertain,"{""automatic_class"": ""转向候选"", ""bin_s"": 0.5, ""pitch_median_deg"": -2.21, ""max_abs_roll_pitch_deg"": 3.32, ""leg_dq_rms_median"": 1.269, ""wheel_dq_abs_median"": 3.757}","[""近地面点云以平缓面为主；1–7、24–44、62–90、94s后有移动，7.5–23.5与44.5–62s长等待；尾段有周期关节活动/转向，状态始终17。停顿不自动切成新通行。""]",model_visual_checked_candidate,pending,not_assessed,边界约 ±0.5–1s；未知地面可能为平地、平台或障碍上的停顿；整段 outcome 未传播。,viewer.html?id=gait_20260909_151931_7a0441190ea8&t=119.500&end=120.000
gait_20260909_151931_7a0441190ea8,"[""D:\\S10Data\\050\\2026-09-09\\gait_20260909_151931_7a0441190ea8\\bag\\bag_0.db3""]",gait_20260909_151931_7a0441190ea8-P01,gait_20260909_151931_7a0441190ea8-S026,120.0,120.00482879900005,source_stamp_minus_manifest_started_wall_ns,1788938371581896819,1788938491581896819,1788938491586725618,unknown,数据中断/不可判断,unknown,,,,interrupted_data,"{""automatic_class"": ""数据中断/不可判断"", ""bin_s"": 0.5}","[""近地面点云以平缓面为主；1–7、24–44、62–90、94s后有移动，7.5–23.5与44.5–62s长等待；尾段有周期关节活动/转向，状态始终17。停顿不自动切成新通行。""]",model_visual_checked_candidate,pending,not_assessed,边界约 ±0.5–1s；未知地面可能为平地、平台或障碍上的停顿；整段 outcome 未传播。,viewer.html?id=gait_20260909_151931_7a0441190ea8&t=120.000&end=120.005
gait_20260909_152145_fc06025e3eb8,"[""D:\\S10Data\\050\\2026-09-09\\gait_20260909_152145_fc06025e3eb8\\bag\\bag_0.db3""]",gait_20260909_152145_fc06025e3eb8-P01,gait_20260909_152145_fc06025e3eb8-S001,0.0,2.5,source_stamp_minus_manifest_started_wall_ns,1788938505837553038,1788938505837553038,1788938508337553038,unknown,等待候选,unknown,,,,uncertain,"{""automatic_class"": ""等待候选"", ""bin_s"": 0.5, ""pitch_median_deg"": 0.45, ""max_abs_roll_pitch_deg"": 0.53, ""leg_dq_rms_median"": 0.007, ""wheel_dq_abs_median"": 0.014}","[""比其他basic段有更明显roll/pitch起伏：约4–7.5、11.5–13.5、28–31.5、40–43s；有轮关节活动，点云局部起伏/边缘但不足以确认为楼梯或高台。状态始终17；61–65s近静止后又移动。""]",model_visual_checked_candidate,pending,not_assessed,边界约 ±0.5–1s；未知地面可能为平地、平台或障碍上的停顿；整段 outcome 未传播。,viewer.html?id=gait_20260909_152145_fc06025e3eb8&t=0.000&end=2.500
gait_20260909_152145_fc06025e3eb8,"[""D:\\S10Data\\050\\2026-09-09\\gait_20260909_152145_fc06025e3eb8\\bag\\bag_0.db3""]",gait_20260909_152145_fc06025e3eb8-P01,gait_20260909_152145_fc06025e3eb8-S002,2.5,3.0,source_stamp_minus_manifest_started_wall_ns,1788938505837553038,1788938508337553038,1788938508837553038,unknown,行走/调整候选,unknown,,,,uncertain,"{""automatic_class"": ""行走/调整候选"", ""bin_s"": 0.5, ""pitch_median_deg"": -0.16, ""max_abs_roll_pitch_deg"": 0.84, ""leg_dq_rms_median"": 0.138, ""wheel_dq_abs_median"": 5.176}","[""比其他basic段有更明显roll/pitch起伏：约4–7.5、11.5–13.5、28–31.5、40–43s；有轮关节活动，点云局部起伏/边缘但不足以确认为楼梯或高台。状态始终17；61–65s近静止后又移动。""]",model_visual_checked_candidate,pending,not_assessed,边界约 ±0.5–1s；未知地面可能为平地、平台或障碍上的停顿；整段 outcome 未传播。,viewer.html?id=gait_20260909_152145_fc06025e3eb8&t=2.500&end=3.000
gait_20260909_152145_fc06025e3eb8,"[""D:\\S10Data\\050\\2026-09-09\\gait_20260909_152145_fc06025e3eb8\\bag\\bag_0.db3""]",gait_20260909_152145_fc06025e3eb8-P01,gait_20260909_152145_fc06025e3eb8-S003,3.0,4.0,source_stamp_minus_manifest_started_wall_ns,1788938505837553038,1788938508837553038,1788938509837553038,unknown,转向候选,unknown,,,,uncertain,"{""automatic_class"": ""转向候选"", ""bin_s"": 0.5, ""pitch_median_deg"": -1.84, ""max_abs_roll_pitch_deg"": 4.34, ""leg_dq_rms_median"": 0.826, ""wheel_dq_abs_median"": 15.576}","[""比其他basic段有更明显roll/pitch起伏：约4–7.5、11.5–13.5、28–31.5、40–43s；有轮关节活动，点云局部起伏/边缘但不足以确认为楼梯或高台。状态始终17；61–65s近静止后又移动。""]",model_visual_checked_candidate,pending,not_assessed,边界约 ±0.5–1s；未知地面可能为平地、平台或障碍上的停顿；整段 outcome 未传播。,viewer.html?id=gait_20260909_152145_fc06025e3eb8&t=3.000&end=4.000
gait_20260909_152145_fc06025e3eb8,"[""D:\\S10Data\\050\\2026-09-09\\gait_20260909_152145_fc06025e3eb8\\bag\\bag_0.db3""]",gait_20260909_152145_fc06025e3eb8-P01,gait_20260909_152145_fc06025e3eb8-S004,4.0,4.5,source_stamp_minus_manifest_started_wall_ns,1788938505837553038,1788938509837553038,1788938510337553038,unknown,行走/调整候选,unknown,,,,uncertain,"{""automatic_class"": ""行走/调整候选"", ""bin_s"": 0.5, ""pitch_median_deg"": 0.0, ""max_abs_roll_pitch_deg"": 10.9, ""leg_dq_rms_median"": 0.748, ""wheel_dq_abs_median"": 16.242}","[""比其他basic段有更明显roll/pitch起伏：约4–7.5、11.5–13.5、28–31.5、40–43s；有轮关节活动，点云局部起伏/边缘但不足以确认为楼梯或高台。状态始终17；61–65s近静止后又移动。""]",model_visual_checked_candidate,pending,not_assessed,边界约 ±0.5–1s；未知地面可能为平地、平台或障碍上的停顿；整段 outcome 未传播。,viewer.html?id=gait_20260909_152145_fc06025e3eb8&t=4.000&end=4.500
gait_20260909_152145_fc06025e3eb8,"[""D:\\S10Data\\050\\2026-09-09\\gait_20260909_152145_fc06025e3eb8\\bag\\bag_0.db3""]",gait_20260909_152145_fc06025e3eb8-P01,gait_20260909_152145_fc06025e3eb8-S005,4.5,6.0,source_stamp_minus_manifest_started_wall_ns,1788938505837553038,1788938510337553038,1788938511837553038,unknown,姿态变化/越障候选,unknown,,,,uncertain,"{""automatic_class"": ""姿态变化/越障候选"", ""bin_s"": 0.5, ""pitch_median_deg"": -10.66, ""max_abs_roll_pitch_deg"": 12.77, ""leg_dq_rms_median"": 0.791, ""wheel_dq_abs_median"": 20.264}","[""比其他basic段有更明显roll/pitch起伏：约4–7.5、11.5–13.5、28–31.5、40–43s；有轮关节活动，点云局部起伏/边缘但不足以确认为楼梯或高台。状态始终17；61–65s近静止后又移动。""]",model_visual_checked_candidate,pending,not_assessed,边界约 ±0.5–1s；未知地面可能为平地、平台或障碍上的停顿；整段 outcome 未传播。,viewer.html?id=gait_20260909_152145_fc06025e3eb8&t=4.500&end=6.000
gait_20260909_152145_fc06025e3eb8,"[""D:\\S10Data\\050\\2026-09-09\\gait_20260909_152145_fc06025e3eb8\\bag\\bag_0.db3""]",gait_20260909_152145_fc06025e3eb8-P01,gait_20260909_152145_fc06025e3eb8-S006,6.0,6.5,source_stamp_minus_manifest_started_wall_ns,1788938505837553038,1788938511837553038,1788938512337553038,unknown,转向候选,unknown,,,,uncertain,"{""automatic_class"": ""转向候选"", ""bin_s"": 0.5, ""pitch_median_deg"": -6.78, ""max_abs_roll_pitch_deg"": 9.36, ""leg_dq_rms_median"": 0.903, ""wheel_dq_abs_median"": 19.519}","[""比其他basic段有更明显roll/pitch起伏：约4–7.5、11.5–13.5、28–31.5、40–43s；有轮关节活动，点云局部起伏/边缘但不足以确认为楼梯或高台。状态始终17；61–65s近静止后又移动。""]",model_visual_checked_candidate,pending,not_assessed,边界约 ±0.5–1s；未知地面可能为平地、平台或障碍上的停顿；整段 outcome 未传播。,viewer.html?id=gait_20260909_152145_fc06025e3eb8&t=6.000&end=6.500
gait_20260909_152145_fc06025e3eb8,"[""D:\\S10Data\\050\\2026-09-09\\gait_20260909_152145_fc06025e3eb8\\bag\\bag_0.db3""]",gait_20260909_152145_fc06025e3eb8-P01,gait_20260909_152145_fc06025e3eb8-S007,6.5,7.5,source_stamp_minus_manifest_started_wall_ns,1788938505837553038,1788938512337553038,1788938513337553038,unknown,行走/调整候选,unknown,,,,uncertain,"{""automatic_class"": ""行走/调整候选"", ""bin_s"": 0.5, ""pitch_median_deg"": -4.06, ""max_abs_roll_pitch_deg"": 7.13, ""leg_dq_rms_median"": 0.582, ""wheel_dq_abs_median"": 19.706}","[""比其他basic段有更明显roll/pitch起伏：约4–7.5、11.5–13.5、28–31.5、40–43s；有轮关节活动，点云局部起伏/边缘但不足以确认为楼梯或高台。状态始终17；61–65s近静止后又移动。""]",model_visual_checked_candidate,pending,not_assessed,边界约 ±0.5–1s；未知地面可能为平地、平台或障碍上的停顿；整段 outcome 未传播。,viewer.html?id=gait_20260909_152145_fc06025e3eb8&t=6.500&end=7.500
gait_20260909_152145_fc06025e3eb8,"[""D:\\S10Data\\050\\2026-09-09\\gait_20260909_152145_fc06025e3eb8\\bag\\bag_0.db3""]",gait_20260909_152145_fc06025e3eb8-P01,gait_20260909_152145_fc06025e3eb8-S008,7.5,9.5,source_stamp_minus_manifest_started_wall_ns,1788938505837553038,1788938513337553038,1788938515337553038,unknown,行走/调整候选,unknown,,,,uncertain,"{""automatic_class"": ""行走/调整候选"", ""bin_s"": 0.5, ""pitch_median_deg"": 2.48, ""max_abs_roll_pitch_deg"": 5.88, ""leg_dq_rms_median"": 0.641, ""wheel_dq_abs_median"": 18.471}","[""比其他basic段有更明显roll/pitch起伏：约4–7.5、11.5–13.5、28–31.5、40–43s；有轮关节活动，点云局部起伏/边缘但不足以确认为楼梯或高台。状态始终17；61–65s近静止后又移动。""]",model_visual_checked_candidate,pending,not_assessed,边界约 ±0.5–1s；未知地面可能为平地、平台或障碍上的停顿；整段 outcome 未传播。,viewer.html?id=gait_20260909_152145_fc06025e3eb8&t=7.500&end=9.500
gait_20260909_152145_fc06025e3eb8,"[""D:\\S10Data\\050\\2026-09-09\\gait_20260909_152145_fc06025e3eb8\\bag\\bag_0.db3""]",gait_20260909_152145_fc06025e3eb8-P01,gait_20260909_152145_fc06025e3eb8-S009,9.5,11.5,source_stamp_minus_manifest_started_wall_ns,1788938505837553038,1788938515337553038,1788938517337553038,unknown,转向候选,unknown,,,,uncertain,"{""automatic_class"": ""转向候选"", ""bin_s"": 0.5, ""pitch_median_deg"": 1.39, ""max_abs_roll_pitch_deg"": 4.27, ""leg_dq_rms_median"": 1.408, ""wheel_dq_abs_median"": 5.936}","[""比其他basic段有更明显roll/pitch起伏：约4–7.5、11.5–13.5、28–31.5、40–43s；有轮关节活动，点云局部起伏/边缘但不足以确认为楼梯或高台。状态始终17；61–65s近静止后又移动。""]",model_visual_checked_candidate,pending,not_assessed,边界约 ±0.5–1s；未知地面可能为平地、平台或障碍上的停顿；整段 outcome 未传播。,viewer.html?id=gait_20260909_152145_fc06025e3eb8&t=9.500&end=11.500
gait_20260909_152145_fc06025e3eb8,"[""D:\\S10Data\\050\\2026-09-09\\gait_20260909_152145_fc06025e3eb8\\bag\\bag_0.db3""]",gait_20260909_152145_fc06025e3eb8-P01,gait_20260909_152145_fc06025e3eb8-S010,11.5,12.5,source_stamp_minus_manifest_started_wall_ns,1788938505837553038,1788938517337553038,1788938518337553038,unknown,姿态变化/越障候选,unknown,,,,uncertain,"{""automatic_class"": ""姿态变化/越障候选"", ""bin_s"": 0.5, ""pitch_median_deg"": -10.46, ""max_abs_roll_pitch_deg"": 16.77, ""leg_dq_rms_median"": 0.772, ""wheel_dq_abs_median"": 17.061}","[""比其他basic段有更明显roll/pitch起伏：约4–7.5、11.5–13.5、28–31.5、40–43s；有轮关节活动，点云局部起伏/边缘但不足以确认为楼梯或高台。状态始终17；61–65s近静止后又移动。""]",model_visual_checked_candidate,pending,not_assessed,边界约 ±0.5–1s；未知地面可能为平地、平台或障碍上的停顿；整段 outcome 未传播。,viewer.html?id=gait_20260909_152145_fc06025e3eb8&t=11.500&end=12.500
gait_20260909_152145_fc06025e3eb8,"[""D:\\S10Data\\050\\2026-09-09\\gait_20260909_152145_fc06025e3eb8\\bag\\bag_0.db3""]",gait_20260909_152145_fc06025e3eb8-P01,gait_20260909_152145_fc06025e3eb8-S011,12.5,13.5,source_stamp_minus_manifest_started_wall_ns,1788938505837553038,1788938518337553038,1788938519337553038,unknown,行走/调整候选,unknown,,,,uncertain,"{""automatic_class"": ""行走/调整候选"", ""bin_s"": 0.5, ""pitch_median_deg"": 2.83, ""max_abs_roll_pitch_deg"": 15.25, ""leg_dq_rms_median"": 1.01, ""wheel_dq_abs_median"": 14.819}","[""比其他basic段有更明显roll/pitch起伏：约4–7.5、11.5–13.5、28–31.5、40–43s；有轮关节活动，点云局部起伏/边缘但不足以确认为楼梯或高台。状态始终17；61–65s近静止后又移动。""]",model_visual_checked_candidate,pending,not_assessed,边界约 ±0.5–1s；未知地面可能为平地、平台或障碍上的停顿；整段 outcome 未传播。,viewer.html?id=gait_20260909_152145_fc06025e3eb8&t=12.500&end=13.500
gait_20260909_152145_fc06025e3eb8,"[""D:\\S10Data\\050\\2026-09-09\\gait_20260909_152145_fc06025e3eb8\\bag\\bag_0.db3""]",gait_20260909_152145_fc06025e3eb8-P01,gait_20260909_152145_fc06025e3eb8-S012,13.5,17.0,source_stamp_minus_manifest_started_wall_ns,1788938505837553038,1788938519337553038,1788938522837553038,unknown,转向候选,unknown,,,,uncertain,"{""automatic_class"": ""转向候选"", ""bin_s"": 0.5, ""pitch_median_deg"": -0.12, ""max_abs_roll_pitch_deg"": 5.73, ""leg_dq_rms_median"": 1.035, ""wheel_dq_abs_median"": 10.908}","[""比其他basic段有更明显roll/pitch起伏：约4–7.5、11.5–13.5、28–31.5、40–43s；有轮关节活动，点云局部起伏/边缘但不足以确认为楼梯或高台。状态始终17；61–65s近静止后又移动。""]",model_visual_checked_candidate,pending,not_assessed,边界约 ±0.5–1s；未知地面可能为平地、平台或障碍上的停顿；整段 outcome 未传播。,viewer.html?id=gait_20260909_152145_fc06025e3eb8&t=13.500&end=17.000
gait_20260909_152145_fc06025e3eb8,"[""D:\\S10Data\\050\\2026-09-09\\gait_20260909_152145_fc06025e3eb8\\bag\\bag_0.db3""]",gait_20260909_152145_fc06025e3eb8-P01,gait_20260909_152145_fc06025e3eb8-S013,17.0,18.0,source_stamp_minus_manifest_started_wall_ns,1788938505837553038,1788938522837553038,1788938523837553038,unknown,行走/调整候选,unknown,,,,uncertain,"{""automatic_class"": ""行走/调整候选"", ""bin_s"": 0.5, ""pitch_median_deg"": -3.17, ""max_abs_roll_pitch_deg"": 5.9, ""leg_dq_rms_median"": 0.504, ""wheel_dq_abs_median"": 16.203}","[""比其他basic段有更明显roll/pitch起伏：约4–7.5、11.5–13.5、28–31.5、40–43s；有轮关节活动，点云局部起伏/边缘但不足以确认为楼梯或高台。状态始终17；61–65s近静止后又移动。""]",model_visual_checked_candidate,pending,not_assessed,边界约 ±0.5–1s；未知地面可能为平地、平台或障碍上的停顿；整段 outcome 未传播。,viewer.html?id=gait_20260909_152145_fc06025e3eb8&t=17.000&end=18.000
gait_20260909_152145_fc06025e3eb8,"[""D:\\S10Data\\050\\2026-09-09\\gait_20260909_152145_fc06025e3eb8\\bag\\bag_0.db3""]",gait_20260909_152145_fc06025e3eb8-P01,gait_20260909_152145_fc06025e3eb8-S014,18.0,22.0,source_stamp_minus_manifest_started_wall_ns,1788938505837553038,1788938523837553038,1788938527837553038,unknown,转向候选,unknown,,,,uncertain,"{""automatic_class"": ""转向候选"", ""bin_s"": 0.5, ""pitch_median_deg"": -2.61, ""max_abs_roll_pitch_deg"": 7.54, ""leg_dq_rms_median"": 0.951, ""wheel_dq_abs_median"": 17.425}","[""比其他basic段有更明显roll/pitch起伏：约4–7.5、11.5–13.5、28–31.5、40–43s；有轮关节活动，点云局部起伏/边缘但不足以确认为楼梯或高台。状态始终17；61–65s近静止后又移动。""]",model_visual_checked_candidate,pending,not_assessed,边界约 ±0.5–1s；未知地面可能为平地、平台或障碍上的停顿；整段 outcome 未传播。,viewer.html?id=gait_20260909_152145_fc06025e3eb8&t=18.000&end=22.000
gait_20260909_152145_fc06025e3eb8,"[""D:\\S10Data\\050\\2026-09-09\\gait_20260909_152145_fc06025e3eb8\\bag\\bag_0.db3""]",gait_20260909_152145_fc06025e3eb8-P01,gait_20260909_152145_fc06025e3eb8-S015,22.0,23.5,source_stamp_minus_manifest_started_wall_ns,1788938505837553038,1788938527837553038,1788938529337553038,unknown,行走/调整候选,unknown,,,,uncertain,"{""automatic_class"": ""行走/调整候选"", ""bin_s"": 0.5, ""pitch_median_deg"": -0.11, ""max_abs_roll_pitch_deg"": 8.59, ""leg_dq_rms_median"": 0.557, ""wheel_dq_abs_median"": 17.979}","[""比其他basic段有更明显roll/pitch起伏：约4–7.5、11.5–13.5、28–31.5、40–43s；有轮关节活动，点云局部起伏/边缘但不足以确认为楼梯或高台。状态始终17；61–65s近静止后又移动。""]",model_visual_checked_candidate,pending,not_assessed,边界约 ±0.5–1s；未知地面可能为平地、平台或障碍上的停顿；整段 outcome 未传播。,viewer.html?id=gait_20260909_152145_fc06025e3eb8&t=22.000&end=23.500
gait_20260909_152145_fc06025e3eb8,"[""D:\\S10Data\\050\\2026-09-09\\gait_20260909_152145_fc06025e3eb8\\bag\\bag_0.db3""]",gait_20260909_152145_fc06025e3eb8-P01,gait_20260909_152145_fc06025e3eb8-S016,23.5,27.5,source_stamp_minus_manifest_started_wall_ns,1788938505837553038,1788938529337553038,1788938533337553038,unknown,转向候选,unknown,,,,uncertain,"{""automatic_class"": ""转向候选"", ""bin_s"": 0.5, ""pitch_median_deg"": -1.83, ""max_abs_roll_pitch_deg"": 8.15, ""leg_dq_rms_median"": 1.079, ""wheel_dq_abs_median"": 16.385}","[""比其他basic段有更明显roll/pitch起伏：约4–7.5、11.5–13.5、28–31.5、40–43s；有轮关节活动，点云局部起伏/边缘但不足以确认为楼梯或高台。状态始终17；61–65s近静止后又移动。""]",model_visual_checked_candidate,pending,not_assessed,边界约 ±0.5–1s；未知地面可能为平地、平台或障碍上的停顿；整段 outcome 未传播。,viewer.html?id=gait_20260909_152145_fc06025e3eb8&t=23.500&end=27.500
gait_20260909_152145_fc06025e3eb8,"[""D:\\S10Data\\050\\2026-09-09\\gait_20260909_152145_fc06025e3eb8\\bag\\bag_0.db3""]",gait_20260909_152145_fc06025e3eb8-P01,gait_20260909_152145_fc06025e3eb8-S017,27.5,28.0,source_stamp_minus_manifest_started_wall_ns,1788938505837553038,1788938533337553038,1788938533837553038,unknown,姿态变化/越障候选,unknown,,,,uncertain,"{""automatic_class"": ""姿态变化/越障候选"", ""bin_s"": 0.5, ""pitch_median_deg"": -8.12, ""max_abs_roll_pitch_deg"": 9.43, ""leg_dq_rms_median"": 0.769, ""wheel_dq_abs_median"": 17.688}","[""比其他basic段有更明显roll/pitch起伏：约4–7.5、11.5–13.5、28–31.5、40–43s；有轮关节活动，点云局部起伏/边缘但不足以确认为楼梯或高台。状态始终17；61–65s近静止后又移动。""]",model_visual_checked_candidate,pending,not_assessed,边界约 ±0.5–1s；未知地面可能为平地、平台或障碍上的停顿；整段 outcome 未传播。,viewer.html?id=gait_20260909_152145_fc06025e3eb8&t=27.500&end=28.000
gait_20260909_152145_fc06025e3eb8,"[""D:\\S10Data\\050\\2026-09-09\\gait_20260909_152145_fc06025e3eb8\\bag\\bag_0.db3""]",gait_20260909_152145_fc06025e3eb8-P01,gait_20260909_152145_fc06025e3eb8-S018,28.0,30.5,source_stamp_minus_manifest_started_wall_ns,1788938505837553038,1788938533837553038,1788938536337553038,unknown,转向候选,unknown,,,,uncertain,"{""automatic_class"": ""转向候选"", ""bin_s"": 0.5, ""pitch_median_deg"": -6.76, ""max_abs_roll_pitch_deg"": 8.34, ""leg_dq_rms_median"": 0.84, ""wheel_dq_abs_median"": 16.051}","[""比其他basic段有更明显roll/pitch起伏：约4–7.5、11.5–13.5、28–31.5、40–43s；有轮关节活动，点云局部起伏/边缘但不足以确认为楼梯或高台。状态始终17；61–65s近静止后又移动。""]",model_visual_checked_candidate,pending,not_assessed,边界约 ±0.5–1s；未知地面可能为平地、平台或障碍上的停顿；整段 outcome 未传播。,viewer.html?id=gait_20260909_152145_fc06025e3eb8&t=28.000&end=30.500
gait_20260909_152145_fc06025e3eb8,"[""D:\\S10Data\\050\\2026-09-09\\gait_20260909_152145_fc06025e3eb8\\bag\\bag_0.db3""]",gait_20260909_152145_fc06025e3eb8-P01,gait_20260909_152145_fc06025e3eb8-S019,30.5,31.5,source_stamp_minus_manifest_started_wall_ns,1788938505837553038,1788938536337553038,1788938537337553038,unknown,行走/调整候选,unknown,,,,uncertain,"{""automatic_class"": ""行走/调整候选"", ""bin_s"": 0.5, ""pitch_median_deg"": 1.09, ""max_abs_roll_pitch_deg"": 8.72, ""leg_dq_rms_median"": 0.406, ""wheel_dq_abs_median"": 7.472}","[""比其他basic段有更明显roll/pitch起伏：约4–7.5、11.5–13.5、28–31.5、40–43s；有轮关节活动，点云局部起伏/边缘但不足以确认为楼梯或高台。状态始终17；61–65s近静止后又移动。""]",model_visual_checked_candidate,pending,not_assessed,边界约 ±0.5–1s；未知地面可能为平地、平台或障碍上的停顿；整段 outcome 未传播。,viewer.html?id=gait_20260909_152145_fc06025e3eb8&t=30.500&end=31.500
gait_20260909_152145_fc06025e3eb8,"[""D:\\S10Data\\050\\2026-09-09\\gait_20260909_152145_fc06025e3eb8\\bag\\bag_0.db3""]",gait_20260909_152145_fc06025e3eb8-P01,gait_20260909_152145_fc06025e3eb8-S020,31.5,32.5,source_stamp_minus_manifest_started_wall_ns,1788938505837553038,1788938537337553038,1788938538337553038,unknown,转向候选,unknown,,,,uncertain,"{""automatic_class"": ""转向候选"", ""bin_s"": 0.5, ""pitch_median_deg"": -2.66, ""max_abs_roll_pitch_deg"": 7.49, ""leg_dq_rms_median"": 0.896, ""wheel_dq_abs_median"": 16.852}","[""比其他basic段有更明显roll/pitch起伏：约4–7.5、11.5–13.5、28–31.5、40–43s；有轮关节活动，点云局部起伏/边缘但不足以确认为楼梯或高台。状态始终17；61–65s近静止后又移动。""]",model_visual_checked_candidate,pending,not_assessed,边界约 ±0.5–1s；未知地面可能为平地、平台或障碍上的停顿；整段 outcome 未传播。,viewer.html?id=gait_20260909_152145_fc06025e3eb8&t=31.500&end=32.500
gait_20260909_152145_fc06025e3eb8,"[""D:\\S10Data\\050\\2026-09-09\\gait_20260909_152145_fc06025e3eb8\\bag\\bag_0.db3""]",gait_20260909_152145_fc06025e3eb8-P01,gait_20260909_152145_fc06025e3eb8-S021,32.5,34.5,source_stamp_minus_manifest_started_wall_ns,1788938505837553038,1788938538337553038,1788938540337553038,unknown,姿态变化/越障候选,unknown,,,,uncertain,"{""automatic_class"": ""姿态变化/越障候选"", ""bin_s"": 0.5, ""pitch_median_deg"": -9.82, ""max_abs_roll_pitch_deg"": 13.03, ""leg_dq_rms_median"": 0.853, ""wheel_dq_abs_median"": 13.666}","[""比其他basic段有更明显roll/pitch起伏：约4–7.5、11.5–13.5、28–31.5、40–43s；有轮关节活动，点云局部起伏/边缘但不足以确认为楼梯或高台。状态始终17；61–65s近静止后又移动。""]",model_visual_checked_candidate,pending,not_assessed,边界约 ±0.5–1s；未知地面可能为平地、平台或障碍上的停顿；整段 outcome 未传播。,viewer.html?id=gait_20260909_152145_fc06025e3eb8&t=32.500&end=34.500
gait_20260909_152145_fc06025e3eb8,"[""D:\\S10Data\\050\\2026-09-09\\gait_20260909_152145_fc06025e3eb8\\bag\\bag_0.db3""]",gait_20260909_152145_fc06025e3eb8-P01,gait_20260909_152145_fc06025e3eb8-S022,34.5,40,source_stamp_minus_manifest_started_wall_ns,1788938505837553038,1788938540337553038,1788938545837553038,unknown,转向候选,unknown,,,,uncertain,"{""automatic_class"": ""转向候选"", ""bin_s"": 0.5, ""pitch_median_deg"": -1.43, ""max_abs_roll_pitch_deg"": 8.75, ""leg_dq_rms_median"": 1.039, ""wheel_dq_abs_median"": 17.82}","[""比其他basic段有更明显roll/pitch起伏：约4–7.5、11.5–13.5、28–31.5、40–43s；有轮关节活动，点云局部起伏/边缘但不足以确认为楼梯或高台。状态始终17；61–65s近静止后又移动。""]",model_visual_checked_candidate,pending,not_assessed,边界约 ±0.5–1s；未知地面可能为平地、平台或障碍上的停顿；整段 outcome 未传播。,viewer.html?id=gait_20260909_152145_fc06025e3eb8&t=34.500&end=40.000
gait_20260909_152145_fc06025e3eb8,"[""D:\\S10Data\\050\\2026-09-09\\gait_20260909_152145_fc06025e3eb8\\bag\\bag_0.db3""]",gait_20260909_152145_fc06025e3eb8-P01,gait_20260909_152145_fc06025e3eb8-S023,40,41.5,source_stamp_minus_manifest_started_wall_ns,1788938505837553038,1788938545837553038,1788938547337553038,unknown,转向候选,unknown,,,,uncertain,"{""automatic_class"": ""转向候选"", ""bin_s"": 0.5, ""pitch_median_deg"": -3.16, ""max_abs_roll_pitch_deg"": 7.45, ""leg_dq_rms_median"": 0.842, ""wheel_dq_abs_median"": 17.404}","[""比其他basic段有更明显roll/pitch起伏：约4–7.5、11.5–13.5、28–31.5、40–43s；有轮关节活动，点云局部起伏/边缘但不足以确认为楼梯或高台。状态始终17；61–65s近静止后又移动。""]",model_visual_checked_candidate,pending,not_assessed,边界约 ±0.5–1s；未知地面可能为平地、平台或障碍上的停顿；整段 outcome 未传播。,viewer.html?id=gait_20260909_152145_fc06025e3eb8&t=40.000&end=41.500
gait_20260909_152145_fc06025e3eb8,"[""D:\\S10Data\\050\\2026-09-09\\gait_20260909_152145_fc06025e3eb8\\bag\\bag_0.db3""]",gait_20260909_152145_fc06025e3eb8-P01,gait_20260909_152145_fc06025e3eb8-S024,41.5,42.0,source_stamp_minus_manifest_started_wall_ns,1788938505837553038,1788938547337553038,1788938547837553038,unknown,姿态变化/越障候选,unknown,,,,uncertain,"{""automatic_class"": ""姿态变化/越障候选"", ""bin_s"": 0.5, ""pitch_median_deg"": -9.88, ""max_abs_roll_pitch_deg"": 11.01, ""leg_dq_rms_median"": 0.624, ""wheel_dq_abs_median"": 20.799}","[""比其他basic段有更明显roll/pitch起伏：约4–7.5、11.5–13.5、28–31.5、40–43s；有轮关节活动，点云局部起伏/边缘但不足以确认为楼梯或高台。状态始终17；61–65s近静止后又移动。""]",model_visual_checked_candidate,pending,not_assessed,边界约 ±0.5–1s；未知地面可能为平地、平台或障碍上的停顿；整段 outcome 未传播。,viewer.html?id=gait_20260909_152145_fc06025e3eb8&t=41.500&end=42.000
gait_20260909_152145_fc06025e3eb8,"[""D:\\S10Data\\050\\2026-09-09\\gait_20260909_152145_fc06025e3eb8\\bag\\bag_0.db3""]",gait_20260909_152145_fc06025e3eb8-P01,gait_20260909_152145_fc06025e3eb8-S025,42.0,43,source_stamp_minus_manifest_started_wall_ns,1788938505837553038,1788938547837553038,1788938548837553038,unknown,转向候选,unknown,,,,uncertain,"{""automatic_class"": ""转向候选"", ""bin_s"": 0.5, ""pitch_median_deg"": -6.12, ""max_abs_roll_pitch_deg"": 8.61, ""leg_dq_rms_median"": 1.276, ""wheel_dq_abs_median"": 12.226}","[""比其他basic段有更明显roll/pitch起伏：约4–7.5、11.5–13.5、28–31.5、40–43s；有轮关节活动，点云局部起伏/边缘但不足以确认为楼梯或高台。状态始终17；61–65s近静止后又移动。""]",model_visual_checked_candidate,pending,not_assessed,边界约 ±0.5–1s；未知地面可能为平地、平台或障碍上的停顿；整段 outcome 未传播。,viewer.html?id=gait_20260909_152145_fc06025e3eb8&t=42.000&end=43.000
gait_20260909_152145_fc06025e3eb8,"[""D:\\S10Data\\050\\2026-09-09\\gait_20260909_152145_fc06025e3eb8\\bag\\bag_0.db3""]",gait_20260909_152145_fc06025e3eb8-P01,gait_20260909_152145_fc06025e3eb8-S026,43,54.5,source_stamp_minus_manifest_started_wall_ns,1788938505837553038,1788938548837553038,1788938560337553038,unknown,转向候选,unknown,,,,uncertain,"{""automatic_class"": ""转向候选"", ""bin_s"": 0.5, ""pitch_median_deg"": -1.85, ""max_abs_roll_pitch_deg"": 8.35, ""leg_dq_rms_median"": 1.517, ""wheel_dq_abs_median"": 3.032}","[""比其他basic段有更明显roll/pitch起伏：约4–7.5、11.5–13.5、28–31.5、40–43s；有轮关节活动，点云局部起伏/边缘但不足以确认为楼梯或高台。状态始终17；61–65s近静止后又移动。""]",model_visual_checked_candidate,pending,not_assessed,边界约 ±0.5–1s；未知地面可能为平地、平台或障碍上的停顿；整段 outcome 未传播。,viewer.html?id=gait_20260909_152145_fc06025e3eb8&t=43.000&end=54.500
gait_20260909_152145_fc06025e3eb8,"[""D:\\S10Data\\050\\2026-09-09\\gait_20260909_152145_fc06025e3eb8\\bag\\bag_0.db3""]",gait_20260909_152145_fc06025e3eb8-P01,gait_20260909_152145_fc06025e3eb8-S027,54.5,55.5,source_stamp_minus_manifest_started_wall_ns,1788938505837553038,1788938560337553038,1788938561337553038,unknown,行走/调整候选,unknown,,,,uncertain,"{""automatic_class"": ""行走/调整候选"", ""bin_s"": 0.5, ""pitch_median_deg"": -1.49, ""max_abs_roll_pitch_deg"": 5.03, ""leg_dq_rms_median"": 0.472, ""wheel_dq_abs_median"": 16.153}","[""比其他basic段有更明显roll/pitch起伏：约4–7.5、11.5–13.5、28–31.5、40–43s；有轮关节活动，点云局部起伏/边缘但不足以确认为楼梯或高台。状态始终17；61–65s近静止后又移动。""]",model_visual_checked_candidate,pending,not_assessed,边界约 ±0.5–1s；未知地面可能为平地、平台或障碍上的停顿；整段 outcome 未传播。,viewer.html?id=gait_20260909_152145_fc06025e3eb8&t=54.500&end=55.500
gait_20260909_152145_fc06025e3eb8,"[""D:\\S10Data\\050\\2026-09-09\\gait_20260909_152145_fc06025e3eb8\\bag\\bag_0.db3""]",gait_20260909_152145_fc06025e3eb8-P01,gait_20260909_152145_fc06025e3eb8-S028,55.5,61.0,source_stamp_minus_manifest_started_wall_ns,1788938505837553038,1788938561337553038,1788938566837553038,unknown,转向候选,unknown,,,,uncertain,"{""automatic_class"": ""转向候选"", ""bin_s"": 0.5, ""pitch_median_deg"": -2.72, ""max_abs_roll_pitch_deg"": 7.26, ""leg_dq_rms_median"": 0.909, ""wheel_dq_abs_median"": 10.324}","[""比其他basic段有更明显roll/pitch起伏：约4–7.5、11.5–13.5、28–31.5、40–43s；有轮关节活动，点云局部起伏/边缘但不足以确认为楼梯或高台。状态始终17；61–65s近静止后又移动。""]",model_visual_checked_candidate,pending,not_assessed,边界约 ±0.5–1s；未知地面可能为平地、平台或障碍上的停顿；整段 outcome 未传播。,viewer.html?id=gait_20260909_152145_fc06025e3eb8&t=55.500&end=61.000
gait_20260909_152145_fc06025e3eb8,"[""D:\\S10Data\\050\\2026-09-09\\gait_20260909_152145_fc06025e3eb8\\bag\\bag_0.db3""]",gait_20260909_152145_fc06025e3eb8-P01,gait_20260909_152145_fc06025e3eb8-S029,61.0,61.5,source_stamp_minus_manifest_started_wall_ns,1788938505837553038,1788938566837553038,1788938567337553038,unknown,行走/调整候选,unknown,,,,uncertain,"{""automatic_class"": ""行走/调整候选"", ""bin_s"": 0.5, ""pitch_median_deg"": -2.49, ""max_abs_roll_pitch_deg"": 4.15, ""leg_dq_rms_median"": 0.286, ""wheel_dq_abs_median"": 0.481}","[""比其他basic段有更明显roll/pitch起伏：约4–7.5、11.5–13.5、28–31.5、40–43s；有轮关节活动，点云局部起伏/边缘但不足以确认为楼梯或高台。状态始终17；61–65s近静止后又移动。""]",model_visual_checked_candidate,pending,not_assessed,边界约 ±0.5–1s；未知地面可能为平地、平台或障碍上的停顿；整段 outcome 未传播。,viewer.html?id=gait_20260909_152145_fc06025e3eb8&t=61.000&end=61.500
gait_20260909_152145_fc06025e3eb8,"[""D:\\S10Data\\050\\2026-09-09\\gait_20260909_152145_fc06025e3eb8\\bag\\bag_0.db3""]",gait_20260909_152145_fc06025e3eb8-P01,gait_20260909_152145_fc06025e3eb8-S030,61.5,65.0,source_stamp_minus_manifest_started_wall_ns,1788938505837553038,1788938567337553038,1788938570837553038,unknown,等待候选,unknown,,,,uncertain,"{""automatic_class"": ""等待候选"", ""bin_s"": 0.5, ""pitch_median_deg"": -2.15, ""max_abs_roll_pitch_deg"": 3.69, ""leg_dq_rms_median"": 0.007, ""wheel_dq_abs_median"": 0.016}","[""比其他basic段有更明显roll/pitch起伏：约4–7.5、11.5–13.5、28–31.5、40–43s；有轮关节活动，点云局部起伏/边缘但不足以确认为楼梯或高台。状态始终17；61–65s近静止后又移动。""]",model_visual_checked_candidate,pending,not_assessed,边界约 ±0.5–1s；未知地面可能为平地、平台或障碍上的停顿；整段 outcome 未传播。,viewer.html?id=gait_20260909_152145_fc06025e3eb8&t=61.500&end=65.000
gait_20260909_152145_fc06025e3eb8,"[""D:\\S10Data\\050\\2026-09-09\\gait_20260909_152145_fc06025e3eb8\\bag\\bag_0.db3""]",gait_20260909_152145_fc06025e3eb8-P01,gait_20260909_152145_fc06025e3eb8-S031,65.0,65.5,source_stamp_minus_manifest_started_wall_ns,1788938505837553038,1788938570837553038,1788938571337553038,unknown,行走/调整候选,unknown,,,,uncertain,"{""automatic_class"": ""行走/调整候选"", ""bin_s"": 0.5, ""pitch_median_deg"": -5.0, ""max_abs_roll_pitch_deg"": 7.52, ""leg_dq_rms_median"": 0.304, ""wheel_dq_abs_median"": 10.13}","[""比其他basic段有更明显roll/pitch起伏：约4–7.5、11.5–13.5、28–31.5、40–43s；有轮关节活动，点云局部起伏/边缘但不足以确认为楼梯或高台。状态始终17；61–65s近静止后又移动。""]",model_visual_checked_candidate,pending,not_assessed,边界约 ±0.5–1s；未知地面可能为平地、平台或障碍上的停顿；整段 outcome 未传播。,viewer.html?id=gait_20260909_152145_fc06025e3eb8&t=65.000&end=65.500
gait_20260909_152145_fc06025e3eb8,"[""D:\\S10Data\\050\\2026-09-09\\gait_20260909_152145_fc06025e3eb8\\bag\\bag_0.db3""]",gait_20260909_152145_fc06025e3eb8-P01,gait_20260909_152145_fc06025e3eb8-S032,65.5,66.5,source_stamp_minus_manifest_started_wall_ns,1788938505837553038,1788938571337553038,1788938572337553038,unknown,转向候选,unknown,,,,uncertain,"{""automatic_class"": ""转向候选"", ""bin_s"": 0.5, ""pitch_median_deg"": -3.95, ""max_abs_roll_pitch_deg"": 6.92, ""leg_dq_rms_median"": 0.641, ""wheel_dq_abs_median"": 19.559}","[""比其他basic段有更明显roll/pitch起伏：约4–7.5、11.5–13.5、28–31.5、40–43s；有轮关节活动，点云局部起伏/边缘但不足以确认为楼梯或高台。状态始终17；61–65s近静止后又移动。""]",model_visual_checked_candidate,pending,not_assessed,边界约 ±0.5–1s；未知地面可能为平地、平台或障碍上的停顿；整段 outcome 未传播。,viewer.html?id=gait_20260909_152145_fc06025e3eb8&t=65.500&end=66.500
gait_20260909_152145_fc06025e3eb8,"[""D:\\S10Data\\050\\2026-09-09\\gait_20260909_152145_fc06025e3eb8\\bag\\bag_0.db3""]",gait_20260909_152145_fc06025e3eb8-P01,gait_20260909_152145_fc06025e3eb8-S033,66.5,69.5,source_stamp_minus_manifest_started_wall_ns,1788938505837553038,1788938572337553038,1788938575337553038,unknown,行走/调整候选,unknown,,,,uncertain,"{""automatic_class"": ""行走/调整候选"", ""bin_s"": 0.5, ""pitch_median_deg"": -4.73, ""max_abs_roll_pitch_deg"": 8.22, ""leg_dq_rms_median"": 0.541, ""wheel_dq_abs_median"": 7.605}","[""比其他basic段有更明显roll/pitch起伏：约4–7.5、11.5–13.5、28–31.5、40–43s；有轮关节活动，点云局部起伏/边缘但不足以确认为楼梯或高台。状态始终17；61–65s近静止后又移动。""]",model_visual_checked_candidate,pending,not_assessed,边界约 ±0.5–1s；未知地面可能为平地、平台或障碍上的停顿；整段 outcome 未传播。,viewer.html?id=gait_20260909_152145_fc06025e3eb8&t=66.500&end=69.500
gait_20260909_152145_fc06025e3eb8,"[""D:\\S10Data\\050\\2026-09-09\\gait_20260909_152145_fc06025e3eb8\\bag\\bag_0.db3""]",gait_20260909_152145_fc06025e3eb8-P01,gait_20260909_152145_fc06025e3eb8-S034,69.5,69.69957151200015,source_stamp_minus_manifest_started_wall_ns,1788938505837553038,1788938575337553038,1788938575537124550,unknown,等待候选,unknown,,,,uncertain,"{""automatic_class"": ""等待候选"", ""bin_s"": 0.5, ""pitch_median_deg"": -1.64, ""max_abs_roll_pitch_deg"": 4.18, ""leg_dq_rms_median"": 0.187, ""wheel_dq_abs_median"": 0.588}","[""比其他basic段有更明显roll/pitch起伏：约4–7.5、11.5–13.5、28–31.5、40–43s；有轮关节活动，点云局部起伏/边缘但不足以确认为楼梯或高台。状态始终17；61–65s近静止后又移动。""]",model_visual_checked_candidate,pending,not_assessed,边界约 ±0.5–1s；未知地面可能为平地、平台或障碍上的停顿；整段 outcome 未传播。,viewer.html?id=gait_20260909_152145_fc06025e3eb8&t=69.500&end=69.700
gait_20260909_152557_7ddbfc67c108,"[""D:\\S10Data\\050\\2026-09-09\\gait_20260909_152557_7ddbfc67c108\\bag\\bag_0.db3""]",gait_20260909_152557_7ddbfc67c108-P01,gait_20260909_152557_7ddbfc67c108-S001,0.0,8.0,source_stamp_minus_manifest_started_wall_ns,1788938757547814830,1788938757547814830,1788938765547814830,unknown,等待候选,unknown,,,,uncertain,"{""automatic_class"": ""等待候选"", ""bin_s"": 0.5, ""pitch_median_deg"": 1.13, ""max_abs_roll_pitch_deg"": 1.14, ""leg_dq_rms_median"": 0.007, ""wheel_dq_abs_median"": 0.013}",[],automatic_candidate,pending,not_assessed,边界约 ±0.5–1s；未知地面可能为平地、平台或障碍上的停顿；整段 outcome 未传播。,viewer.html?id=gait_20260909_152557_7ddbfc67c108&t=0.000&end=8.000
gait_20260909_152557_7ddbfc67c108,"[""D:\\S10Data\\050\\2026-09-09\\gait_20260909_152557_7ddbfc67c108\\bag\\bag_0.db3""]",gait_20260909_152557_7ddbfc67c108-P01,gait_20260909_152557_7ddbfc67c108-S002,8.0,8.5,source_stamp_minus_manifest_started_wall_ns,1788938757547814830,1788938765547814830,1788938766047814830,unknown,行走/调整候选,unknown,,,,uncertain,"{""automatic_class"": ""行走/调整候选"", ""bin_s"": 0.5, ""pitch_median_deg"": 1.06, ""max_abs_roll_pitch_deg"": 1.13, ""leg_dq_rms_median"": 0.102, ""wheel_dq_abs_median"": 2.073}",[],automatic_candidate,pending,not_assessed,边界约 ±0.5–1s；未知地面可能为平地、平台或障碍上的停顿；整段 outcome 未传播。,viewer.html?id=gait_20260909_152557_7ddbfc67c108&t=8.000&end=8.500
gait_20260909_152557_7ddbfc67c108,"[""D:\\S10Data\\050\\2026-09-09\\gait_20260909_152557_7ddbfc67c108\\bag\\bag_0.db3""]",gait_20260909_152557_7ddbfc67c108-P01,gait_20260909_152557_7ddbfc67c108-S003,8.5,11.0,source_stamp_minus_manifest_started_wall_ns,1788938757547814830,1788938766047814830,1788938768547814830,stairs_candidate,行走/调整候选,unknown,,,,uncertain,"{""automatic_class"": ""行走/调整候选"", ""bin_s"": 0.5, ""pitch_median_deg"": 1.08, ""max_abs_roll_pitch_deg"": 4.09, ""leg_dq_rms_median"": 0.152, ""wheel_dq_abs_median"": 6.863}","[""约11s后pitch约+15°，15/25s前点云近处有阶梯纹理、后方地面倾斜，35s后点云见阶梯；轮关节活动与正pitch支持下楼候选，但实际步态一直0x1001。""]",model_visual_checked_candidate,pending,not_assessed,边界约 ±0.5–1s；未知地面可能为平地、平台或障碍上的停顿；整段 outcome 未传播。,viewer.html?id=gait_20260909_152557_7ddbfc67c108&t=8.500&end=11.000
gait_20260909_152557_7ddbfc67c108,"[""D:\\S10Data\\050\\2026-09-09\\gait_20260909_152557_7ddbfc67c108\\bag\\bag_0.db3""]",gait_20260909_152557_7ddbfc67c108-P01,gait_20260909_152557_7ddbfc67c108-S004,11.0,12.5,source_stamp_minus_manifest_started_wall_ns,1788938757547814830,1788938768547814830,1788938770047814830,stairs_candidate,下楼候选,down_candidate,,,,uncertain,"{""automatic_class"": ""姿态变化/越障候选"", ""bin_s"": 0.5, ""pitch_median_deg"": 16.21, ""max_abs_roll_pitch_deg"": 16.58, ""leg_dq_rms_median"": 0.117, ""wheel_dq_abs_median"": 1.747}","[""约11s后pitch约+15°，15/25s前点云近处有阶梯纹理、后方地面倾斜，35s后点云见阶梯；轮关节活动与正pitch支持下楼候选，但实际步态一直0x1001。""]",model_visual_checked_candidate,pending,not_assessed,边界约 ±0.5–1s；未知地面可能为平地、平台或障碍上的停顿；整段 outcome 未传播。,viewer.html?id=gait_20260909_152557_7ddbfc67c108&t=11.000&end=12.500
gait_20260909_152557_7ddbfc67c108,"[""D:\\S10Data\\050\\2026-09-09\\gait_20260909_152557_7ddbfc67c108\\bag\\bag_0.db3""]",gait_20260909_152557_7ddbfc67c108-P01,gait_20260909_152557_7ddbfc67c108-S005,12.5,18.5,source_stamp_minus_manifest_started_wall_ns,1788938757547814830,1788938770047814830,1788938776047814830,stairs_candidate,等待候选,unknown,,,,uncertain,"{""automatic_class"": ""等待候选"", ""bin_s"": 0.5, ""pitch_median_deg"": 15.81, ""max_abs_roll_pitch_deg"": 16.29, ""leg_dq_rms_median"": 0.007, ""wheel_dq_abs_median"": 0.013}","[""约11s后pitch约+15°，15/25s前点云近处有阶梯纹理、后方地面倾斜，35s后点云见阶梯；轮关节活动与正pitch支持下楼候选，但实际步态一直0x1001。""]",model_visual_checked_candidate,pending,not_assessed,边界约 ±0.5–1s；未知地面可能为平地、平台或障碍上的停顿；整段 outcome 未传播。,viewer.html?id=gait_20260909_152557_7ddbfc67c108&t=12.500&end=18.500
gait_20260909_152557_7ddbfc67c108,"[""D:\\S10Data\\050\\2026-09-09\\gait_20260909_152557_7ddbfc67c108\\bag\\bag_0.db3""]",gait_20260909_152557_7ddbfc67c108-P01,gait_20260909_152557_7ddbfc67c108-S006,18.5,19,source_stamp_minus_manifest_started_wall_ns,1788938757547814830,1788938776047814830,1788938776547814830,stairs_candidate,下楼候选,down_candidate,,,,uncertain,"{""automatic_class"": ""姿态变化/越障候选"", ""bin_s"": 0.5, ""pitch_median_deg"": 15.8, ""max_abs_roll_pitch_deg"": 15.96, ""leg_dq_rms_median"": 0.401, ""wheel_dq_abs_median"": 2.4}","[""约11s后pitch约+15°，15/25s前点云近处有阶梯纹理、后方地面倾斜，35s后点云见阶梯；轮关节活动与正pitch支持下楼候选，但实际步态一直0x1001。""]",model_visual_checked_candidate,pending,not_assessed,边界约 ±0.5–1s；未知地面可能为平地、平台或障碍上的停顿；整段 outcome 未传播。,viewer.html?id=gait_20260909_152557_7ddbfc67c108&t=18.500&end=19.000
gait_20260909_152557_7ddbfc67c108,"[""D:\\S10Data\\050\\2026-09-09\\gait_20260909_152557_7ddbfc67c108\\bag\\bag_0.db3""]",gait_20260909_152557_7ddbfc67c108-P01,gait_20260909_152557_7ddbfc67c108-S007,19,28.5,source_stamp_minus_manifest_started_wall_ns,1788938757547814830,1788938776547814830,1788938786047814830,stairs_candidate,下楼候选,down_candidate,,,,uncertain,"{""automatic_class"": ""姿态变化/越障候选"", ""bin_s"": 0.5, ""pitch_median_deg"": 15.09, ""max_abs_roll_pitch_deg"": 17.16, ""leg_dq_rms_median"": 0.122, ""wheel_dq_abs_median"": 2.66}","[""约11s后pitch约+15°，15/25s前点云近处有阶梯纹理、后方地面倾斜，35s后点云见阶梯；轮关节活动与正pitch支持下楼候选，但实际步态一直0x1001。""]",model_visual_checked_candidate,pending,not_assessed,边界约 ±0.5–1s；未知地面可能为平地、平台或障碍上的停顿；整段 outcome 未传播。,viewer.html?id=gait_20260909_152557_7ddbfc67c108&t=19.000&end=28.500
gait_20260909_152557_7ddbfc67c108,"[""D:\\S10Data\\050\\2026-09-09\\gait_20260909_152557_7ddbfc67c108\\bag\\bag_0.db3""]",gait_20260909_152557_7ddbfc67c108-P01,gait_20260909_152557_7ddbfc67c108-S008,28.5,30.0,source_stamp_minus_manifest_started_wall_ns,1788938757547814830,1788938786047814830,1788938787547814830,stairs_candidate,等待候选,unknown,,,,uncertain,"{""automatic_class"": ""等待候选"", ""bin_s"": 0.5, ""pitch_median_deg"": 15.8, ""max_abs_roll_pitch_deg"": 16.25, ""leg_dq_rms_median"": 0.007, ""wheel_dq_abs_median"": 0.013}","[""约11s后pitch约+15°，15/25s前点云近处有阶梯纹理、后方地面倾斜，35s后点云见阶梯；轮关节活动与正pitch支持下楼候选，但实际步态一直0x1001。""]",model_visual_checked_candidate,pending,not_assessed,边界约 ±0.5–1s；未知地面可能为平地、平台或障碍上的停顿；整段 outcome 未传播。,viewer.html?id=gait_20260909_152557_7ddbfc67c108&t=28.500&end=30.000
gait_20260909_152557_7ddbfc67c108,"[""D:\\S10Data\\050\\2026-09-09\\gait_20260909_152557_7ddbfc67c108\\bag\\bag_0.db3""]",gait_20260909_152557_7ddbfc67c108-P01,gait_20260909_152557_7ddbfc67c108-S009,30.0,39.5,source_stamp_minus_manifest_started_wall_ns,1788938757547814830,1788938787547814830,1788938797047814830,stairs_candidate,下楼候选,down_candidate,,,,uncertain,"{""automatic_class"": ""姿态变化/越障候选"", ""bin_s"": 0.5, ""pitch_median_deg"": 14.17, ""max_abs_roll_pitch_deg"": 18.12, ""leg_dq_rms_median"": 0.652, ""wheel_dq_abs_median"": 5.503}","[""约11s后pitch约+15°，15/25s前点云近处有阶梯纹理、后方地面倾斜，35s后点云见阶梯；轮关节活动与正pitch支持下楼候选，但实际步态一直0x1001。""]",model_visual_checked_candidate,pending,not_assessed,边界约 ±0.5–1s；未知地面可能为平地、平台或障碍上的停顿；整段 outcome 未传播。,viewer.html?id=gait_20260909_152557_7ddbfc67c108&t=30.000&end=39.500
gait_20260909_152557_7ddbfc67c108,"[""D:\\S10Data\\050\\2026-09-09\\gait_20260909_152557_7ddbfc67c108\\bag\\bag_0.db3""]",gait_20260909_152557_7ddbfc67c108-P01,gait_20260909_152557_7ddbfc67c108-S010,39.5,40.0,source_stamp_minus_manifest_started_wall_ns,1788938757547814830,1788938797047814830,1788938797547814830,unknown,姿态变化/越障候选,unknown,,,,uncertain,"{""automatic_class"": ""姿态变化/越障候选"", ""bin_s"": 0.5, ""pitch_median_deg"": 11.65, ""max_abs_roll_pitch_deg"": 19.71, ""leg_dq_rms_median"": 1.083, ""wheel_dq_abs_median"": 3.442}","[""约40s roll升至约70–90°，40.396s状态17→2，42.398s→0；45/55s点云呈明显侧倾，关节活动降至近静止。是否摔倒及人工处置待确认。""]",model_visual_checked_candidate,pending,not_assessed,边界约 ±0.5–1s；未知地面可能为平地、平台或障碍上的停顿；整段 outcome 未传播。,viewer.html?id=gait_20260909_152557_7ddbfc67c108&t=39.500&end=40.000
gait_20260909_152557_7ddbfc67c108,"[""D:\\S10Data\\050\\2026-09-09\\gait_20260909_152557_7ddbfc67c108\\bag\\bag_0.db3""]",gait_20260909_152557_7ddbfc67c108-P01,gait_20260909_152557_7ddbfc67c108-S011,40.0,40.396370066,source_stamp_minus_manifest_started_wall_ns,1788938757547814830,1788938797547814830,1788938797944184896,unknown,控制退出后的记录,unknown,,,,interrupted_control,"{""automatic_class"": ""控制退出后的记录"", ""bin_s"": 0.5, ""pitch_median_deg"": 10.31, ""max_abs_roll_pitch_deg"": 64.41, ""leg_dq_rms_median"": 5.313, ""wheel_dq_abs_median"": 10.978}","[""约40s roll升至约70–90°，40.396s状态17→2，42.398s→0；45/55s点云呈明显侧倾，关节活动降至近静止。是否摔倒及人工处置待确认。""]",model_visual_checked_candidate,pending,not_assessed,边界约 ±0.5–1s；未知地面可能为平地、平台或障碍上的停顿；整段 outcome 未传播。,viewer.html?id=gait_20260909_152557_7ddbfc67c108&t=40.000&end=40.396
gait_20260909_152557_7ddbfc67c108,"[""D:\\S10Data\\050\\2026-09-09\\gait_20260909_152557_7ddbfc67c108\\bag\\bag_0.db3""]",gait_20260909_152557_7ddbfc67c108-P02,gait_20260909_152557_7ddbfc67c108-S012,40.396370066,43,source_stamp_minus_manifest_started_wall_ns,1788938757547814830,1788938797944184896,1788938800547814830,unknown,控制退出后的记录,unknown,,,,interrupted_control,"{""automatic_class"": ""控制退出后的记录"", ""bin_s"": 0.5, ""pitch_median_deg"": 11.41, ""max_abs_roll_pitch_deg"": 91.64, ""leg_dq_rms_median"": 0.022, ""wheel_dq_abs_median"": 0.015}","[""约40s roll升至约70–90°，40.396s状态17→2，42.398s→0；45/55s点云呈明显侧倾，关节活动降至近静止。是否摔倒及人工处置待确认。""]",model_visual_checked_candidate,pending,not_assessed,边界约 ±0.5–1s；未知地面可能为平地、平台或障碍上的停顿；整段 outcome 未传播。,viewer.html?id=gait_20260909_152557_7ddbfc67c108&t=40.396&end=43.000
gait_20260909_152557_7ddbfc67c108,"[""D:\\S10Data\\050\\2026-09-09\\gait_20260909_152557_7ddbfc67c108\\bag\\bag_0.db3""]",gait_20260909_152557_7ddbfc67c108-P02,gait_20260909_152557_7ddbfc67c108-S013,43,56,source_stamp_minus_manifest_started_wall_ns,1788938757547814830,1788938800547814830,1788938813547814830,unknown,控制退出后的记录,unknown,,,,uncertain,"{""automatic_class"": ""控制退出后的记录"", ""bin_s"": 0.5, ""pitch_median_deg"": 11.25, ""max_abs_roll_pitch_deg"": 73.74, ""leg_dq_rms_median"": 0.012, ""wheel_dq_abs_median"": 0.017}","[""约40s roll升至约70–90°，40.396s状态17→2，42.398s→0；45/55s点云呈明显侧倾，关节活动降至近静止。是否摔倒及人工处置待确认。""]",model_visual_checked_candidate,pending,not_assessed,边界约 ±0.5–1s；未知地面可能为平地、平台或障碍上的停顿；整段 outcome 未传播。,viewer.html?id=gait_20260909_152557_7ddbfc67c108&t=43.000&end=56.000
gait_20260909_152557_7ddbfc67c108,"[""D:\\S10Data\\050\\2026-09-09\\gait_20260909_152557_7ddbfc67c108\\bag\\bag_0.db3""]",gait_20260909_152557_7ddbfc67c108-P02,gait_20260909_152557_7ddbfc67c108-S014,56,62,source_stamp_minus_manifest_started_wall_ns,1788938757547814830,1788938813547814830,1788938819547814830,unknown,控制退出后的记录,unknown,,,,uncertain,"{""automatic_class"": ""控制退出后的记录"", ""bin_s"": 0.5, ""pitch_median_deg"": 19.36, ""max_abs_roll_pitch_deg"": 51.32, ""leg_dq_rms_median"": 0.012, ""wheel_dq_abs_median"": 0.017}","[""约40s roll升至约70–90°，40.396s状态17→2，42.398s→0；45/55s点云呈明显侧倾，关节活动降至近静止。是否摔倒及人工处置待确认。""]",model_visual_checked_candidate,pending,not_assessed,边界约 ±0.5–1s；未知地面可能为平地、平台或障碍上的停顿；整段 outcome 未传播。,viewer.html?id=gait_20260909_152557_7ddbfc67c108&t=56.000&end=62.000
gait_20260909_152557_7ddbfc67c108,"[""D:\\S10Data\\050\\2026-09-09\\gait_20260909_152557_7ddbfc67c108\\bag\\bag_0.db3""]",gait_20260909_152557_7ddbfc67c108-P02,gait_20260909_152557_7ddbfc67c108-S015,62,79,source_stamp_minus_manifest_started_wall_ns,1788938757547814830,1788938819547814830,1788938836547814830,unknown,控制退出后的记录,unknown,,,,uncertain,"{""automatic_class"": ""控制退出后的记录"", ""bin_s"": 0.5, ""pitch_median_deg"": -21.23, ""max_abs_roll_pitch_deg"": 22.06, ""leg_dq_rms_median"": 0.012, ""wheel_dq_abs_median"": 0.017}","[""控制退出后机身姿态多次变化（约62/79–83/117s），与原地静止状态不同；不能仅凭姿态变化认定搬动。""]",model_visual_checked_candidate,pending,not_assessed,边界约 ±0.5–1s；未知地面可能为平地、平台或障碍上的停顿；整段 outcome 未传播。,viewer.html?id=gait_20260909_152557_7ddbfc67c108&t=62.000&end=79.000
gait_20260909_152557_7ddbfc67c108,"[""D:\\S10Data\\050\\2026-09-09\\gait_20260909_152557_7ddbfc67c108\\bag\\bag_0.db3""]",gait_20260909_152557_7ddbfc67c108-P02,gait_20260909_152557_7ddbfc67c108-S016,79,83,source_stamp_minus_manifest_started_wall_ns,1788938757547814830,1788938836547814830,1788938840547814830,unknown,控制退出后的记录,unknown,,,,uncertain,"{""automatic_class"": ""控制退出后的记录"", ""bin_s"": 0.5, ""pitch_median_deg"": -15.42, ""max_abs_roll_pitch_deg"": 37.29, ""leg_dq_rms_median"": 0.012, ""wheel_dq_abs_median"": 0.017}","[""控制退出后机身姿态多次变化（约62/79–83/117s），与原地静止状态不同；不能仅凭姿态变化认定搬动。""]",model_visual_checked_candidate,pending,not_assessed,边界约 ±0.5–1s；未知地面可能为平地、平台或障碍上的停顿；整段 outcome 未传播。,viewer.html?id=gait_20260909_152557_7ddbfc67c108&t=79.000&end=83.000
gait_20260909_152557_7ddbfc67c108,"[""D:\\S10Data\\050\\2026-09-09\\gait_20260909_152557_7ddbfc67c108\\bag\\bag_0.db3""]",gait_20260909_152557_7ddbfc67c108-P02,gait_20260909_152557_7ddbfc67c108-S017,83,117,source_stamp_minus_manifest_started_wall_ns,1788938757547814830,1788938840547814830,1788938874547814830,unknown,控制退出后的记录,unknown,,,,uncertain,"{""automatic_class"": ""控制退出后的记录"", ""bin_s"": 0.5, ""pitch_median_deg"": -19.94, ""max_abs_roll_pitch_deg"": 26.23, ""leg_dq_rms_median"": 0.012, ""wheel_dq_abs_median"": 0.017}","[""控制退出后机身姿态多次变化（约62/79–83/117s），与原地静止状态不同；不能仅凭姿态变化认定搬动。""]",model_visual_checked_candidate,pending,not_assessed,边界约 ±0.5–1s；未知地面可能为平地、平台或障碍上的停顿；整段 outcome 未传播。,viewer.html?id=gait_20260909_152557_7ddbfc67c108&t=83.000&end=117.000
gait_20260909_152557_7ddbfc67c108,"[""D:\\S10Data\\050\\2026-09-09\\gait_20260909_152557_7ddbfc67c108\\bag\\bag_0.db3""]",gait_20260909_152557_7ddbfc67c108-P02,gait_20260909_152557_7ddbfc67c108-S018,117,120.0,source_stamp_minus_manifest_started_wall_ns,1788938757547814830,1788938874547814830,1788938877547814830,unknown,控制退出后的记录,unknown,,,,uncertain,"{""automatic_class"": ""控制退出后的记录"", ""bin_s"": 0.5, ""pitch_median_deg"": -0.38, ""max_abs_roll_pitch_deg"": 17.63, ""leg_dq_rms_median"": 0.012, ""wheel_dq_abs_median"": 0.017}","[""控制退出后机身姿态多次变化（约62/79–83/117s），与原地静止状态不同；不能仅凭姿态变化认定搬动。""]",model_visual_checked_candidate,pending,not_assessed,边界约 ±0.5–1s；未知地面可能为平地、平台或障碍上的停顿；整段 outcome 未传播。,viewer.html?id=gait_20260909_152557_7ddbfc67c108&t=117.000&end=120.000
gait_20260909_152557_7ddbfc67c108,"[""D:\\S10Data\\050\\2026-09-09\\gait_20260909_152557_7ddbfc67c108\\bag\\bag_0.db3""]",gait_20260909_152557_7ddbfc67c108-P02,gait_20260909_152557_7ddbfc67c108-S019,120.0,120.00424284600012,source_stamp_minus_manifest_started_wall_ns,1788938757547814830,1788938877547814830,1788938877552057676,unknown,数据中断/不可判断,unknown,,,,interrupted_data,"{""automatic_class"": ""数据中断/不可判断"", ""bin_s"": 0.5}","[""控制退出后机身姿态多次变化（约62/79–83/117s），与原地静止状态不同；不能仅凭姿态变化认定搬动。""]",model_visual_checked_candidate,pending,not_assessed,边界约 ±0.5–1s；未知地面可能为平地、平台或障碍上的停顿；整段 outcome 未传播。,viewer.html?id=gait_20260909_152557_7ddbfc67c108&t=120.000&end=120.004
gait_20260909_154654_65c5ae680a24,"[""D:\\S10Data\\050\\2026-09-09\\gait_20260909_154654_65c5ae680a24\\bag\\bag_0.db3""]",gait_20260909_154654_65c5ae680a24-P01,gait_20260909_154654_65c5ae680a24-S001,0.0,1.5,source_stamp_minus_manifest_started_wall_ns,1788940014426028272,1788940014426028272,1788940015926028272,unknown,等待候选,unknown,,,,uncertain,"{""automatic_class"": ""等待候选"", ""bin_s"": 0.5, ""pitch_median_deg"": 0.76, ""max_abs_roll_pitch_deg"": 1.07, ""leg_dq_rms_median"": 0.007, ""wheel_dq_abs_median"": 0.018}",[],automatic_candidate,pending,not_assessed,边界约 ±0.5–1s；未知地面可能为平地、平台或障碍上的停顿；整段 outcome 未传播。,viewer.html?id=gait_20260909_154654_65c5ae680a24&t=0.000&end=1.500
gait_20260909_154654_65c5ae680a24,"[""D:\\S10Data\\050\\2026-09-09\\gait_20260909_154654_65c5ae680a24\\bag\\bag_0.db3""]",gait_20260909_154654_65c5ae680a24-P01,gait_20260909_154654_65c5ae680a24-S002,1.5,4.0,source_stamp_minus_manifest_started_wall_ns,1788940014426028272,1788940015926028272,1788940018426028272,unknown,行走/调整候选,unknown,,,,uncertain,"{""automatic_class"": ""行走/调整候选"", ""bin_s"": 0.5, ""pitch_median_deg"": 0.0, ""max_abs_roll_pitch_deg"": 1.6, ""leg_dq_rms_median"": 0.168, ""wheel_dq_abs_median"": 2.793}",[],automatic_candidate,pending,not_assessed,边界约 ±0.5–1s；未知地面可能为平地、平台或障碍上的停顿；整段 outcome 未传播。,viewer.html?id=gait_20260909_154654_65c5ae680a24&t=1.500&end=4.000
gait_20260909_154654_65c5ae680a24,"[""D:\\S10Data\\050\\2026-09-09\\gait_20260909_154654_65c5ae680a24\\bag\\bag_0.db3""]",gait_20260909_154654_65c5ae680a24-P01,gait_20260909_154654_65c5ae680a24-S003,4.0,10.5,source_stamp_minus_manifest_started_wall_ns,1788940014426028272,1788940018426028272,1788940024926028272,unknown,等待候选,unknown,,,,uncertain,"{""automatic_class"": ""等待候选"", ""bin_s"": 0.5, ""pitch_median_deg"": 0.53, ""max_abs_roll_pitch_deg"": 1.12, ""leg_dq_rms_median"": 0.01, ""wheel_dq_abs_median"": 0.022}",[],automatic_candidate,pending,not_assessed,边界约 ±0.5–1s；未知地面可能为平地、平台或障碍上的停顿；整段 outcome 未传播。,viewer.html?id=gait_20260909_154654_65c5ae680a24&t=4.000&end=10.500
gait_20260909_154654_65c5ae680a24,"[""D:\\S10Data\\050\\2026-09-09\\gait_20260909_154654_65c5ae680a24\\bag\\bag_0.db3""]",gait_20260909_154654_65c5ae680a24-P01,gait_20260909_154654_65c5ae680a24-S004,10.5,11.5,source_stamp_minus_manifest_started_wall_ns,1788940014426028272,1788940024926028272,1788940025926028272,unknown,行走/调整候选,unknown,,,,uncertain,"{""automatic_class"": ""行走/调整候选"", ""bin_s"": 0.5, ""pitch_median_deg"": -1.03, ""max_abs_roll_pitch_deg"": 2.09, ""leg_dq_rms_median"": 0.207, ""wheel_dq_abs_median"": 4.804}",[],automatic_candidate,pending,not_assessed,边界约 ±0.5–1s；未知地面可能为平地、平台或障碍上的停顿；整段 outcome 未传播。,viewer.html?id=gait_20260909_154654_65c5ae680a24&t=10.500&end=11.500
gait_20260909_154654_65c5ae680a24,"[""D:\\S10Data\\050\\2026-09-09\\gait_20260909_154654_65c5ae680a24\\bag\\bag_0.db3""]",gait_20260909_154654_65c5ae680a24-P01,gait_20260909_154654_65c5ae680a24-S005,11.5,12.5,source_stamp_minus_manifest_started_wall_ns,1788940014426028272,1788940025926028272,1788940026926028272,stairs_candidate,行走/调整候选,unknown,,,,uncertain,"{""automatic_class"": ""行走/调整候选"", ""bin_s"": 0.5, ""pitch_median_deg"": -0.87, ""max_abs_roll_pitch_deg"": 3.77, ""leg_dq_rms_median"": 1.224, ""wheel_dq_abs_median"": 6.514}","[""4.6s前点云有连续阶梯；12–34s负pitch与腿关节活动，多处阶梯形点云，24–26.5s仍保持倾斜但活动降低，不能把这处停顿硬标平台。""]",model_visual_checked_candidate,pending,not_assessed,边界约 ±0.5–1s；未知地面可能为平地、平台或障碍上的停顿；整段 outcome 未传播。,viewer.html?id=gait_20260909_154654_65c5ae680a24&t=11.500&end=12.500
gait_20260909_154654_65c5ae680a24,"[""D:\\S10Data\\050\\2026-09-09\\gait_20260909_154654_65c5ae680a24\\bag\\bag_0.db3""]",gait_20260909_154654_65c5ae680a24-P01,gait_20260909_154654_65c5ae680a24-S006,12.5,24,source_stamp_minus_manifest_started_wall_ns,1788940014426028272,1788940026926028272,1788940038426028272,stairs_candidate,上楼候选,up_candidate,,,,uncertain,"{""automatic_class"": ""姿态变化/越障候选"", ""bin_s"": 0.5, ""pitch_median_deg"": -14.16, ""max_abs_roll_pitch_deg"": 23.13, ""leg_dq_rms_median"": 2.031, ""wheel_dq_abs_median"": 4.673}","[""4.6s前点云有连续阶梯；12–34s负pitch与腿关节活动，多处阶梯形点云，24–26.5s仍保持倾斜但活动降低，不能把这处停顿硬标平台。""]",model_visual_checked_candidate,pending,not_assessed,边界约 ±0.5–1s；未知地面可能为平地、平台或障碍上的停顿；整段 outcome 未传播。,viewer.html?id=gait_20260909_154654_65c5ae680a24&t=12.500&end=24.000
gait_20260909_154654_65c5ae680a24,"[""D:\\S10Data\\050\\2026-09-09\\gait_20260909_154654_65c5ae680a24\\bag\\bag_0.db3""]",gait_20260909_154654_65c5ae680a24-P01,gait_20260909_154654_65c5ae680a24-S007,24,24.5,source_stamp_minus_manifest_started_wall_ns,1788940014426028272,1788940038426028272,1788940038926028272,stairs_candidate,上楼候选,up_candidate,,,,uncertain,"{""automatic_class"": ""姿态变化/越障候选"", ""bin_s"": 0.5, ""pitch_median_deg"": -16.32, ""max_abs_roll_pitch_deg"": 16.63, ""leg_dq_rms_median"": 0.943, ""wheel_dq_abs_median"": 1.394}","[""4.6s前点云有连续阶梯；12–34s负pitch与腿关节活动，多处阶梯形点云，24–26.5s仍保持倾斜但活动降低，不能把这处停顿硬标平台。""]",model_visual_checked_candidate,pending,not_assessed,边界约 ±0.5–1s；未知地面可能为平地、平台或障碍上的停顿；整段 outcome 未传播。,viewer.html?id=gait_20260909_154654_65c5ae680a24&t=24.000&end=24.500
gait_20260909_154654_65c5ae680a24,"[""D:\\S10Data\\050\\2026-09-09\\gait_20260909_154654_65c5ae680a24\\bag\\bag_0.db3""]",gait_20260909_154654_65c5ae680a24-P01,gait_20260909_154654_65c5ae680a24-S008,24.5,25.5,source_stamp_minus_manifest_started_wall_ns,1788940014426028272,1788940038926028272,1788940039926028272,stairs_candidate,等待候选,unknown,,,,uncertain,"{""automatic_class"": ""等待候选"", ""bin_s"": 0.5, ""pitch_median_deg"": -15.52, ""max_abs_roll_pitch_deg"": 16.1, ""leg_dq_rms_median"": 0.09, ""wheel_dq_abs_median"": 0.21}","[""4.6s前点云有连续阶梯；12–34s负pitch与腿关节活动，多处阶梯形点云，24–26.5s仍保持倾斜但活动降低，不能把这处停顿硬标平台。""]",model_visual_checked_candidate,pending,not_assessed,边界约 ±0.5–1s；未知地面可能为平地、平台或障碍上的停顿；整段 outcome 未传播。,viewer.html?id=gait_20260909_154654_65c5ae680a24&t=24.500&end=25.500
gait_20260909_154654_65c5ae680a24,"[""D:\\S10Data\\050\\2026-09-09\\gait_20260909_154654_65c5ae680a24\\bag\\bag_0.db3""]",gait_20260909_154654_65c5ae680a24-P01,gait_20260909_154654_65c5ae680a24-S009,25.5,26.5,source_stamp_minus_manifest_started_wall_ns,1788940014426028272,1788940039926028272,1788940040926028272,stairs_candidate,上楼候选,up_candidate,,,,uncertain,"{""automatic_class"": ""姿态变化/越障候选"", ""bin_s"": 0.5, ""pitch_median_deg"": -15.25, ""max_abs_roll_pitch_deg"": 16.04, ""leg_dq_rms_median"": 0.283, ""wheel_dq_abs_median"": 1.0}","[""4.6s前点云有连续阶梯；12–34s负pitch与腿关节活动，多处阶梯形点云，24–26.5s仍保持倾斜但活动降低，不能把这处停顿硬标平台。""]",model_visual_checked_candidate,pending,not_assessed,边界约 ±0.5–1s；未知地面可能为平地、平台或障碍上的停顿；整段 outcome 未传播。,viewer.html?id=gait_20260909_154654_65c5ae680a24&t=25.500&end=26.500
gait_20260909_154654_65c5ae680a24,"[""D:\\S10Data\\050\\2026-09-09\\gait_20260909_154654_65c5ae680a24\\bag\\bag_0.db3""]",gait_20260909_154654_65c5ae680a24-P01,gait_20260909_154654_65c5ae680a24-S010,26.5,32.5,source_stamp_minus_manifest_started_wall_ns,1788940014426028272,1788940040926028272,1788940046926028272,stairs_candidate,上楼候选,up_candidate,,,,uncertain,"{""automatic_class"": ""姿态变化/越障候选"", ""bin_s"": 0.5, ""pitch_median_deg"": -15.13, ""max_abs_roll_pitch_deg"": 25.28, ""leg_dq_rms_median"": 1.435, ""wheel_dq_abs_median"": 3.906}","[""4.6s前点云有连续阶梯；12–34s负pitch与腿关节活动，多处阶梯形点云，24–26.5s仍保持倾斜但活动降低，不能把这处停顿硬标平台。""]",model_visual_checked_candidate,pending,not_assessed,边界约 ±0.5–1s；未知地面可能为平地、平台或障碍上的停顿；整段 outcome 未传播。,viewer.html?id=gait_20260909_154654_65c5ae680a24&t=26.500&end=32.500
gait_20260909_154654_65c5ae680a24,"[""D:\\S10Data\\050\\2026-09-09\\gait_20260909_154654_65c5ae680a24\\bag\\bag_0.db3""]",gait_20260909_154654_65c5ae680a24-P01,gait_20260909_154654_65c5ae680a24-S011,32.5,33.0,source_stamp_minus_manifest_started_wall_ns,1788940014426028272,1788940046926028272,1788940047426028272,stairs_candidate,行走/调整候选,unknown,,,,uncertain,"{""automatic_class"": ""行走/调整候选"", ""bin_s"": 0.5, ""pitch_median_deg"": -4.84, ""max_abs_roll_pitch_deg"": 13.91, ""leg_dq_rms_median"": 2.164, ""wheel_dq_abs_median"": 4.682}","[""4.6s前点云有连续阶梯；12–34s负pitch与腿关节活动，多处阶梯形点云，24–26.5s仍保持倾斜但活动降低，不能把这处停顿硬标平台。""]",model_visual_checked_candidate,pending,not_assessed,边界约 ±0.5–1s；未知地面可能为平地、平台或障碍上的停顿；整段 outcome 未传播。,viewer.html?id=gait_20260909_154654_65c5ae680a24&t=32.500&end=33.000
gait_20260909_154654_65c5ae680a24,"[""D:\\S10Data\\050\\2026-09-09\\gait_20260909_154654_65c5ae680a24\\bag\\bag_0.db3""]",gait_20260909_154654_65c5ae680a24-P01,gait_20260909_154654_65c5ae680a24-S012,33.0,34.0,source_stamp_minus_manifest_started_wall_ns,1788940014426028272,1788940047426028272,1788940048426028272,stairs_candidate,转向候选,unknown,,,,uncertain,"{""automatic_class"": ""转向候选"", ""bin_s"": 0.5, ""pitch_median_deg"": 2.38, ""max_abs_roll_pitch_deg"": 4.24, ""leg_dq_rms_median"": 0.764, ""wheel_dq_abs_median"": 1.605}","[""4.6s前点云有连续阶梯；12–34s负pitch与腿关节活动，多处阶梯形点云，24–26.5s仍保持倾斜但活动降低，不能把这处停顿硬标平台。""]",model_visual_checked_candidate,pending,not_assessed,边界约 ±0.5–1s；未知地面可能为平地、平台或障碍上的停顿；整段 outcome 未传播。,viewer.html?id=gait_20260909_154654_65c5ae680a24&t=33.000&end=34.000
gait_20260909_154654_65c5ae680a24,"[""D:\\S10Data\\050\\2026-09-09\\gait_20260909_154654_65c5ae680a24\\bag\\bag_0.db3""]",gait_20260909_154654_65c5ae680a24-P01,gait_20260909_154654_65c5ae680a24-S013,34.0,34.5,source_stamp_minus_manifest_started_wall_ns,1788940014426028272,1788940048426028272,1788940048926028272,landing_or_stairs_unknown,姿态变化/越障候选,unknown,,,,uncertain,"{""automatic_class"": ""姿态变化/越障候选"", ""bin_s"": 0.5, ""pitch_median_deg"": 13.51, ""max_abs_roll_pitch_deg"": 14.44, ""leg_dq_rms_median"": 0.581, ""wheel_dq_abs_median"": 1.565}","[""34–38s正pitch短段，之后接近平姿且多次调整，前方仍有边缘/阶梯结构；52.891s退出到状态4，54.491s到0。是否到平台、放弃或人工停下尚不确定。""]",model_visual_checked_candidate,pending,not_assessed,边界约 ±0.5–1s；未知地面可能为平地、平台或障碍上的停顿；整段 outcome 未传播。,viewer.html?id=gait_20260909_154654_65c5ae680a24&t=34.000&end=34.500
gait_20260909_154654_65c5ae680a24,"[""D:\\S10Data\\050\\2026-09-09\\gait_20260909_154654_65c5ae680a24\\bag\\bag_0.db3""]",gait_20260909_154654_65c5ae680a24-P01,gait_20260909_154654_65c5ae680a24-S014,34.5,36.0,source_stamp_minus_manifest_started_wall_ns,1788940014426028272,1788940048926028272,1788940050426028272,landing_or_stairs_unknown,等待候选,unknown,,,,uncertain,"{""automatic_class"": ""等待候选"", ""bin_s"": 0.5, ""pitch_median_deg"": 12.21, ""max_abs_roll_pitch_deg"": 12.99, ""leg_dq_rms_median"": 0.011, ""wheel_dq_abs_median"": 0.025}","[""34–38s正pitch短段，之后接近平姿且多次调整，前方仍有边缘/阶梯结构；52.891s退出到状态4，54.491s到0。是否到平台、放弃或人工停下尚不确定。""]",model_visual_checked_candidate,pending,not_assessed,边界约 ±0.5–1s；未知地面可能为平地、平台或障碍上的停顿；整段 outcome 未传播。,viewer.html?id=gait_20260909_154654_65c5ae680a24&t=34.500&end=36.000
gait_20260909_154654_65c5ae680a24,"[""D:\\S10Data\\050\\2026-09-09\\gait_20260909_154654_65c5ae680a24\\bag\\bag_0.db3""]",gait_20260909_154654_65c5ae680a24-P01,gait_20260909_154654_65c5ae680a24-S015,36.0,36.5,source_stamp_minus_manifest_started_wall_ns,1788940014426028272,1788940050426028272,1788940050926028272,landing_or_stairs_unknown,行走/调整候选,unknown,,,,uncertain,"{""automatic_class"": ""行走/调整候选"", ""bin_s"": 0.5, ""pitch_median_deg"": 11.8, ""max_abs_roll_pitch_deg"": 12.15, ""leg_dq_rms_median"": 0.179, ""wheel_dq_abs_median"": 0.212}","[""34–38s正pitch短段，之后接近平姿且多次调整，前方仍有边缘/阶梯结构；52.891s退出到状态4，54.491s到0。是否到平台、放弃或人工停下尚不确定。""]",model_visual_checked_candidate,pending,not_assessed,边界约 ±0.5–1s；未知地面可能为平地、平台或障碍上的停顿；整段 outcome 未传播。,viewer.html?id=gait_20260909_154654_65c5ae680a24&t=36.000&end=36.500
gait_20260909_154654_65c5ae680a24,"[""D:\\S10Data\\050\\2026-09-09\\gait_20260909_154654_65c5ae680a24\\bag\\bag_0.db3""]",gait_20260909_154654_65c5ae680a24-P01,gait_20260909_154654_65c5ae680a24-S016,36.5,37.0,source_stamp_minus_manifest_started_wall_ns,1788940014426028272,1788940050926028272,1788940051426028272,landing_or_stairs_unknown,姿态变化/越障候选,unknown,,,,uncertain,"{""automatic_class"": ""姿态变化/越障候选"", ""bin_s"": 0.5, ""pitch_median_deg"": 11.33, ""max_abs_roll_pitch_deg"": 12.48, ""leg_dq_rms_median"": 0.29, ""wheel_dq_abs_median"": 0.653}","[""34–38s正pitch短段，之后接近平姿且多次调整，前方仍有边缘/阶梯结构；52.891s退出到状态4，54.491s到0。是否到平台、放弃或人工停下尚不确定。""]",model_visual_checked_candidate,pending,not_assessed,边界约 ±0.5–1s；未知地面可能为平地、平台或障碍上的停顿；整段 outcome 未传播。,viewer.html?id=gait_20260909_154654_65c5ae680a24&t=36.500&end=37.000
gait_20260909_154654_65c5ae680a24,"[""D:\\S10Data\\050\\2026-09-09\\gait_20260909_154654_65c5ae680a24\\bag\\bag_0.db3""]",gait_20260909_154654_65c5ae680a24-P01,gait_20260909_154654_65c5ae680a24-S017,37.0,38.5,source_stamp_minus_manifest_started_wall_ns,1788940014426028272,1788940051426028272,1788940052926028272,landing_or_stairs_unknown,行走/调整候选,unknown,,,,uncertain,"{""automatic_class"": ""行走/调整候选"", ""bin_s"": 0.5, ""pitch_median_deg"": -3.79, ""max_abs_roll_pitch_deg"": 12.71, ""leg_dq_rms_median"": 0.921, ""wheel_dq_abs_median"": 3.274}","[""34–38s正pitch短段，之后接近平姿且多次调整，前方仍有边缘/阶梯结构；52.891s退出到状态4，54.491s到0。是否到平台、放弃或人工停下尚不确定。""]",model_visual_checked_candidate,pending,not_assessed,边界约 ±0.5–1s；未知地面可能为平地、平台或障碍上的停顿；整段 outcome 未传播。,viewer.html?id=gait_20260909_154654_65c5ae680a24&t=37.000&end=38.500
gait_20260909_154654_65c5ae680a24,"[""D:\\S10Data\\050\\2026-09-09\\gait_20260909_154654_65c5ae680a24\\bag\\bag_0.db3""]",gait_20260909_154654_65c5ae680a24-P01,gait_20260909_154654_65c5ae680a24-S018,38.5,39.0,source_stamp_minus_manifest_started_wall_ns,1788940014426028272,1788940052926028272,1788940053426028272,landing_or_stairs_unknown,行走/调整候选,unknown,,,,uncertain,"{""automatic_class"": ""行走/调整候选"", ""bin_s"": 0.5, ""pitch_median_deg"": -2.72, ""max_abs_roll_pitch_deg"": 5.52, ""leg_dq_rms_median"": 0.376, ""wheel_dq_abs_median"": 0.785}","[""34–38s正pitch短段，之后接近平姿且多次调整，前方仍有边缘/阶梯结构；52.891s退出到状态4，54.491s到0。是否到平台、放弃或人工停下尚不确定。""]",model_visual_checked_candidate,pending,not_assessed,边界约 ±0.5–1s；未知地面可能为平地、平台或障碍上的停顿；整段 outcome 未传播。,viewer.html?id=gait_20260909_154654_65c5ae680a24&t=38.500&end=39.000
gait_20260909_154654_65c5ae680a24,"[""D:\\S10Data\\050\\2026-09-09\\gait_20260909_154654_65c5ae680a24\\bag\\bag_0.db3""]",gait_20260909_154654_65c5ae680a24-P01,gait_20260909_154654_65c5ae680a24-S019,39.0,43.5,source_stamp_minus_manifest_started_wall_ns,1788940014426028272,1788940053426028272,1788940057926028272,landing_or_stairs_unknown,等待候选,unknown,,,,uncertain,"{""automatic_class"": ""等待候选"", ""bin_s"": 0.5, ""pitch_median_deg"": -2.64, ""max_abs_roll_pitch_deg"": 5.23, ""leg_dq_rms_median"": 0.014, ""wheel_dq_abs_median"": 0.03}","[""34–38s正pitch短段，之后接近平姿且多次调整，前方仍有边缘/阶梯结构；52.891s退出到状态4，54.491s到0。是否到平台、放弃或人工停下尚不确定。""]",model_visual_checked_candidate,pending,not_assessed,边界约 ±0.5–1s；未知地面可能为平地、平台或障碍上的停顿；整段 outcome 未传播。,viewer.html?id=gait_20260909_154654_65c5ae680a24&t=39.000&end=43.500
gait_20260909_154654_65c5ae680a24,"[""D:\\S10Data\\050\\2026-09-09\\gait_20260909_154654_65c5ae680a24\\bag\\bag_0.db3""]",gait_20260909_154654_65c5ae680a24-P01,gait_20260909_154654_65c5ae680a24-S020,43.5,44.5,source_stamp_minus_manifest_started_wall_ns,1788940014426028272,1788940057926028272,1788940058926028272,landing_or_stairs_unknown,行走/调整候选,unknown,,,,uncertain,"{""automatic_class"": ""行走/调整候选"", ""bin_s"": 0.5, ""pitch_median_deg"": -1.75, ""max_abs_roll_pitch_deg"": 3.24, ""leg_dq_rms_median"": 0.094, ""wheel_dq_abs_median"": 0.724}","[""34–38s正pitch短段，之后接近平姿且多次调整，前方仍有边缘/阶梯结构；52.891s退出到状态4，54.491s到0。是否到平台、放弃或人工停下尚不确定。""]",model_visual_checked_candidate,pending,not_assessed,边界约 ±0.5–1s；未知地面可能为平地、平台或障碍上的停顿；整段 outcome 未传播。,viewer.html?id=gait_20260909_154654_65c5ae680a24&t=43.500&end=44.500
gait_20260909_154654_65c5ae680a24,"[""D:\\S10Data\\050\\2026-09-09\\gait_20260909_154654_65c5ae680a24\\bag\\bag_0.db3""]",gait_20260909_154654_65c5ae680a24-P01,gait_20260909_154654_65c5ae680a24-S021,44.5,45.5,source_stamp_minus_manifest_started_wall_ns,1788940014426028272,1788940058926028272,1788940059926028272,landing_or_stairs_unknown,等待候选,unknown,,,,uncertain,"{""automatic_class"": ""等待候选"", ""bin_s"": 0.5, ""pitch_median_deg"": -3.7, ""max_abs_roll_pitch_deg"": 4.23, ""leg_dq_rms_median"": 0.087, ""wheel_dq_abs_median"": 0.242}","[""34–38s正pitch短段，之后接近平姿且多次调整，前方仍有边缘/阶梯结构；52.891s退出到状态4，54.491s到0。是否到平台、放弃或人工停下尚不确定。""]",model_visual_checked_candidate,pending,not_assessed,边界约 ±0.5–1s；未知地面可能为平地、平台或障碍上的停顿；整段 outcome 未传播。,viewer.html?id=gait_20260909_154654_65c5ae680a24&t=44.500&end=45.500
gait_20260909_154654_65c5ae680a24,"[""D:\\S10Data\\050\\2026-09-09\\gait_20260909_154654_65c5ae680a24\\bag\\bag_0.db3""]",gait_20260909_154654_65c5ae680a24-P01,gait_20260909_154654_65c5ae680a24-S022,45.5,52.5,source_stamp_minus_manifest_started_wall_ns,1788940014426028272,1788940059926028272,1788940066926028272,landing_or_stairs_unknown,行走/调整候选,unknown,,,,uncertain,"{""automatic_class"": ""行走/调整候选"", ""bin_s"": 0.5, ""pitch_median_deg"": -1.11, ""max_abs_roll_pitch_deg"": 6.61, ""leg_dq_rms_median"": 0.12, ""wheel_dq_abs_median"": 1.217}","[""34–38s正pitch短段，之后接近平姿且多次调整，前方仍有边缘/阶梯结构；52.891s退出到状态4，54.491s到0。是否到平台、放弃或人工停下尚不确定。""]",model_visual_checked_candidate,pending,not_assessed,边界约 ±0.5–1s；未知地面可能为平地、平台或障碍上的停顿；整段 outcome 未传播。,viewer.html?id=gait_20260909_154654_65c5ae680a24&t=45.500&end=52.500
gait_20260909_154654_65c5ae680a24,"[""D:\\S10Data\\050\\2026-09-09\\gait_20260909_154654_65c5ae680a24\\bag\\bag_0.db3""]",gait_20260909_154654_65c5ae680a24-P01,gait_20260909_154654_65c5ae680a24-S023,52.5,52.890893271,source_stamp_minus_manifest_started_wall_ns,1788940014426028272,1788940066926028272,1788940067316921543,unknown,控制退出后的记录,unknown,,,,interrupted_control,"{""automatic_class"": ""控制退出后的记录"", ""bin_s"": 0.5, ""pitch_median_deg"": -0.64, ""max_abs_roll_pitch_deg"": 1.78, ""leg_dq_rms_median"": 0.356, ""wheel_dq_abs_median"": 0.882}","[""34–38s正pitch短段，之后接近平姿且多次调整，前方仍有边缘/阶梯结构；52.891s退出到状态4，54.491s到0。是否到平台、放弃或人工停下尚不确定。""]",model_visual_checked_candidate,pending,not_assessed,边界约 ±0.5–1s；未知地面可能为平地、平台或障碍上的停顿；整段 outcome 未传播。,viewer.html?id=gait_20260909_154654_65c5ae680a24&t=52.500&end=52.891
gait_20260909_154654_65c5ae680a24,"[""D:\\S10Data\\050\\2026-09-09\\gait_20260909_154654_65c5ae680a24\\bag\\bag_0.db3""]",gait_20260909_154654_65c5ae680a24-P02,gait_20260909_154654_65c5ae680a24-S024,52.890893271,54.5,source_stamp_minus_manifest_started_wall_ns,1788940014426028272,1788940067316921543,1788940068926028272,unknown,控制退出后的记录,unknown,,,,interrupted_control,"{""automatic_class"": ""控制退出后的记录"", ""bin_s"": 0.5, ""pitch_median_deg"": -0.68, ""max_abs_roll_pitch_deg"": 35.42, ""leg_dq_rms_median"": 0.429, ""wheel_dq_abs_median"": 0.219}","[""34–38s正pitch短段，之后接近平姿且多次调整，前方仍有边缘/阶梯结构；52.891s退出到状态4，54.491s到0。是否到平台、放弃或人工停下尚不确定。"", ""长段状态0期间仍有姿态和少量关节变化；约62–67s、73–86s、99–106s需核对是否人工处理；106.005s状态1，107.606s恢复17。""]",model_visual_checked_candidate,pending,not_assessed,边界约 ±0.5–1s；未知地面可能为平地、平台或障碍上的停顿；整段 outcome 未传播。,viewer.html?id=gait_20260909_154654_65c5ae680a24&t=52.891&end=54.500
gait_20260909_154654_65c5ae680a24,"[""D:\\S10Data\\050\\2026-09-09\\gait_20260909_154654_65c5ae680a24\\bag\\bag_0.db3""]",gait_20260909_154654_65c5ae680a24-P02,gait_20260909_154654_65c5ae680a24-S025,54.5,61.5,source_stamp_minus_manifest_started_wall_ns,1788940014426028272,1788940068926028272,1788940075926028272,unknown,控制退出后的记录,unknown,,,,uncertain,"{""automatic_class"": ""控制退出后的记录"", ""bin_s"": 0.5, ""pitch_median_deg"": -0.7, ""max_abs_roll_pitch_deg"": 20.54, ""leg_dq_rms_median"": 0.013, ""wheel_dq_abs_median"": 0.014}","[""长段状态0期间仍有姿态和少量关节变化；约62–67s、73–86s、99–106s需核对是否人工处理；106.005s状态1，107.606s恢复17。""]",model_visual_checked_candidate,pending,not_assessed,边界约 ±0.5–1s；未知地面可能为平地、平台或障碍上的停顿；整段 outcome 未传播。,viewer.html?id=gait_20260909_154654_65c5ae680a24&t=54.500&end=61.500
gait_20260909_154654_65c5ae680a24,"[""D:\\S10Data\\050\\2026-09-09\\gait_20260909_154654_65c5ae680a24\\bag\\bag_0.db3""]",gait_20260909_154654_65c5ae680a24-P02,gait_20260909_154654_65c5ae680a24-S026,61.5,67,source_stamp_minus_manifest_started_wall_ns,1788940014426028272,1788940075926028272,1788940081426028272,unknown,控制退出后的记录,unknown,,,,uncertain,"{""automatic_class"": ""控制退出后的记录"", ""bin_s"": 0.5, ""pitch_median_deg"": -3.36, ""max_abs_roll_pitch_deg"": 24.81, ""leg_dq_rms_median"": 0.755, ""wheel_dq_abs_median"": 0.981}","[""长段状态0期间仍有姿态和少量关节变化；约62–67s、73–86s、99–106s需核对是否人工处理；106.005s状态1，107.606s恢复17。""]",model_visual_checked_candidate,pending,not_assessed,边界约 ±0.5–1s；未知地面可能为平地、平台或障碍上的停顿；整段 outcome 未传播。,viewer.html?id=gait_20260909_154654_65c5ae680a24&t=61.500&end=67.000
gait_20260909_154654_65c5ae680a24,"[""D:\\S10Data\\050\\2026-09-09\\gait_20260909_154654_65c5ae680a24\\bag\\bag_0.db3""]",gait_20260909_154654_65c5ae680a24-P02,gait_20260909_154654_65c5ae680a24-S027,67,73,source_stamp_minus_manifest_started_wall_ns,1788940014426028272,1788940081426028272,1788940087426028272,unknown,控制退出后的记录,unknown,,,,uncertain,"{""automatic_class"": ""控制退出后的记录"", ""bin_s"": 0.5, ""pitch_median_deg"": -0.2, ""max_abs_roll_pitch_deg"": 9.95, ""leg_dq_rms_median"": 0.228, ""wheel_dq_abs_median"": 0.214}","[""长段状态0期间仍有姿态和少量关节变化；约62–67s、73–86s、99–106s需核对是否人工处理；106.005s状态1，107.606s恢复17。""]",model_visual_checked_candidate,pending,not_assessed,边界约 ±0.5–1s；未知地面可能为平地、平台或障碍上的停顿；整段 outcome 未传播。,viewer.html?id=gait_20260909_154654_65c5ae680a24&t=67.000&end=73.000
gait_20260909_154654_65c5ae680a24,"[""D:\\S10Data\\050\\2026-09-09\\gait_20260909_154654_65c5ae680a24\\bag\\bag_0.db3""]",gait_20260909_154654_65c5ae680a24-P02,gait_20260909_154654_65c5ae680a24-S028,73,86,source_stamp_minus_manifest_started_wall_ns,1788940014426028272,1788940087426028272,1788940100426028272,unknown,控制退出后的记录,unknown,,,,uncertain,"{""automatic_class"": ""控制退出后的记录"", ""bin_s"": 0.5, ""pitch_median_deg"": 23.83, ""max_abs_roll_pitch_deg"": 31.13, ""leg_dq_rms_median"": 0.351, ""wheel_dq_abs_median"": 0.273}","[""长段状态0期间仍有姿态和少量关节变化；约62–67s、73–86s、99–106s需核对是否人工处理；106.005s状态1，107.606s恢复17。""]",model_visual_checked_candidate,pending,not_assessed,边界约 ±0.5–1s；未知地面可能为平地、平台或障碍上的停顿；整段 outcome 未传播。,viewer.html?id=gait_20260909_154654_65c5ae680a24&t=73.000&end=86.000
gait_20260909_154654_65c5ae680a24,"[""D:\\S10Data\\050\\2026-09-09\\gait_20260909_154654_65c5ae680a24\\bag\\bag_0.db3""]",gait_20260909_154654_65c5ae680a24-P02,gait_20260909_154654_65c5ae680a24-S029,86,99,source_stamp_minus_manifest_started_wall_ns,1788940014426028272,1788940100426028272,1788940113426028272,unknown,控制退出后的记录,unknown,,,,uncertain,"{""automatic_class"": ""控制退出后的记录"", ""bin_s"": 0.5, ""pitch_median_deg"": 18.96, ""max_abs_roll_pitch_deg"": 23.58, ""leg_dq_rms_median"": 0.424, ""wheel_dq_abs_median"": 0.043}","[""长段状态0期间仍有姿态和少量关节变化；约62–67s、73–86s、99–106s需核对是否人工处理；106.005s状态1，107.606s恢复17。""]",model_visual_checked_candidate,pending,not_assessed,边界约 ±0.5–1s；未知地面可能为平地、平台或障碍上的停顿；整段 outcome 未传播。,viewer.html?id=gait_20260909_154654_65c5ae680a24&t=86.000&end=99.000
gait_20260909_154654_65c5ae680a24,"[""D:\\S10Data\\050\\2026-09-09\\gait_20260909_154654_65c5ae680a24\\bag\\bag_0.db3""]",gait_20260909_154654_65c5ae680a24-P02,gait_20260909_154654_65c5ae680a24-S030,99,106,source_stamp_minus_manifest_started_wall_ns,1788940014426028272,1788940113426028272,1788940120426028272,unknown,控制退出后的记录,unknown,,,,uncertain,"{""automatic_class"": ""控制退出后的记录"", ""bin_s"": 0.5, ""pitch_median_deg"": 6.89, ""max_abs_roll_pitch_deg"": 16.01, ""leg_dq_rms_median"": 0.007, ""wheel_dq_abs_median"": 0.016}","[""长段状态0期间仍有姿态和少量关节变化；约62–67s、73–86s、99–106s需核对是否人工处理；106.005s状态1，107.606s恢复17。""]",model_visual_checked_candidate,pending,not_assessed,边界约 ±0.5–1s；未知地面可能为平地、平台或障碍上的停顿；整段 outcome 未传播。,viewer.html?id=gait_20260909_154654_65c5ae680a24&t=99.000&end=106.000
gait_20260909_154654_65c5ae680a24,"[""D:\\S10Data\\050\\2026-09-09\\gait_20260909_154654_65c5ae680a24\\bag\\bag_0.db3""]",gait_20260909_154654_65c5ae680a24-P02,gait_20260909_154654_65c5ae680a24-S031,106,107.5,source_stamp_minus_manifest_started_wall_ns,1788940014426028272,1788940120426028272,1788940121926028272,unknown,控制退出后的记录,unknown,,,,interrupted_control,"{""automatic_class"": ""控制退出后的记录"", ""bin_s"": 0.5, ""pitch_median_deg"": 0.46, ""max_abs_roll_pitch_deg"": 6.86, ""leg_dq_rms_median"": 0.483, ""wheel_dq_abs_median"": 0.094}","[""长段状态0期间仍有姿态和少量关节变化；约62–67s、73–86s、99–106s需核对是否人工处理；106.005s状态1，107.606s恢复17。""]",model_visual_checked_candidate,pending,not_assessed,边界约 ±0.5–1s；未知地面可能为平地、平台或障碍上的停顿；整段 outcome 未传播。,viewer.html?id=gait_20260909_154654_65c5ae680a24&t=106.000&end=107.500
gait_20260909_154654_65c5ae680a24,"[""D:\\S10Data\\050\\2026-09-09\\gait_20260909_154654_65c5ae680a24\\bag\\bag_0.db3""]",gait_20260909_154654_65c5ae680a24-P02,gait_20260909_154654_65c5ae680a24-S032,107.5,107.605885727,source_stamp_minus_manifest_started_wall_ns,1788940014426028272,1788940121926028272,1788940122031913999,unknown,行走/调整候选,unknown,,,,uncertain,"{""automatic_class"": ""行走/调整候选"", ""bin_s"": 0.5, ""pitch_median_deg"": 0.4, ""max_abs_roll_pitch_deg"": 1.32, ""leg_dq_rms_median"": 1.172, ""wheel_dq_abs_median"": 0.148}","[""长段状态0期间仍有姿态和少量关节变化；约62–67s、73–86s、99–106s需核对是否人工处理；106.005s状态1，107.606s恢复17。""]",model_visual_checked_candidate,pending,not_assessed,边界约 ±0.5–1s；未知地面可能为平地、平台或障碍上的停顿；整段 outcome 未传播。,viewer.html?id=gait_20260909_154654_65c5ae680a24&t=107.500&end=107.606
gait_20260909_154654_65c5ae680a24,"[""D:\\S10Data\\050\\2026-09-09\\gait_20260909_154654_65c5ae680a24\\bag\\bag_0.db3""]",gait_20260909_154654_65c5ae680a24-P03,gait_20260909_154654_65c5ae680a24-S033,107.605885727,109.0,source_stamp_minus_manifest_started_wall_ns,1788940014426028272,1788940122031913999,1788940123426028272,unknown,行走/调整候选,unknown,,,,uncertain,"{""automatic_class"": ""行走/调整候选"", ""bin_s"": 0.5, ""pitch_median_deg"": 0.71, ""max_abs_roll_pitch_deg"": 1.2, ""leg_dq_rms_median"": 0.732, ""wheel_dq_abs_median"": 1.064}","[""长段状态0期间仍有姿态和少量关节变化；约62–67s、73–86s、99–106s需核对是否人工处理；106.005s状态1，107.606s恢复17。""]",model_visual_checked_candidate,pending,not_assessed,边界约 ±0.5–1s；未知地面可能为平地、平台或障碍上的停顿；整段 outcome 未传播。,viewer.html?id=gait_20260909_154654_65c5ae680a24&t=107.606&end=109.000
gait_20260909_154654_65c5ae680a24,"[""D:\\S10Data\\050\\2026-09-09\\gait_20260909_154654_65c5ae680a24\\bag\\bag_0.db3""]",gait_20260909_154654_65c5ae680a24-P03,gait_20260909_154654_65c5ae680a24-S034,109.0,111.55142463600009,source_stamp_minus_manifest_started_wall_ns,1788940014426028272,1788940123426028272,1788940125977452908,unknown,等待候选,unknown,,,,uncertain,"{""automatic_class"": ""等待候选"", ""bin_s"": 0.5, ""pitch_median_deg"": 1.0, ""max_abs_roll_pitch_deg"": 1.07, ""leg_dq_rms_median"": 0.007, ""wheel_dq_abs_median"": 0.017}",[],automatic_candidate,pending,not_assessed,边界约 ±0.5–1s；未知地面可能为平地、平台或障碍上的停顿；整段 outcome 未传播。,viewer.html?id=gait_20260909_154654_65c5ae680a24&t=109.000&end=111.551
gait_20260909_154856_5809460fe5ab,"[""D:\\S10Data\\050\\2026-09-09\\gait_20260909_154856_5809460fe5ab\\bag\\bag_0.db3""]",gait_20260909_154856_5809460fe5ab-P01,gait_20260909_154856_5809460fe5ab-S001,0.0,15.0,source_stamp_minus_manifest_started_wall_ns,1788940136020004713,1788940136020004713,1788940151020004713,unknown,等待候选,unknown,,,,uncertain,"{""automatic_class"": ""等待候选"", ""bin_s"": 0.5, ""pitch_median_deg"": -0.3, ""max_abs_roll_pitch_deg"": 0.41, ""leg_dq_rms_median"": 0.007, ""wheel_dq_abs_median"": 0.013}",[],automatic_candidate,pending,not_assessed,边界约 ±0.5–1s；未知地面可能为平地、平台或障碍上的停顿；整段 outcome 未传播。,viewer.html?id=gait_20260909_154856_5809460fe5ab&t=0.000&end=15.000
gait_20260909_154856_5809460fe5ab,"[""D:\\S10Data\\050\\2026-09-09\\gait_20260909_154856_5809460fe5ab\\bag\\bag_0.db3""]",gait_20260909_154856_5809460fe5ab-P01,gait_20260909_154856_5809460fe5ab-S002,15.0,16.0,source_stamp_minus_manifest_started_wall_ns,1788940136020004713,1788940151020004713,1788940152020004713,unknown,行走/调整候选,unknown,,,,uncertain,"{""automatic_class"": ""行走/调整候选"", ""bin_s"": 0.5, ""pitch_median_deg"": -0.98, ""max_abs_roll_pitch_deg"": 2.08, ""leg_dq_rms_median"": 0.144, ""wheel_dq_abs_median"": 3.012}",[],automatic_candidate,pending,not_assessed,边界约 ±0.5–1s；未知地面可能为平地、平台或障碍上的停顿；整段 outcome 未传播。,viewer.html?id=gait_20260909_154856_5809460fe5ab&t=15.000&end=16.000
gait_20260909_154856_5809460fe5ab,"[""D:\\S10Data\\050\\2026-09-09\\gait_20260909_154856_5809460fe5ab\\bag\\bag_0.db3""]",gait_20260909_154856_5809460fe5ab-P01,gait_20260909_154856_5809460fe5ab-S003,16.0,19.5,source_stamp_minus_manifest_started_wall_ns,1788940136020004713,1788940152020004713,1788940155520004713,unknown,等待候选,unknown,,,,uncertain,"{""automatic_class"": ""等待候选"", ""bin_s"": 0.5, ""pitch_median_deg"": -0.37, ""max_abs_roll_pitch_deg"": 0.99, ""leg_dq_rms_median"": 0.041, ""wheel_dq_abs_median"": 0.047}",[],automatic_candidate,pending,not_assessed,边界约 ±0.5–1s；未知地面可能为平地、平台或障碍上的停顿；整段 outcome 未传播。,viewer.html?id=gait_20260909_154856_5809460fe5ab&t=16.000&end=19.500
gait_20260909_154856_5809460fe5ab,"[""D:\\S10Data\\050\\2026-09-09\\gait_20260909_154856_5809460fe5ab\\bag\\bag_0.db3""]",gait_20260909_154856_5809460fe5ab-P01,gait_20260909_154856_5809460fe5ab-S004,19.5,22.0,source_stamp_minus_manifest_started_wall_ns,1788940136020004713,1788940155520004713,1788940158020004713,stairs_candidate,行走/调整候选,unknown,,,,uncertain,"{""automatic_class"": ""行走/调整候选"", ""bin_s"": 0.5, ""pitch_median_deg"": -1.54, ""max_abs_roll_pitch_deg"": 8.81, ""leg_dq_rms_median"": 0.313, ""wheel_dq_abs_median"": 3.268}","[""初始前点云连续阶梯；20–36.5s负pitch与腿关节活动；25.5–29.5s有倾斜停顿/再调整，仍保留同一上行候选。""]",model_visual_checked_candidate,pending,not_assessed,边界约 ±0.5–1s；未知地面可能为平地、平台或障碍上的停顿；整段 outcome 未传播。,viewer.html?id=gait_20260909_154856_5809460fe5ab&t=19.500&end=22.000
gait_20260909_154856_5809460fe5ab,"[""D:\\S10Data\\050\\2026-09-09\\gait_20260909_154856_5809460fe5ab\\bag\\bag_0.db3""]",gait_20260909_154856_5809460fe5ab-P01,gait_20260909_154856_5809460fe5ab-S005,22.0,25.5,source_stamp_minus_manifest_started_wall_ns,1788940136020004713,1788940158020004713,1788940161520004713,stairs_candidate,上楼候选,up_candidate,,,,uncertain,"{""automatic_class"": ""姿态变化/越障候选"", ""bin_s"": 0.5, ""pitch_median_deg"": -12.26, ""max_abs_roll_pitch_deg"": 25.24, ""leg_dq_rms_median"": 2.618, ""wheel_dq_abs_median"": 4.775}","[""初始前点云连续阶梯；20–36.5s负pitch与腿关节活动；25.5–29.5s有倾斜停顿/再调整，仍保留同一上行候选。""]",model_visual_checked_candidate,pending,not_assessed,边界约 ±0.5–1s；未知地面可能为平地、平台或障碍上的停顿；整段 outcome 未传播。,viewer.html?id=gait_20260909_154856_5809460fe5ab&t=22.000&end=25.500
gait_20260909_154856_5809460fe5ab,"[""D:\\S10Data\\050\\2026-09-09\\gait_20260909_154856_5809460fe5ab\\bag\\bag_0.db3""]",gait_20260909_154856_5809460fe5ab-P01,gait_20260909_154856_5809460fe5ab-S006,25.5,26.0,source_stamp_minus_manifest_started_wall_ns,1788940136020004713,1788940161520004713,1788940162020004713,stairs_candidate,上楼候选,up_candidate,,,,uncertain,"{""automatic_class"": ""姿态变化/越障候选"", ""bin_s"": 0.5, ""pitch_median_deg"": -13.88, ""max_abs_roll_pitch_deg"": 18.21, ""leg_dq_rms_median"": 0.903, ""wheel_dq_abs_median"": 1.337}","[""初始前点云连续阶梯；20–36.5s负pitch与腿关节活动；25.5–29.5s有倾斜停顿/再调整，仍保留同一上行候选。""]",model_visual_checked_candidate,pending,not_assessed,边界约 ±0.5–1s；未知地面可能为平地、平台或障碍上的停顿；整段 outcome 未传播。,viewer.html?id=gait_20260909_154856_5809460fe5ab&t=25.500&end=26.000
gait_20260909_154856_5809460fe5ab,"[""D:\\S10Data\\050\\2026-09-09\\gait_20260909_154856_5809460fe5ab\\bag\\bag_0.db3""]",gait_20260909_154856_5809460fe5ab-P01,gait_20260909_154856_5809460fe5ab-S007,26.0,26.5,source_stamp_minus_manifest_started_wall_ns,1788940136020004713,1788940162020004713,1788940162520004713,stairs_candidate,行走/调整候选,unknown,,,,uncertain,"{""automatic_class"": ""行走/调整候选"", ""bin_s"": 0.5, ""pitch_median_deg"": -13.91, ""max_abs_roll_pitch_deg"": 13.96, ""leg_dq_rms_median"": 0.227, ""wheel_dq_abs_median"": 0.19}","[""初始前点云连续阶梯；20–36.5s负pitch与腿关节活动；25.5–29.5s有倾斜停顿/再调整，仍保留同一上行候选。""]",model_visual_checked_candidate,pending,not_assessed,边界约 ±0.5–1s；未知地面可能为平地、平台或障碍上的停顿；整段 outcome 未传播。,viewer.html?id=gait_20260909_154856_5809460fe5ab&t=26.000&end=26.500
gait_20260909_154856_5809460fe5ab,"[""D:\\S10Data\\050\\2026-09-09\\gait_20260909_154856_5809460fe5ab\\bag\\bag_0.db3""]",gait_20260909_154856_5809460fe5ab-P01,gait_20260909_154856_5809460fe5ab-S008,26.5,27.0,source_stamp_minus_manifest_started_wall_ns,1788940136020004713,1788940162520004713,1788940163020004713,stairs_candidate,等待候选,unknown,,,,uncertain,"{""automatic_class"": ""等待候选"", ""bin_s"": 0.5, ""pitch_median_deg"": -14.0, ""max_abs_roll_pitch_deg"": 14.04, ""leg_dq_rms_median"": 0.008, ""wheel_dq_abs_median"": 0.012}","[""初始前点云连续阶梯；20–36.5s负pitch与腿关节活动；25.5–29.5s有倾斜停顿/再调整，仍保留同一上行候选。""]",model_visual_checked_candidate,pending,not_assessed,边界约 ±0.5–1s；未知地面可能为平地、平台或障碍上的停顿；整段 outcome 未传播。,viewer.html?id=gait_20260909_154856_5809460fe5ab&t=26.500&end=27.000
gait_20260909_154856_5809460fe5ab,"[""D:\\S10Data\\050\\2026-09-09\\gait_20260909_154856_5809460fe5ab\\bag\\bag_0.db3""]",gait_20260909_154856_5809460fe5ab-P01,gait_20260909_154856_5809460fe5ab-S009,27.0,27.5,source_stamp_minus_manifest_started_wall_ns,1788940136020004713,1788940163020004713,1788940163520004713,stairs_candidate,上楼候选,up_candidate,,,,uncertain,"{""automatic_class"": ""姿态变化/越障候选"", ""bin_s"": 0.5, ""pitch_median_deg"": -14.04, ""max_abs_roll_pitch_deg"": 14.09, ""leg_dq_rms_median"": 0.444, ""wheel_dq_abs_median"": 0.933}","[""初始前点云连续阶梯；20–36.5s负pitch与腿关节活动；25.5–29.5s有倾斜停顿/再调整，仍保留同一上行候选。""]",model_visual_checked_candidate,pending,not_assessed,边界约 ±0.5–1s；未知地面可能为平地、平台或障碍上的停顿；整段 outcome 未传播。,viewer.html?id=gait_20260909_154856_5809460fe5ab&t=27.000&end=27.500
gait_20260909_154856_5809460fe5ab,"[""D:\\S10Data\\050\\2026-09-09\\gait_20260909_154856_5809460fe5ab\\bag\\bag_0.db3""]",gait_20260909_154856_5809460fe5ab-P01,gait_20260909_154856_5809460fe5ab-S010,27.5,28.0,source_stamp_minus_manifest_started_wall_ns,1788940136020004713,1788940163520004713,1788940164020004713,stairs_candidate,上楼候选,up_candidate,,,,uncertain,"{""automatic_class"": ""姿态变化/越障候选"", ""bin_s"": 0.5, ""pitch_median_deg"": -10.91, ""max_abs_roll_pitch_deg"": 13.54, ""leg_dq_rms_median"": 1.241, ""wheel_dq_abs_median"": 3.461}","[""初始前点云连续阶梯；20–36.5s负pitch与腿关节活动；25.5–29.5s有倾斜停顿/再调整，仍保留同一上行候选。""]",model_visual_checked_candidate,pending,not_assessed,边界约 ±0.5–1s；未知地面可能为平地、平台或障碍上的停顿；整段 outcome 未传播。,viewer.html?id=gait_20260909_154856_5809460fe5ab&t=27.500&end=28.000
gait_20260909_154856_5809460fe5ab,"[""D:\\S10Data\\050\\2026-09-09\\gait_20260909_154856_5809460fe5ab\\bag\\bag_0.db3""]",gait_20260909_154856_5809460fe5ab-P01,gait_20260909_154856_5809460fe5ab-S011,28.0,29.5,source_stamp_minus_manifest_started_wall_ns,1788940136020004713,1788940164020004713,1788940165520004713,stairs_candidate,行走/调整候选,unknown,,,,uncertain,"{""automatic_class"": ""行走/调整候选"", ""bin_s"": 0.5, ""pitch_median_deg"": -4.88, ""max_abs_roll_pitch_deg"": 8.43, ""leg_dq_rms_median"": 0.275, ""wheel_dq_abs_median"": 1.138}","[""初始前点云连续阶梯；20–36.5s负pitch与腿关节活动；25.5–29.5s有倾斜停顿/再调整，仍保留同一上行候选。""]",model_visual_checked_candidate,pending,not_assessed,边界约 ±0.5–1s；未知地面可能为平地、平台或障碍上的停顿；整段 outcome 未传播。,viewer.html?id=gait_20260909_154856_5809460fe5ab&t=28.000&end=29.500
gait_20260909_154856_5809460fe5ab,"[""D:\\S10Data\\050\\2026-09-09\\gait_20260909_154856_5809460fe5ab\\bag\\bag_0.db3""]",gait_20260909_154856_5809460fe5ab-P01,gait_20260909_154856_5809460fe5ab-S012,29.5,36.0,source_stamp_minus_manifest_started_wall_ns,1788940136020004713,1788940165520004713,1788940172020004713,stairs_candidate,上楼候选,up_candidate,,,,uncertain,"{""automatic_class"": ""姿态变化/越障候选"", ""bin_s"": 0.5, ""pitch_median_deg"": -14.66, ""max_abs_roll_pitch_deg"": 22.69, ""leg_dq_rms_median"": 2.323, ""wheel_dq_abs_median"": 5.13}","[""初始前点云连续阶梯；20–36.5s负pitch与腿关节活动；25.5–29.5s有倾斜停顿/再调整，仍保留同一上行候选。""]",model_visual_checked_candidate,pending,not_assessed,边界约 ±0.5–1s；未知地面可能为平地、平台或障碍上的停顿；整段 outcome 未传播。,viewer.html?id=gait_20260909_154856_5809460fe5ab&t=29.500&end=36.000
gait_20260909_154856_5809460fe5ab,"[""D:\\S10Data\\050\\2026-09-09\\gait_20260909_154856_5809460fe5ab\\bag\\bag_0.db3""]",gait_20260909_154856_5809460fe5ab-P01,gait_20260909_154856_5809460fe5ab-S013,36.0,36.5,source_stamp_minus_manifest_started_wall_ns,1788940136020004713,1788940172020004713,1788940172520004713,stairs_candidate,行走/调整候选,unknown,,,,uncertain,"{""automatic_class"": ""行走/调整候选"", ""bin_s"": 0.5, ""pitch_median_deg"": -3.24, ""max_abs_roll_pitch_deg"": 4.32, ""leg_dq_rms_median"": 1.082, ""wheel_dq_abs_median"": 4.118}","[""初始前点云连续阶梯；20–36.5s负pitch与腿关节活动；25.5–29.5s有倾斜停顿/再调整，仍保留同一上行候选。""]",model_visual_checked_candidate,pending,not_assessed,边界约 ±0.5–1s；未知地面可能为平地、平台或障碍上的停顿；整段 outcome 未传播。,viewer.html?id=gait_20260909_154856_5809460fe5ab&t=36.000&end=36.500
gait_20260909_154856_5809460fe5ab,"[""D:\\S10Data\\050\\2026-09-09\\gait_20260909_154856_5809460fe5ab\\bag\\bag_0.db3""]",gait_20260909_154856_5809460fe5ab-P01,gait_20260909_154856_5809460fe5ab-S014,36.5,37.0,source_stamp_minus_manifest_started_wall_ns,1788940136020004713,1788940172520004713,1788940173020004713,landing_candidate,平台等待候选,unknown,,,,uncertain,"{""automatic_class"": ""等待候选"", ""bin_s"": 0.5, ""pitch_median_deg"": -1.11, ""max_abs_roll_pitch_deg"": 1.97, ""leg_dq_rms_median"": 0.148, ""wheel_dq_abs_median"": 0.41}","[""36.5–40s姿态趋平且明显转向，38.6s点云近处地面平缓；42s以后pitch转为持续正值。40s提出上行/下行通行候选分界，需确认是否同一楼梯返回。""]",model_visual_checked_candidate,pending,not_assessed,边界约 ±0.5–1s；未知地面可能为平地、平台或障碍上的停顿；整段 outcome 未传播。,viewer.html?id=gait_20260909_154856_5809460fe5ab&t=36.500&end=37.000
gait_20260909_154856_5809460fe5ab,"[""D:\\S10Data\\050\\2026-09-09\\gait_20260909_154856_5809460fe5ab\\bag\\bag_0.db3""]",gait_20260909_154856_5809460fe5ab-P01,gait_20260909_154856_5809460fe5ab-S015,37.0,40.0,source_stamp_minus_manifest_started_wall_ns,1788940136020004713,1788940173020004713,1788940176020004713,landing_candidate,平台转向候选,unknown,,,,uncertain,"{""automatic_class"": ""转向候选"", ""bin_s"": 0.5, ""pitch_median_deg"": -1.47, ""max_abs_roll_pitch_deg"": 5.39, ""leg_dq_rms_median"": 0.784, ""wheel_dq_abs_median"": 3.007}","[""36.5–40s姿态趋平且明显转向，38.6s点云近处地面平缓；42s以后pitch转为持续正值。40s提出上行/下行通行候选分界，需确认是否同一楼梯返回。""]",model_visual_checked_candidate,pending,not_assessed,边界约 ±0.5–1s；未知地面可能为平地、平台或障碍上的停顿；整段 outcome 未传播。,viewer.html?id=gait_20260909_154856_5809460fe5ab&t=37.000&end=40.000
gait_20260909_154856_5809460fe5ab,"[""D:\\S10Data\\050\\2026-09-09\\gait_20260909_154856_5809460fe5ab\\bag\\bag_0.db3""]",gait_20260909_154856_5809460fe5ab-P02,gait_20260909_154856_5809460fe5ab-S016,40.0,41.0,source_stamp_minus_manifest_started_wall_ns,1788940136020004713,1788940176020004713,1788940177020004713,landing_candidate,平台等待候选,unknown,,,,uncertain,"{""automatic_class"": ""等待候选"", ""bin_s"": 0.5, ""pitch_median_deg"": 0.6, ""max_abs_roll_pitch_deg"": 1.17, ""leg_dq_rms_median"": 0.06, ""wheel_dq_abs_median"": 0.217}","[""36.5–40s姿态趋平且明显转向，38.6s点云近处地面平缓；42s以后pitch转为持续正值。40s提出上行/下行通行候选分界，需确认是否同一楼梯返回。""]",model_visual_checked_candidate,pending,not_assessed,边界约 ±0.5–1s；未知地面可能为平地、平台或障碍上的停顿；整段 outcome 未传播。,viewer.html?id=gait_20260909_154856_5809460fe5ab&t=40.000&end=41.000
gait_20260909_154856_5809460fe5ab,"[""D:\\S10Data\\050\\2026-09-09\\gait_20260909_154856_5809460fe5ab\\bag\\bag_0.db3""]",gait_20260909_154856_5809460fe5ab-P02,gait_20260909_154856_5809460fe5ab-S017,41.0,42.0,source_stamp_minus_manifest_started_wall_ns,1788940136020004713,1788940177020004713,1788940178020004713,landing_candidate,平台行走/调整候选,unknown,,,,uncertain,"{""automatic_class"": ""行走/调整候选"", ""bin_s"": 0.5, ""pitch_median_deg"": -0.54, ""max_abs_roll_pitch_deg"": 1.76, ""leg_dq_rms_median"": 0.198, ""wheel_dq_abs_median"": 5.265}","[""36.5–40s姿态趋平且明显转向，38.6s点云近处地面平缓；42s以后pitch转为持续正值。40s提出上行/下行通行候选分界，需确认是否同一楼梯返回。""]",model_visual_checked_candidate,pending,not_assessed,边界约 ±0.5–1s；未知地面可能为平地、平台或障碍上的停顿；整段 outcome 未传播。,viewer.html?id=gait_20260909_154856_5809460fe5ab&t=41.000&end=42.000
gait_20260909_154856_5809460fe5ab,"[""D:\\S10Data\\050\\2026-09-09\\gait_20260909_154856_5809460fe5ab\\bag\\bag_0.db3""]",gait_20260909_154856_5809460fe5ab-P02,gait_20260909_154856_5809460fe5ab-S018,42.0,48.0,source_stamp_minus_manifest_started_wall_ns,1788940136020004713,1788940178020004713,1788940184020004713,stairs_candidate,下楼候选,down_candidate,,,,uncertain,"{""automatic_class"": ""姿态变化/越障候选"", ""bin_s"": 0.5, ""pitch_median_deg"": 16.2, ""max_abs_roll_pitch_deg"": 22.46, ""leg_dq_rms_median"": 0.915, ""wheel_dq_abs_median"": 7.979}","[""42–48.5s正pitch约+15–20°、周期轮腿运动，前后点云阶梯结构；下楼候选。""]",model_visual_checked_candidate,pending,not_assessed,边界约 ±0.5–1s；未知地面可能为平地、平台或障碍上的停顿；整段 outcome 未传播。,viewer.html?id=gait_20260909_154856_5809460fe5ab&t=42.000&end=48.000
gait_20260909_154856_5809460fe5ab,"[""D:\\S10Data\\050\\2026-09-09\\gait_20260909_154856_5809460fe5ab\\bag\\bag_0.db3""]",gait_20260909_154856_5809460fe5ab-P02,gait_20260909_154856_5809460fe5ab-S019,48.0,48.5,source_stamp_minus_manifest_started_wall_ns,1788940136020004713,1788940184020004713,1788940184520004713,stairs_candidate,转向候选,unknown,,,,uncertain,"{""automatic_class"": ""转向候选"", ""bin_s"": 0.5, ""pitch_median_deg"": 0.8, ""max_abs_roll_pitch_deg"": 10.61, ""leg_dq_rms_median"": 0.984, ""wheel_dq_abs_median"": 7.727}","[""42–48.5s正pitch约+15–20°、周期轮腿运动，前后点云阶梯结构；下楼候选。""]",model_visual_checked_candidate,pending,not_assessed,边界约 ±0.5–1s；未知地面可能为平地、平台或障碍上的停顿；整段 outcome 未传播。,viewer.html?id=gait_20260909_154856_5809460fe5ab&t=48.000&end=48.500
gait_20260909_154856_5809460fe5ab,"[""D:\\S10Data\\050\\2026-09-09\\gait_20260909_154856_5809460fe5ab\\bag\\bag_0.db3""]",gait_20260909_154856_5809460fe5ab-P02,gait_20260909_154856_5809460fe5ab-S020,48.5,49.5,source_stamp_minus_manifest_started_wall_ns,1788940136020004713,1788940184520004713,1788940185520004713,landing_candidate,平台转向候选,unknown,,,,uncertain,"{""automatic_class"": ""转向候选"", ""bin_s"": 0.5, ""pitch_median_deg"": 0.21, ""max_abs_roll_pitch_deg"": 2.95, ""leg_dq_rms_median"": 0.786, ""wheel_dq_abs_median"": 2.771}","[""48.5–55s姿态回平、短时轮式行走/转向，52.6s前点云近处较平且远处下降；保留在下行通行内连接两个楼梯活动区。""]",model_visual_checked_candidate,pending,not_assessed,边界约 ±0.5–1s；未知地面可能为平地、平台或障碍上的停顿；整段 outcome 未传播。,viewer.html?id=gait_20260909_154856_5809460fe5ab&t=48.500&end=49.500
gait_20260909_154856_5809460fe5ab,"[""D:\\S10Data\\050\\2026-09-09\\gait_20260909_154856_5809460fe5ab\\bag\\bag_0.db3""]",gait_20260909_154856_5809460fe5ab-P02,gait_20260909_154856_5809460fe5ab-S021,49.5,55,source_stamp_minus_manifest_started_wall_ns,1788940136020004713,1788940185520004713,1788940191020004713,landing_candidate,平台行走候选,unknown,,,,uncertain,"{""automatic_class"": ""行走/调整候选"", ""bin_s"": 0.5, ""pitch_median_deg"": 1.55, ""max_abs_roll_pitch_deg"": 2.97, ""leg_dq_rms_median"": 0.202, ""wheel_dq_abs_median"": 3.564}","[""48.5–55s姿态回平、短时轮式行走/转向，52.6s前点云近处较平且远处下降；保留在下行通行内连接两个楼梯活动区。""]",model_visual_checked_candidate,pending,not_assessed,边界约 ±0.5–1s；未知地面可能为平地、平台或障碍上的停顿；整段 outcome 未传播。,viewer.html?id=gait_20260909_154856_5809460fe5ab&t=49.500&end=55.000
gait_20260909_154856_5809460fe5ab,"[""D:\\S10Data\\050\\2026-09-09\\gait_20260909_154856_5809460fe5ab\\bag\\bag_0.db3""]",gait_20260909_154856_5809460fe5ab-P02,gait_20260909_154856_5809460fe5ab-S022,55,56.0,source_stamp_minus_manifest_started_wall_ns,1788940136020004713,1788940191020004713,1788940192020004713,stairs_candidate,行走/调整候选,unknown,,,,uncertain,"{""automatic_class"": ""行走/调整候选"", ""bin_s"": 0.5, ""pitch_median_deg"": 0.58, ""max_abs_roll_pitch_deg"": 1.31, ""leg_dq_rms_median"": 0.101, ""wheel_dq_abs_median"": 6.175}","[""56–65s再次持续正pitch及周期轮腿运动，59.6/66.6s后点云有阶梯；支持第二下行活动区，未逐级编号。""]",model_visual_checked_candidate,pending,not_assessed,边界约 ±0.5–1s；未知地面可能为平地、平台或障碍上的停顿；整段 outcome 未传播。,viewer.html?id=gait_20260909_154856_5809460fe5ab&t=55.000&end=56.000
gait_20260909_154856_5809460fe5ab,"[""D:\\S10Data\\050\\2026-09-09\\gait_20260909_154856_5809460fe5ab\\bag\\bag_0.db3""]",gait_20260909_154856_5809460fe5ab-P02,gait_20260909_154856_5809460fe5ab-S023,56.0,65.0,source_stamp_minus_manifest_started_wall_ns,1788940136020004713,1788940192020004713,1788940201020004713,stairs_candidate,下楼候选,down_candidate,,,,uncertain,"{""automatic_class"": ""姿态变化/越障候选"", ""bin_s"": 0.5, ""pitch_median_deg"": 16.86, ""max_abs_roll_pitch_deg"": 25.78, ""leg_dq_rms_median"": 0.988, ""wheel_dq_abs_median"": 8.117}","[""56–65s再次持续正pitch及周期轮腿运动，59.6/66.6s后点云有阶梯；支持第二下行活动区，未逐级编号。""]",model_visual_checked_candidate,pending,not_assessed,边界约 ±0.5–1s；未知地面可能为平地、平台或障碍上的停顿；整段 outcome 未传播。,viewer.html?id=gait_20260909_154856_5809460fe5ab&t=56.000&end=65.000
gait_20260909_154856_5809460fe5ab,"[""D:\\S10Data\\050\\2026-09-09\\gait_20260909_154856_5809460fe5ab\\bag\\bag_0.db3""]",gait_20260909_154856_5809460fe5ab-P02,gait_20260909_154856_5809460fe5ab-S024,65.0,65.5,source_stamp_minus_manifest_started_wall_ns,1788940136020004713,1788940201020004713,1788940201520004713,stairs_candidate,行走/调整候选,unknown,,,,uncertain,"{""automatic_class"": ""行走/调整候选"", ""bin_s"": 0.5, ""pitch_median_deg"": 0.53, ""max_abs_roll_pitch_deg"": 11.3, ""leg_dq_rms_median"": 1.01, ""wheel_dq_abs_median"": 9.834}","[""56–65s再次持续正pitch及周期轮腿运动，59.6/66.6s后点云有阶梯；支持第二下行活动区，未逐级编号。""]",model_visual_checked_candidate,pending,not_assessed,边界约 ±0.5–1s；未知地面可能为平地、平台或障碍上的停顿；整段 outcome 未传播。,viewer.html?id=gait_20260909_154856_5809460fe5ab&t=65.000&end=65.500
gait_20260909_154856_5809460fe5ab,"[""D:\\S10Data\\050\\2026-09-09\\gait_20260909_154856_5809460fe5ab\\bag\\bag_0.db3""]",gait_20260909_154856_5809460fe5ab-P02,gait_20260909_154856_5809460fe5ab-S025,65.5,66.0,source_stamp_minus_manifest_started_wall_ns,1788940136020004713,1788940201520004713,1788940202020004713,unknown,行走/调整候选,unknown,,,,uncertain,"{""automatic_class"": ""行走/调整候选"", ""bin_s"": 0.5, ""pitch_median_deg"": 0.08, ""max_abs_roll_pitch_deg"": 0.48, ""leg_dq_rms_median"": 0.212, ""wheel_dq_abs_median"": 3.376}",[],automatic_candidate,pending,not_assessed,边界约 ±0.5–1s；未知地面可能为平地、平台或障碍上的停顿；整段 outcome 未传播。,viewer.html?id=gait_20260909_154856_5809460fe5ab&t=65.500&end=66.000
gait_20260909_154856_5809460fe5ab,"[""D:\\S10Data\\050\\2026-09-09\\gait_20260909_154856_5809460fe5ab\\bag\\bag_0.db3""]",gait_20260909_154856_5809460fe5ab-P02,gait_20260909_154856_5809460fe5ab-S026,66.0,68.5,source_stamp_minus_manifest_started_wall_ns,1788940136020004713,1788940202020004713,1788940204520004713,unknown,等待候选,unknown,,,,uncertain,"{""automatic_class"": ""等待候选"", ""bin_s"": 0.5, ""pitch_median_deg"": 0.51, ""max_abs_roll_pitch_deg"": 0.83, ""leg_dq_rms_median"": 0.06, ""wheel_dq_abs_median"": 0.047}",[],automatic_candidate,pending,not_assessed,边界约 ±0.5–1s；未知地面可能为平地、平台或障碍上的停顿；整段 outcome 未传播。,viewer.html?id=gait_20260909_154856_5809460fe5ab&t=66.000&end=68.500
gait_20260909_154856_5809460fe5ab,"[""D:\\S10Data\\050\\2026-09-09\\gait_20260909_154856_5809460fe5ab\\bag\\bag_0.db3""]",gait_20260909_154856_5809460fe5ab-P02,gait_20260909_154856_5809460fe5ab-S027,68.5,69.0,source_stamp_minus_manifest_started_wall_ns,1788940136020004713,1788940204520004713,1788940205020004713,unknown,行走/调整候选,unknown,,,,uncertain,"{""automatic_class"": ""行走/调整候选"", ""bin_s"": 0.5, ""pitch_median_deg"": -0.09, ""max_abs_roll_pitch_deg"": 2.52, ""leg_dq_rms_median"": 0.761, ""wheel_dq_abs_median"": 0.574}",[],automatic_candidate,pending,not_assessed,边界约 ±0.5–1s；未知地面可能为平地、平台或障碍上的停顿；整段 outcome 未传播。,viewer.html?id=gait_20260909_154856_5809460fe5ab&t=68.500&end=69.000
gait_20260909_154856_5809460fe5ab,"[""D:\\S10Data\\050\\2026-09-09\\gait_20260909_154856_5809460fe5ab\\bag\\bag_0.db3""]",gait_20260909_154856_5809460fe5ab-P02,gait_20260909_154856_5809460fe5ab-S028,69.0,70,source_stamp_minus_manifest_started_wall_ns,1788940136020004713,1788940205020004713,1788940206020004713,unknown,转向候选,unknown,,,,uncertain,"{""automatic_class"": ""转向候选"", ""bin_s"": 0.5, ""pitch_median_deg"": -2.92, ""max_abs_roll_pitch_deg"": 3.7, ""leg_dq_rms_median"": 1.35, ""wheel_dq_abs_median"": 2.221}",[],automatic_candidate,pending,not_assessed,边界约 ±0.5–1s；未知地面可能为平地、平台或障碍上的停顿；整段 outcome 未传播。,viewer.html?id=gait_20260909_154856_5809460fe5ab&t=69.000&end=70.000
gait_20260909_154856_5809460fe5ab,"[""D:\\S10Data\\050\\2026-09-09\\gait_20260909_154856_5809460fe5ab\\bag\\bag_0.db3""]",gait_20260909_154856_5809460fe5ab-P02,gait_20260909_154856_5809460fe5ab-S029,70,70.5,source_stamp_minus_manifest_started_wall_ns,1788940136020004713,1788940206020004713,1788940206520004713,unknown,转向候选,unknown,,,,uncertain,"{""automatic_class"": ""转向候选"", ""bin_s"": 0.5, ""pitch_median_deg"": -2.07, ""max_abs_roll_pitch_deg"": 3.69, ""leg_dq_rms_median"": 1.582, ""wheel_dq_abs_median"": 3.376}",[],automatic_candidate,pending,not_assessed,边界约 ±0.5–1s；未知地面可能为平地、平台或障碍上的停顿；整段 outcome 未传播。,viewer.html?id=gait_20260909_154856_5809460fe5ab&t=70.000&end=70.500
gait_20260909_154856_5809460fe5ab,"[""D:\\S10Data\\050\\2026-09-09\\gait_20260909_154856_5809460fe5ab\\bag\\bag_0.db3""]",gait_20260909_154856_5809460fe5ab-P02,gait_20260909_154856_5809460fe5ab-S030,70.5,76.0,source_stamp_minus_manifest_started_wall_ns,1788940136020004713,1788940206520004713,1788940212020004713,unknown,行走/调整候选,unknown,,,,uncertain,"{""automatic_class"": ""行走/调整候选"", ""bin_s"": 0.5, ""pitch_median_deg"": -2.43, ""max_abs_roll_pitch_deg"": 4.5, ""leg_dq_rms_median"": 0.861, ""wheel_dq_abs_median"": 8.579}",[],automatic_candidate,pending,not_assessed,边界约 ±0.5–1s；未知地面可能为平地、平台或障碍上的停顿；整段 outcome 未传播。,viewer.html?id=gait_20260909_154856_5809460fe5ab&t=70.500&end=76.000
gait_20260909_154856_5809460fe5ab,"[""D:\\S10Data\\050\\2026-09-09\\gait_20260909_154856_5809460fe5ab\\bag\\bag_0.db3""]",gait_20260909_154856_5809460fe5ab-P02,gait_20260909_154856_5809460fe5ab-S031,76.0,78.5,source_stamp_minus_manifest_started_wall_ns,1788940136020004713,1788940212020004713,1788940214520004713,unknown,转向候选,unknown,,,,uncertain,"{""automatic_class"": ""转向候选"", ""bin_s"": 0.5, ""pitch_median_deg"": -3.02, ""max_abs_roll_pitch_deg"": 3.82, ""leg_dq_rms_median"": 1.396, ""wheel_dq_abs_median"": 2.237}",[],automatic_candidate,pending,not_assessed,边界约 ±0.5–1s；未知地面可能为平地、平台或障碍上的停顿；整段 outcome 未传播。,viewer.html?id=gait_20260909_154856_5809460fe5ab&t=76.000&end=78.500
gait_20260909_154856_5809460fe5ab,"[""D:\\S10Data\\050\\2026-09-09\\gait_20260909_154856_5809460fe5ab\\bag\\bag_0.db3""]",gait_20260909_154856_5809460fe5ab-P02,gait_20260909_154856_5809460fe5ab-S032,78.5,79.0,source_stamp_minus_manifest_started_wall_ns,1788940136020004713,1788940214520004713,1788940215020004713,unknown,行走/调整候选,unknown,,,,uncertain,"{""automatic_class"": ""行走/调整候选"", ""bin_s"": 0.5, ""pitch_median_deg"": 0.04, ""max_abs_roll_pitch_deg"": 1.61, ""leg_dq_rms_median"": 0.297, ""wheel_dq_abs_median"": 0.381}",[],automatic_candidate,pending,not_assessed,边界约 ±0.5–1s；未知地面可能为平地、平台或障碍上的停顿；整段 outcome 未传播。,viewer.html?id=gait_20260909_154856_5809460fe5ab&t=78.500&end=79.000
gait_20260909_154856_5809460fe5ab,"[""D:\\S10Data\\050\\2026-09-09\\gait_20260909_154856_5809460fe5ab\\bag\\bag_0.db3""]",gait_20260909_154856_5809460fe5ab-P02,gait_20260909_154856_5809460fe5ab-S033,79.0,84.15241997300018,source_stamp_minus_manifest_started_wall_ns,1788940136020004713,1788940215020004713,1788940220172424686,unknown,等待候选,unknown,,,,uncertain,"{""automatic_class"": ""等待候选"", ""bin_s"": 0.5, ""pitch_median_deg"": 0.33, ""max_abs_roll_pitch_deg"": 0.59, ""leg_dq_rms_median"": 0.007, ""wheel_dq_abs_median"": 0.014}",[],automatic_candidate,pending,not_assessed,边界约 ±0.5–1s；未知地面可能为平地、平台或障碍上的停顿；整段 outcome 未传播。,viewer.html?id=gait_20260909_154856_5809460fe5ab&t=79.000&end=84.152
