frame,timestamp,x,y,z,qx,qy,qz,qw
0.000000000000000000e+00,1.789366816549999952e+09,-5.294949000000000183e-03,4.249903999999999661e-03,-2.632295000000000208e-03,1.264692999999999894e-03,3.920959999999999810e-04,2.911459999999999938e-04,9.999990810000000119e-01
1.000000000000000000e+00,1.789366827249994278e+09,7.944008439999999949e-01,-1.589581199999999875e-02,1.604535699999999968e-02,-1.874269999999999929e-03,-1.029100699999999959e-02,-1.072295600000000050e-02,9.998877940000000519e-01
2.000000000000000000e+00,1.789366829351105928e+09,1.610190731000000097e+00,-1.263527300000000068e-02,4.199604800000000110e-02,-7.829788000000000719e-03,-1.241729199999999991e-02,1.074038259999999939e-01,9.941070990000000496e-01
3.000000000000000000e+00,1.789366830950618982e+09,2.401997103999999883e+00,1.866543149999999873e-01,7.478935000000000444e-02,-4.593934000000000038e-03,-1.662681999999999962e-03,1.912397710000000028e-01,9.815311920000000523e-01
4.000000000000000000e+00,1.789366832450088978e+09,3.170200331000000205e+00,5.140340789999999771e-01,8.248137099999999777e-02,-1.109897200000000035e-02,-1.481258199999999949e-02,2.695117080000000165e-01,9.628192140000000343e-01
5.000000000000000000e+00,1.789366833850040197e+09,3.819897479000000207e+00,1.014421626000000076e+00,9.656490299999999360e-02,-3.309725999999999814e-03,4.531358000000000087e-03,3.273443850000000155e-01,9.448884410000000234e-01
6.000000000000000000e+00,1.789366835050001144e+09,4.564800718999999951e+00,1.471358549999999932e+00,9.077189200000000679e-02,1.014553000000000069e-03,-6.365388999999999943e-03,2.389371610000000090e-01,9.710136379999999567e-01
7.000000000000000000e+00,1.789366836150004148e+09,5.375839746999999669e+00,1.787186329000000073e+00,1.106687920000000019e-01,-4.039123000000000366e-03,1.378171700000000062e-02,1.711137940000000135e-01,9.851465980000000400e-01
8.000000000000000000e+00,1.789366837249986887e+09,6.160639406999999679e+00,2.058734924999999993e+00,1.117345220000000028e-01,-2.318475999999999870e-03,8.997165999999999150e-03,1.658454149999999960e-01,9.861079929999999605e-01
9.000000000000000000e+00,1.789366838350006819e+09,6.997576089999999915e+00,2.232486777000000089e+00,1.016719860000000059e-01,5.930676999999999650e-03,9.824930000000000815e-03,-1.648591000000000032e-03,9.999327879999999613e-01
1.000000000000000000e+01,1.789366839449995279e+09,7.834089810000000043e+00,2.207811375999999992e+00,1.001079559999999979e-01,2.704185000000000009e-03,1.414977499999999985e-02,-2.674455699999999866e-02,9.995384929999999724e-01
1.100000000000000000e+01,1.789366840449998140e+09,8.669760946000000246e+00,2.144440651000000031e+00,8.236362099999999797e-02,2.028780999999999900e-03,1.577626899999999902e-02,-4.241896199999999756e-02,9.989732850000000441e-01
1.200000000000000000e+01,1.789366841450010061e+09,9.521404339000000050e+00,2.069152893000000049e+00,6.988826400000000549e-02,2.898353000000000214e-03,1.789697900000000036e-02,-4.245197099999999807e-02,9.989339959999999907e-01
1.300000000000000000e+01,1.789366842450041056e+09,1.037656817799999942e+01,1.978774240999999989e+00,6.534522500000000678e-02,1.858627999999999973e-03,9.803940000000000571e-03,-6.101456400000000030e-02,9.980869959999999486e-01
1.400000000000000000e+01,1.789366843350001097e+09,1.116995007200000067e+01,1.882167538999999890e+00,6.760828600000000355e-02,2.253651000000000178e-03,6.285640999999999798e-03,-5.294639400000000079e-02,9.985750300000000301e-01
1.500000000000000000e+01,1.789366844450001001e+09,1.203976351400000055e+01,1.852340373999999956e+00,8.448789700000000624e-02,-2.678949999999999821e-03,5.866047000000000101e-03,2.094609399999999844e-02,9.997598079999999721e-01
1.600000000000000000e+01,1.789366845449995041e+09,1.289174579400000020e+01,2.056971555000000063e+00,1.024956159999999977e-01,-8.002491000000000465e-03,3.402390999999999836e-03,1.974959350000000113e-01,9.802651369999999531e-01
1.700000000000000000e+01,1.789366850350818157e+09,1.367357638900000083e+01,2.369351212000000206e+00,1.256170349999999880e-01,-7.542013000000000189e-03,-7.014742899999999726e-02,1.902202359999999870e-01,9.792031039999999908e-01
1.800000000000000000e+01,1.789366851451281071e+09,1.444296089000000016e+01,2.682920677999999892e+00,3.704523100000000069e-01,-3.829819999999999731e-04,-3.483273299999999767e-02,1.533958450000000029e-01,9.875506309999999566e-01
1.900000000000000000e+01,1.789366852650995016e+09,1.524081870700000074e+01,2.920285688999999962e+00,5.823057929999999605e-01,9.575043999999999569e-03,-9.681341300000000094e-02,1.513688410000000040e-01,9.836782779999999615e-01
2.000000000000000000e+01,1.789366853750999928e+09,1.602939151800000062e+01,3.190234016999999866e+00,7.849936149999999779e-01,-6.860866000000000187e-03,-8.904167799999999910e-02,1.356115230000000116e-01,9.867289510000000208e-01
2.100000000000000000e+01,1.789366854751317024e+09,1.669644798999999935e+01,3.597011896999999792e+00,1.005141411000000096e+00,-3.421443500000000137e-02,-1.051283820000000063e-01,2.053244989999999937e-01,9.724295579999999717e-01
2.200000000000000000e+01,1.789366855851377964e+09,1.743330676800000134e+01,3.981193059999999839e+00,1.256556248000000098e+00,3.177723500000000090e-02,-1.440957710000000114e-01,1.377980639999999979e-01,9.794071210000000471e-01
2.300000000000000000e+01,1.789366857051015854e+09,1.819115905399999988e+01,4.251670428999999807e+00,1.424253670999999999e+00,2.730556300000000144e-02,-1.183331680000000025e-01,1.300548370000000065e-01,9.840413639999999740e-01
2.400000000000000000e+01,1.789366858250832081e+09,1.899317444300000091e+01,4.521834368000000381e+00,1.623575691999999959e+00,-2.477754000000000068e-02,-1.050461599999999995e-01,1.355967429999999918e-01,9.848679609999999585e-01
2.500000000000000000e+01,1.789366859251173019e+09,1.962066762699999956e+01,4.967920377000000443e+00,1.842571396999999944e+00,-9.275801000000000185e-03,-5.737611599999999784e-02,3.538051919999999906e-01,9.335115569999999918e-01
2.600000000000000000e+01,1.789366860051198244e+09,2.021663758800000110e+01,5.548844633999999942e+00,1.864253694000000072e+00,-8.721368000000000176e-03,7.132616999999999950e-03,3.709398899999999943e-01,9.285885320000000220e-01
2.700000000000000000e+01,1.789366861650006771e+09,2.094492256399999874e+01,6.059801935000000306e+00,1.866729685999999999e+00,-1.089545199999999991e-02,1.122955900000000007e-02,2.736435249999999986e-01,9.617039080000000517e-01
2.800000000000000000e+01,1.789366862750223160e+09,2.166632128899999898e+01,6.410375453000000334e+00,1.877279807999999939e+00,3.234169099999999880e-02,-2.429504899999999912e-02,3.031854680000000135e-01,9.520726539999999627e-01
2.900000000000000000e+01,1.789366863950678110e+09,2.224087593699999843e+01,6.980127584999999968e+00,2.070405758999999790e+00,4.053054200000000273e-02,-1.599701910000000116e-01,3.976393890000000098e-01,9.025794870000000136e-01
3.000000000000000000e+01,1.789366864951107979e+09,2.274010595700000081e+01,7.590563954000000280e+00,2.269866541999999932e+00,5.380466300000000257e-02,-1.457817020000000130e-01,4.324918700000000005e-01,8.881461229999999540e-01
3.100000000000000000e+01,1.789366866550899029e+09,2.330984308300000052e+01,8.094230364999999594e+00,2.521734137000000153e+00,6.734997800000000479e-02,-1.407662239999999954e-01,5.007985130000000007e-01,8.513810539999999705e-01
3.200000000000000000e+01,1.789366868450954914e+09,2.367693631099999862e+01,8.551742822999999660e+00,2.601230907999999786e+00,7.352375799999999462e-02,3.948110000000000118e-04,3.665937890000000032e-01,9.274713449999999471e-01
3.300000000000000000e+01,1.789366869252113104e+09,2.397017959400000109e+01,8.860570986000000815e+00,2.768342039000000199e+00,5.289058499999999691e-02,-1.142791030000000069e-01,5.615143139999999589e-01,8.178291680000000508e-01
3.400000000000000000e+01,1.789366869751522064e+09,2.375415236599999957e+01,8.945262379000000763e+00,2.721666498999999906e+00,1.012962100000000011e-02,-9.505072000000000521e-02,7.136111330000000086e-01,6.939898439999999669e-01
3.500000000000000000e+01,1.789366870851783037e+09,2.306932265100000023e+01,9.384057360999999986e+00,2.713909168999999899e+00,2.346566300000000119e-02,-1.751430529999999930e-01,8.384442439999999497e-01,5.155439099999999941e-01
3.600000000000000000e+01,1.789366872951111794e+09,2.289528381899999943e+01,1.003805158099999950e+01,2.874762055999999788e+00,1.180826420000000015e-01,-2.448065300000000152e-02,7.857056390000000112e-01,6.067320959999999985e-01
3.700000000000000000e+01,1.789366874851157904e+09,2.290777659900000174e+01,1.070853793799999920e+01,2.981892955000000178e+00,8.572202600000000672e-02,5.244169600000000292e-02,6.585604040000000436e-01,7.457880369999999592e-01
3.800000000000000000e+01,1.789366876950289965e+09,2.309643702600000026e+01,1.157624826900000059e+01,2.983654720000000093e+00,-2.369084000000000034e-03,9.169233000000000591e-03,5.810956560000000160e-01,8.137801609999999464e-01
3.900000000000000000e+01,1.789366878350747108e+09,2.329352144599999974e+01,1.236759838000000045e+01,3.081564683999999943e+00,-3.509134000000000125e-03,-5.694022199999999867e-02,5.674400139999999926e-01,8.214361369999999551e-01
4.000000000000000000e+01,1.789366879650369883e+09,2.364961143400000054e+01,1.308291808399999923e+01,3.301670339999999815e+00,4.415767799999999882e-02,-1.102882200000000062e-01,4.754581860000000049e-01,8.716800569999999526e-01
4.100000000000000000e+01,1.789366880751441956e+09,2.417590811399999851e+01,1.369822070000000025e+01,3.462965792999999959e+00,9.515907199999999733e-02,-7.666085899999999786e-02,4.858434609999999765e-01,8.654617239999999878e-01
4.200000000000000000e+01,1.789366882750632286e+09,2.470909140999999920e+01,1.428091836499999978e+01,3.746985238000000162e+00,6.592696400000000456e-02,-1.833009509999999898e-01,5.165124450000000422e-01,8.338280940000000196e-01
4.300000000000000000e+01,1.789366884450638056e+09,2.504992785499999997e+01,1.510953917600000018e+01,3.925837969999999899e+00,5.695828700000000328e-02,-9.908115900000000198e-02,5.707869140000000341e-01,8.131057600000000107e-01
4.400000000000000000e+01,1.789366885651757240e+09,2.511492577399999959e+01,1.588642631799999982e+01,4.116585444000000038e+00,2.803724800000000072e-02,-1.664092329999999897e-01,5.699199169999999981e-01,8.041847850000000131e-01
4.500000000000000000e+01,1.789366886950684786e+09,2.534146211199999854e+01,1.659979897299999863e+01,4.397034653999999598e+00,7.620162900000000683e-02,-1.194655669999999947e-01,5.009623239999999589e-01,8.537903959999999515e-01
4.600000000000000000e+01,1.789366888350909233e+09,2.555572960299999963e+01,1.741894810899999868e+01,4.581720963000000424e+00,1.364590300000000089e-01,-7.505100300000000502e-02,6.380895939999999822e-01,7.540477110000000094e-01
4.700000000000000000e+01,1.789366889451816082e+09,2.549303935300000035e+01,1.821367639400000016e+01,4.765684389999999659e+00,7.003192099999999698e-02,-8.281589500000000048e-02,6.479126379999999852e-01,7.539537589999999456e-01
4.800000000000000000e+01,1.789366890351598024e+09,2.569754049300000176e+01,1.901088398999999995e+01,4.923084813000000004e+00,8.276316300000000070e-02,-6.012520600000000048e-02,6.012771300000000485e-01,7.924651609999999735e-01
4.900000000000000000e+01,1.789366891450847149e+09,2.565940265600000103e+01,1.984861304600000054e+01,5.022417994000000441e+00,-2.410762999999999795e-03,-1.429252999999999904e-03,6.357523739999999535e-01,7.718879870000000532e-01
5.000000000000000000e+01,1.789366893450000048e+09,2.593146039599999852e+01,2.066399467000000101e+01,5.023272411999999854e+00,1.233499999999999964e-05,1.607907999999999907e-03,5.002623510000000495e-01,8.658723889999999646e-01
5.100000000000000000e+01,1.789366894250000954e+09,2.637144701600000118e+01,2.141989405600000040e+01,5.041719386999999664e+00,-3.823032000000000079e-03,9.984253000000000225e-03,4.942361339999999936e-01,8.692619529999999761e-01
5.200000000000000000e+01,1.789366894850031137e+09,2.651656397400000031e+01,2.167898637100000059e+01,5.051836615000000030e+00,3.069206000000000018e-02,-2.901468999999999836e-03,2.748653520000000072e-01,9.609883540000000446e-01
5.300000000000000000e+01,1.789366895250490904e+09,2.653719373499999890e+01,2.165721587299999840e+01,5.068095238999999808e+00,2.580841700000000016e-02,5.971352000000000083e-03,5.050038700000000075e-02,9.983726659999999642e-01
5.400000000000000000e+01,1.789366895651044130e+09,2.652335993999999886e+01,2.165108166299999937e+01,5.079432137000000402e+00,2.667710200000000115e-02,-1.203103000000000072e-03,-1.946879430000000022e-01,9.805016519999999458e-01
5.500000000000000000e+01,1.789366896050498009e+09,2.652375442399999983e+01,2.162024032300000087e+01,5.069269422999999719e+00,2.406478100000000037e-02,-1.159644399999999916e-02,-4.227437479999999748e-01,9.058554699999999960e-01
5.600000000000000000e+01,1.789366896450154066e+09,2.652371469999999931e+01,2.158201343300000019e+01,5.078821132999999932e+00,2.561104599999999842e-02,-1.519328099999999945e-02,-6.212471859999999513e-01,7.830486399999999625e-01
5.700000000000000000e+01,1.789366899750005960e+09,2.650307402800000034e+01,2.081480403600000173e+01,5.053471821999999669e+00,3.458651699999999718e-02,2.929459999999999833e-04,-7.694186509999999535e-01,6.378076719999999922e-01
5.800000000000000000e+01,1.789366901550008059e+09,2.616148599899999994e+01,2.001252118400000057e+01,5.029430174999999892e+00,3.734932400000000319e-02,1.399379499999999985e-02,-8.196919449999999774e-01,5.714143130000000070e-01
5.900000000000000000e+01,1.789366903149989843e+09,2.587473140499999857e+01,1.925323551500000008e+01,5.005148485000000314e+00,4.334025200000000272e-02,1.775021699999999869e-02,-8.206635829999999743e-01,5.694890999999999703e-01
6.000000000000000000e+01,1.789366911150009871e+09,2.555061236799999946e+01,1.852344627300000113e+01,4.855257984999999721e+00,1.482461140000000122e-01,8.329412099999999874e-02,-8.389156030000000097e-01,5.170162379999999613e-01
6.100000000000000000e+01,1.789366914050047159e+09,2.513942916299999908e+01,1.787243766699999981e+01,4.613621150000000171e+00,2.127279719999999874e-01,4.561505099999999674e-02,-8.273414850000000431e-01,5.178534000000000193e-01
6.200000000000000000e+01,1.789366915250199080e+09,2.506418375299999823e+01,1.776638744499999945e+01,4.519330389000000281e+00,-1.705081009999999953e-01,-2.475866499999999915e-02,9.248523760000000316e-01,-3.390605819999999992e-01
6.300000000000000000e+01,1.789366916150065422e+09,2.516857872900000004e+01,1.769111957999999873e+01,4.534778674000000009e+00,1.172476489999999955e-01,1.361776789999999959e-01,-8.362210500000000213e-01,5.181148370000000503e-01
6.400000000000000000e+01,1.789366916751348019e+09,2.512999574699999883e+01,1.774236902199999832e+01,4.570111638000000198e+00,9.430265699999999807e-02,1.124471060000000050e-01,-7.105155659999999873e-01,6.882080259999999727e-01
6.500000000000000000e+01,1.789366919750174999e+09,2.505107282000000168e+01,1.694168689500000013e+01,4.381666300000000014e+00,1.287338160000000009e-01,1.105451130000000004e-01,-7.476850579999999580e-01,6.420081279999999557e-01
6.600000000000000000e+01,1.789366921750091076e+09,2.484780323000000024e+01,1.618631432700000161e+01,4.194878377000000214e+00,1.399546080000000081e-01,9.445771599999999713e-02,-8.054662310000000325e-01,5.680797459999999965e-01
6.700000000000000000e+01,1.789366923651442289e+09,2.449958217600000054e+01,1.544595222499999920e+01,3.906985627000000072e+00,1.693552409999999897e-01,9.118385399999999474e-02,-7.965605310000000161e-01,5.731453800000000376e-01
6.800000000000000000e+01,1.789366925650373936e+09,2.422198363200000060e+01,1.468069350100000037e+01,3.722016977000000004e+00,1.297888580000000069e-01,8.924449099999999524e-02,-8.164540040000000110e-01,5.555115950000000247e-01
6.900000000000000000e+01,1.789366927450182438e+09,2.382489164700000117e+01,1.397874851199999924e+01,3.543788710999999925e+00,1.434120769999999989e-01,6.499675100000000538e-02,-8.472438530000000467e-01,5.073324860000000269e-01
7.000000000000000000e+01,1.789366928751190901e+09,2.355625520999999978e+01,1.323690645499999974e+01,3.268738180000000160e+00,9.499398100000000511e-02,1.320162119999999939e-01,-7.691440720000000120e-01,6.180333810000000483e-01
7.100000000000000000e+01,1.789366930050555944e+09,2.349291373799999860e+01,1.252490021500000061e+01,3.129257078999999830e+00,7.101807599999999943e-02,1.445676389999999978e-01,-6.278403200000000073e-01,7.614940340000000418e-01
7.200000000000000000e+01,1.789366931650340080e+09,2.360117211500000067e+01,1.168996849800000071e+01,3.024375618000000099e+00,4.701814399999999783e-02,1.192333200000000037e-01,-5.811244420000000188e-01,8.036585670000000459e-01
7.300000000000000000e+01,1.789366935050045967e+09,2.383446812100000045e+01,1.092458767299999955e+01,2.977149026999999837e+00,1.441133699999999976e-02,2.109764000000000084e-02,-4.771330819999999862e-01,8.784595750000000480e-01
7.400000000000000000e+01,1.789366936150006056e+09,2.425027722400000130e+01,1.022913246599999937e+01,2.965230877999999848e+00,3.417983799999999711e-02,1.974041400000000127e-02,-5.063669179999999992e-01,8.614143010000000489e-01
7.500000000000000000e+01,1.789366938350022793e+09,2.448924048299999967e+01,9.534342344000000580e+00,2.961641240000000064e+00,2.161587499999999967e-02,1.175314000000000003e-03,-6.850850849999999825e-01,7.281413319999999745e-01
7.600000000000000000e+01,1.789366938950299263e+09,2.436541710499999880e+01,9.109189073999999664e+00,2.887432952000000164e+00,1.364133839999999986e-01,9.258481400000000139e-02,-7.869870230000000078e-01,5.945341600000000337e-01
7.700000000000000000e+01,1.789366940050747156e+09,2.416278600100000062e+01,8.357965325000000334e+00,2.647861003000000046e+00,1.337353410000000076e-01,9.391921100000000244e-02,-8.151019390000000531e-01,5.557903109999999813e-01
7.800000000000000000e+01,1.789366941150361061e+09,2.374218771800000027e+01,7.645889524000000215e+00,2.415993740999999861e+00,-1.785259909999999950e-01,-1.253992889999999971e-01,8.543961690000000386e-01,-4.716043619999999992e-01
7.900000000000000000e+01,1.789366941750719070e+09,2.339124078100000048e+01,7.284141849000000057e+00,2.304746322999999819e+00,-1.506683759999999928e-01,-4.412700199999999850e-02,9.421948839999999548e-01,-2.960078529999999875e-01
8.000000000000000000e+01,1.789366942751126051e+09,2.279757802600000005e+01,6.712508785999999894e+00,2.031523368000000218e+00,-1.513684429999999914e-01,-8.743150299999999375e-02,9.249185500000000060e-01,-3.375929540000000006e-01
8.100000000000000000e+01,1.789366943750715017e+09,2.214403534399999884e+01,6.157739076999999561e+00,1.879138052999999919e+00,-1.369422969999999906e-01,-5.373720099999999833e-02,9.274666639999999962e-01,-3.437509389999999776e-01
8.200000000000000000e+01,1.789366944650367022e+09,2.141289112500000158e+01,5.802376181999999716e+00,1.864936581000000038e+00,-2.763974300000000134e-02,-9.674287000000000164e-03,9.764341629999999661e-01,-2.138194989999999962e-01
8.300000000000000000e+01,1.789366946349992990e+09,2.061771042000000165e+01,5.484736487000000160e+00,1.843635955999999965e+00,-3.038544500000000051e-02,4.426483999999999627e-03,9.898133249999999661e-01,-1.390205509999999922e-01
8.400000000000000000e+01,1.789366948250090122e+09,1.986266878600000041e+01,5.145737463999999761e+00,1.828117152999999995e+00,-2.784581900000000082e-02,7.544631999999999901e-03,9.628729310000000430e-01,-2.684090319999999918e-01
8.500000000000000000e+01,1.789366949150727749e+09,1.932962072899999839e+01,4.875693552000000430e+00,1.728452518000000104e+00,-1.657140970000000046e-01,-3.045002800000000051e-02,9.800217279999999809e-01,-1.056837119999999991e-01
8.600000000000000000e+01,1.789366950550467014e+09,1.855527778800000149e+01,4.645124089000000289e+00,1.534745196000000034e+00,-1.552918640000000017e-01,-5.117029699999999653e-02,9.575018210000000307e-01,-2.376053469999999945e-01
8.700000000000000000e+01,1.789366951650460005e+09,1.782257476599999890e+01,4.304511989999999955e+00,1.317030329000000055e+00,-1.631592309999999879e-01,1.691384099999999890e-02,9.329770630000000509e-01,-3.203853720000000016e-01
8.800000000000000000e+01,1.789366952651090860e+09,1.710668629899999971e+01,3.879103909999999988e+00,1.133083421000000035e+00,-1.712471700000000041e-01,4.530688299999999918e-02,9.463785260000000532e-01,-2.701654669999999925e-01
8.900000000000000000e+01,1.789366953751198053e+09,1.636592277300000120e+01,3.582741830999999877e+00,9.324925539999999735e-01,-1.706632419999999928e-01,2.721089100000000094e-02,9.699599949999999637e-01,-1.712052360000000106e-01
9.000000000000000000e+01,1.789366954850779057e+09,1.564740511499999975e+01,3.214651734999999899e+00,7.230668879999999632e-01,-1.644448159999999937e-01,-3.091082499999999941e-02,9.732844480000000242e-01,-1.572253389999999917e-01
9.100000000000000000e+01,1.789366955851220846e+09,1.485634434800000037e+01,3.092024304000000168e+00,4.416084599999999805e-01,-1.890996010000000060e-01,5.464542000000000184e-03,9.743860109999999963e-01,-1.215869269999999974e-01
9.200000000000000000e+01,1.789366956851059198e+09,1.405809564800000011e+01,2.929991608999999997e+00,2.338900100000000093e-01,-1.704187020000000052e-01,-2.037007000000000054e-02,9.812102249999999914e-01,-8.814205099999999904e-02
9.300000000000000000e+01,1.789366957950481176e+09,1.322587361399999928e+01,2.774349716000000132e+00,6.839995999999999576e-02,-8.441472099999999812e-02,-2.295849999999999974e-02,9.690899589999999453e-01,-2.306766419999999873e-01
9.400000000000000000e+01,1.789366958650620222e+09,1.275658404300000015e+01,2.470961170999999901e+00,6.986562999999999801e-02,-8.084848000000000381e-03,-1.086699500000000082e-02,8.984218600000000166e-01,-4.389244869999999743e-01
9.500000000000000000e+01,1.789366959750013113e+09,1.228248431199999935e+01,1.743944495999999900e+00,6.906454900000000285e-02,-2.122385300000000086e-02,-3.514338000000000097e-03,8.860898510000000394e-01,-4.630140090000000042e-01
9.600000000000000000e+01,1.789366960649993181e+09,1.162887036599999924e+01,1.156739753999999953e+00,3.785005000000000314e-02,-1.934001499999999860e-02,2.414073200000000155e-02,9.657929440000000421e-01,-2.574629660000000153e-01
9.700000000000000000e+01,1.789366961250022173e+09,1.103962968499999953e+01,1.032792506999999915e+00,3.526499799999999879e-02,-2.407657399999999989e-02,1.697861599999999846e-02,9.990310040000000003e-01,-3.269707399999999958e-02
9.800000000000000000e+01,1.789366962050036907e+09,1.018848249000000017e+01,9.813248810000000377e-01,3.423040000000000110e-02,-2.214496700000000151e-02,1.783348800000000151e-02,9.995399139999999738e-01,1.056065200000000023e-02
9.900000000000000000e+01,1.789366963050007820e+09,9.384740845999999692e+00,1.073727160000000014e+00,3.849532800000000227e-02,-2.530911400000000061e-02,-2.141709999999999794e-03,9.990889680000000217e-01,3.429426000000000002e-02
1.000000000000000000e+02,1.789366963850015163e+09,8.740031502000000785e+00,1.256368962999999894e+00,2.859957899999999997e-02,-1.528175399999999982e-02,1.758782999999999874e-02,9.703308510000000497e-01,2.406557189999999902e-01
1.010000000000000000e+02,1.789366964749997854e+09,8.017482402000000619e+00,1.605831946999999982e+00,4.423959100000000172e-02,-1.911468300000000037e-02,5.317635999999999717e-03,9.777635580000000326e-01,2.087696729999999889e-01
1.020000000000000000e+02,1.789366966950039148e+09,7.248619741999999810e+00,1.847321478000000017e+00,6.173742699999999750e-02,-2.491987099999999969e-02,-3.168380000000000155e-03,9.940598990000000246e-01,1.058955990000000069e-01
1.030000000000000000e+02,1.789366968250010252e+09,6.384289611999999892e+00,1.867375513000000042e+00,7.527381499999999392e-02,-1.730066200000000137e-02,-1.607484699999999975e-02,9.994045609999999691e-01,-2.515569399999999928e-02
1.040000000000000000e+02,1.789366969450067997e+09,5.564679467000000379e+00,1.793090027000000086e+00,1.027109320000000048e-01,-6.202074999999999602e-03,-1.638059700000000021e-02,9.896519280000000141e-01,-1.424158419999999869e-01
1.050000000000000000e+02,1.789366970550039768e+09,4.719087773000000041e+00,1.654805242999999981e+00,9.579106699999999364e-02,-2.120405300000000048e-02,-6.984592999999999878e-03,9.937983569999999656e-01,-1.089331429999999962e-01
1.060000000000000000e+02,1.789366971050729990e+09,4.519699634000000188e+00,1.594691223000000102e+00,1.144738160000000060e-01,-5.411018000000000078e-03,-1.452654299999999940e-02,9.344837059999999695e-01,-3.556682480000000202e-01
1.070000000000000000e+02,1.789366972350125074e+09,3.951941253000000209e+00,9.841012009999999810e-01,9.110486199999999479e-02,-2.124973499999999876e-02,-6.069709999999999862e-03,9.171816189999999480e-01,-3.978561099999999850e-01
1.080000000000000000e+02,1.789366973250044107e+09,3.330923254000000000e+00,4.733380589999999777e-01,9.323848599999999542e-02,-2.770267400000000005e-02,-1.370108999999999997e-03,9.463272249999999941e-01,-3.220178060000000175e-01
1.090000000000000000e+02,1.789366974150059938e+09,2.678005027999999843e+00,1.680561819999999984e-01,6.766805800000000315e-02,-1.952884300000000059e-02,1.644942900000000152e-02,9.946981980000000334e-01,-9.961694799999999683e-02
1.100000000000000000e+02,1.789366975249995947e+09,1.870154007000000007e+00,5.084768700000000252e-02,4.359378500000000295e-02,-2.838324199999999950e-02,-5.242600000000000255e-04,9.963821179999999833e-01,-8.010487299999999311e-02
1.110000000000000000e+02,1.789366976049990177e+09,9.705696160000000239e-01,-1.030640290000000014e-01,2.649691499999999936e-02,-2.330735899999999972e-02,-4.853762999999999654e-03,9.963383590000000067e-01,-8.211627500000000246e-02
1.120000000000000000e+02,1.789366977349996090e+09,1.237967320000000065e-01,-2.292212120000000075e-01,1.749134200000000000e-02,-2.645577600000000029e-02,-2.143294999999999922e-03,9.971378669999999556e-01,-7.079246299999999992e-02
1.130000000000000000e+02,1.789366978150065184e+09,-4.563170539999999997e-01,-2.874856840000000191e-01,-9.830826000000000842e-03,-1.706183000000000005e-02,1.570658700000000102e-02,9.910877219999999488e-01,1.311766920000000114e-01
1.140000000000000000e+02,1.789366978550880194e+09,-4.339729729999999841e-01,-3.039002120000000029e-01,-1.457109999999999959e-03,-4.129373999999999892e-03,1.177317200000000015e-02,9.276254029999999595e-01,3.733034319999999906e-01
1.150000000000000000e+02,1.789366978950890064e+09,-3.974307659999999909e-01,-3.099462599999999735e-01,-8.050128999999999618e-03,4.490570999999999625e-03,1.815178300000000119e-02,8.118748700000000262e-01,5.835319549999999911e-01
1.160000000000000000e+02,1.789366979350246906e+09,-4.302062059999999799e-01,-3.435541540000000005e-01,-2.176032799999999892e-02,1.374548899999999962e-02,1.081510200000000005e-02,6.479244720000000290e-01,7.615037580000000306e-01
1.170000000000000000e+02,1.789366979750056028e+09,-4.158915739999999861e-01,-3.581298520000000263e-01,-1.115373000000000015e-03,2.256445400000000115e-02,4.761349999999999806e-04,4.475224979999999908e-01,8.939878260000000409e-01
1.180000000000000000e+02,1.789366980149995804e+09,-3.789340620000000159e-01,-3.730378360000000115e-01,7.348593999999999959e-03,2.702669900000000125e-02,-3.439950000000000212e-03,2.224345530000000071e-01,9.745668750000000546e-01
1.190000000000000000e+02,1.789366986249973059e+09,3.894112250000000275e-01,-1.538112980000000130e-01,1.732049899999999962e-02,6.892136999999999569e-03,-3.140761000000000160e-03,2.094549399999999853e-02,9.997519289999999836e-01
1.200000000000000000e+02,1.789366987250028133e+09,1.269819921000000074e+00,-1.080439410000000044e-01,3.060482399999999922e-02,1.841034000000000073e-03,1.098442500000000079e-02,3.103422800000000051e-02,9.994562670000000093e-01
1.210000000000000000e+02,1.789366988949992180e+09,2.098604141000000034e+00,2.116882000000000052e-03,5.011214600000000324e-02,2.862238999999999929e-03,1.898320200000000110e-02,7.417454599999999398e-02,9.970604709999999482e-01
1.220000000000000000e+02,1.789366989950006962e+09,2.946194907000000196e+00,1.184013180000000054e-01,7.608286999999999689e-02,4.390009999999999746e-03,1.617650899999999864e-02,6.815735800000000122e-02,9.975337699999999863e-01
1.230000000000000000e+02,1.789366990850025892e+09,3.752319881000000024e+00,2.997728619999999733e-01,1.029763489999999948e-01,1.507662000000000108e-03,1.826291799999999951e-02,1.051079510000000050e-01,9.942919650000000553e-01
1.240000000000000000e+02,1.789366991750102997e+09,4.531064469999999567e+00,6.850374590000000152e-01,1.046695480000000011e-01,-1.102970600000000023e-02,-3.215919999999999933e-04,3.156233749999999838e-01,9.488203870000000428e-01
1.250000000000000000e+02,1.789366992650054932e+09,5.097502131999999797e+00,1.392158712000000076e+00,9.408368400000000076e-02,3.839679999999999829e-03,1.799098999999999837e-02,3.950385160000000062e-01,9.184803489999999737e-01
1.260000000000000000e+02,1.789366993349993229e+09,5.748694426000000135e+00,1.859475517999999994e+00,1.041982409999999970e-01,6.696668999999999712e-03,1.508993500000000050e-02,3.015430410000000117e-01,9.533096260000000211e-01
1.270000000000000000e+02,1.789366994150027990e+09,6.438531833999999954e+00,2.381316530999999959e+00,1.009477619999999964e-01,1.635513900000000118e-02,1.415789400000000073e-02,2.897141810000000151e-01,9.568687249999999755e-01
1.280000000000000000e+02,1.789366994850013256e+09,7.189669632000000199e+00,2.633872611999999780e+00,1.017923079999999980e-01,3.291362800000000033e-02,9.902358999999999467e-03,6.413949800000000312e-02,9.973488659999999451e-01
1.290000000000000000e+02,1.789366995650026083e+09,8.061241917000000257e+00,2.627046771999999919e+00,8.283342300000000324e-02,2.594422999999999868e-02,1.694867900000000122e-02,-4.974526600000000326e-02,9.982810460000000052e-01
1.300000000000000000e+02,1.789366996350032806e+09,8.844279589999999303e+00,2.423500334999999950e+00,6.320604300000000342e-02,1.259192400000000087e-02,1.768998999999999919e-02,-1.640175449999999868e-01,9.862184099999999898e-01
1.310000000000000000e+02,1.789366997149999857e+09,9.688207655999999446e+00,2.134713044000000171e+00,5.647595799999999971e-02,8.507117999999999278e-03,1.599587099999999831e-02,-1.591276950000000134e-01,9.870917569999999586e-01
1.320000000000000000e+02,1.789366997950090170e+09,1.049282773700000071e+01,1.936328649000000013e+00,5.703785000000000105e-02,-5.969175000000000175e-03,1.312376500000000078e-02,-1.146162609999999971e-01,9.933052140000000474e-01
1.330000000000000000e+02,1.789366998750050068e+09,1.126735107500000055e+01,1.720342709999999942e+00,5.997784800000000027e-02,-9.426334999999999228e-03,6.044670999999999725e-03,-6.554113599999999984e-02,9.977870340000000171e-01
1.340000000000000000e+02,1.789366999650023937e+09,1.207083847600000048e+01,1.789831036000000042e+00,8.639549900000000060e-02,-1.534455799999999946e-02,5.263712999999999725e-03,1.187182769999999971e-01,9.927954509999999955e-01
1.350000000000000000e+02,1.789367000449988842e+09,1.284572368299999923e+01,1.988280983999999973e+00,8.654589799999999611e-02,-1.646478000000000047e-03,1.695409599999999836e-02,1.050464160000000036e-01,9.943214259999999527e-01
1.360000000000000000e+02,1.789367001650889874e+09,1.367810876299999912e+01,2.175512749000000134e+00,1.310595800000000088e-01,-1.837913700000000025e-02,-8.131642099999999984e-02,1.005032329999999974e-01,9.914378179999999707e-01
1.370000000000000000e+02,1.789367003551514149e+09,1.444435216199999950e+01,2.354941633999999784e+00,3.942714130000000150e-01,-2.450011100000000150e-02,-1.410548329999999906e-01,1.944392379999999865e-01,9.704105629999999483e-01
1.380000000000000000e+02,1.789367004751123905e+09,1.518886432200000058e+01,2.686844558999999855e+00,5.940075270000000351e-01,5.493217499999999975e-02,-1.284072370000000074e-01,1.186741969999999952e-01,9.830617849999999658e-01
1.390000000000000000e+02,1.789367006051063061e+09,1.597847704700000016e+01,3.116719294999999779e+00,7.834986910000000249e-01,1.406974599999999929e-02,-8.444344500000000586e-02,2.234014320000000109e-01,9.709599100000000371e-01
1.400000000000000000e+02,1.789367006951748133e+09,1.673792374399999972e+01,3.452714854999999972e+00,9.671273089999999906e-01,6.316923100000000624e-02,-1.112616379999999960e-01,1.242113819999999952e-01,9.839725750000000160e-01
1.410000000000000000e+02,1.789367007950783253e+09,1.755218694799999923e+01,3.678419797000000102e+00,1.242242818000000026e+00,2.185816800000000074e-02,-1.203353010000000056e-01,5.850995199999999702e-02,9.907664819999999484e-01
1.420000000000000000e+02,1.789367008851222754e+09,1.837450465599999916e+01,3.851279399000000048e+00,1.412292958999999959e+00,7.812821699999999980e-02,-1.096821510000000055e-01,2.523933780000000016e-01,9.582084269999999737e-01
1.430000000000000000e+02,1.789367009852340221e+09,1.896866579299999955e+01,4.366739305000000293e+00,1.567480771000000050e+00,-1.006785540000000034e-01,-4.746379199999999771e-02,2.052073650000000027e-01,9.723687340000000123e-01
1.440000000000000000e+02,1.789367010252133131e+09,1.909421456800000172e+01,4.616511401000000347e+00,1.548823161000000059e+00,-2.347985240000000084e-01,1.315843260000000015e-01,2.547629410000000205e-01,9.287901069999999759e-01
1.450000000000000000e+02,1.789367010652168989e+09,1.915756290599999900e+01,4.622422259999999561e+00,1.626702985999999962e+00,-1.504600620000000055e-01,-2.179390499999999883e-02,4.044498120000000196e-01,9.018354309999999652e-01
1.460000000000000000e+02,1.789367011450561047e+09,1.934557982700000167e+01,5.140278716000000081e+00,1.672372208000000082e+00,-6.021253599999999706e-02,-1.693800800000000092e-02,5.718375580000000236e-01,8.179788270000000194e-01
1.470000000000000000e+02,1.789367014950870991e+09,1.919387753499999860e+01,4.928475317000000189e+00,1.659931287000000033e+00,1.567255000000000037e-03,-6.784270000000000231e-03,3.954848449999999738e-01,9.184461090000000105e-01
1.480000000000000000e+02,1.789367016550733805e+09,1.979184113399999845e+01,5.473792882999999776e+00,1.843883796999999936e+00,1.892745200000000086e-02,4.998599999999999745e-04,3.059462749999999898e-01,9.518604830000000350e-01
1.490000000000000000e+02,1.789367017250447035e+09,2.044458095299999911e+01,5.955058069999999759e+00,1.849357326000000024e+00,7.334020000000000122e-03,1.149241900000000025e-02,2.449240890000000115e-01,9.694464019999999849e-01
1.500000000000000000e+02,1.789367020250011206e+09,2.125223974900000101e+01,6.249529115999999718e+00,1.858708106999999998e+00,-9.304991000000000304e-03,-1.752509999999999929e-04,2.177664840000000102e-01,9.759565279999999898e-01
1.510000000000000000e+02,1.789367021850588083e+09,2.199221871099999959e+01,6.600704505999999583e+00,1.900328650000000064e+00,3.812253799999999748e-02,-6.972238599999999731e-02,2.551541449999999989e-01,9.636295049999999973e-01
1.520000000000000000e+02,1.789367023151048899e+09,2.252138515500000082e+01,7.108776955999999814e+00,2.164889254999999846e+00,5.342346500000000331e-02,-1.878372570000000075e-01,4.402218339999999785e-01,8.763947939999999770e-01
1.530000000000000000e+02,1.789367024351206779e+09,2.280909345899999963e+01,7.837405726000000072e+00,2.357749608000000219e+00,7.642886000000000124e-02,-1.391494339999999885e-01,4.332794839999999925e-01,8.871668129999999985e-01
1.540000000000000000e+02,1.789367025551212072e+09,2.331798271599999950e+01,8.556228743000000136e+00,2.546278635000000179e+00,9.789580700000000135e-02,-5.839412599999999759e-02,4.349912899999999749e-01,8.931904139999999881e-01
1.550000000000000000e+02,1.789367026251185894e+09,2.354676353300000002e+01,9.089094297999999128e+00,2.717357613999999977e+00,9.498706399999999606e-02,-1.124628180000000061e-01,6.212476959999999604e-01,7.696628300000000200e-01
1.560000000000000000e+02,1.789367027450845003e+09,2.334811216399999978e+01,9.860321475999999308e+00,2.895850149000000151e+00,6.659018699999999513e-02,-5.705593700000000101e-02,6.661525329999999911e-01,7.406424029999999492e-01
1.570000000000000000e+02,1.789367027751807928e+09,2.334649292699999990e+01,1.008203642800000033e+01,2.890931144000000064e+00,6.323556199999999516e-02,-3.048586000000000004e-02,4.974318269999999931e-01,8.646579979999999832e-01
1.580000000000000000e+02,1.789367029150063753e+09,2.378101381300000128e+01,1.080978428200000074e+01,2.967425614999999794e+00,-9.998583000000000123e-03,-3.567859999999999955e-03,4.968119819999999853e-01,8.677932659999999521e-01
1.590000000000000000e+02,1.789367030350033760e+09,2.392617843500000063e+01,1.113080839300000058e+01,2.992431073000000108e+00,-1.001648100000000069e-02,1.123740000000000052e-04,6.597023419999999971e-01,7.514602299999999513e-01
1.600000000000000000e+02,1.789367031951117039e+09,2.393675993100000099e+01,1.196874973699999956e+01,3.098983152999999824e+00,9.447095000000000839e-03,-2.969096900000000108e-02,6.758638470000000176e-01,7.363676120000000047e-01
1.610000000000000000e+02,1.789367033051694155e+09,2.388041797600000038e+01,1.279345710499999988e+01,3.245425754000000218e+00,-2.727063999999999964e-03,-5.339750800000000325e-02,6.203832040000000214e-01,7.824742479999999833e-01
1.620000000000000000e+02,1.789367034150927067e+09,2.406480710599999995e+01,1.361142418400000054e+01,3.474776426000000029e+00,5.473298499999999789e-02,-9.966966900000000240e-02,5.380690310000000309e-01,8.351957709999999757e-01
1.630000000000000000e+02,1.789367035252285957e+09,2.454122381999999902e+01,1.427120477100000073e+01,3.611961212000000199e+00,1.087017099999999931e-01,-6.018026800000000204e-02,5.058517080000000110e-01,8.536253999999999786e-01
1.640000000000000000e+02,1.789367036350913048e+09,2.488741818600000144e+01,1.498548174099999919e+01,3.906034383999999804e+00,5.526628499999999833e-02,-1.058489860000000060e-01,5.555147019999999713e-01,8.228882339999999962e-01
1.650000000000000000e+02,1.789367037450782776e+09,2.516643903299999963e+01,1.577616954700000029e+01,4.123045851999999734e+00,1.084340990000000060e-01,-1.293179040000000113e-01,5.571789120000000262e-01,8.130624730000000078e-01
1.660000000000000000e+02,1.789367038951127768e+09,2.514742032999999921e+01,1.656317618699999983e+01,4.338142611000000315e+00,8.360177400000000369e-02,-9.744092999999999505e-02,6.288639080000000270e-01,7.668416999999999595e-01
1.670000000000000000e+02,1.789367040251101255e+09,2.499289802399999871e+01,1.737244210700000124e+01,4.467120129999999634e+00,5.637664399999999659e-02,-1.572052859999999996e-01,5.725638069999999802e-01,8.026698319999999720e-01
1.680000000000000000e+02,1.789367042450919151e+09,2.513712117900000109e+01,1.797990114499999947e+01,4.681596231000000330e+00,8.278743099999999466e-02,-1.224217269999999941e-01,3.940620000000000234e-01,9.071241939999999948e-01
1.690000000000000000e+02,1.789367043851047039e+09,2.570013821499999906e+01,1.858179619799999926e+01,4.886805725000000322e+00,4.622422500000000073e-02,-9.892992000000000452e-02,4.371574790000000155e-01,8.927315000000000111e-01
1.700000000000000000e+02,1.789367044813681126e+09,2.600957836699999959e+01,1.933068281999999982e+01,5.143577331999999558e+00,-6.563115999999999915e-03,8.673155999999999574e-03,5.359867390000000453e-01,8.441563340000000082e-01
1.710000000000000000e+02,1.789367045419610977e+09,2.656842648699999998e+01,1.990328596999999888e+01,5.062482214000000091e+00,-6.932360999999999732e-03,8.856940000000000646e-03,5.236583599999999894e-01,8.518541059999999998e-01
1.720000000000000000e+02,1.789367048295200109e+09,2.689796815400000085e+01,2.093388073999999932e+01,5.038227034000000160e+00,-2.594311000000000186e-03,1.159180200000000001e-02,5.129702130000000082e-01,8.583242159999999732e-01
1.730000000000000000e+02,1.789367050267035246e+09,2.725089405700000000e+01,2.172072028799999899e+01,5.059771862999999925e+00,-1.037320700000000061e-02,1.667140500000000025e-02,5.206060930000000475e-01,8.535711780000000415e-01
1.740000000000000000e+02,1.789367050953608990e+09,2.770392324999999900e+01,2.252028521900000158e+01,5.053952769000000345e+00,-9.891578999999999303e-03,1.150481700000000052e-02,5.215526489999999793e-01,8.530841869999999938e-01
1.750000000000000000e+02,1.789367056249993086e+09,2.808011202000000139e+01,2.329112324900000175e+01,5.062420158000000114e+00,-1.023657400000000002e-02,2.009283699999999881e-02,5.132567869999999921e-01,8.579387870000000360e-01
1.760000000000000000e+02,1.789367057149989128e+09,2.844419397100000069e+01,2.402635132200000001e+01,5.064182384000000425e+00,-1.310600900000000006e-02,8.599195000000000449e-03,5.180164149999999523e-01,8.552270339999999971e-01
1.770000000000000000e+02,1.789367057749995947e+09,2.883449957099999850e+01,2.475575541699999960e+01,5.072055020999999719e+00,-1.049172299999999967e-02,1.004663000000000040e-03,5.072671500000000000e-01,8.617244069999999700e-01
1.780000000000000000e+02,1.789367058450022936e+09,2.926462237699999847e+01,2.557443337200000144e+01,5.078820148000000145e+00,-1.479777500000000086e-02,1.714313000000000078e-03,5.083757009999999577e-01,8.610065239999999953e-01
1.790000000000000000e+02,1.789367059050087929e+09,2.977261878499999881e+01,2.619515156199999950e+01,5.080178493000000017e+00,2.581318999999999888e-03,1.341753799999999969e-02,4.015860119999999922e-01,9.157193790000000000e-01
1.800000000000000000e+02,1.789367059750049829e+09,3.032581662500000164e+01,2.692001894299999876e+01,5.104750767999999717e+00,1.427831999999999973e-03,8.325568999999999678e-03,4.185724450000000152e-01,9.081441270000000232e-01
1.810000000000000000e+02,1.789367060450008154e+09,3.097460923299999891e+01,2.754210838799999905e+01,5.112398817999999956e+00,-3.119381999999999971e-03,7.606319999999999748e-03,3.889766720000000233e-01,9.212109210000000159e-01
1.820000000000000000e+02,1.789367061150563240e+09,3.159871752100000108e+01,2.815936223299999952e+01,5.139895045000000273e+00,2.446752999999999862e-03,-2.277538999999999866e-03,3.847462249999999973e-01,9.230163430000000169e-01
1.830000000000000000e+02,1.789367062750331879e+09,3.221547369700000019e+01,2.870655354200000176e+01,5.307542882999999989e+00,4.632660000000000250e-02,-1.400805210000000134e-01,3.586246450000000197e-01,9.217481530000000145e-01
1.840000000000000000e+02,1.789367063651399851e+09,3.277540102900000107e+01,2.937277293000000000e+01,5.432440718999999696e+00,-9.868282000000000789e-03,6.619372000000000103e-03,3.882516149999999944e-01,9.214767959999999869e-01
1.850000000000000000e+02,1.789367064350254774e+09,3.340120412699999974e+01,2.995605920699999913e+01,5.446650938000000330e+00,-4.631136000000000107e-03,1.347816999999999939e-02,3.630903249999999916e-01,9.316449470000000010e-01
1.860000000000000000e+02,1.789367065050045013e+09,3.397087003099999691e+01,3.067715630600000054e+01,5.471689951000000107e+00,-7.134554999999999890e-03,1.096863699999999983e-02,4.465859059999999769e-01,8.946450780000000380e-01
1.870000000000000000e+02,1.789367065750054836e+09,3.446319276700000245e+01,3.141717224499999972e+01,5.472416407999999954e+00,-1.089185200000000048e-02,8.596727999999999661e-03,4.606594860000000069e-01,8.874684790000000323e-01
1.880000000000000000e+02,1.789367066450067043e+09,3.494648515800000155e+01,3.216375746800000002e+01,5.482628710000000183e+00,-1.882401300000000055e-02,2.792030000000000033e-04,5.112017920000000437e-01,8.592545059999999735e-01
1.890000000000000000e+02,1.789367067150048971e+09,3.535328785099999749e+01,3.296811791100000022e+01,5.517092940000000389e+00,-2.131532699999999850e-02,-1.041904999999999915e-02,5.950673800000000346e-01,8.033255339999999523e-01
1.900000000000000000e+02,1.789367067849995136e+09,3.572922891700000037e+01,3.380304409600000071e+01,5.521716778000000048e+00,-4.574642000000000291e-03,1.526393600000000052e-02,5.352615379999999812e-01,8.445360680000000286e-01
1.910000000000000000e+02,1.789367068550013065e+09,3.607549379299999970e+01,3.464013021000000236e+01,5.537268955000000048e+00,-9.944361999999999993e-03,8.905936999999999187e-03,5.529076539999999707e-01,8.331355950000000066e-01
1.920000000000000000e+02,1.789367069149994373e+09,3.644382467599999842e+01,3.535948933800000304e+01,5.543895646000000177e+00,-1.246944000000000047e-03,1.527192900000000006e-02,5.337778730000000138e-01,8.454858929999999884e-01
1.930000000000000000e+02,1.789367070151002884e+09,3.677261625599999917e+01,3.612348386200000050e+01,5.581846732999999894e+00,2.785547099999999970e-02,-6.371035199999999787e-02,5.241070450000000491e-01,8.488090889999999611e-01
1.940000000000000000e+02,1.789367071250861406e+09,3.719724922799999689e+01,3.684272141900000008e+01,5.727035304000000160e+00,3.560915800000000186e-02,-1.067197349999999961e-01,4.708753820000000090e-01,8.749967199999999501e-01
1.950000000000000000e+02,1.789367072150550127e+09,3.759413088600000208e+01,3.758710088000000127e+01,5.812324797999999682e+00,-1.729479999999999906e-02,2.524353600000000045e-02,4.905381200000000219e-01,8.708823150000000179e-01
1.960000000000000000e+02,1.789367072950036764e+09,3.802295706099999961e+01,3.827801556200000022e+01,5.809563486000000054e+00,-1.488169500000000034e-02,1.856321799999999939e-02,4.837259620000000093e-01,8.748960709999999974e-01
1.970000000000000000e+02,1.789367073849999905e+09,3.847238146899999833e+01,3.896702524799999878e+01,5.785064477999999788e+00,-1.434682399999999934e-02,2.297315200000000016e-02,4.754816479999999790e-01,8.793085950000000262e-01
1.980000000000000000e+02,1.789367075350006104e+09,3.899810246100000199e+01,3.964212448300000347e+01,5.759265090000000420e+00,-4.511084999999999748e-03,2.448167399999999841e-02,3.658346869999999917e-01,9.303468599999999977e-01
1.990000000000000000e+02,1.789367076050028801e+09,3.975633371600000032e+01,4.009362505600000048e+01,5.734995811000000110e+00,-4.316984999999999746e-03,2.858853700000000067e-02,2.592278809999999933e-01,9.653833250000000143e-01
2.000000000000000000e+02,1.789367076749993086e+09,4.052110088300000257e+01,4.056486921900000198e+01,5.717880663999999946e+00,-1.254825199999999932e-02,2.514937199999999970e-02,2.735866710000000035e-01,9.614366250000000447e-01
2.010000000000000000e+02,1.789367077450035095e+09,4.134791247799999780e+01,4.093697671700000029e+01,5.697357885999999816e+00,-8.130459999999999944e-04,3.223530299999999987e-02,1.566216390000000069e-01,9.871321520000000405e-01
2.020000000000000000e+02,1.789367078149988174e+09,4.214528273100000177e+01,4.122315596199999987e+01,5.674086714999999614e+00,-9.259995000000000032e-03,3.159873099999999796e-02,1.817999899999999946e-01,9.827840740000000075e-01
2.030000000000000000e+02,1.789367085149993181e+09,4.291304044200000334e+01,4.150693062799999922e+01,5.659377498999999645e+00,-4.367801999999999622e-03,2.767951899999999965e-02,1.775896110000000083e-01,9.837055940000000165e-01
2.040000000000000000e+02,1.789367085749996901e+09,4.308637120499999895e+01,4.157309850800000106e+01,5.658736204000000214e+00,8.946499999999999809e-05,2.251036299999999851e-02,-5.420441599999999832e-02,9.982760920000000038e-01
2.050000000000000000e+02,1.789367088050009966e+09,4.225524131600000288e+01,4.161115647799999806e+01,5.658353667000000087e+00,-1.069742299999999931e-02,3.527440700000000068e-02,8.783645499999999384e-02,9.954526799999999787e-01
2.060000000000000000e+02,1.789367088749995947e+09,4.195076315200000039e+01,4.161880946600000186e+01,5.664863258999999651e+00,1.910792600000000077e-02,2.985829200000000155e-02,-1.438870359999999959e-01,9.889589930000000084e-01
2.070000000000000000e+02,1.789367089250027180e+09,4.176039372200000344e+01,4.179964432300000254e+01,5.667779765999999775e+00,1.821961000000000067e-02,1.788867499999999972e-02,-3.671860419999999903e-01,9.297969950000000150e-01
2.080000000000000000e+02,1.789367089950400114e+09,4.151699822900000214e+01,4.237558027200000055e+01,5.657311130000000077e+00,3.122364799999999968e-02,2.991736999999999955e-03,-5.791425190000000223e-01,8.146226589999999712e-01
2.090000000000000000e+02,1.789367091150710821e+09,4.150340191499999776e+01,4.248277245999999963e+01,5.646907340000000275e+00,1.810182700000000089e-02,-1.351003899999999973e-02,-7.310776690000000411e-01,6.819202629999999710e-01
2.100000000000000000e+02,1.789367091650573015e+09,4.131716235399999704e+01,4.188792706099999918e+01,5.700215810999999633e+00,-3.865505999999999890e-03,2.095291200000000062e-02,8.734101699999999857e-01,-4.865189690000000233e-01
2.110000000000000000e+02,1.789367092350169897e+09,4.078209766199999819e+01,4.113036947500000196e+01,5.719029764000000071e+00,-1.253895499999999920e-02,3.376089999999999994e-03,8.820429220000000070e-01,-4.709900850000000028e-01
2.120000000000000000e+02,1.789367093050012112e+09,4.017278069799999685e+01,4.042641092699999916e+01,5.737112655999999866e+00,-1.561842899999999965e-02,8.920312999999999160e-03,9.136272899999999808e-01,-4.061547340000000172e-01
2.130000000000000000e+02,1.789367093750025034e+09,3.956052889899999769e+01,3.974844086699999934e+01,5.736307841000000352e+00,-2.358592600000000011e-02,1.826159299999999958e-02,9.411772219999999800e-01,-3.365942000000000101e-01
2.140000000000000000e+02,1.789367094449992180e+09,3.887498756600000149e+01,3.918930024899999864e+01,5.768186044000000123e+00,-1.557033499999999938e-02,7.664899999999999665e-03,9.262960420000000417e-01,-3.763966750000000139e-01
2.150000000000000000e+02,1.789367095849991798e+09,3.827453723499999683e+01,3.861380754500000023e+01,5.781378566999999968e+00,-1.598783999999999969e-02,4.386634999999999840e-03,9.238038870000000458e-01,-3.825068959999999851e-01
2.160000000000000000e+02,1.789367096650017977e+09,3.771719864100000308e+01,3.789208509400000224e+01,5.800699329000000404e+00,-1.315950500000000016e-02,-6.365621999999999600e-03,9.028863179999999655e-01,-4.296307739999999931e-01
2.170000000000000000e+02,1.789367097350036860e+09,3.724082107899999983e+01,3.711481335700000272e+01,5.809739955999999594e+00,2.680407000000000102e-03,2.570502599999999888e-02,-8.232324020000000298e-01,5.671159310000000175e-01
2.180000000000000000e+02,1.789367098150547504e+09,3.696288382299999853e+01,3.627994250900000139e+01,5.626047972000000286e+00,1.547766730000000035e-01,1.871346600000000152e-02,-8.164577349999999623e-01,5.559593109999999561e-01
2.190000000000000000e+02,1.789367098951238871e+09,3.662192306899999750e+01,3.547193860800000209e+01,5.531219099000000305e+00,2.140067099999999958e-02,1.968427000000000024e-02,-8.344773770000000201e-01,5.502745209999999609e-01
2.200000000000000000e+02,1.789367099650193930e+09,3.625651262699999933e+01,3.467153234700000297e+01,5.526686833000000298e+00,2.289868100000000059e-02,1.503895300000000074e-02,-8.432914820000000367e-01,5.367578189999999694e-01
2.210000000000000000e+02,1.789367100350012779e+09,3.584781896599999840e+01,3.385618900400000086e+01,5.513498763000000302e+00,1.767278499999999988e-02,1.456106499999999977e-02,-8.467453320000000172e-01,5.315054009999999884e-01
2.220000000000000000e+02,1.789367101050019979e+09,3.541641758299999765e+01,3.306185020899999927e+01,5.501878163999999849e+00,-3.129632100000000194e-02,2.893901999999999846e-03,8.893618559999999507e-01,-4.561224130000000043e-01
2.230000000000000000e+02,1.789367101750037193e+09,3.486189094200000227e+01,3.236899017399999678e+01,5.495659414000000353e+00,1.784060100000000107e-02,2.064944499999999891e-02,-8.614892269999999685e-01,5.070420350000000020e-01
2.240000000000000000e+02,1.789367102450008154e+09,3.437549219000000278e+01,3.163746923600000116e+01,5.474942936999999787e+00,-2.884924499999999906e-02,1.687354000000000067e-03,9.031122339999999582e-01,-4.284310530000000061e-01
2.250000000000000000e+02,1.789367103149989128e+09,3.381552738900000321e+01,3.093131497999999979e+01,5.460043931000000406e+00,-2.341701200000000094e-02,-6.884557000000000350e-03,8.940549669999999782e-01,-4.472918100000000119e-01
2.260000000000000000e+02,1.789367103849987984e+09,3.327468665499999645e+01,3.020723256899999853e+01,5.452372268999999605e+00,-2.217295700000000008e-02,-7.432959000000000267e-03,8.991422350000000119e-01,-4.370312949999999863e-01
2.270000000000000000e+02,1.789367104549984932e+09,3.268458627599999744e+01,2.949381503900000112e+01,5.435381948999999935e+00,-2.524761199999999914e-02,-5.149375999999999780e-03,9.004986360000000190e-01,-4.340947459999999758e-01
2.280000000000000000e+02,1.789367105250941038e+09,3.214374087499999888e+01,2.877795504999999920e+01,5.294586294000000137e+00,-1.634818949999999882e-01,-7.228611699999999696e-02,8.999130330000000288e-01,-3.977498219999999751e-01
2.290000000000000000e+02,1.789367106051045418e+09,3.160705690300000015e+01,2.818247687099999865e+01,5.142070206999999726e+00,-1.247241810000000034e-01,-5.579702200000000167e-02,9.154854479999999795e-01,-3.784401740000000181e-01
2.300000000000000000e+02,1.789367106850071907e+09,3.092375979999999913e+01,2.758431390899999869e+01,5.113122790000000251e+00,-2.799720699999999965e-02,-5.502815999999999784e-03,9.288337620000000072e-01,-3.693964240000000010e-01
2.310000000000000000e+02,1.789367107550053120e+09,3.036941134899999994e+01,2.699002275200000156e+01,5.102427106000000379e+00,2.424002399999999890e-02,2.758394999999999857e-03,-8.643446639999999848e-01,5.023077889999999490e-01
2.320000000000000000e+02,1.789367109749999046e+09,2.990051288700000143e+01,2.624676074399999948e+01,5.105615429000000205e+00,-2.717072499999999974e-02,-9.093120000000000109e-04,8.704554930000000246e-01,-4.914958389999999899e-01
2.330000000000000000e+02,1.789367110850008249e+09,2.941525403200000000e+01,2.550878629700000033e+01,5.088820927000000438e+00,-3.189848700000000314e-02,-4.493173999999999953e-03,8.752014049999999878e-01,-4.826849890000000087e-01
2.340000000000000000e+02,1.789367111749989033e+09,2.892746460100000050e+01,2.476136708900000016e+01,5.067710543999999651e+00,-3.332955800000000218e-02,-4.997666999999999908e-03,8.767939059999999563e-01,-4.796838660000000143e-01
2.350000000000000000e+02,1.789367112550007105e+09,2.845471157900000136e+01,2.402624108299999861e+01,5.048916777999999717e+00,-2.253873600000000019e-02,-6.790308000000000108e-03,8.779033139999999902e-01,-4.782589979999999907e-01
2.360000000000000000e+02,1.789367113349989891e+09,2.803392161900000090e+01,2.331827431099999970e+01,5.043575695000000358e+00,-1.825763999999999859e-02,-9.741876999999999481e-03,8.741859079999999560e-01,-4.851502369999999842e-01
2.370000000000000000e+02,1.789367114050024986e+09,2.769162598799999842e+01,2.253791150600000037e+01,5.087871362999999647e+00,2.185840600000000036e-02,1.689577299999999935e-02,-8.381986590000000126e-01,5.446648060000000013e-01
2.380000000000000000e+02,1.789367114750003815e+09,2.728674094499999825e+01,2.173028131899999948e+01,5.059087596000000353e+00,2.028416900000000120e-02,7.624360999999999638e-03,-8.475320450000000116e-01,5.303016640000000059e-01
2.390000000000000000e+02,1.789367115450010777e+09,2.691088030199999892e+01,2.091784970200000160e+01,5.039312747000000314e+00,2.610507299999999947e-02,1.303238599999999997e-02,-8.527721169999999962e-01,5.214675429999999778e-01
2.400000000000000000e+02,1.789367116350059748e+09,2.664139769000000157e+01,2.045598427799999897e+01,5.034115368000000146e+00,-3.636038199999999665e-02,2.164370700000000161e-02,9.516918890000000131e-01,-3.041250079999999745e-01
2.410000000000000000e+02,1.789367116750169277e+09,2.666341777899999954e+01,2.042696264900000003e+01,5.023459010999999919e+00,-1.474625499999999978e-02,1.258474300000000067e-02,9.974884960000000023e-01,-6.812394700000000414e-02
2.420000000000000000e+02,1.789367117150633097e+09,2.667024035100000035e+01,2.042489979400000166e+01,5.038650980999999973e+00,-4.047125999999999849e-03,8.788501000000000646e-03,9.841338819999999599e-01,1.771634440000000033e-01
2.430000000000000000e+02,1.789367117550718069e+09,2.668037987599999994e+01,2.045550893200000075e+01,5.033923816999999801e+00,4.690492000000000099e-03,7.820703000000000030e-03,9.098738589999999515e-01,4.147847599999999746e-01
2.440000000000000000e+02,1.789367117950906038e+09,2.672632150300000120e+01,2.044388116800000077e+01,5.051214008999999727e+00,1.173025899999999982e-02,1.438739900000000037e-02,7.795721690000000370e-01,6.260372490000000179e-01
2.450000000000000000e+02,1.789367118351070881e+09,2.671255284000000074e+01,2.041909126299999855e+01,5.072924453999999805e+00,1.367405300000000025e-02,1.081601899999999963e-02,6.073742439999999521e-01,7.942245030000000261e-01
2.460000000000000000e+02,1.789367121649987936e+09,2.701502387500000069e+01,2.123438119800000123e+01,5.060359594000000349e+00,-5.516957999999999758e-03,1.384007999999999940e-02,5.697058029999999551e-01,8.217136440000000208e-01
2.470000000000000000e+02,1.789367122449991226e+09,2.733311985699999980e+01,2.206818105800000041e+01,5.055699685999999637e+00,-8.166374000000000549e-03,1.400474300000000005e-02,5.617139500000000174e-01,8.271726640000000019e-01
2.480000000000000000e+02,1.789367123249994278e+09,2.766349981799999824e+01,2.288038276300000007e+01,5.068985042999999635e+00,-7.875335000000000668e-03,1.839198400000000011e-02,5.571543890000000276e-01,8.301678749999999996e-01
2.490000000000000000e+02,1.789367124050034046e+09,2.803091208800000089e+01,2.369626176899999948e+01,5.059137768000000257e+00,1.916794000000000093e-03,2.399325299999999911e-02,5.100006230000000418e-01,8.598372020000000227e-01
2.500000000000000000e+02,1.789367124850010872e+09,2.842016753200000068e+01,2.440966541699999937e+01,5.054722729999999942e+00,-4.218175999999999697e-03,1.226640199999999917e-02,4.937322359999999910e-01,8.695172349999999994e-01
2.510000000000000000e+02,1.789367125650071859e+09,2.890389146200000070e+01,2.517772766899999937e+01,5.038689684999999585e+00,2.597973999999999856e-03,7.297094999999999970e-03,4.544213249999999871e-01,8.907531990000000510e-01
2.520000000000000000e+02,1.789367126350014925e+09,2.940733632899999961e+01,2.586094630999999922e+01,5.065165323999999636e+00,5.539213999999999770e-03,1.031718799999999971e-02,4.058066479999999920e-01,9.138839300000000110e-01
2.530000000000000000e+02,1.789367127049982071e+09,2.991539883300000113e+01,2.651724146200000121e+01,5.090958308000000265e+00,-1.094215200000000013e-02,4.162238000000000396e-03,4.453111260000000016e-01,8.952993609999999602e-01
2.540000000000000000e+02,1.789367127750001907e+09,3.048545057799999825e+01,2.719183855100000002e+01,5.103552053999999671e+00,-6.251111000000000167e-03,5.844865000000000303e-03,4.347453789999999874e-01,9.005127520000000274e-01
2.550000000000000000e+02,1.789367128449995756e+09,3.101971594899999829e+01,2.788455289999999920e+01,5.113343115000000161e+00,-1.024483799999999917e-02,4.588402999999999579e-03,4.461738829999999933e-01,8.948758890000000354e-01
2.560000000000000000e+02,1.789367129451089859e+09,3.153431188700000121e+01,2.853785378799999961e+01,5.162865666000000076e+00,2.829535700000000015e-02,-8.972560400000000047e-02,3.821899409999999775e-01,9.192820769999999753e-01
2.570000000000000000e+02,1.789367130650816202e+09,3.224508842099999839e+01,2.892584865999999977e+01,5.326721480999999869e+00,7.234643200000000218e-02,-1.000887260000000029e-01,2.539408960000000270e-01,9.593030080000000126e-01
2.580000000000000000e+02,1.789367131550570011e+09,3.298198513300000201e+01,2.939855539899999926e+01,5.434683803999999618e+00,4.714370000000000062e-04,1.993496999999999977e-02,2.658660660000000120e-01,9.638037189999999477e-01
2.590000000000000000e+02,1.789367132250046015e+09,3.372079180699999768e+01,2.988071633699999907e+01,5.451216561999999932e+00,-1.599757000000000045e-03,1.538177899999999994e-02,2.744155620000000018e-01,9.614868389999999820e-01
2.600000000000000000e+02,1.789367138150035143e+09,3.440576360499999709e+01,3.034056783799999835e+01,5.451385673999999959e+00,-2.440887699999999896e-02,9.238866999999999566e-03,3.530482019999999777e-01,9.352410479999999637e-01
2.610000000000000000e+02,1.789367138850009918e+09,3.479455764499999759e+01,3.098680676000000034e+01,5.468134045000000221e+00,-1.819096499999999991e-02,3.559080999999999963e-03,5.424897950000000524e-01,8.398578709999999781e-01
2.620000000000000000e+02,1.789367167449993134e+09,3.515185855800000070e+01,3.172190444099999951e+01,5.491942784999999994e+00,-4.494940000000000220e-03,1.406261099999999917e-02,5.821838049999999987e-01,8.129231550000000084e-01
2.630000000000000000e+02,1.789367169050001860e+09,3.541664513799999980e+01,3.248259405900000019e+01,5.506948227999999723e+00,-6.405782999999999963e-03,1.626378599999999883e-02,5.795318219999999743e-01,8.147621259999999754e-01
2.640000000000000000e+02,1.789367172150005102e+09,3.568468259400000164e+01,3.324196243099999748e+01,5.517716985999999935e+00,-2.497875000000000095e-03,1.819412399999999902e-02,5.764924850000000545e-01,8.168960450000000151e-01
2.650000000000000000e+02,1.789367173350008965e+09,3.598291441100000299e+01,3.402638229600000130e+01,5.522726797999999881e+00,-5.507617999999999715e-03,1.750546600000000078e-02,5.775395239999999708e-01,8.161564329999999590e-01
2.660000000000000000e+02,1.789367174450055122e+09,3.623630885699999737e+01,3.484299178599999891e+01,5.543623262999999746e+00,-1.604768499999999903e-02,8.039997000000000116e-03,6.083471110000000515e-01,7.934680979999999551e-01
2.670000000000000000e+02,1.789367175650005102e+09,3.654090983599999731e+01,3.563123402400000117e+01,5.552136341999999836e+00,-1.820622999999999946e-03,1.614812800000000118e-02,5.772738020000000025e-01,8.163889269999999865e-01
2.680000000000000000e+02,1.789367176951219320e+09,3.686511693199999939e+01,3.638713361800000001e+01,5.607034735000000047e+00,1.082657300000000079e-02,-7.051428999999999336e-02,4.842882090000000250e-01,8.719950979999999685e-01
2.690000000000000000e+02,1.789367178251034021e+09,3.725006393999999688e+01,3.711917327500000141e+01,5.812872341000000276e+00,-3.888375999999999812e-03,8.423740000000000741e-03,4.602486319999999909e-01,8.877415829999999453e-01
2.700000000000000000e+02,1.789367178950301170e+09,3.774445252699999998e+01,3.778297990000000084e+01,5.805707935000000042e+00,-1.340719599999999970e-02,2.209195099999999856e-02,4.459426539999999939e-01,8.946884050000000199e-01
2.710000000000000000e+02,1.789367228650002003e+09,3.723720100399999922e+01,3.715565507800000233e+01,5.810828577999999744e+00,-1.378276699999999959e-02,2.798583899999999847e-02,4.343395720000000071e-01,9.002088449999999797e-01
2.720000000000000000e+02,1.789367232850008011e+09,3.673308794999999805e+01,3.654509450700000173e+01,5.674658668000000183e+00,4.528860999999999998e-02,-1.118342989999999981e-01,4.151168610000000037e-01,9.017316800000000354e-01
2.730000000000000000e+02,1.789367233950868130e+09,3.617952513200000197e+01,3.588785165499999863e+01,5.511963305000000091e+00,-1.050123600000000060e-02,2.805321599999999888e-02,3.969956800000000174e-01,9.173315490000000239e-01
2.740000000000000000e+02,1.789367235350028753e+09,3.605755238599999757e+01,3.577821399500000155e+01,5.551846582999999669e+00,-1.706777900000000167e-02,1.357375999999999982e-03,5.955122619999999589e-01,8.031637409999999866e-01
2.750000000000000000e+02,1.789367235750434160e+09,3.602773395599999873e+01,3.578383526100000012e+01,5.583657697999999669e+00,-1.259904199999999953e-02,-2.157833000000000060e-03,7.516662450000000106e-01,6.594197939999999480e-01
2.760000000000000000e+02,1.789367238449999094e+09,3.607908813400000270e+01,3.494237202099999706e+01,5.550310578000000383e+00,-1.513849500000000008e-02,1.977795300000000089e-02,7.258192439999999745e-01,6.874344209999999622e-01
2.770000000000000000e+02,1.789367240049998283e+09,3.600737089799999779e+01,3.414235968300000224e+01,5.529329717999999616e+00,-1.019255600000000019e-02,1.824032999999999904e-02,6.571920709999999888e-01,7.534334630000000255e-01
2.780000000000000000e+02,1.789367241649996281e+09,3.580319721499999730e+01,3.336657687999999666e+01,5.511744527000000282e+00,-7.454101999999999777e-03,2.463093400000000016e-02,5.885605969999999632e-01,8.080434250000000374e-01
2.790000000000000000e+02,1.789367243350001097e+09,3.539403296599999749e+01,3.261800948100000141e+01,5.489014747999999777e+00,-2.940176000000000074e-03,2.099948800000000018e-02,4.777902709999999886e-01,8.782179879999999494e-01
2.800000000000000000e+02,1.789367245349987984e+09,3.493701198600000168e+01,3.192295164300000110e+01,5.476718326000000303e+00,-1.016156600000000035e-02,2.701665400000000106e-02,4.742544890000000013e-01,8.799144970000000177e-01
2.810000000000000000e+02,1.789367263350017071e+09,3.535061003199999874e+01,3.263433860800000019e+01,5.490773252000000326e+00,-2.750570999999999832e-03,1.266716000000000023e-02,4.817296690000000270e-01,8.762240030000000290e-01
2.820000000000000000e+02,1.789367263950011015e+09,3.533366747600000224e+01,3.262167566200000124e+01,5.508439189999999819e+00,-6.823008000000000198e-03,1.003868800000000047e-02,6.470016830000000496e-01,7.623919559999999818e-01
2.830000000000000000e+02,1.789367265550011158e+09,3.550432939200000249e+01,3.344914906799999699e+01,5.518078468999999764e+00,-3.406574999999999794e-03,9.682346999999999135e-03,6.327793229999999491e-01,7.742641510000000116e-01
2.840000000000000000e+02,1.789367266150068045e+09,3.569217587499999667e+01,3.424795385499999867e+01,5.526101429999999759e+00,2.545807000000000191e-03,1.882518199999999933e-02,6.092459359999999879e-01,7.927537580000000306e-01
2.850000000000000000e+02,1.789367266849990845e+09,3.593987100799999723e+01,3.512961581500000108e+01,5.534744035000000117e+00,9.735450999999999133e-03,1.783044199999999843e-02,5.630385310000000088e-01,8.261809180000000419e-01
2.860000000000000000e+02,1.789367267450038910e+09,3.628838189799999725e+01,3.584951899600000047e+01,5.545122955000000076e+00,-1.110408999999999919e-03,1.674846400000000110e-02,5.655724640000000525e-01,8.245277699999999932e-01
2.870000000000000000e+02,1.789367268550927877e+09,3.663524774999999778e+01,3.665094498300000225e+01,5.620519199000000299e+00,5.933660000000000323e-03,-4.767711100000000118e-02,4.981004969999999754e-01,8.657872599999999474e-01
2.880000000000000000e+02,1.789367269650957108e+09,3.712462845499999986e+01,3.731537236500000176e+01,5.811774588999999658e+00,-1.795036000000000071e-03,6.570188999999999717e-03,4.066265569999999996e-01,9.135690739999999810e-01
2.890000000000000000e+02,1.789367270350332022e+09,3.772215141200000232e+01,3.795211639800000114e+01,5.805270611000000081e+00,-1.223706100000000047e-02,2.154568600000000139e-02,3.982464809999999855e-01,9.169437160000000198e-01
2.900000000000000000e+02,1.789367271050034046e+09,3.835931563300000136e+01,3.861552666400000078e+01,5.793505340000000281e+00,-1.917676199999999997e-02,2.057187099999999852e-02,3.911965239999999899e-01,9.198773449999999574e-01
2.910000000000000000e+02,1.789367271749992132e+09,3.898610641199999804e+01,3.924522024699999889e+01,5.774346889000000260e+00,-1.449325899999999966e-02,2.314643499999999993e-02,3.866451699999999825e-01,9.218241160000000267e-01
2.920000000000000000e+02,1.789367272449993134e+09,3.962740733100000057e+01,3.987127106500000195e+01,5.756935833000000002e+00,-7.425898999999999694e-03,2.405100900000000166e-02,3.818933990000000223e-01,9.238635379999999842e-01
2.930000000000000000e+02,1.789367273150002003e+09,4.026760513899999694e+01,4.053350189100000023e+01,5.734945000999999820e+00,-1.555349500000000051e-02,2.555247500000000158e-02,3.804460150000000263e-01,9.243192030000000337e-01
2.940000000000000000e+02,1.789367273849995852e+09,4.095348274199999850e+01,4.109481475900000191e+01,5.699215373000000362e+00,8.729490000000000340e-04,3.176071700000000081e-02,2.670804589999999923e-01,9.631503120000000084e-01
2.950000000000000000e+02,1.789367274550000906e+09,4.169547504399999838e+01,4.155831777899999935e+01,5.681749550000000148e+00,4.521573000000000085e-03,3.265644100000000133e-02,2.570571660000000036e-01,9.658336950000000476e-01
2.960000000000000000e+02,1.789367275150018215e+09,4.241570949500000154e+01,4.178942212900000186e+01,5.654084973999999875e+00,1.726965100000000045e-02,1.696085799999999880e-02,5.096207099999999768e-02,9.984072090000000177e-01
2.970000000000000000e+02,1.789367275850002289e+09,4.328908836400000126e+01,4.174259123400000249e+01,5.635012215999999796e+00,7.670100000000000442e-04,2.835830199999999843e-02,-6.166946000000000407e-03,9.995785050000000060e-01
2.980000000000000000e+02,1.789367276550038099e+09,4.417007263499999681e+01,4.160842035499999980e+01,5.613246260000000376e+00,7.739845999999999879e-03,2.927242199999999933e-02,-5.509696199999999933e-02,9.980218159999999505e-01
2.990000000000000000e+02,1.789367277250025034e+09,4.504237151800000305e+01,4.146295948299999878e+01,5.582027596999999730e+00,1.796581900000000093e-02,2.329870699999999836e-02,-1.380184809999999984e-01,9.899925750000000413e-01
3.000000000000000000e+02,1.789367277950033903e+09,4.588579720300000275e+01,4.121517200699999961e+01,5.565602335000000345e+00,1.764410500000000021e-02,2.256578100000000003e-02,-1.748834240000000095e-01,9.841723730000000447e-01
3.010000000000000000e+02,1.789367278650022984e+09,4.655644837900000255e+01,4.087538906300000008e+01,5.571307720000000074e+00,1.139628600000000026e-02,7.961816999999999506e-03,-3.981328980000000128e-01,9.172223990000000216e-01
3.020000000000000000e+02,1.789367280550030231e+09,4.717237208099999890e+01,4.029022041500000029e+01,5.545726381999999788e+00,-2.096905999999999944e-03,3.224695400000000128e-02,-3.822093069999999981e-01,9.235105750000000002e-01
3.030000000000000000e+02,1.789367282150042057e+09,4.780779262000000074e+01,3.972030844700000074e+01,5.533772990000000114e+00,2.709725000000000068e-03,2.141609800000000147e-02,-2.020739249999999876e-01,9.791323389999999627e-01
3.040000000000000000e+02,1.789367285850003004e+09,4.858387801500000336e+01,3.940117020200000297e+01,5.530472448000000263e+00,2.120429000000000064e-03,2.364598799999999973e-02,-2.026741039999999938e-01,9.789584150000000262e-01
3.050000000000000000e+02,1.789367286950015068e+09,4.931628266900000312e+01,3.897703792600000128e+01,5.539000973000000272e+00,-2.679950799999999966e-02,-1.284016829999999887e-01,-2.649209940000000207e-01,9.553071029999999908e-01
3.060000000000000000e+02,1.789367287751023054e+09,4.974856705700000248e+01,3.847436667800000265e+01,5.672459381000000356e+00,-3.396469000000000051e-03,-3.766915000000000020e-03,-4.349709520000000218e-01,9.004301999999999584e-01
3.070000000000000000e+02,1.789367289750229836e+09,5.026575200500000307e+01,3.784111042699999672e+01,5.501943358000000117e+00,8.837257799999999330e-02,1.594179870000000110e-01,-4.797326550000000078e-01,8.582731340000000486e-01
3.080000000000000000e+02,1.789367290750039101e+09,5.071625329399999771e+01,3.723171341300000137e+01,5.341235307999999904e+00,3.296366199999999774e-02,-1.725912000000000019e-03,-5.799145639999999657e-01,8.140083030000000441e-01
3.090000000000000000e+02,1.789367291950634003e+09,5.076015624400000092e+01,3.639700516399999941e+01,5.334636259999999908e+00,2.847558400000000170e-02,2.737846899999999903e-02,-7.188497590000000326e-01,6.940422069999999666e-01
3.100000000000000000e+02,1.789367293250257015e+09,5.053631804500000158e+01,3.559521996899999863e+01,5.361722992999999882e+00,2.903280000000000097e-02,-2.405676799999999921e-02,-7.275256230000000102e-01,6.850436749999999630e-01
3.110000000000000000e+02,1.789367294850010872e+09,5.048158550899999852e+01,3.478015969399999818e+01,5.382358307999999703e+00,1.033562799999999948e-02,-5.055123300000000097e-02,-6.090851539999999620e-01,7.914246790000000198e-01
3.120000000000000000e+02,1.789367296850121975e+09,5.043316226400000346e+01,3.398063794000000115e+01,5.368803886000000247e+00,4.650901600000000025e-02,1.509531599999999925e-02,-6.941088800000000392e-01,7.182074250000000104e-01
3.130000000000000000e+02,1.789367297950046062e+09,5.027301674400000309e+01,3.364797029399999673e+01,5.339450583999999722e+00,2.611940399999999884e-02,2.315681699999999968e-02,-8.308270770000000249e-01,5.554348810000000469e-01
3.140000000000000000e+02,1.789367299150884867e+09,4.990177334799999898e+01,3.290602376100000015e+01,5.336695791000000355e+00,1.478251600000000075e-02,1.992991499999999944e-02,-7.505736979999999559e-01,6.603206799999999932e-01
3.150000000000000000e+02,1.789367299750756979e+09,4.988439058600000209e+01,3.278213199599999683e+01,5.348606345000000317e+00,-1.025184799999999917e-02,1.237913399999999997e-02,-6.014664960000000171e-01,7.987363210000000269e-01
3.160000000000000000e+02,1.789367300450083971e+09,4.987279019500000032e+01,3.278412383900000293e+01,5.343386419999999859e+00,-2.682212800000000064e-02,1.294120600000000024e-02,-4.176480810000000043e-01,9.081206849999999831e-01
3.170000000000000000e+02,1.789367302450309038e+09,5.063653980499999818e+01,3.244014132200000233e+01,5.354089477999999680e+00,-2.385123100000000052e-02,3.562888200000000061e-02,-2.648723619999999723e-01,9.633298160000000054e-01
3.180000000000000000e+02,1.789367303450982094e+09,5.131974636500000031e+01,3.183051108600000134e+01,5.439733909000000089e+00,1.488162799999999918e-02,-1.366713599999999987e-02,-4.108695290000000111e-01,9.114702279999999934e-01
3.190000000000000000e+02,1.789367303851263285e+09,5.171265080500000266e+01,3.153552419400000062e+01,5.333317069999999660e+00,6.207299299999999992e-02,1.750569309999999990e-01,-2.902256610000000236e-01,9.387603949999999697e-01
3.200000000000000000e+02,1.789367305450122118e+09,5.236810166099999719e+01,3.121653455799999932e+01,5.262676359000000303e+00,9.044699999999999919e-04,9.690729999999999830e-03,-1.811080519999999916e-01,9.834150419999999615e-01
3.210000000000000000e+02,1.789367310250143051e+09,5.288107370600000223e+01,3.084761937000000032e+01,5.248530146000000229e+00,4.979316599999999982e-02,-1.305416000000000042e-02,-3.985409100000000260e-01,9.157048500000000146e-01
3.220000000000000000e+02,1.789367311850573778e+09,5.328935166899999842e+01,3.005438264700000062e+01,5.266557738000000377e+00,3.296296900000000168e-02,6.071992000000000014e-03,-5.299052290000000331e-01,8.473942540000000134e-01
3.230000000000000000e+02,1.789367312851370811e+09,5.361313097899999747e+01,2.925779839300000162e+01,5.283100000000000129e+00,2.867002899999999965e-02,6.942081000000000120e-03,-5.836271280000000505e-01,8.114858050000000045e-01
3.240000000000000000e+02,1.789367313850233078e+09,5.380458636800000249e+01,2.847521470099999874e+01,5.243893309999999808e+00,2.562369000000000105e-02,4.774822699999999726e-02,-4.696195670000000155e-01,8.812042869999999750e-01
3.250000000000000000e+02,1.789367315350535154e+09,5.440506647600000178e+01,2.780400990000000050e+01,5.229562813000000254e+00,2.209086700000000014e-02,-1.091735700000000080e-02,-2.980863449999999748e-01,9.542207999999999801e-01
3.260000000000000000e+02,1.789367316350734949e+09,5.514071846099999874e+01,2.730396936300000021e+01,5.268947038000000305e+00,-1.639826999999999951e-03,-4.842645200000000177e-02,-1.580401260000000030e-01,9.862431280000000244e-01
3.270000000000000000e+02,1.789367317350632191e+09,5.590027540900000247e+01,2.691103204399999882e+01,5.330332245000000135e+00,4.379775200000000229e-02,1.099475200000000000e-02,-1.602633270000000110e-01,9.860408400000000295e-01
3.280000000000000000e+02,1.789367318250411272e+09,5.665908181000000354e+01,2.654649674899999923e+01,5.320122006000000070e+00,2.402124500000000010e-02,7.398631999999999605e-03,-2.084025800000000039e-01,9.777201060000000332e-01
3.290000000000000000e+02,1.789367319350795984e+09,5.746803297700000002e+01,2.633577446700000024e+01,5.402014280999999585e+00,-3.217021099999999717e-02,-3.625797699999999679e-02,-2.324552000000000007e-01,9.713984850000000337e-01
3.300000000000000000e+02,1.789367320450559139e+09,5.808688517600000267e+01,2.584641996299999889e+01,5.535672158999999759e+00,-3.631204100000000323e-02,-9.432590400000000208e-02,-3.939057460000000011e-01,9.135766650000000100e-01
3.310000000000000000e+02,1.789367321350524187e+09,5.869224822200000347e+01,2.515610140800000138e+01,5.628536769000000106e+00,1.063310699999999928e-02,2.535689199999999893e-02,-4.361770830000000210e-01,8.994406689999999704e-01
3.320000000000000000e+02,1.789367322150059223e+09,5.907018510599999672e+01,2.464629685099999890e+01,5.597711528999999686e+00,1.836342599999999867e-02,-7.786953000000000104e-03,-6.179106770000000193e-01,7.859952569999999472e-01
3.330000000000000000e+02,1.789367322450082064e+09,5.909720507099999764e+01,2.463279500299999825e+01,5.602223097000000429e+00,9.870960999999999277e-03,-3.735454999999999939e-03,-7.678742269999999648e-01,6.405136860000000265e-01
3.340000000000000000e+02,1.789367322850754023e+09,5.908303321999999724e+01,2.463978525199999936e+01,5.608380234000000186e+00,-1.339362399999999981e-02,1.376527500000000043e-02,9.018895540000000377e-01,-4.315395229999999804e-01
3.350000000000000000e+02,1.789367323250649929e+09,5.907770767600000283e+01,2.465825104199999984e+01,5.613001216999999876e+00,-2.029224999999999952e-03,2.308590799999999874e-02,9.802233849999999471e-01,-1.965325380000000066e-01
3.360000000000000000e+02,1.789367323650969982e+09,5.908534210300000211e+01,2.466702461099999866e+01,5.605244962999999636e+00,8.571258999999999476e-03,2.096810099999999941e-02,9.985090749999999682e-01,4.966386500000000148e-02
3.370000000000000000e+02,1.789367324051144123e+09,5.913545129500000286e+01,2.468456269400000025e+01,5.657181988999999689e+00,8.001843999999999277e-03,1.278659199999999940e-02,9.580124349999999955e-01,2.863296160000000090e-01
3.380000000000000000e+02,1.789367325950001955e+09,5.842939779499999986e+01,2.511480942300000052e+01,5.650235323999999615e+00,-1.556343100000000083e-02,-1.233979999999999973e-03,9.611866940000000081e-01,2.754567030000000250e-01
3.390000000000000000e+02,1.789367326850053787e+09,5.777500106899999821e+01,2.557605364499999823e+01,5.595430544000000062e+00,-1.227601579999999942e-01,4.493274299999999721e-02,9.217092329999999611e-01,3.651891059999999856e-01
3.400000000000000000e+02,1.789367328350018263e+09,5.713251049499999823e+01,2.611314298199999939e+01,5.418403387999999765e+00,-9.322172600000000475e-02,5.010885300000000181e-02,9.285658260000000386e-01,3.557587950000000165e-01
3.410000000000000000e+02,1.789367332350032091e+09,5.650967613000000256e+01,2.662303894200000087e+01,5.320745361000000173e+00,-3.678619200000000228e-02,-6.196555000000000292e-03,9.463312459999999593e-01,3.210382410000000020e-01
3.420000000000000000e+02,1.789367333750538111e+09,5.586315314800000209e+01,2.713001678999999911e+01,5.349360890999999896e+00,-2.579150000000000106e-03,-1.083554599999999972e-02,9.341018340000000197e-01,3.568328769999999928e-01
3.430000000000000000e+02,1.789367335450105190e+09,5.540124595399999663e+01,2.718629087600000105e+01,5.362621848999999941e+00,-5.951539499999999872e-02,-3.929814499999999960e-02,9.851111409999999680e-01,1.564276589999999967e-01
3.440000000000000000e+02,1.789367336050134182e+09,5.524965205600000218e+01,2.719912576300000140e+01,5.295846305999999615e+00,-3.111633200000000002e-02,-1.303453400000000040e-02,9.311016669999999662e-01,3.631963120000000211e-01
3.450000000000000000e+02,1.789367337950054169e+09,5.455115822700000194e+01,2.759689692799999960e+01,5.221285510999999602e+00,-6.783927900000000233e-02,-5.940080000000000360e-04,9.512850600000000156e-01,3.007560710000000137e-01
3.460000000000000000e+02,1.789367341150088787e+09,5.430520307599999796e+01,2.760474385899999916e+01,5.180388495999999954e+00,-3.132187100000000113e-02,1.434776100000000054e-02,8.619352270000000260e-01,5.058465640000000541e-01
3.470000000000000000e+02,1.789367343350106955e+09,5.385998357399999747e+01,2.827864395699999989e+01,5.219879358000000025e+00,6.501342999999999706e-03,-3.371912700000000152e-02,8.409752179999999688e-01,5.399828110000000070e-01
3.480000000000000000e+02,1.789367344450572968e+09,5.343872209399999917e+01,2.903099161300000119e+01,5.265680147000000311e+00,-4.498856899999999909e-02,5.171668399999999888e-02,8.581743469999999485e-01,5.087614409999999809e-01
3.490000000000000000e+02,1.789367345750164270e+09,5.306667034400000205e+01,2.975282547899999841e+01,5.265583347999999830e+00,-2.922178000000000102e-03,-4.750100999999999629e-03,8.326455120000000321e-01,5.537782489999999447e-01
3.500000000000000000e+02,1.789367349050003052e+09,5.281145113099999833e+01,3.054109851699999822e+01,5.253463782999999943e+00,-4.079574799999999973e-02,2.031796699999999928e-02,7.806766330000000087e-01,6.232711140000000150e-01
3.510000000000000000e+02,1.789367351350004911e+09,5.272374049500000126e+01,3.084029649400000039e+01,5.250491892000000327e+00,-1.737549999999999924e-04,-1.316147099999999924e-02,8.927131919999999887e-01,4.504330169999999911e-01
3.520000000000000000e+02,1.789367353950078249e+09,5.218260151100000144e+01,3.144173523999999986e+01,5.241102437000000336e+00,-2.329248999999999903e-02,-8.117928999999999423e-03,8.695368110000000206e-01,4.932517550000000139e-01
3.530000000000000000e+02,1.789367359750078201e+09,5.260191085999999672e+01,3.108986305399999850e+01,5.258015934000000335e+00,-2.401563699999999940e-02,-3.223572300000000085e-02,9.599515490000000151e-01,2.772672560000000175e-01
3.540000000000000000e+02,1.789367363250487804e+09,5.195781808299999938e+01,3.158753524500000154e+01,5.234787701000000126e+00,4.603160700000000216e-02,1.961072499999999899e-02,9.690678360000000158e-01,2.416692789999999869e-01
3.550000000000000000e+02,1.789367364451083183e+09,5.114826466699999941e+01,3.181094370399999960e+01,5.442592002999999679e+00,-6.015000200000000102e-02,-3.216277000000000025e-03,9.841024870000000258e-01,1.670746190000000075e-01
3.560000000000000000e+02,1.789367365350255966e+09,5.037263370499999837e+01,3.224263156600000002e+01,5.381871136000000000e+00,-2.372688300000000070e-02,4.736000499999999669e-02,9.732479979999999475e-01,2.235674380000000072e-01
3.570000000000000000e+02,1.789367366350664139e+09,4.958007128900000282e+01,3.253184979099999907e+01,5.325667651999999919e+00,-2.634283999999999931e-02,1.129431000000000011e-02,9.715776449999999897e-01,2.349795179999999983e-01
3.580000000000000000e+02,1.789367367150029898e+09,4.943348779400000126e+01,3.264920675500000158e+01,5.312476449000000045e+00,1.023348599999999997e-02,2.849880899999999995e-02,8.996206100000000427e-01,4.356212250000000008e-01
3.590000000000000000e+02,1.789367368050028086e+09,4.939431824799999760e+01,3.269915015099999778e+01,5.329921900000000434e+00,1.027203500000000054e-02,3.218904499999999946e-02,7.844106229999999735e-01,6.193208590000000013e-01
3.600000000000000000e+02,1.789367368750616074e+09,4.937663770000000341e+01,3.267682021099999901e+01,5.338808799999999799e+00,3.363619699999999962e-02,3.305620100000000033e-02,6.440837489999999832e-01,7.634998480000000365e-01
3.610000000000000000e+02,1.789367369650053978e+09,4.941740420000000000e+01,3.267099749300000155e+01,5.337757767000000264e+00,4.663790200000000191e-02,2.039711000000000041e-03,4.357025700000000112e-01,8.988793109999999587e-01
3.620000000000000000e+02,1.789367370250042200e+09,4.943286658800000311e+01,3.268623054599999733e+01,5.316784316999999760e+00,1.870922900000000083e-02,1.272919100000000081e-02,2.405409769999999892e-01,9.703751699999999536e-01
3.630000000000000000e+02,1.789367372450609207e+09,5.014823370700000282e+01,3.307785766899999658e+01,5.313872803999999839e+00,-2.745453800000000055e-02,2.785611799999999916e-02,2.685596840000000207e-01,9.624686909999999873e-01
3.640000000000000000e+02,1.789367372950072050e+09,5.014067495100000116e+01,3.313036369299999961e+01,5.325661174999999581e+00,-4.823757599999999729e-02,5.572622999999999639e-03,4.581846179999999880e-01,8.875296830000000137e-01
3.650000000000000000e+02,1.789367374350048065e+09,5.030760248200000007e+01,3.341158407599999691e+01,5.345154377000000068e+00,-2.371013799999999866e-02,-2.256645900000000052e-02,6.402123950000000452e-01,7.675002760000000368e-01
3.660000000000000000e+02,1.789367374950119019e+09,5.022101411399999904e+01,3.350057340200000056e+01,5.338819471999999955e+00,-2.228876600000000152e-02,-6.005910000000000372e-04,7.898112400000000255e-01,6.129445780000000177e-01
3.670000000000000000e+02,1.789367376150697231e+09,4.993499249100000270e+01,3.432650542599999710e+01,5.316393434000000084e+00,-1.237214900000000069e-02,1.219590499999999994e-02,7.662490760000000289e-01,6.423087600000000341e-01
3.680000000000000000e+02,1.789367377150176048e+09,4.994385722599999866e+01,3.512757975699999946e+01,5.344044174000000424e+00,-3.843733099999999819e-02,2.018391500000000019e-02,6.189120630000000123e-01,7.842595479999999730e-01
3.690000000000000000e+02,1.789367378250366926e+09,5.006971928600000155e+01,3.597343710799999883e+01,5.371421515999999841e+00,-1.618806899999999938e-02,-5.051024999999999786e-03,7.321269259999999557e-01,6.809571189999999996e-01
3.700000000000000000e+02,1.789367379750192881e+09,4.999686066999999667e+01,3.682094548300000270e+01,5.440597486999999788e+00,5.456169000000000296e-02,-3.079836400000000168e-02,7.749657039999999775e-01,6.288900069999999731e-01
3.710000000000000000e+02,1.789367381351099968e+09,4.994047530800000345e+01,3.764785775499999687e+01,5.535294369999999908e+00,1.076676560000000005e-01,-1.507100100000000054e-02,8.087043339999999692e-01,5.780811719999999765e-01
3.720000000000000000e+02,1.789367382550528288e+09,4.976867121099999736e+01,3.849565303499999658e+01,5.675451593000000017e+00,2.837803900000000074e-02,2.479499699999999918e-02,8.260705489999999873e-01,5.623053829999999920e-01
3.730000000000000000e+02,1.789367382950320959e+09,4.950934411000000068e+01,3.889466346900000104e+01,5.651498121000000374e+00,-1.564835840000000089e-01,6.055202099999999754e-02,8.979721370000000036e-01,4.068075489999999905e-01
3.740000000000000000e+02,1.789367383850641012e+09,4.888563035300000337e+01,3.952014207599999907e+01,5.513727365000000269e+00,-1.595281700000000108e-02,-1.396679699999999955e-02,9.464079709999999590e-01,3.222768830000000140e-01
3.750000000000000000e+02,1.789367384549960136e+09,4.812566856099999768e+01,3.983892564800000002e+01,5.544967922999999743e+00,-1.029137899999999980e-02,-1.218595599999999952e-02,9.948094769999999976e-01,1.004972340000000047e-01
3.760000000000000000e+02,1.789367384950091124e+09,4.791390041599999705e+01,3.993667900700000217e+01,5.591685058999999569e+00,-4.500828999999999594e-03,-2.035166399999999848e-02,9.912795060000000325e-01,-1.301172300000000004e-01
3.770000000000000000e+02,1.789367385349992037e+09,4.793605425999999881e+01,4.000798377800000338e+01,5.570567077999999839e+00,5.822016999999999644e-03,-1.877335100000000062e-02,9.390207630000000361e-01,-3.432982270000000113e-01
3.780000000000000000e+02,1.789367385750266075e+09,4.792183919400000036e+01,3.999894748700000235e+01,5.558167909999999878e+00,-1.856401699999999863e-02,6.429966999999999974e-03,-8.353810139999999773e-01,5.493201199999999673e-01
3.790000000000000000e+02,1.789367386150540113e+09,4.794480478100000198e+01,3.998289551999999958e+01,5.537399640000000289e+00,-2.253515299999999874e-02,9.879399000000000514e-03,-6.853336559999999578e-01,7.278133989999999720e-01
3.800000000000000000e+02,1.789367386550228119e+09,4.799597710500000147e+01,4.002392232599999744e+01,5.555530071999999819e+00,-2.542406599999999864e-02,1.531978500000000069e-02,-5.012208089999999894e-01,8.648101649999999641e-01
3.810000000000000000e+02,1.789367386950112820e+09,4.798455056400000274e+01,4.004667494299999930e+01,5.538410283000000156e+00,-1.794144500000000031e-02,1.397649500000000024e-02,-3.009589699999999923e-01,9.533658590000000377e-01
3.820000000000000000e+02,1.789367387850299120e+09,4.797128492299999891e+01,4.003377601199999702e+01,5.533894611000000019e+00,1.654463200000000009e-02,2.170299999999999871e-05,-5.169268339999999462e-01,8.558696879999999618e-01
3.830000000000000000e+02,1.789367390450023174e+09,4.823663812899999925e+01,3.937782577099999770e+01,5.554438638999999789e+00,-2.237340499999999899e-02,1.867566799999999944e-02,-3.188257760000000052e-01,9.473651749999999483e-01
3.840000000000000000e+02,1.789367392249984980e+09,4.893307593299999780e+01,3.893374610800000113e+01,5.570674421999999737e+00,-1.191253100000000051e-02,-4.969380600000000009e-02,-2.547781290000000198e-01,9.656483430000000201e-01
3.850000000000000000e+02,1.789367393351461887e+09,4.961835229500000111e+01,3.847823327999999776e+01,5.691362518000000037e+00,-4.423179099999999947e-02,-2.279362899999999928e-02,-3.430817669999999819e-01,9.379866199999999932e-01
3.860000000000000000e+02,1.789367394050669909e+09,5.015262028699999775e+01,3.806074004300000269e+01,5.590084535999999993e+00,4.278241900000000209e-02,1.580681840000000005e-01,-3.416885849999999891e-01,9.254366670000000461e-01
3.870000000000000000e+02,1.789367394750170231e+09,5.056203120200000001e+01,3.769318198399999886e+01,5.388847257000000113e+00,1.007340449999999943e-01,1.180685050000000041e-01,-5.540356050000000421e-01,8.178979330000000214e-01
3.880000000000000000e+02,1.789367396450190067e+09,5.068849479299999672e+01,3.703360907799999779e+01,5.370974612000000370e+00,3.875554800000000077e-02,2.070514000000000035e-02,-6.888553029999999744e-01,7.235659450000000437e-01
3.890000000000000000e+02,1.789367397050290108e+09,5.060934881099999672e+01,3.656692846300000355e+01,5.361000135000000277e+00,3.314593300000000242e-02,-2.288402900000000018e-02,-8.395381149999999737e-01,5.418057050000000263e-01
3.900000000000000000e+02,1.789367397650035858e+09,5.036720895900000272e+01,3.611659458700000158e+01,5.344539895999999679e+00,-4.507900799999999680e-02,6.875825000000000339e-03,9.313988349999999805e-01,-3.611326850000000088e-01
3.910000000000000000e+02,1.789367398749984980e+09,4.980167130299999911e+01,3.550727284799999950e+01,5.337634815000000366e+00,-5.077565000000000030e-03,-7.478014500000000619e-02,8.679981350000000040e-01,-4.908781770000000266e-01
3.920000000000000000e+02,1.789367399250252962e+09,4.971867182199999746e+01,3.510665570900000176e+01,5.344348421000000293e+00,-1.675023600000000168e-02,4.320788600000000090e-02,-7.563156789999999630e-01,6.525634839999999715e-01
3.930000000000000000e+02,1.789367399650106907e+09,4.969577608000000168e+01,3.478442873299999860e+01,5.357451146999999914e+00,-1.357799999999999979e-02,3.103995699999999996e-02,-6.040583919999999996e-01,7.962195789999999551e-01
3.940000000000000000e+02,1.789367402950011015e+09,5.003519254900000135e+01,3.404790984699999967e+01,5.338633377999999929e+00,1.326357199999999952e-02,-2.381218800000000149e-02,-6.770158619999999683e-01,7.354635130000000132e-01
3.950000000000000000e+02,1.789367404250720978e+09,4.993609653499999723e+01,3.319078715199999863e+01,5.331782407999999585e+00,-1.564449999999999999e-03,1.799885799999999952e-02,-7.028449589999999914e-01,7.111136030000000385e-01
3.960000000000000000e+02,1.789367404750254154e+09,5.008188519600000177e+01,3.276441140200000035e+01,5.334312962000000269e+00,5.432700000000000376e-03,3.578718899999999703e-02,-5.354034549999999726e-01,8.438204209999999872e-01
3.970000000000000000e+02,1.789367405150327921e+09,5.026130403300000182e+01,3.262664668800000101e+01,5.342336936999999786e+00,-1.064620800000000006e-01,1.170602400000000064e-02,-3.681181609999999993e-01,9.235896350000000199e-01
3.980000000000000000e+02,1.789367405950167894e+09,5.045198197999999934e+01,3.252042408999999878e+01,5.322305492999999998e+00,2.636570200000000128e-02,2.084970200000000121e-02,-2.080960749999999915e-01,9.775306459999999475e-01
3.990000000000000000e+02,1.789367407850483179e+09,5.111292045100000081e+01,3.197634013100000061e+01,5.402784229999999965e+00,-9.976979999999999876e-03,-3.586576500000000084e-02,-3.442689800000000022e-01,9.381327069999999546e-01
4.000000000000000000e+02,1.789367408550559044e+09,5.168656813500000169e+01,3.148543028299999946e+01,5.368084709999999760e+00,2.620000600000000138e-02,1.602406349999999924e-01,-3.325585340000000167e-01,9.290001719999999574e-01
4.010000000000000000e+02,1.789367410450026751e+09,5.228463030500000031e+01,3.096912368699999973e+01,5.245736145999999600e+00,2.196508100000000088e-02,2.590966600000000133e-02,-3.412650660000000058e-01,9.393531710000000423e-01
4.020000000000000000e+02,1.789367411450162888e+09,5.294348434900000200e+01,3.040332497099999998e+01,5.259742177999999768e+00,3.779680099999999793e-02,-1.623568099999999834e-02,-4.366298310000000238e-01,8.987002809999999897e-01
4.030000000000000000e+02,1.789367413350294113e+09,5.311751002300000124e+01,3.010751283100000109e+01,5.263358030000000021e+00,4.006105100000000030e-02,-1.233128799999999928e-02,-6.156135219999999686e-01,7.869326800000000510e-01
4.040000000000000000e+02,1.789367415050318956e+09,5.313078101299999645e+01,2.928766161600000117e+01,5.256335653999999913e+00,1.412419900000000048e-02,2.679306199999999943e-02,-5.622585669999999869e-01,8.264066450000000508e-01
4.050000000000000000e+02,1.789367415550009012e+09,5.321871820799999853e+01,2.920923711000000011e+01,5.254846080000000086e+00,-9.590411999999999548e-03,7.444509999999999669e-03,-3.818508589999999869e-01,9.241442119999999649e-01
4.060000000000000000e+02,1.789367418550118208e+09,5.376044263699999703e+01,2.860821851700000096e+01,5.263566971000000372e+00,7.110038600000000153e-02,-1.434502799999999925e-02,-3.663791900000000212e-01,9.276342189999999821e-01
4.070000000000000000e+02,1.789367421350264072e+09,5.421068360299999966e+01,2.793335504399999891e+01,5.219001530999999972e+00,3.327376900000000165e-02,-7.234949000000000068e-03,-2.874777989999999783e-01,9.571818149999999914e-01
4.080000000000000000e+02,1.789367422250249147e+09,5.480785255100000342e+01,2.733905713500000090e+01,5.253725629999999924e+00,2.998803200000000127e-02,-2.427566600000000130e-02,-3.408079359999999780e-01,9.393409179999999692e-01
4.090000000000000000e+02,1.789367423950526953e+09,5.531838375899999960e+01,2.669043514399999850e+01,5.270741505000000160e+00,2.513888699999999865e-02,6.060839000000000157e-03,-4.079145920000000203e-01,9.126538159999999511e-01
4.100000000000000000e+02,1.789367427151041985e+09,5.596631610000000023e+01,2.619934081199999909e+01,5.310851504999999584e+00,1.321966999999999934e-02,-9.773297999999999708e-03,-3.010386959999999945e-01,9.534702019999999889e-01
4.110000000000000000e+02,1.789367428250740767e+09,5.676086127300000328e+01,2.592123174900000038e+01,5.428855973000000112e+00,-4.164591499999999863e-02,-4.374890800000000302e-02,-3.443033799999999922e-01,9.369134609999999475e-01
4.120000000000000000e+02,1.789367429450779915e+09,5.746055878100000314e+01,2.546901828000000023e+01,5.548693798000000399e+00,-3.345923499999999690e-02,-1.054930949999999951e-01,-3.446959589999999962e-01,9.321675719999999998e-01
4.130000000000000000e+02,1.789367439049991846e+09,5.814762409499999762e+01,2.506204441999999943e+01,5.652729502999999767e+00,1.701978900000000045e-02,2.643355699999999989e-02,-2.486704489999999879e-01,9.680777870000000229e-01
4.140000000000000000e+02,1.789367439849998951e+09,5.822177921099999764e+01,2.502508761200000009e+01,5.676868728999999725e+00,8.704610999999999252e-03,2.313038800000000172e-02,-3.147522999999999987e-02,9.991989420000000344e-01
4.150000000000000000e+02,1.789367441449994087e+09,5.910001476699999756e+01,2.495348343299999883e+01,5.662484953999999959e+00,1.045542200000000067e-02,2.087547000000000014e-02,-4.425974099999999828e-02,9.987472020000000006e-01
4.160000000000000000e+02,1.789367442049992085e+09,5.990391179600000271e+01,2.487436792800000163e+01,5.654184954999999846e+00,1.119754100000000009e-02,2.020312700000000128e-02,-5.242791299999999960e-02,9.983575319999999920e-01
4.170000000000000000e+02,1.789367443450007915e+09,6.076066458500000067e+01,2.476486913500000142e+01,5.639223441000000392e+00,1.496556599999999959e-02,2.143410800000000033e-02,-6.176095999999999669e-02,9.977485630000000327e-01
4.180000000000000000e+02,1.789367445149990082e+09,6.167038408999999888e+01,2.464663605300000171e+01,5.630911539000000410e+00,1.192450599999999965e-02,1.910805299999999984e-02,-6.400452299999999373e-02,9.976953990000000383e-01
4.190000000000000000e+02,1.789367453149979115e+09,6.081743929000000293e+01,2.470251889700000092e+01,5.643867697000000128e+00,5.156721000000000395e-03,3.568966999999999973e-02,-6.197260100000000216e-02,9.974262139999999777e-01
4.200000000000000000e+02,1.789367453850042105e+09,6.028761812799999831e+01,2.476688384399999876e+01,5.622989709999999697e+00,2.128887900000000014e-02,6.428678999999999644e-03,-2.802614469999999969e-01,9.596660759999999790e-01
4.210000000000000000e+02,1.789367454250516891e+09,6.027925447500000189e+01,2.471497459600000113e+01,5.583393927000000367e+00,2.229694200000000015e-02,1.857069999999999891e-04,-4.960965099999999905e-01,8.679810279999999878e-01
4.220000000000000000e+02,1.789367454650633812e+09,6.026847279199999718e+01,2.468346680699999851e+01,5.586715203999999879e+00,1.293708900000000057e-02,-5.749137999999999991e-03,-6.865210390000000551e-01,7.269721059999999513e-01
4.230000000000000000e+02,1.789367455050125837e+09,6.027335091100000142e+01,2.466831887300000048e+01,5.568689167999999690e+00,6.896044999999999953e-03,5.438412000000000107e-03,-8.355005500000000085e-01,5.494194199999999917e-01
4.240000000000000000e+02,1.789367457650067091e+09,5.997134849100000054e+01,2.395281155700000042e+01,5.587001733000000137e+00,-1.100105099999999954e-02,2.402244499999999991e-02,-6.914335959999999837e-01,7.219567030000000329e-01
4.250000000000000000e+02,1.789367459049992085e+09,5.997931327199999885e+01,2.306982890700000155e+01,5.569247069000000216e+00,1.486669000000000011e-02,1.834995099999999976e-02,-6.963887319999999548e-01,7.172760940000000307e-01
4.260000000000000000e+02,1.789367460349992752e+09,5.999658102499999757e+01,2.221331592199999960e+01,5.556781628000000417e+00,1.608267799999999956e-02,1.907813200000000112e-02,-7.027834370000000108e-01,7.109661120000000389e-01
4.270000000000000000e+02,1.789367462250004768e+09,6.008591219699999897e+01,2.138021107000000143e+01,5.548509838000000194e+00,9.778817999999999885e-03,2.362296599999999872e-02,-6.377024669999999951e-01,7.698583589999999921e-01
4.280000000000000000e+02,1.789367463450058937e+09,6.019306477399999977e+01,2.067721517500000061e+01,5.557633305999999607e+00,1.328116000000000062e-03,1.976493799999999926e-02,-4.558246639999999905e-01,8.898491210000000207e-01
4.290000000000000000e+02,1.789367468749986887e+09,6.068290436600000248e+01,2.001043279299999966e+01,5.531512012000000311e+00,1.804595999999999978e-02,2.402030499999999874e-02,-4.424956150000000088e-01,8.962672579999999556e-01
4.300000000000000000e+02,1.789367469649991274e+09,6.119672292599999963e+01,1.931092569799999836e+01,5.517223437000000175e+00,1.559970599999999964e-02,2.063290599999999947e-02,-4.495718810000000065e-01,8.928695629999999772e-01
4.310000000000000000e+02,1.789367471049988031e+09,6.169381181800000036e+01,1.867383156100000008e+01,5.502521892999999942e+00,2.887685000000000078e-03,2.112263099999999935e-02,-4.072373369999999770e-01,9.130735169999999457e-01
4.320000000000000000e+02,1.789367471749998093e+09,6.225836801700000223e+01,1.803763025399999975e+01,5.489031866999999565e+00,1.314316700000000074e-02,2.170535499999999909e-02,-4.184560150000000145e-01,9.078825350000000460e-01
4.330000000000000000e+02,1.789367472449992895e+09,6.282457594099999909e+01,1.737775654300000028e+01,5.478381355999999869e+00,1.363572199999999943e-02,2.092058600000000143e-02,-4.258550609999999792e-01,9.044467170000000111e-01
4.340000000000000000e+02,1.789367473149985075e+09,6.339490630099999890e+01,1.665909923299999917e+01,5.460574558000000245e+00,1.145376600000000064e-02,2.002339399999999991e-02,-4.327697409999999856e-01,9.012093129999999563e-01
4.350000000000000000e+02,1.789367473849995852e+09,6.396717871599999938e+01,1.594483075399999983e+01,5.446262579999999964e+00,1.141571299999999921e-02,1.969103300000000015e-02,-4.382999639999999864e-01,8.985405309999999757e-01
4.360000000000000000e+02,1.789367474549992085e+09,6.452492553199999747e+01,1.521490619899999963e+01,5.433142132000000402e+00,1.218927900000000078e-02,1.957111900000000140e-02,-4.463747020000000121e-01,8.945490590000000353e-01
4.370000000000000000e+02,1.789367475349981785e+09,6.498032666800000356e+01,1.455171534599999994e+01,5.425675496000000209e+00,2.287761199999999856e-02,8.210798999999999528e-03,-5.538678670000000137e-01,8.322497119999999748e-01
4.380000000000000000e+02,1.789367477050009251e+09,6.529150633899999434e+01,1.377231240399999912e+01,5.393986457999999651e+00,9.981442999999999566e-03,2.568623000000000087e-02,-5.857118289999999616e-01,8.100507649999999504e-01
4.390000000000000000e+02,1.789367477750022173e+09,6.562165579599999887e+01,1.302642185400000052e+01,5.382572319000000327e+00,-1.223420499999999973e-02,2.793549400000000169e-02,-4.896868999999999805e-01,8.713648330000000053e-01
4.400000000000000000e+02,1.789367478850100756e+09,6.611100965999999346e+01,1.241884349999999948e+01,5.401931367000000428e+00,2.279120999999999838e-03,2.465870300000000057e-02,-2.985513579999999889e-01,9.540722409999999876e-01
4.410000000000000000e+02,1.789367480050348043e+09,6.679378856399999620e+01,1.181073239200000025e+01,5.378307781000000176e+00,8.874837000000000004e-03,2.366350500000000134e-02,-3.606021600000000049e-01,9.323772609999999572e-01
4.420000000000000000e+02,1.789367480750074863e+09,6.736184968300000264e+01,1.110172324600000060e+01,5.357512672000000364e+00,1.531773699999999967e-02,2.287741600000000111e-02,-4.271668129999999786e-01,9.037535639999999537e-01
4.430000000000000000e+02,1.789367481449990988e+09,6.795360180299999797e+01,1.042123974699999955e+01,5.349293251999999832e+00,9.931702000000000585e-03,2.067315700000000103e-02,-4.178559439999999792e-01,9.082237570000000204e-01
4.440000000000000000e+02,1.789367482050081253e+09,6.832965059800000063e+01,1.004571239700000085e+01,5.362576963999999613e+00,-1.441984699999999953e-02,8.188272999999999385e-03,-1.917347960000000129e-01,9.813066740000000454e-01
4.450000000000000000e+02,1.789367482450393915e+09,6.835186023200000704e+01,1.000533724900000010e+01,5.419909825999999597e+00,-1.430109899999999941e-02,6.114913999999999940e-03,5.581094600000000017e-02,9.983202009999999627e-01
4.460000000000000000e+02,1.789367483750380993e+09,6.920757589699999812e+01,1.018402889000000044e+01,5.385718360000000260e+00,7.848238999999999910e-03,2.131123299999999887e-02,6.005185200000000278e-02,9.979368779999999717e-01
4.470000000000000000e+02,1.789367484250077963e+09,6.969257801800000607e+01,1.013527759699999997e+01,5.358049321000000198e+00,1.891149500000000039e-02,1.544720999999999985e-03,-1.591289760000000053e-01,9.870754470000000502e-01
4.480000000000000000e+02,1.789367484550040960e+09,6.978260899599999334e+01,1.016693827799999994e+01,5.352501436999999918e+00,1.620337800000000092e-02,3.949458999999999782e-03,-3.606469849999999755e-01,9.325532720000000442e-01
4.490000000000000000e+02,1.789367484950159073e+09,6.981135013300000480e+01,1.018642883499999918e+01,5.308978828999999955e+00,7.469199999999999624e-03,-9.364666000000000656e-03,-5.680404359999999819e-01,8.229134689999999530e-01
4.500000000000000000e+02,1.789367486150005102e+09,7.014350568099999350e+01,9.428299175999999449e+00,5.302185852000000033e+00,8.579022999999999857e-03,1.350103899999999940e-02,-5.888011629999999608e-01,8.081196149999999578e-01
4.510000000000000000e+02,1.789367487249982119e+09,7.035320027199999515e+01,8.589610456999999144e+00,5.299938293000000300e+00,-3.187999999999999801e-06,3.475629899999999745e-02,-5.699087609999999859e-01,8.209725960000000544e-01
4.520000000000000000e+02,1.789367488250983953e+09,7.066438831300000345e+01,7.806927470999999841e+00,5.343890498999999572e+00,-7.492324100000000153e-02,-7.406287400000000076e-02,-5.873517320000000153e-01,8.024457249999999986e-01
4.530000000000000000e+02,1.789367489651248217e+09,7.080403685699999983e+01,6.965714582999999571e+00,5.522363353000000252e+00,-8.795681599999999323e-02,-9.012493900000000113e-02,-6.351982859999999453e-01,7.620132750000000454e-01
4.540000000000000000e+02,1.789367494550014973e+09,7.095290899799999806e+01,6.177998098999999854e+00,5.587040891000000009e+00,-1.332825800000000081e-02,-3.994911999999999769e-03,-6.683373489999999695e-01,7.437281669999999956e-01
4.550000000000000000e+02,1.789367495150045156e+09,7.108779802099999756e+01,5.389456356000000170e+00,5.595928548999999919e+00,1.044661499999999937e-02,4.904778199999999810e-02,-6.821111180000000163e-01,7.295269739999999947e-01
4.560000000000000000e+02,1.789367496150566101e+09,7.111026447800000483e+01,5.214721707999999900e+00,5.593108065000000018e+00,-1.622894880000000095e-01,-7.756848800000000488e-02,-6.937564189999999575e-01,6.973860360000000425e-01
4.570000000000000000e+02,1.789367496752161264e+09,7.123803063600000485e+01,4.789648463999999883e+00,5.892851486999999722e+00,1.689326199999999917e-02,5.077580200000000182e-02,-6.436779689999999610e-01,7.634232819999999808e-01
4.580000000000000000e+02,1.789367498150034904e+09,7.137829893500000367e+01,3.977036844000000126e+00,5.899622447999999686e+00,-1.731212799999999954e-02,1.758634300000000081e-02,-6.749430699999999783e-01,7.374570249999999882e-01
4.590000000000000000e+02,1.789367499650001764e+09,7.137684600999999418e+01,3.418930361000000140e+00,5.912501628000000231e+00,4.021302399999999999e-02,-5.372586000000000375e-03,-8.149821729999999764e-01,5.780641010000000524e-01
4.600000000000000000e+02,1.789367501150532961e+09,7.102330354100000420e+01,2.647496194999999997e+00,5.895650471999999809e+00,-4.129778399999999711e-02,-1.094683500000000025e-02,8.788327270000000357e-01,-4.752133179999999957e-01
4.610000000000000000e+02,1.789367501950032234e+09,7.090238146900000515e+01,2.442504147000000181e+00,5.902678746000000309e+00,-4.473005399999999826e-02,-1.400204900000000079e-02,9.588858199999999998e-01,-2.798948880000000083e-01
4.620000000000000000e+02,1.789367503049979448e+09,7.043812124800000163e+01,2.278914246999999893e+00,5.886542859000000405e+00,-3.725646500000000250e-02,-3.275575399999999804e-02,9.952980350000000254e-01,-8.319157700000000266e-02
4.630000000000000000e+02,1.789367504249988079e+09,6.958253896300000463e+01,2.228314370000000100e+00,5.891979834999999888e+00,-4.981259700000000012e-02,-5.753008000000000427e-03,9.986700020000000011e-01,1.199314200000000004e-02
4.640000000000000000e+02,1.789367505150007010e+09,6.908473061200000132e+01,2.286010844999999847e+00,5.888376626000000336e+00,-5.098502099999999843e-02,8.987333999999999601e-03,9.724870140000000385e-01,2.271315989999999896e-01
4.650000000000000000e+02,1.789367505950076818e+09,6.902749302499999828e+01,2.196107963000000218e+00,5.910581710999999849e+00,-4.146474900000000213e-02,2.583548499999999831e-02,9.029502659999999459e-01,4.269590380000000129e-01
4.660000000000000000e+02,1.789367507749996185e+09,6.862340763999999638e+01,2.915400280000000066e+00,5.918271190999999654e+00,-2.243515999999999913e-02,-1.624540000000000055e-03,8.012492399999999737e-01,5.979077520000000145e-01
4.670000000000000000e+02,1.789367513050258875e+09,6.831194749200000160e+01,3.654640994000000198e+00,5.981160642999999943e+00,1.216377199999999978e-02,3.700083299999999686e-02,7.524002690000000104e-01,6.575536610000000115e-01
4.680000000000000000e+02,1.789367514550688267e+09,6.825827793599999893e+01,4.479744622000000120e+00,5.862681925999999599e+00,-1.184672890000000034e-01,1.289995519999999896e-01,6.876029219999999498e-01,7.046466059999999532e-01
4.690000000000000000e+02,1.789367515650429964e+09,6.830932921500000532e+01,5.270407204999999706e+00,5.692753608000000298e+00,-1.064576859999999958e-01,1.184612939999999948e-01,6.832525600000000088e-01,7.126006049999999981e-01
4.700000000000000000e+02,1.789367516650010109e+09,6.838037285800000120e+01,6.073275529000000006e+00,5.665658707000000405e+00,-1.492573999999999984e-02,2.163574700000000031e-02,6.865166579999999463e-01,7.266388339999999557e-01
4.710000000000000000e+02,1.789367519250452042e+09,6.840724553200000457e+01,6.928916092999999776e+00,5.551337628999999829e+00,-1.197813860000000036e-01,1.308074049999999877e-01,6.777350060000000287e-01,7.135944960000000226e-01
4.720000000000000000e+02,1.789367520650690079e+09,6.848537845100000254e+01,7.764126080999999679e+00,5.362450622999999972e+00,-9.782825800000000127e-02,1.163185199999999947e-01,6.856324360000000118e-01,7.119043449999999940e-01
4.730000000000000000e+02,1.789367521650309086e+09,6.851526183199999309e+01,8.573021322000000666e+00,5.347992496999999901e+00,-7.706494000000000365e-03,2.360800899999999924e-02,7.038142250000000155e-01,7.099498629999999588e-01
4.740000000000000000e+02,1.789367522350061178e+09,6.854475753100000190e+01,8.752385779000000809e+00,5.327095102000000360e+00,8.550497000000000652e-03,3.709586999999999867e-03,5.393435829999999598e-01,8.420342200000000554e-01
4.750000000000000000e+02,1.789367522950067759e+09,6.853688918500000682e+01,8.752613702999999745e+00,5.340383464000000302e+00,-5.170013999999999686e-03,-2.633509000000000023e-03,7.263237270000000301e-01,6.873282910000000356e-01
4.760000000000000000e+02,1.789367523350532055e+09,6.854005485899999428e+01,8.761289437000000291e+00,5.368828641000000346e+00,-2.541277000000000206e-03,9.408988000000000074e-03,8.527458159999999898e-01,5.222351830000000472e-01
4.770000000000000000e+02,1.789367524649995804e+09,6.817669327500000520e+01,9.588514356999999322e+00,5.374388534999999578e+00,-7.981824000000000210e-03,1.554657499999999998e-02,8.355234849999999547e-01,5.491767490000000196e-01
4.780000000000000000e+02,1.789367525850103855e+09,6.791848259200000371e+01,1.008630181999999920e+01,5.383964832000000200e+00,-8.869969000000000117e-03,-9.358484000000000247e-03,9.381118980000000551e-01,3.460921969999999903e-01
4.790000000000000000e+02,1.789367527250021219e+09,6.723611282000000244e+01,1.066307344199999996e+01,5.390926168000000018e+00,-1.131653099999999947e-02,6.414091000000000237e-03,9.399557069999999737e-01,3.410484770000000165e-01
4.800000000000000000e+02,1.789367527950034142e+09,6.671570111200000497e+01,1.129053114899999954e+01,5.394733352000000259e+00,-1.001934800000000084e-02,1.519052400000000039e-02,9.032743469999999775e-01,4.286774010000000135e-01
4.810000000000000000e+02,1.789367528650005817e+09,6.619944607499999734e+01,1.191753590899999971e+01,5.398278894999999800e+00,-3.137029999999999853e-03,2.405585000000000015e-02,8.825143500000000030e-01,4.696593419999999797e-01
4.820000000000000000e+02,1.789367529350073099e+09,6.576081888100000583e+01,1.264569330900000033e+01,5.403806958999999743e+00,-4.456436000000000251e-03,1.930307599999999887e-02,8.761580890000000288e-01,4.816165840000000142e-01
4.830000000000000000e+02,1.789367530050016165e+09,6.545073299800000655e+01,1.347740443100000007e+01,5.402392508000000149e+00,1.578810199999999830e-02,3.872082699999999933e-02,8.008919530000000453e-01,5.973470629999999559e-01
4.840000000000000000e+02,1.789367530750228167e+09,6.538692049700000553e+01,1.430766738600000032e+01,5.406858260999999999e+00,-2.735729999999999911e-04,1.475313200000000040e-02,7.287063270000000426e-01,6.846673349999999880e-01
4.850000000000000000e+02,1.789367531350082874e+09,6.529166908899999555e+01,1.483732468100000013e+01,5.417730125000000285e+00,5.664675000000000092e-03,-6.662852999999999831e-03,8.661450240000000411e-01,4.997162350000000086e-01
4.860000000000000000e+02,1.789367532550043821e+09,6.471623257000000251e+01,1.540943828700000040e+01,5.431426435999999747e+00,-1.312045300000000067e-02,-1.247909999999999916e-04,9.242661370000000431e-01,3.815231920000000110e-01
4.870000000000000000e+02,1.789367533249984264e+09,6.403807157500000358e+01,1.599895090699999933e+01,5.449964653000000325e+00,-1.386059199999999970e-02,2.682274000000000116e-03,9.263139400000000023e-01,3.764879469999999895e-01
4.880000000000000000e+02,1.789367533949995995e+09,6.338898578100000236e+01,1.664375108500000167e+01,5.462148643999999997e+00,-1.242866299999999952e-02,4.207856999999999743e-03,9.206701689999999827e-01,3.901208299999999740e-01
4.890000000000000000e+02,1.789367534550032139e+09,6.288790707100000077e+01,1.727057588699999968e+01,5.460688636000000429e+00,-2.245291999999999861e-03,1.910152500000000114e-02,8.905116969999999910e-01,4.545536359999999831e-01
4.900000000000000000e+02,1.789367535249991894e+09,6.237992150800000246e+01,1.799632928000000121e+01,5.473885927000000429e+00,-1.348859500000000079e-02,-6.406741999999999992e-03,9.088701259999999449e-01,4.168118339999999922e-01
4.910000000000000000e+02,1.789367535949996948e+09,6.181834992099999937e+01,1.869688630099999926e+01,5.485804824999999774e+00,-1.227897900000000063e-02,-3.574800000000000265e-04,8.938432370000000127e-01,4.482112970000000085e-01
4.920000000000000000e+02,1.789367536650031805e+09,6.133855850799999843e+01,1.947457883799999934e+01,5.483984646999999768e+00,-2.469740000000000108e-04,1.833338400000000118e-02,8.326160689999999587e-01,5.535470249999999703e-01
4.930000000000000000e+02,1.789367537849992990e+09,6.093502717900000221e+01,2.017284527400000016e+01,5.518272779000000128e+00,-9.062311999999999451e-03,1.288000000000000082e-03,8.740304639999999514e-01,4.857848940000000226e-01
4.940000000000000000e+02,1.789367538649994850e+09,6.053831632100000348e+01,2.090313041499999969e+01,5.547133224000000418e+00,-5.457288000000000243e-03,3.796814999999999826e-03,8.659296100000000163e-01,5.001216979999999479e-01
4.950000000000000000e+02,1.789367539850016117e+09,6.010031395200000048e+01,2.168837471100000158e+01,5.563113630000000143e+00,2.866838999999999932e-03,1.116935500000000060e-02,8.456137070000000477e-01,5.336707640000000197e-01
4.960000000000000000e+02,1.789367541550001144e+09,5.974693365099999909e+01,2.244839985300000151e+01,5.584803716999999779e+00,-4.495881000000000183e-03,1.955001999999999955e-03,8.472638900000000195e-01,5.311495710000000425e-01
4.970000000000000000e+02,1.789367542249989748e+09,5.929250826300000199e+01,2.314173144700000151e+01,5.619144202000000199e+00,3.661760000000000015e-03,-2.378846800000000011e-02,9.460968370000000238e-01,3.229883519999999786e-01
4.980000000000000000e+02,1.789367542650014877e+09,5.923743303900000257e+01,2.321205493200000092e+01,5.614514950000000226e+00,-1.477344999999999917e-03,-2.689295599999999911e-02,9.953359459999999714e-01,9.263336799999999371e-02
4.990000000000000000e+02,1.789367543050574064e+09,5.930538380699999834e+01,2.318791131400000083e+01,5.669722254999999933e+00,6.252816999999999924e-03,-3.202374000000000193e-02,9.893430509999999733e-01,-1.419003540000000063e-01
5.000000000000000000e+02,1.789367543450355053e+09,5.933902923800000195e+01,2.313109165999999917e+01,5.637606052999999839e+00,7.312525000000000275e-03,-2.800928499999999835e-02,9.326212759999999991e-01,-3.596937069999999737e-01
5.010000000000000000e+02,1.789367543850089073e+09,5.937007050199999725e+01,2.316094799100000046e+01,5.559099890999999793e+00,-1.256764800000000071e-02,2.504641800000000085e-02,-8.304921699999999740e-01,5.563249820000000234e-01
5.020000000000000000e+02,1.789367544250169039e+09,5.940382617800000276e+01,2.317911863000000139e+01,5.594577174000000319e+00,-1.156393900000000051e-02,2.275301999999999880e-02,-6.902462769999999637e-01,7.231242310000000062e-01
5.030000000000000000e+02,1.789367544650139809e+09,5.943631827899999820e+01,2.319670516700000107e+01,5.603546659000000041e+00,-3.348990000000000040e-03,1.925788700000000131e-02,-5.135946150000000321e-01,8.578102880000000319e-01
5.040000000000000000e+02,1.789367548249984980e+09,5.976818087499999876e+01,2.245204059499999971e+01,5.582910088000000215e+00,1.860530300000000012e-02,2.174565999999999999e-02,-5.276630209999999543e-01,8.489715570000000433e-01
5.050000000000000000e+02,1.789367549649993896e+09,5.988954538200000144e+01,2.160977358199999898e+01,5.552945508999999724e+00,1.921678599999999959e-02,2.003306100000000131e-02,-6.648242130000000527e-01,7.464838630000000252e-01
5.060000000000000000e+02,1.789367550550003767e+09,6.004255359399999747e+01,2.080762436099999846e+01,5.535025818000000264e+00,1.850333999999999920e-03,3.054884199999999966e-02,-5.923189629999999761e-01,8.051220970000000365e-01
5.070000000000000000e+02,1.789367551350162983e+09,6.032020993100000084e+01,2.003793298800000144e+01,5.517314748000000435e+00,-2.102057000000000057e-03,3.150665200000000304e-02,-4.994927069999999802e-01,8.657424259999999538e-01
5.080000000000000000e+02,1.789367552149991274e+09,6.084297292499999799e+01,1.939821783000000011e+01,5.511479236999999642e+00,1.450450600000000034e-02,2.189982999999999860e-02,-4.371880389999999728e-01,8.989864490000000208e-01
5.090000000000000000e+02,1.789367552849997044e+09,6.132170573399999824e+01,1.875578601100000142e+01,5.504902764999999754e+00,1.453922700000000005e-02,2.027528699999999948e-02,-4.478177970000000174e-01,8.937766750000000204e-01
5.100000000000000000e+02,1.789367553550008774e+09,6.179654174200000227e+01,1.809783115700000167e+01,5.492469147999999635e+00,1.609093500000000065e-02,1.909521499999999872e-02,-4.510859790000000258e-01,8.921310970000000395e-01
5.110000000000000000e+02,1.789367554250024080e+09,6.234183991199999753e+01,1.749672992200000010e+01,5.491645204000000113e+00,1.173191099999999938e-02,2.212556499999999982e-02,-4.177576789999999929e-01,9.082132699999999614e-01
5.120000000000000000e+02,1.789367554950044870e+09,6.291406185200000323e+01,1.686736621800000080e+01,5.475982959000000427e+00,-5.148701000000000319e-03,2.549003500000000116e-02,-3.499184160000000099e-01,9.364191640000000261e-01
5.130000000000000000e+02,1.789367555649986744e+09,6.349821521599999841e+01,1.620576732199999981e+01,5.463170208000000194e+00,9.206726999999999619e-03,2.094827299999999989e-02,-4.105726290000000223e-01,9.115407410000000432e-01
5.140000000000000000e+02,1.789367556350101233e+09,6.411752254499999992e+01,1.555018090899999983e+01,5.454850719000000403e+00,-7.318693999999999721e-03,2.315931599999999924e-02,-3.486156630000000201e-01,9.369510140000000264e-01
5.150000000000000000e+02,1.789367557049988270e+09,6.481111853000000167e+01,1.500002905400000053e+01,5.450230711999999755e+00,7.350559000000000433e-03,2.093491299999999944e-02,-3.449939419999999979e-01,9.383426230000000423e-01
5.160000000000000000e+02,1.789367557750001192e+09,6.534352298500000700e+01,1.428088110700000080e+01,5.413606096999999728e+00,2.601335600000000137e-02,1.432608900000000018e-02,-5.219504059999999779e-01,8.524587040000000115e-01
5.170000000000000000e+02,1.789367558450000286e+09,6.579259495899999877e+01,1.354835119400000032e+01,5.410053485999999801e+00,1.126240700000000032e-02,1.487861600000000076e-02,-4.742458900000000033e-01,8.801946489999999956e-01
5.180000000000000000e+02,1.789367559149989128e+09,6.628341143699999805e+01,1.279275355799999936e+01,5.412066419000000295e+00,9.219767000000000240e-03,1.489119399999999996e-02,-4.744833580000000217e-01,8.800902179999999797e-01
5.190000000000000000e+02,1.789367560149993896e+09,6.668789200899999514e+01,1.209042748699999947e+01,5.404659446000000145e+00,1.030758499999999932e-02,1.477555300000000030e-02,-5.046848800000000024e-01,8.631156399999999618e-01
5.200000000000000000e+02,1.789367561650041103e+09,6.717257947800000295e+01,1.132860429599999996e+01,5.404682486999999647e+00,-7.784670999999999952e-03,2.357430300000000131e-02,-4.433301379999999847e-01,8.960145309999999474e-01
5.210000000000000000e+02,1.789367562350008965e+09,6.775660465199999294e+01,1.064848047699999967e+01,5.409241068000000041e+00,4.832427999999999724e-03,2.133686200000000158e-02,-4.333794890000000066e-01,9.009459499999999954e-01
5.220000000000000000e+02,1.789367563050029993e+09,6.834698205700000528e+01,9.943253376999999560e+00,5.396422042000000197e+00,-9.798931999999999781e-03,2.505337800000000115e-02,-3.888680119999999851e-01,9.209006349999999674e-01
5.230000000000000000e+02,1.789367563650004864e+09,6.885383110099999726e+01,9.577246417999999650e+00,5.415197527000000122e+00,-1.750091200000000041e-02,2.745595999999999887e-03,-1.458951139999999924e-01,9.891414440000000363e-01
5.240000000000000000e+02,1.789367564050019979e+09,6.892676549399999431e+01,9.521651649000000717e+00,5.436810919000000020e+00,-1.929306800000000002e-02,5.204437999999999599e-03,1.014125939999999948e-01,9.946437439999999963e-01
5.250000000000000000e+02,1.789367565350065947e+09,6.963611658599999998e+01,9.893748482999999538e+00,5.398234185999999823e+00,3.445992000000000152e-03,2.168589300000000122e-02,2.185348870000000110e-01,9.755820570000000025e-01
5.260000000000000000e+02,1.789367565850084782e+09,6.997914588999999808e+01,9.990344123999999937e+00,5.405524001999999939e+00,1.737736299999999984e-02,5.208275000000000057e-03,-2.489748999999999868e-03,9.998323369999999599e-01
5.270000000000000000e+02,1.789367566150521994e+09,6.998972899999999697e+01,1.004154346099999984e+01,5.402195983000000368e+00,1.110594600000000022e-02,7.942308999999999827e-03,-2.140414429999999979e-01,9.767291529999999611e-01
5.280000000000000000e+02,1.789367566550483227e+09,6.997863173899999367e+01,1.004949219400000082e+01,5.375960026999999641e+00,2.065947900000000143e-02,2.610310000000000017e-04,-4.365098379999999834e-01,8.994622169999999528e-01
5.290000000000000000e+02,1.789367566950986147e+09,6.998144713000000650e+01,1.003737005099999990e+01,5.329033106999999880e+00,9.173841999999999761e-03,7.451130000000000470e-04,-6.222596919999999754e-01,7.827567699999999906e-01
5.300000000000000000e+02,1.789367568450022936e+09,7.015688351100000375e+01,9.250794056000000154e+00,5.332946420999999937e+00,1.041129699999999991e-02,2.296289600000000000e-02,-6.384773929999999487e-01,7.692274890000000420e-01
5.310000000000000000e+02,1.789367570049998283e+09,7.033923417699999447e+01,8.347183197999999749e+00,5.324397624999999579e+00,8.876536000000000842e-03,2.016566300000000034e-02,-6.324670519999999740e-01,7.742738420000000454e-01
5.320000000000000000e+02,1.789367571250462770e+09,7.051641470100000220e+01,7.541370367999999935e+00,5.401690737000000020e+00,-7.283603700000000625e-02,-1.120280889999999974e-01,-6.452226119999999732e-01,7.522183199999999959e-01
5.330000000000000000e+02,1.789367572551152229e+09,7.052011390699999538e+01,6.702538811000000152e+00,5.638007462000000025e+00,-4.036889000000000102e-03,-1.597678400000000082e-02,-7.063480140000000240e-01,7.076728970000000229e-01
5.340000000000000000e+02,1.789367573450362921e+09,7.052292668900000194e+01,6.084972657999999868e+00,5.649288945000000339e+00,1.021058000000000035e-02,-1.834216300000000160e-02,-8.401269150000000296e-01,5.419834650000000531e-01
5.350000000000000000e+02,1.789367573850422144e+09,7.055066162699999666e+01,6.057531217000000190e+00,5.645572798999999975e+00,-8.077119000000000659e-03,8.045840000000000283e-03,9.413302369999999586e-01,-3.372942489999999904e-01
5.360000000000000000e+02,1.789367575150224924e+09,6.980589138400000593e+01,5.578914093999999935e+00,5.637901518999999695e+00,-2.094882400000000131e-02,-2.379380000000000113e-04,9.599232439999999533e-01,-2.794788999999999746e-01
5.370000000000000000e+02,1.789367576750138283e+09,6.911745577799999296e+01,5.099800121000000352e+00,5.654110414999999890e+00,8.957137000000000432e-03,-1.415928299999999994e-02,9.315585969999999882e-01,-3.632049900000000053e-01
5.380000000000000000e+02,1.789367578150415182e+09,6.859671646099999975e+01,4.425093669999999868e+00,5.859142011000000316e+00,7.710521200000000630e-02,4.427025899999999931e-02,8.815674650000000501e-01,-4.636094649999999984e-01
5.390000000000000000e+02,1.789367579051048040e+09,6.819601991599999735e+01,3.693858871000000210e+00,5.971800135999999704e+00,-7.557402999999999864e-03,-8.105137999999999579e-03,8.725635000000000474e-01,-4.883749889999999816e-01
5.400000000000000000e+02,1.789367579550370932e+09,6.801112109599999656e+01,3.347017713000000061e+00,5.980742275999999968e+00,-1.038801200000000029e-02,1.904337000000000044e-02,-7.246390990000000087e-01,6.887870609999999783e-01
5.410000000000000000e+02,1.789367579950623274e+09,6.796430387499999881e+01,3.317028414000000147e+00,5.981081610000000381e+00,-4.088543000000000038e-03,1.052280700000000034e-02,-5.515869009999999628e-01,8.340410329999999872e-01
5.420000000000000000e+02,1.789367580950460911e+09,6.848131604799999650e+01,2.606487015999999990e+00,5.967143538000000191e+00,2.444525999999999817e-03,3.226506700000000144e-02,-4.281123339999999833e-01,9.031460679999999686e-01
5.430000000000000000e+02,1.789367581550022125e+09,6.901845779399999969e+01,2.150692551000000119e+00,5.959477795999999827e+00,-5.299825999999999669e-03,1.481479200000000024e-02,-2.386732360000000108e-01,9.709724610000000089e-01
5.440000000000000000e+02,1.789367582250087976e+09,6.931899377400000617e+01,2.111704229999999960e+00,5.952972199000000408e+00,-1.329140499999999919e-02,6.346342999999999950e-03,-1.239922799999999999e-02,9.998146439999999746e-01
5.450000000000000000e+02,1.789367582850355864e+09,6.993381228600000554e+01,2.290706096000000080e+00,5.964172235999999572e+00,-1.617178600000000049e-02,1.088970499999999952e-02,2.050649890000000031e-01,9.785541570000000355e-01
5.460000000000000000e+02,1.789367583450046062e+09,7.027960681700000123e+01,2.403326872000000058e+00,5.954567070000000406e+00,-3.129161000000000095e-03,-6.609262999999999770e-03,4.397657260000000234e-01,8.980827529999999559e-01
5.470000000000000000e+02,1.789367584850344896e+09,7.077951730899999916e+01,3.176359779000000216e+00,5.957176210000000083e+00,-8.668235999999999303e-03,2.219014100000000003e-02,4.681961370000000122e-01,8.833033660000000342e-01
5.480000000000000000e+02,1.789367586850003958e+09,7.123064313400000458e+01,3.809090777999999844e+00,5.954425619000000225e+00,-9.964580000000000659e-03,2.208425899999999845e-02,6.339244160000000461e-01,7.730154120000000129e-01
5.490000000000000000e+02,1.789367592350004911e+09,7.140312251500000684e+01,4.639439322000000310e+00,5.951174814999999896e+00,-1.025042399999999930e-02,2.164642899999999828e-02,6.395438319999999788e-01,7.683814469999999952e-01
5.500000000000000000e+02,1.789367592750715494e+09,7.139790125899999396e+01,5.012794820999999956e+00,5.737826038999999767e+00,-1.866054329999999872e-01,2.177146899999999885e-01,6.564475730000000064e-01,6.977501780000000542e-01
5.510000000000000000e+02,1.789367593650815964e+09,7.143341277700000091e+01,5.612545309999999787e+00,5.608840773999999918e+00,-4.809577699999999928e-02,4.769773100000000016e-02,6.763845010000000268e-01,7.334273850000000428e-01
5.520000000000000000e+02,1.789367595750003099e+09,7.150578836100000046e+01,6.420958467000000169e+00,5.638423775999999776e+00,-1.424179499999999980e-02,2.057665100000000136e-02,6.850511809999999535e-01,7.280650050000000428e-01
5.530000000000000000e+02,1.789367596349980116e+09,7.151784183099999836e+01,6.420708441000000377e+00,5.626204478000000009e+00,8.691224000000000866e-03,2.334166500000000102e-02,4.936577620000000000e-01,8.692995129999999682e-01
5.540000000000000000e+02,1.789367596750013828e+09,7.150717665899999531e+01,6.442839227000000335e+00,5.643438564000000213e+00,1.404294600000000059e-02,1.559893799999999969e-02,2.683310460000000175e-01,9.630980839999999654e-01
5.550000000000000000e+02,1.789367597150228977e+09,7.152869984400000192e+01,6.415804729000000428e+00,5.657157772999999779e+00,1.562758599999999887e-02,7.898857000000000447e-03,3.208967299999999911e-02,9.993315959999999887e-01
5.560000000000000000e+02,1.789367597550715208e+09,7.150727969099999370e+01,6.414893456999999799e+00,5.686060825000000207e+00,1.308644800000000052e-02,1.648427999999999959e-03,-2.015065980000000090e-01,9.793983450000000035e-01
5.570000000000000000e+02,1.789367597950836182e+09,7.151271116499999891e+01,6.400863234000000013e+00,5.651343883000000012e+00,1.126581699999999915e-02,-2.383634999999999834e-03,-4.243659089999999856e-01,9.054175700000000049e-01
5.580000000000000000e+02,1.789367598350661039e+09,7.150236593500000026e+01,6.418918013999999950e+00,5.631336124999999804e+00,1.388311000000000059e-02,-9.955880000000000285e-03,-6.256128250000000390e-01,7.799466219999999783e-01
5.590000000000000000e+02,1.789367598750468016e+09,7.148186867200000449e+01,6.424964876999999852e+00,5.619715827000000274e+00,1.585152800000000015e-02,-1.299529100000000083e-02,-7.891546059999999807e-01,6.138524739999999813e-01
5.600000000000000000e+02,1.789367603750063896e+09,7.138447221100000206e+01,5.603134261000000116e+00,5.573446039000000241e+00,-2.875563800000000003e-02,1.254429999999999955e-02,-7.554637100000000105e-01,6.544389480000000203e-01
5.610000000000000000e+02,1.789367604451304913e+09,7.132157544499999346e+01,5.199219786999999648e+00,5.585784642000000133e+00,-2.082924160000000080e-01,-1.060882699999999984e-01,-7.067331260000000448e-01,6.677483330000000272e-01
5.620000000000000000e+02,1.789367604851406097e+09,7.137145652099999893e+01,4.878070391999999700e+00,5.820292084000000088e+00,-3.982152500000000345e-02,5.477527299999999932e-02,-7.154532989999999870e-01,6.953707590000000049e-01
5.630000000000000000e+02,1.789367605550770044e+09,7.140930722699999933e+01,4.082120651000000322e+00,5.876134828999999726e+00,-4.680188099999999657e-02,1.227986200000000076e-02,-7.371869460000000096e-01,6.739541500000000296e-01
5.640000000000000000e+02,1.789367608250103951e+09,7.121001008899999363e+01,3.308357400999999864e+00,5.895983667000000317e+00,-6.957763999999999616e-02,3.598850000000000009e-04,-8.006873509999999916e-01,5.950282249999999662e-01
5.650000000000000000e+02,1.789367608850142956e+09,7.104630167499999516e+01,2.650546788000000209e+00,5.883223212999999951e+00,-3.949018399999999762e-02,-8.382413000000000017e-03,9.027143600000000490e-01,-4.283422060000000031e-01
5.660000000000000000e+02,1.789367614950113773e+09,7.040075026700000649e+01,2.162262766000000003e+00,5.957623178999999602e+00,-1.742790500000000048e-02,7.590455999999999766e-03,9.526645830000000092e-01,-3.034284850000000255e-01
5.670000000000000000e+02,1.789367616149994850e+09,6.960996733300000017e+01,1.764747741999999953e+00,5.959743869000000416e+00,-2.182172699999999910e-02,4.864722999999999617e-03,9.639431099999999919e-01,-2.651675459999999762e-01
5.680000000000000000e+02,1.789367617049996138e+09,6.890353027599999791e+01,1.387506037000000081e+00,5.962661914999999979e+00,-2.202283199999999913e-02,1.456173000000000059e-03,9.696600570000000197e-01,-2.434589239999999932e-01
5.690000000000000000e+02,1.789367617949992180e+09,6.813914301600000556e+01,1.062992664999999892e+00,5.956507074000000124e+00,-2.050710199999999928e-02,5.439995999999999894e-03,9.734474979999999666e-01,-2.279250600000000126e-01
5.700000000000000000e+02,1.789367618850036144e+09,6.733323609100000340e+01,7.396754039999999808e-01,5.961021462999999798e+00,-2.242481299999999830e-02,8.321231999999999587e-03,9.808957980000000410e-01,-1.930578109999999958e-01
5.710000000000000000e+02,1.789367619750036955e+09,6.649464404200000445e+01,4.880004689999999923e-01,5.957014178999999743e+00,-2.214543999999999888e-02,8.218916999999999196e-03,9.875814590000000504e-01,-1.553218919999999892e-01
5.720000000000000000e+02,1.789367620649991989e+09,6.565346272099999680e+01,1.911517120000000014e-01,5.960914905000000097e+00,-1.760076500000000085e-02,3.114468000000000011e-03,9.847939570000000531e-01,-1.728044420000000025e-01
5.730000000000000000e+02,1.789367621449990749e+09,6.486137986800000022e+01,-8.504180699999999704e-02,5.956294487000000082e+00,-1.969244599999999887e-02,-3.736720000000000232e-04,9.854419100000000320e-01,-1.688677289999999942e-01
5.740000000000000000e+02,1.789367622249997139e+09,6.408565033499999686e+01,-3.521460109999999810e-01,5.960083820999999560e+00,-1.799638099999999880e-02,-3.556330000000000016e-04,9.860265990000000036e-01,-1.656126480000000012e-01
5.750000000000000000e+02,1.789367623049995184e+09,6.330663642799999735e+01,-6.037750499999999798e-01,5.956286868000000290e+00,-1.785072299999999890e-02,-1.492038999999999909e-03,9.866494070000000338e-01,-1.618705430000000056e-01
5.760000000000000000e+02,1.789367623850003958e+09,6.253887393000000117e+01,-8.699117200000000549e-01,5.955583780000000438e+00,-1.862222300000000025e-02,-1.927132000000000020e-03,9.873294599999999921e-01,-1.575754930000000109e-01
5.770000000000000000e+02,1.789367624750007153e+09,6.170536686300000184e+01,-1.130512581999999933e+00,5.946207041000000082e+00,-2.151847000000000135e-02,-8.033409999999999510e-04,9.880437279999999545e-01,-1.526627080000000081e-01
5.780000000000000000e+02,1.789367625649991989e+09,6.089735416999999984e+01,-1.375720727000000032e+00,5.943476763999999690e+00,-2.135573099999999933e-02,7.787589999999999617e-04,9.886782339999999891e-01,-1.485216329999999862e-01
5.790000000000000000e+02,1.789367626549996853e+09,6.002878482300000229e+01,-1.599677282999999894e+00,5.934262461000000322e+00,-2.204245100000000110e-02,2.505224999999999813e-03,9.904815129999999801e-01,-1.358463360000000120e-01
5.800000000000000000e+02,1.789367627349991798e+09,5.924478017199999869e+01,-1.822437606999999904e+00,5.929884655999999588e+00,-2.174149400000000010e-02,2.487440000000000159e-04,9.905100140000000497e-01,-1.357098270000000051e-01
5.810000000000000000e+02,1.789367628249996185e+09,5.836857191499999686e+01,-2.059241459999999968e+00,5.921407703999999939e+00,-2.356506800000000151e-02,1.540570999999999911e-03,9.910034779999999932e-01,-1.317361800000000083e-01
5.820000000000000000e+02,1.789367629150022984e+09,5.751204596600000230e+01,-2.323588793999999957e+00,5.908848571000000049e+00,-2.085010600000000019e-02,-2.361863000000000070e-03,9.889925370000000049e-01,-1.464699829999999980e-01
5.830000000000000000e+02,1.789367630050086975e+09,5.666373197200000078e+01,-2.611962763999999826e+00,5.903101024999999780e+00,-1.750729999999999995e-02,-1.294046400000000048e-02,9.796761520000000223e-01,-1.994007909999999939e-01
5.840000000000000000e+02,1.789367630850018978e+09,5.588074992399999985e+01,-2.852233630999999825e+00,5.895943839000000075e+00,-1.651357100000000119e-02,-1.123919399999999923e-02,9.810839049999999784e-01,-1.925496130000000083e-01
5.850000000000000000e+02,1.789367631650031090e+09,5.524900276599999671e+01,-3.352951362000000213e+00,5.903135534999999656e+00,-1.621634400000000059e-02,-5.751128999999999790e-03,9.385276449999999659e-01,-3.447750210000000148e-01
5.860000000000000000e+02,1.789367632450023890e+09,5.460642502799999676e+01,-3.843253761999999796e+00,5.900366775000000175e+00,-2.159349699999999969e-02,4.687891999999999927e-03,9.564100669999999749e-01,-2.911898499999999723e-01
5.870000000000000000e+02,1.789367633249993086e+09,5.393448731600000201e+01,-4.299048592000000113e+00,5.897357425000000042e+00,-1.822163799999999834e-02,-4.385448999999999597e-03,9.505081949999999447e-01,-3.101336989999999849e-01
5.880000000000000000e+02,1.789367634050003290e+09,5.324870003899999915e+01,-4.797137117000000117e+00,5.889973044999999630e+00,-2.124284200000000136e-02,-8.136295999999999459e-03,9.507638120000000415e-01,-3.090804380000000129e-01
5.890000000000000000e+02,1.789367634949998140e+09,5.245754956799999746e+01,-5.164950651999999920e+00,5.878841449000000274e+00,-1.895230999999999999e-02,-5.352090999999999793e-03,9.754267800000000488e-01,-2.194419330000000057e-01
5.900000000000000000e+02,1.789367635850116968e+09,5.167649888700000105e+01,-5.589290715999999826e+00,5.877643944999999981e+00,-1.623052900000000048e-02,-2.001821700000000134e-02,9.605306559999999827e-01,-2.769777959999999983e-01
5.910000000000000000e+02,1.789367636649995089e+09,5.091046893099999693e+01,-5.969589756000000413e+00,5.863253569000000276e+00,-2.092102300000000040e-02,-8.130220999999999976e-03,9.738390070000000343e-01,-2.261278379999999977e-01
5.920000000000000000e+02,1.789367637450011969e+09,5.021755350200000123e+01,-6.390312405000000417e+00,5.850080708000000129e+00,-2.389243300000000111e-02,-1.170620699999999972e-02,9.640762710000000402e-01,-2.642897280000000015e-01
5.930000000000000000e+02,1.789367638250021935e+09,4.950494221099999947e+01,-6.810861945000000084e+00,5.836492518000000018e+00,-2.545295599999999880e-02,-1.689386699999999991e-02,9.612123999999999668e-01,-2.741121400000000041e-01
5.940000000000000000e+02,1.789367639049994946e+09,4.884646617100000299e+01,-7.281337834000000342e+00,5.813800874000000007e+00,-2.322975799999999966e-02,-1.437827900000000075e-02,9.601083879999999793e-01,-2.782903629999999850e-01
5.950000000000000000e+02,1.789367639850000143e+09,4.811701537199999734e+01,-7.724824986999999865e+00,5.806061235999999681e+00,-1.884400799999999890e-02,-1.022229300000000035e-02,9.643602690000000477e-01,-2.637227340000000142e-01
5.960000000000000000e+02,1.789367640650044203e+09,4.738780759600000181e+01,-8.190294493999999759e+00,5.803813756000000268e+00,-6.847367000000000037e-03,-2.689595200000000075e-02,9.429522249999999772e-01,-3.317692300000000261e-01
5.970000000000000000e+02,1.789367641449997187e+09,4.671261999299999701e+01,-8.714674914999999800e+00,5.803748049000000186e+00,-1.765218799999999921e-02,-1.040254399999999968e-02,9.503910859999999960e-01,-3.103819760000000039e-01
5.980000000000000000e+02,1.789367642149986982e+09,4.605387447900000097e+01,-9.172544161999999446e+00,5.799404016000000439e+00,-1.568355299999999938e-02,-7.790941000000000012e-03,9.534416239999999876e-01,-3.010687579999999919e-01
5.990000000000000000e+02,1.789367642949993849e+09,4.531009830499999680e+01,-9.693752350000000462e+00,5.800762251000000091e+00,-1.505073300000000017e-02,-4.542481000000000123e-03,9.559140999999999888e-01,-2.932252949999999969e-01
6.000000000000000000e+02,1.789367643649990797e+09,4.462746151700000041e+01,-1.014884173199999928e+01,5.800919774999999667e+00,-1.696672600000000142e-02,-5.357446000000000083e-03,9.570047720000000036e-01,-2.895259809999999878e-01
6.010000000000000000e+02,1.789367644350000143e+09,4.391731975599999771e+01,-1.061505438000000012e+01,5.799907691999999670e+00,-1.680996800000000152e-02,-5.168551000000000395e-03,9.581500640000000235e-01,-2.857256810000000091e-01
6.020000000000000000e+02,1.789367645049998045e+09,4.318219836000000100e+01,-1.108219144299999925e+01,5.786602130000000344e+00,-2.580687699999999890e-02,-5.550562999999999678e-03,9.597563630000000012e-01,-2.795906280000000077e-01
6.030000000000000000e+02,1.789367645749996185e+09,4.247747650000000164e+01,-1.150320399599999988e+01,5.777412921999999895e+00,-1.451381499999999936e-02,-1.463452000000000069e-03,9.617691339999999700e-01,-2.734727430000000181e-01
6.040000000000000000e+02,1.789367646449997187e+09,4.176985290199999667e+01,-1.193555283699999947e+01,5.779170921999999599e+00,-2.220496599999999959e-02,1.376251999999999901e-03,9.637981930000000252e-01,-2.657030069999999911e-01
6.050000000000000000e+02,1.789367647150006771e+09,4.104950073999999915e+01,-1.233214232000000088e+01,5.769235822999999819e+00,-2.518901000000000126e-02,5.727895000000000209e-03,9.644904800000000389e-01,-2.628513259999999963e-01
6.060000000000000000e+02,1.789367647850089073e+09,4.032310810700000303e+01,-1.274918820999999980e+01,5.757993060000000440e+00,-2.415555700000000111e-02,1.394164999999999988e-02,9.725569200000000469e-01,-2.309873970000000110e-01
6.070000000000000000e+02,1.789367648550011158e+09,3.956568470199999865e+01,-1.306082675200000054e+01,5.747988317999999985e+00,-2.341099799999999884e-02,7.095772999999999664e-03,9.763260489999999736e-01,-2.149163139999999972e-01
6.080000000000000000e+02,1.789367649250008821e+09,3.884826406799999887e+01,-1.344578986600000015e+01,5.747726988000000148e+00,-2.025235599999999914e-02,-3.353623999999999928e-03,9.702793859999999659e-01,-2.411151370000000072e-01
6.090000000000000000e+02,1.789367649950005054e+09,3.810464325800000296e+01,-1.380760645300000000e+01,5.738385498000000418e+00,-2.149225999999999914e-02,1.470867999999999958e-03,9.738947909999999819e-01,-2.259753439999999947e-01
6.100000000000000000e+02,1.789367650650017262e+09,3.731926661899999687e+01,-1.413655995599999926e+01,5.727529657999999912e+00,-2.175628099999999884e-02,5.793809999999999932e-03,9.800230009999999492e-01,-1.976057039999999931e-01
6.110000000000000000e+02,1.789367651449995995e+09,3.648743216700000147e+01,-1.451789616199999955e+01,5.721975343000000436e+00,-1.886296800000000079e-02,4.675020000000000109e-04,9.777097369999999676e-01,-2.091115490000000077e-01
6.120000000000000000e+02,1.789367652149996281e+09,3.569835636700000236e+01,-1.487139026000000008e+01,5.719605869999999648e+00,-1.881832599999999980e-02,-5.487610000000000404e-04,9.786670330000000195e-01,-2.045883850000000115e-01
6.130000000000000000e+02,1.789367652849995852e+09,3.490380926099999925e+01,-1.519638500900000011e+01,5.712684348999999884e+00,-1.965273099999999967e-02,4.311240000000000037e-03,9.794654649999999796e-01,-2.006055479999999946e-01
6.140000000000000000e+02,1.789367653549990177e+09,3.406363190399999752e+01,-1.554047562799999938e+01,5.707295410000000402e+00,-1.986783500000000036e-02,6.674918999999999644e-03,9.804034019999999794e-01,-1.958823239999999966e-01
6.150000000000000000e+02,1.789367654249994993e+09,3.321174357400000332e+01,-1.589452200200000043e+01,5.702545404000000318e+00,-1.931328800000000137e-02,5.378993000000000316e-03,9.810968829999999752e-01,-1.924758950000000080e-01
6.160000000000000000e+02,1.789367654950011969e+09,3.240472822299999933e+01,-1.620940858399999840e+01,5.698255456000000052e+00,-1.949728400000000014e-02,4.076645999999999742e-03,9.823152440000000318e-01,-1.861719609999999969e-01
6.170000000000000000e+02,1.789367656849994183e+09,3.163614145100000030e+01,-1.650375187999999937e+01,5.691697232000000106e+00,-2.502860399999999944e-02,3.560648000000000025e-03,9.835651739999999865e-01,-1.787748269999999973e-01
6.180000000000000000e+02,1.789367657950006962e+09,3.087216885699999835e+01,-1.677899869899999885e+01,5.686864361999999673e+00,-2.173523999999999942e-02,4.000188000000000008e-03,9.841203979999999518e-01,-1.761210400000000065e-01
6.190000000000000000e+02,1.789367658950009823e+09,3.010270429999999919e+01,-1.705753439200000088e+01,5.679411017999999700e+00,-2.463881899999999930e-02,3.180411000000000175e-03,9.842877030000000138e-01,-1.748157069999999869e-01
6.200000000000000000e+02,1.789367659950001240e+09,2.930521973000000102e+01,-1.733327308899999863e+01,5.669653719000000258e+00,-2.693871800000000039e-02,6.886050000000000330e-03,9.860682699999999690e-01,-1.640007790000000132e-01
6.210000000000000000e+02,1.789367660949999094e+09,2.848041975900000011e+01,-1.760899846899999943e+01,5.662221533000000306e+00,-2.517615600000000162e-02,4.957271000000000073e-03,9.863909389999999666e-01,-1.624022820000000089e-01
6.220000000000000000e+02,1.789367661950003862e+09,2.766066701500000136e+01,-1.786455736399999950e+01,5.651779333000000349e+00,-2.501402900000000012e-02,5.629427000000000215e-03,9.872823370000000098e-01,-1.568954929999999970e-01
6.230000000000000000e+02,1.789367662950005770e+09,2.683296495200000109e+01,-1.812848253399999976e+01,5.640807324999999928e+00,-2.403018999999999988e-02,4.917966999999999651e-03,9.882999380000000444e-01,-1.505376920000000007e-01
6.240000000000000000e+02,1.789367664049991846e+09,2.599761964900000066e+01,-1.838607426100000097e+01,5.633410358999999978e+00,-2.395311199999999863e-02,5.430718999999999651e-03,9.890671039999999747e-01,-1.454063919999999954e-01
6.250000000000000000e+02,1.789367665049996138e+09,2.516835536800000028e+01,-1.862728899900000101e+01,5.630503157999999786e+00,-2.460596199999999859e-02,2.732982000000000120e-03,9.895192590000000399e-01,-1.422628350000000041e-01
6.260000000000000000e+02,1.789367666049993038e+09,2.441180419399999835e+01,-1.898413898000000088e+01,5.636736106999999940e+00,-1.954255099999999828e-02,-1.554166000000000054e-03,9.751291239999999583e-01,-2.207688040000000129e-01
6.270000000000000000e+02,1.789367666849998951e+09,2.367073258899999999e+01,-1.932216308499999968e+01,5.634320931999999615e+00,-1.960297800000000007e-02,-5.198439999999999919e-04,9.776034710000000016e-01,-2.095397499999999968e-01
6.280000000000000000e+02,1.789367667650006771e+09,2.291455272299999990e+01,-1.964430837100000105e+01,5.629708273000000318e+00,-1.840198399999999970e-02,-1.464444000000000076e-03,9.791266830000000532e-01,-2.024108729999999912e-01
6.290000000000000000e+02,1.789367668449996948e+09,2.211815217999999916e+01,-2.000240926800000096e+01,5.624290616999999770e+00,-2.107791800000000104e-02,-1.580255999999999935e-03,9.803847060000000502e-01,-1.959567640000000055e-01
6.300000000000000000e+02,1.789367669249998808e+09,2.127929761700000100e+01,-2.032783105100000043e+01,5.619476292999999956e+00,-2.049284800000000101e-02,-6.607149999999999785e-04,9.822699040000000270e-01,-1.863476380000000099e-01
6.310000000000000000e+02,1.789367670050003052e+09,2.047328421299999945e+01,-2.062727671200000046e+01,5.612903288000000046e+00,-1.948334999999999997e-02,-2.096350000000000080e-04,9.843494229999999456e-01,-1.751472749999999912e-01
6.320000000000000000e+02,1.789367670850005865e+09,1.967001113199999907e+01,-2.090994007100000118e+01,5.606781880999999856e+00,-1.968656800000000151e-02,7.957780000000000235e-04,9.857548680000000063e-01,-1.670303760000000082e-01
6.330000000000000000e+02,1.789367671650001764e+09,1.886440785599999970e+01,-2.118290754699999923e+01,5.602484258999999689e+00,-2.151606600000000036e-02,-3.593300000000000308e-05,9.869232180000000465e-01,-1.597486120000000120e-01
6.340000000000000000e+02,1.789367672450021267e+09,1.800607893600000153e+01,-2.139768742300000071e+01,5.587639573999999776e+00,-1.894961599999999899e-02,1.766190999999999942e-02,9.952007980000000531e-01,-9.436281200000000424e-02
6.350000000000000000e+02,1.789367673249994993e+09,1.715688810800000041e+01,-2.151611402400000017e+01,5.576438154999999952e+00,-2.059630299999999983e-02,5.185056000000000387e-03,9.958143109999999520e-01,-8.889749800000000535e-02
6.360000000000000000e+02,1.789367674050004959e+09,1.628540436400000146e+01,-2.167725186799999904e+01,5.568151328999999983e+00,-2.125462100000000132e-02,5.900423999999999600e-03,9.960810329999999491e-01,-8.565046399999999560e-02
6.370000000000000000e+02,1.789367674849995852e+09,1.539777997100000029e+01,-2.181734563199999855e+01,5.561865852999999582e+00,-1.898335400000000089e-02,5.525689999999999769e-03,9.964246610000000448e-01,-8.214009099999999841e-02
6.380000000000000000e+02,1.789367675549999952e+09,1.460588987600000088e+01,-2.195179182200000056e+01,5.554411142000000190e+00,-2.125616699999999942e-02,4.835235999999999701e-03,9.967602629999999797e-01,-7.741946800000000517e-02
6.390000000000000000e+02,1.789367676350019217e+09,1.371485299599999941e+01,-2.208189915899999889e+01,5.553518136000000105e+00,-1.615140099999999926e-02,4.009745999999999796e-03,9.973032059999999976e-01,-7.147985799999999335e-02
6.400000000000000000e+02,1.789367677150002956e+09,1.283774558200000016e+01,-2.219348725400000077e+01,5.554942013999999872e+00,-1.725621499999999836e-02,3.284151999999999818e-03,9.978121540000000067e-01,-6.373651499999999359e-02
6.410000000000000000e+02,1.789367677950020075e+09,1.199622822499999941e+01,-2.230106832299999908e+01,5.552585437000000290e+00,-2.164032499999999845e-02,4.584964000000000400e-03,9.981109519999999957e-01,-5.731667900000000232e-02
6.420000000000000000e+02,1.789367678850013971e+09,1.113900320800000010e+01,-2.242159986500000102e+01,5.549301183999999942e+00,-2.192790500000000101e-02,2.720746999999999922e-03,9.978382110000000305e-01,-6.189240499999999756e-02
6.430000000000000000e+02,1.789367679650013924e+09,1.031735362200000061e+01,-2.250443400900000057e+01,5.541846656999999787e+00,-2.035290999999999836e-02,4.693484000000000371e-03,9.985561929999999808e-01,-4.949000099999999874e-02
6.440000000000000000e+02,1.789367680450041056e+09,9.413518578999999775e+00,-2.259645023399999886e+01,5.542889267999999703e+00,-1.991993699999999867e-02,-4.175985999999999587e-03,9.985689589999999782e-01,-4.945493799999999690e-02
6.450000000000000000e+02,1.789367681250064850e+09,8.517418259999999464e+00,-2.272593437200000110e+01,5.540079019000000216e+00,-1.576115599999999839e-02,-1.566879399999999978e-02,9.947137560000000045e-01,-1.002527720000000039e-01
6.460000000000000000e+02,1.789367682050017118e+09,7.677945240999999754e+00,-2.290209675799999900e+01,5.539057073999999581e+00,-1.908460299999999860e-02,-6.525679999999999632e-04,9.963454699999999553e-01,-8.325296599999999769e-02
6.470000000000000000e+02,1.789367682850031853e+09,6.778182525000000069e+00,-2.305253871500000074e+01,5.538478042000000379e+00,-1.953781300000000110e-02,-1.217911300000000009e-02,9.926954850000000441e-01,-1.184297970000000033e-01
6.480000000000000000e+02,1.789367683649999142e+09,5.892791728999999812e+00,-2.326481941699999823e+01,5.534963716000000034e+00,-2.297811400000000087e-02,-1.044585999999999909e-03,9.943143690000000312e-01,-1.039704310000000020e-01
6.490000000000000000e+02,1.789367684349997997e+09,5.095514907000000093e+00,-2.342890905699999848e+01,5.533877754999999787e+00,-1.883674700000000091e-02,-6.049200000000000020e-04,9.955883709999999720e-01,-9.191630200000000528e-02
6.500000000000000000e+02,1.789367685049993753e+09,4.256846104000000075e+00,-2.358191158300000012e+01,5.507368146000000131e+00,-1.630152600000000021e-02,1.207879000000000027e-03,9.962379199999999990e-01,-8.510469199999999568e-02
6.510000000000000000e+02,1.789367685750005960e+09,3.448949772999999830e+00,-2.375590972399999856e+01,5.507469376999999611e+00,-1.876146399999999853e-02,-6.671749999999999946e-04,9.955247780000000546e-01,-9.261738199999999810e-02
6.520000000000000000e+02,1.789367686449997187e+09,2.577796451000000211e+00,-2.390635260399999851e+01,5.508656992999999780e+00,-1.964921299999999871e-02,2.091892000000000144e-03,9.966438509999999695e-01,-7.943907999999999525e-02
6.530000000000000000e+02,1.789367687149998188e+09,1.681756986999999981e+00,-2.403659117899999842e+01,5.502975734999999702e+00,-2.079175100000000068e-02,2.452419999999999860e-03,9.973877359999999692e-01,-6.913314900000000485e-02
6.540000000000000000e+02,1.789367687849998951e+09,7.779217950000000270e-01,-2.415114205100000078e+01,5.497642132000000181e+00,-2.242760099999999840e-02,2.646644999999999987e-03,9.980712739999999528e-01,-5.782499599999999657e-02
6.550000000000000000e+02,1.789367688549993992e+09,-1.416245250000000011e-01,-2.423473245899999995e+01,5.489289583999999778e+00,-2.288590100000000016e-02,3.645874999999999810e-03,9.986120640000000215e-01,-4.729574799999999857e-02
6.560000000000000000e+02,1.789367689249996901e+09,-1.031584674999999951e+00,-2.431534862899999894e+01,5.466964237000000004e+00,-2.429552800000000026e-02,5.698953999999999999e-03,9.990358299999999581e-01,-3.612007300000000254e-02
6.570000000000000000e+02,1.789367689850027084e+09,-1.838494513999999969e+00,-2.440641461299999904e+01,5.455447417000000243e+00,-2.620395699999999994e-02,5.964844000000000396e-03,9.985055219999999787e-01,-4.758672399999999691e-02
6.580000000000000000e+02,1.789367690550006151e+09,-2.723720017000000215e+00,-2.445481106400000115e+01,5.439306748999999996e+00,-2.367725099999999985e-02,-4.614970999999999830e-03,9.972123050000000211e-01,-7.060955500000000440e-02
6.590000000000000000e+02,1.789367691850013018e+09,-3.559088341999999905e+00,-2.454645439999999823e+01,5.432757502000000294e+00,-2.860192599999999974e-02,1.201175399999999949e-02,9.970608439999999462e-01,-7.005226900000000034e-02
6.600000000000000000e+02,1.789367692550006866e+09,-4.443232258000000101e+00,-2.466744233300000033e+01,5.410280352000000015e+00,-2.848638599999999896e-02,1.166794900000000038e-02,9.977661880000000538e-01,-5.928759100000000060e-02
6.610000000000000000e+02,1.789367693250009775e+09,-5.349040873999999945e+00,-2.475546773800000011e+01,5.376626672000000440e+00,-3.037187400000000009e-02,1.162261199999999918e-02,9.985237059999999554e-01,-4.350715200000000032e-02
6.620000000000000000e+02,1.789367693950011969e+09,-6.241861412999999636e+00,-2.481575881999999922e+01,5.356549525000000145e+00,-2.992362999999999967e-02,1.693927199999999827e-02,9.989811090000000338e-01,-2.922979800000000128e-02
6.630000000000000000e+02,1.789367694650020838e+09,-7.155142085999999679e+00,-2.485971171499999954e+01,5.328527896999999847e+00,-3.070414700000000108e-02,1.797830599999999945e-02,9.993080850000000126e-01,-1.083457699999999975e-02
6.640000000000000000e+02,1.789367696250027895e+09,-7.798905480000000168e+00,-2.485589341900000093e+01,5.319995214000000416e+00,-9.357663000000000439e-03,-7.641427999999999589e-03,9.720629659999999728e-01,-2.344091150000000012e-01
6.650000000000000000e+02,1.789367696650276899e+09,-7.791568353999999808e+00,-2.484204371299999892e+01,5.284287465000000239e+00,1.305486000000000016e-03,-8.103874999999999967e-03,8.988232139999999815e-01,-4.382344719999999860e-01
6.660000000000000000e+02,1.789367697050487995e+09,-7.775212437000000421e+00,-2.486061355600000056e+01,5.239361691000000043e+00,-1.604084600000000096e-02,-6.935153999999999798e-03,-7.743116869999999707e-01,6.325630450000000460e-01
6.670000000000000000e+02,1.789367697450683117e+09,-7.744926143999999901e+00,-2.481859927700000057e+01,5.265727067000000261e+00,-3.455222899999999681e-02,-5.397863000000000140e-03,-6.055372620000000206e-01,7.950481940000000414e-01
6.680000000000000000e+02,1.789367697850699186e+09,-7.770554413000000160e+00,-2.478683872599999916e+01,5.267885112000000092e+00,-3.722532499999999661e-02,-1.367512100000000015e-02,-4.075899619999999723e-01,9.123035069999999580e-01
6.690000000000000000e+02,1.789367698250781059e+09,-7.770479259000000027e+00,-2.471791803600000037e+01,5.300306952999999766e+00,-3.464328199999999747e-02,-1.443615699999999981e-02,-1.966096940000000015e-01,9.797632720000000184e-01
6.700000000000000000e+02,1.789367698850131273e+09,-7.720355972000000122e+00,-2.470265239000000079e+01,5.319600935999999614e+00,-3.345449899999999865e-02,-8.154213999999999907e-03,6.566889400000000543e-02,9.972471619999999648e-01
6.710000000000000000e+02,1.789367700250434875e+09,-6.950323639999999692e+00,-2.442621237199999840e+01,5.341046634999999654e+00,-1.070160600000000066e-02,1.117878700000000079e-02,1.308948960000000106e-01,9.912754599999999972e-01
6.720000000000000000e+02,1.789367700950062275e+09,-6.061218478999999881e+00,-2.417942664699999966e+01,5.366505337999999625e+00,-1.673510799999999854e-02,7.805340000000000021e-03,1.251029939999999951e-01,9.919719019999999610e-01
6.730000000000000000e+02,1.789367704250002861e+09,-5.274361630999999662e+00,-2.399367624599999971e+01,5.393838034999999920e+00,-1.425811500000000002e-02,3.878709000000000150e-03,1.027165959999999933e-01,9.946009059999999513e-01
6.740000000000000000e+02,1.789367704949997902e+09,-4.392048959000000252e+00,-2.383633500799999894e+01,5.407822987000000303e+00,-1.604515000000000108e-02,-3.785806999999999974e-03,9.685909800000000458e-02,9.951615630000000268e-01
6.750000000000000000e+02,1.789367705650002956e+09,-3.445060053000000178e+00,-2.364263361200000091e+01,5.441965425000000245e+00,-1.484932100000000040e-02,-1.087117999999999982e-03,8.853694099999999401e-02,9.959616089999999700e-01
6.760000000000000000e+02,1.789367706149994135e+09,-2.497949429000000166e+00,-2.348465265200000118e+01,5.454096439999999824e+00,-1.992976200000000017e-02,8.058500000000000179e-05,7.867354499999999751e-02,9.967011949999999842e-01
6.770000000000000000e+02,1.789367706649996042e+09,-1.555541473999999980e+00,-2.334472127100000094e+01,5.469346429999999870e+00,-2.044203099999999940e-02,1.241527000000000082e-03,6.652609600000000678e-02,9.975744890000000087e-01
6.780000000000000000e+02,1.789367707150005102e+09,-6.203824329999999554e-01,-2.322075320300000101e+01,5.482063892000000216e+00,-2.230141700000000046e-02,4.354788000000000062e-03,7.516065199999999447e-02,9.969125129999999446e-01
6.790000000000000000e+02,1.789367707650002956e+09,3.051445170000000040e-01,-2.310235879300000050e+01,5.533413506999999676e+00,-1.352433400000000070e-02,5.139040000000000318e-04,5.126090999999999981e-02,9.985935849999999503e-01
6.800000000000000000e+02,1.789367708150057077e+09,1.140645700999999956e+00,-2.285006109700000110e+01,5.558193340999999954e+00,-9.537474000000000646e-03,1.756493999999999937e-03,1.399117510000000009e-01,9.901164850000000461e-01
6.810000000000000000e+02,1.789367708650018930e+09,2.037936827999999867e+00,-2.266440818299999904e+01,5.526253689999999885e+00,-8.731393999999999961e-03,1.570078399999999888e-02,-4.468645000000000256e-03,9.998286250000000264e-01
6.820000000000000000e+02,1.789367709150025845e+09,2.909560561999999795e+00,-2.279965836299999893e+01,5.510580972999999716e+00,-2.751229000000000001e-03,4.475047000000000226e-03,-1.704500720000000080e-01,9.853523109999999807e-01
6.830000000000000000e+02,1.789367709649993181e+09,3.776605275000000095e+00,-2.314817360900000054e+01,5.520462428000000088e+00,-9.895961999999999467e-03,8.266551000000000454e-03,-1.793831130000000107e-01,9.836947860000000432e-01
6.840000000000000000e+02,1.789367710150008917e+09,4.659509638000000287e+00,-2.348994886399999871e+01,5.527014130000000414e+00,-8.329489000000000684e-03,8.252034999999999579e-03,-1.867399289999999989e-01,9.823394130000000501e-01
6.850000000000000000e+02,1.789367710650055885e+09,5.510102621999999783e+00,-2.374209616899999986e+01,5.540051637000000362e+00,3.041077000000000103e-03,2.165888599999999872e-02,-3.226476899999999870e-02,9.992400259999999479e-01
6.860000000000000000e+02,1.789367711150034904e+09,6.387819445999999957e+00,-2.365922621400000025e+01,5.610247862999999668e+00,-1.513000500000000019e-02,1.095840099999999956e-02,8.176674000000000095e-03,9.997920479999999888e-01
6.870000000000000000e+02,1.789367711649999857e+09,7.346801046000000390e+00,-2.370169073299999951e+01,5.603378962999999935e+00,-8.780908999999999937e-03,7.639365000000000391e-03,-1.611772300000000047e-02,9.998023579999999466e-01
6.880000000000000000e+02,1.789367712150041103e+09,8.187653729999999186e+00,-2.355836317300000005e+01,5.622649764000000161e+00,-9.945931999999999343e-03,9.641777000000000680e-03,1.403586059999999969e-01,9.900038260000000312e-01
6.890000000000000000e+02,1.789367712650007010e+09,9.076793735000000751e+00,-2.335382496900000149e+01,5.620312452000000292e+00,-1.346887800000000010e-02,5.966858000000000231e-03,9.777156300000000577e-02,9.950998479999999535e-01
6.900000000000000000e+02,1.789367713149996996e+09,1.000594578699999992e+01,-2.321609786999999869e+01,5.628125078000000059e+00,-7.381307000000000146e-03,3.526003000000000210e-03,7.250932200000000105e-02,9.973341879999999549e-01
6.910000000000000000e+02,1.789367713649997950e+09,1.091749869999999945e+01,-2.309971329800000106e+01,5.634679451000000228e+00,-8.443048999999999346e-03,6.371972000000000053e-03,5.516714600000000024e-02,9.984211029999999765e-01
6.920000000000000000e+02,1.789367714150014877e+09,1.171581028599999996e+01,-2.275865942300000100e+01,5.667457060000000268e+00,-1.767580300000000035e-02,1.100187499999999950e-02,2.051347819999999877e-01,9.785122609999999943e-01
6.930000000000000000e+02,1.789367714650012970e+09,1.256274469499999924e+01,-2.241177393999999978e+01,5.664919016999999890e+00,-1.872032399999999999e-02,1.017072299999999957e-02,1.900289739999999894e-01,9.815472960000000135e-01
6.940000000000000000e+02,1.789367715150000811e+09,1.344107221199999991e+01,-2.214235079099999837e+01,5.645413193999999635e+00,-1.496244899999999919e-02,1.316318099999999949e-02,1.371189009999999875e-01,9.903541099999999542e-01
6.950000000000000000e+02,1.789367715650004864e+09,1.434646607400000029e+01,-2.189345609000000081e+01,5.650288107999999809e+00,-1.655660700000000096e-02,7.330948999999999799e-03,1.243617199999999950e-01,9.920717209999999620e-01
6.960000000000000000e+02,1.789367716149994135e+09,1.527062632600000036e+01,-2.168669635599999879e+01,5.643699550000000009e+00,-1.539331300000000048e-02,7.227293000000000085e-03,1.076892019999999978e-01,9.940391579999999783e-01
6.970000000000000000e+02,1.789367716650011063e+09,1.617260156300000062e+01,-2.150399221500000024e+01,5.661259846000000096e+00,-1.345480299999999955e-02,3.638928999999999948e-03,8.700562500000000310e-02,9.961103089999999716e-01
6.980000000000000000e+02,1.789367720349989891e+09,1.696974204200000003e+01,-2.137870025799999851e+01,5.682235249999999738e+00,-4.278114999999999869e-03,1.666008799999999998e-02,6.145867700000000322e-02,9.979614070000000225e-01
6.990000000000000000e+02,1.789367721550007105e+09,1.788307897900000043e+01,-2.128635058300000082e+01,5.683964441999999728e+00,-3.204941000000000213e-03,1.226646800000000086e-02,5.618267600000000084e-02,9.983400070000000293e-01
7.000000000000000000e+02,1.789367722050020218e+09,1.875968581400000090e+01,-2.118203705899999889e+01,5.692443071999999660e+00,-1.021329000000000074e-03,7.736256000000000382e-03,1.094531489999999996e-01,9.939613250000000066e-01
7.010000000000000000e+02,1.789367723750037193e+09,1.959337506399999995e+01,-2.100652038200000149e+01,5.710776545999999954e+00,-4.785829999999999815e-04,1.090569199999999982e-02,9.032318200000000186e-02,9.958526800000000456e-01
7.020000000000000000e+02,1.789367724650008202e+09,2.048589831500000003e+01,-2.080806382900000173e+01,5.717058580999999862e+00,-5.077787999999999746e-03,8.274897999999999282e-03,9.345830800000000382e-02,9.955758569999999530e-01
7.030000000000000000e+02,1.789367725349993944e+09,2.133629189299999851e+01,-2.067928996699999900e+01,5.710490262999999622e+00,-3.586264999999999939e-03,7.854109999999999651e-04,9.415541800000000461e-02,9.955507420000000440e-01
7.040000000000000000e+02,1.789367726049998045e+09,2.220766760700000120e+01,-2.051816292999999902e+01,5.713051324000000264e+00,-1.183734999999999996e-03,1.151953499999999915e-02,7.085414499999999338e-02,9.974194650000000051e-01
7.050000000000000000e+02,1.789367726649996281e+09,2.306584988699999883e+01,-2.040346287099999856e+01,5.726232742999999736e+00,-5.676499999999999472e-04,1.275592099999999993e-02,5.698546200000000062e-02,9.982933539999999661e-01
7.060000000000000000e+02,1.789367727250010967e+09,2.398614101200000093e+01,-2.030594293900000125e+01,5.712422852000000439e+00,-3.724599999999999786e-03,4.734758000000000369e-03,4.876688900000000076e-02,9.987920200000000026e-01
7.070000000000000000e+02,1.789367727850039959e+09,2.487622563300000067e+01,-1.999574304100000077e+01,5.754185093000000251e+00,-8.834572000000000605e-03,1.595188599999999846e-02,2.052985390000000021e-01,9.785295080000000478e-01
7.080000000000000000e+02,1.789367728349990845e+09,2.572801727999999954e+01,-1.969743454400000005e+01,5.746417505000000148e+00,-6.499402999999999951e-03,1.125890199999999945e-02,1.727801670000000123e-01,9.848746160000000360e-01
7.090000000000000000e+02,1.789367728850006819e+09,2.651845504499999961e+01,-1.940563626100000150e+01,5.753433343000000200e+00,-7.395048999999999893e-03,1.224045300000000010e-02,1.578629029999999989e-01,9.873574779999999551e-01
7.100000000000000000e+02,1.789367729349994898e+09,2.736647798399999942e+01,-1.916119446400000115e+01,5.753860122999999938e+00,-7.655107999999999878e-03,1.161053299999999927e-02,1.481013680000000110e-01,9.888744000000000423e-01
7.110000000000000000e+02,1.789367729850004196e+09,2.824920378699999901e+01,-1.888469316200000137e+01,5.754633169999999964e+00,-5.126328000000000308e-03,9.615541000000000019e-03,1.388181679999999918e-01,9.902579350000000336e-01
7.120000000000000000e+02,1.789367730350003958e+09,2.910930042800000095e+01,-1.863970602299999868e+01,5.759077457000000067e+00,-3.681526000000000069e-03,1.697504600000000058e-02,2.114627430000000086e-01,9.772317029999999516e-01
7.130000000000000000e+02,1.789367730850015163e+09,2.994262737500000071e+01,-1.832561695100000065e+01,5.766290335999999961e+00,-2.494357999999999905e-03,1.247064200000000053e-02,1.538213900000000023e-01,9.880168219999999613e-01
7.140000000000000000e+02,1.789367731350056171e+09,3.074787570499999845e+01,-1.800991898699999894e+01,5.769590864999999624e+00,-4.759277000000000125e-03,2.584990200000000099e-02,2.907178300000000104e-01,9.564477380000000473e-01
7.150000000000000000e+02,1.789367731850010872e+09,3.153632727200000119e+01,-1.753788847699999920e+01,5.775642951000000025e+00,-3.485927000000000209e-03,1.546961200000000064e-02,2.356303819999999993e-01,9.717133639999999684e-01
7.160000000000000000e+02,1.789367732350008011e+09,3.237445866600000244e+01,-1.712410151699999972e+01,5.786692115000000136e+00,-2.220643999999999917e-03,1.192318499999999934e-02,2.197237250000000086e-01,9.754867459999999602e-01
7.170000000000000000e+02,1.789367732850002050e+09,3.323702756499999822e+01,-1.673100912299999976e+01,5.785056587999999778e+00,-2.995176000000000002e-03,1.141912699999999940e-02,2.109250010000000009e-01,9.774309570000000447e-01
7.180000000000000000e+02,1.789367733350003004e+09,3.410747815199999877e+01,-1.636246364899999861e+01,5.788983402999999583e+00,-3.853067999999999858e-03,1.193740100000000026e-02,2.022859439999999953e-01,9.792461639999999745e-01
7.190000000000000000e+02,1.789367733850011826e+09,3.491120070699999900e+01,-1.601577665399999972e+01,5.788441606000000128e+00,-3.552472000000000095e-03,1.567751800000000140e-02,1.936377709999999863e-01,9.809413890000000524e-01
7.200000000000000000e+02,1.789367734350015879e+09,3.572645950300000095e+01,-1.562315483399999927e+01,5.799568211000000417e+00,-4.529056000000000054e-03,2.167383000000000157e-02,2.434941009999999906e-01,9.696496049999999700e-01
7.210000000000000000e+02,1.789367734850000858e+09,3.656374964700000163e+01,-1.522061418200000027e+01,5.774743360000000436e+00,-4.841502999999999605e-03,2.023666199999999901e-02,2.633230839999999850e-01,9.644832770000000277e-01
7.220000000000000000e+02,1.789367735350003958e+09,3.719862067199999700e+01,-1.463406258800000082e+01,5.796154064000000439e+00,-1.031795800000000034e-02,1.826218599999999970e-02,3.951801890000000150e-01,9.183641160000000081e-01
7.230000000000000000e+02,1.789367735850021124e+09,3.781873741700000124e+01,-1.404522296799999914e+01,5.777301683000000132e+00,-1.588728699999999994e-02,1.820631799999999911e-02,2.672228269999999961e-01,9.633317630000000076e-01
7.240000000000000000e+02,1.789367736350018263e+09,3.864923183199999812e+01,-1.361376466900000004e+01,5.788579624999999673e+00,-1.306368999999999933e-02,1.555634399999999973e-02,2.921301620000000265e-01,9.561628039999999773e-01
7.250000000000000000e+02,1.789367736850073099e+09,3.937907198199999925e+01,-1.314511969199999974e+01,5.756616219999999728e+00,-1.105060899999999943e-02,2.238519400000000062e-02,1.549259580000000025e-01,9.876106190000000229e-01
7.260000000000000000e+02,1.789367737350010157e+09,4.026538944400000020e+01,-1.286271260600000055e+01,5.774373128999999771e+00,-1.362013699999999918e-02,1.441416899999999925e-02,1.821693520000000066e-01,9.830671650000000206e-01
7.270000000000000000e+02,1.789367737850004911e+09,4.099128717899999685e+01,-1.242972658599999924e+01,5.782823288000000339e+00,-1.000824999999999979e-02,9.861764000000000294e-03,3.252525359999999810e-01,9.455228020000000511e-01
7.280000000000000000e+02,1.789367738350000858e+09,4.176854919800000232e+01,-1.190682043700000037e+01,5.783431261999999684e+00,-7.972210999999999881e-03,1.100612299999999960e-02,2.735620550000000262e-01,9.617583440000000428e-01
7.290000000000000000e+02,1.789367738850005865e+09,4.258226909900000123e+01,-1.142563347900000004e+01,5.791641094000000045e+00,-5.930529999999999829e-03,1.680902499999999827e-02,2.603527460000000238e-01,9.653490209999999738e-01
7.300000000000000000e+02,1.789367739350009918e+09,4.340550663199999804e+01,-1.097785928300000080e+01,5.799925389000000209e+00,-1.485117999999999898e-03,8.201254999999999309e-03,2.487041869999999932e-01,9.685436290000000170e-01
7.310000000000000000e+02,1.789367739849997044e+09,4.423748045199999979e+01,-1.053450008199999921e+01,5.800045146000000429e+00,-4.653057000000000373e-03,9.645259999999999251e-03,2.645827740000000206e-01,9.643035170000000544e-01
7.320000000000000000e+02,1.789367740350003004e+09,4.487840066999999777e+01,-9.957138536000000428e+00,5.816534579999999899e+00,-5.386962000000000347e-03,1.578069400000000136e-02,3.294464069999999967e-01,9.440270200000000500e-01
7.330000000000000000e+02,1.789367740849997759e+09,4.565719786500000055e+01,-9.415698604999999333e+00,5.810746696999999905e+00,-1.748956000000000078e-03,1.506729499999999965e-02,3.100998660000000018e-01,9.505829740000000250e-01
7.340000000000000000e+02,1.789367741350021124e+09,4.638065342000000157e+01,-8.887540363999999471e+00,5.806664374000000350e+00,4.814460000000000115e-04,1.463314500000000018e-02,2.944065289999999724e-01,9.555681219999999643e-01
7.350000000000000000e+02,1.789367741850016117e+09,4.717150434100000211e+01,-8.353679908000000154e+00,5.816377171000000068e+00,1.186330000000000007e-04,1.342805600000000071e-02,2.958008039999999728e-01,9.551552530000000374e-01
7.360000000000000000e+02,1.789367742349987984e+09,4.793540708900000169e+01,-7.953300850999999838e+00,5.772061829000000088e+00,5.584831999999999644e-03,2.120250799999999838e-02,1.402214220000000122e-01,9.898773739999999766e-01
7.370000000000000000e+02,1.789367742850038052e+09,4.883589809499999745e+01,-7.679037134999999736e+00,5.802482937999999812e+00,3.689645000000000077e-03,1.291529200000000009e-02,2.215870020000000051e-01,9.750480919999999774e-01
7.380000000000000000e+02,1.789367743350013971e+09,4.956050364099999683e+01,-7.221802914000000406e+00,5.825259617000000389e+00,5.433366000000000237e-03,7.565635999999999715e-03,2.578151029999999899e-01,9.661493740000000052e-01
7.390000000000000000e+02,1.789367743850013971e+09,5.040466850399999998e+01,-6.772102407000000213e+00,5.836712683000000013e+00,8.088680000000000219e-04,1.072036799999999922e-02,2.414207969999999925e-01,9.703609730000000155e-01
7.400000000000000000e+02,1.789367744349993229e+09,5.123070972000000012e+01,-6.348815824999999968e+00,5.852840265000000208e+00,-3.578219999999999903e-04,1.175186100000000060e-02,2.314353459999999862e-01,9.727792379999999905e-01
7.410000000000000000e+02,1.789367744850009203e+09,5.209137773599999832e+01,-5.933624445000000414e+00,5.851892803000000143e+00,1.812678999999999983e-03,1.293668899999999948e-02,2.248080070000000041e-01,9.743155119999999947e-01
7.420000000000000000e+02,1.789367745349992275e+09,5.293728343299999750e+01,-5.536165973000000129e+00,5.853204524999999769e+00,3.965774000000000035e-03,1.205769100000000059e-02,2.188825749999999959e-01,9.756686439999999738e-01
7.430000000000000000e+02,1.789367745850017071e+09,5.376834722299999925e+01,-5.136530828999999798e+00,5.851560522999999847e+00,-1.896300000000000123e-05,1.873619899999999852e-02,3.167355849999999862e-01,9.483288060000000241e-01
7.440000000000000000e+02,1.789367746349997997e+09,5.450956093399999958e+01,-4.659768437000000318e+00,5.875198270000000278e+00,-9.940610000000000765e-04,1.371378799999999933e-02,2.592445310000000003e-01,9.657138379999999911e-01
7.450000000000000000e+02,1.789367746850000858e+09,5.534152727499999713e+01,-4.206280165999999987e+00,5.883070175000000290e+00,-2.872496999999999898e-03,1.113471899999999952e-02,2.436399870000000023e-01,9.697975680000000542e-01
7.460000000000000000e+02,1.789367747350012779e+09,5.616890519100000034e+01,-3.771242505000000023e+00,5.883644647999999755e+00,-2.844808999999999793e-03,9.086059000000000496e-03,2.338657690000000011e-01,9.722222750000000246e-01
7.470000000000000000e+02,1.789367747849999905e+09,5.701680436000000185e+01,-3.365296913999999973e+00,5.889758617000000029e+00,-3.857872999999999945e-03,8.619464999999999766e-03,2.264976340000000032e-01,9.739659360000000321e-01
7.480000000000000000e+02,1.789367748349998236e+09,5.785884724499999976e+01,-2.958618886000000003e+00,5.896611107000000018e+00,-3.016238999999999986e-03,6.479806000000000281e-03,2.197163709999999937e-01,9.755376110000000267e-01
7.490000000000000000e+02,1.789367748849998951e+09,5.871334631999999942e+01,-2.573738559000000148e+00,5.910126968000000147e+00,-3.599562000000000161e-03,7.967405999999999794e-03,2.126433110000000015e-01,9.770907770000000214e-01
7.500000000000000000e+02,1.789367749349992752e+09,5.957143874599999833e+01,-2.184587567999999980e+00,5.921180751999999714e+00,-3.623789999999999997e-03,9.955293000000000475e-03,2.059581109999999993e-01,9.785034580000000481e-01
7.510000000000000000e+02,1.789367749850013018e+09,6.045094244199999878e+01,-1.818943455000000098e+00,5.920144791000000239e+00,-5.466564999999999619e-03,7.948884999999999285e-03,2.070488859999999876e-01,9.782830319999999968e-01
7.520000000000000000e+02,1.789367750350024939e+09,6.111403784600000222e+01,-1.290850311000000028e+00,5.918444962999999781e+00,-9.921499999999999764e-03,1.677705999999999989e-02,4.016076149999999734e-01,9.156043999999999849e-01
7.530000000000000000e+02,1.789367750850007057e+09,6.179259982800000017e+01,-7.092653290000000554e-01,5.938206537000000118e+00,-7.001005999999999722e-03,1.029528199999999935e-02,3.374494719999999726e-01,9.412613069999999915e-01
7.540000000000000000e+02,1.789367751350002289e+09,6.258307725000000232e+01,-2.861337050000000159e-01,5.942029376999999890e+00,-7.459730999999999827e-03,1.474879500000000031e-02,2.530268430000000013e-01,9.673180670000000037e-01
7.550000000000000000e+02,1.789367751850005150e+09,6.335954443199999986e+01,2.022098730000000122e-01,5.944109197000000400e+00,-7.432705000000000388e-03,1.373465500000000013e-02,2.736073039999999956e-01,9.617146960000000355e-01
7.560000000000000000e+02,1.789367752350002289e+09,6.418220974700000170e+01,6.881858849999999972e-01,5.948472796999999979e+00,-8.483999000000000748e-03,1.238867700000000072e-02,2.777564240000000018e-01,9.605341800000000152e-01
7.570000000000000000e+02,1.789367752849998236e+09,6.497747882699999877e+01,1.195882431000000024e+00,5.944137588000000250e+00,-7.899461999999999456e-03,1.257705999999999928e-02,2.740198660000000008e-01,9.616093430000000053e-01
7.580000000000000000e+02,1.789367753349992275e+09,6.577552400099999375e+01,1.662459732000000079e+00,5.948674654999999589e+00,7.116130000000000459e-04,1.025282500000000013e-02,2.681024370000000268e-01,9.633355890000000477e-01
7.590000000000000000e+02,1.789367753849997997e+09,6.659122857299999509e+01,2.146921598000000042e+00,5.956115624999999802e+00,-4.863800000000000155e-04,1.429657999999999970e-02,2.660481310000000210e-01,9.638536009999999488e-01
7.600000000000000000e+02,1.789367754449993849e+09,6.730470947700000295e+01,2.555745727000000134e+00,5.958300795999999622e+00,9.161800000000000271e-05,1.765970000000000040e-02,2.641609240000000192e-01,9.643169259999999632e-01
7.610000000000000000e+02,1.789367755049995899e+09,6.809765513700000383e+01,3.023404234000000024e+00,5.964468482000000016e+00,-7.157679999999999815e-04,1.157743800000000066e-02,2.623948669999999761e-01,9.648908670000000409e-01
7.620000000000000000e+02,1.789367756349993944e+09,6.881251412400000333e+01,3.445379614000000146e+00,5.959050449000000249e+00,-8.615335999999999481e-03,1.953002499999999947e-02,2.575212359999999867e-01,9.660368350000000381e-01
7.630000000000000000e+02,1.789367756750217915e+09,6.908565864999999917e+01,3.625777824000000038e+00,5.941647488000000088e+00,-2.054555799999999849e-02,-1.173954999999999964e-03,4.509964799999999913e-02,9.987705059999999468e-01
7.640000000000000000e+02,1.789367757050642967e+09,6.914910894400000529e+01,3.644689563000000021e+00,5.983753561000000332e+00,5.675879999999999467e-04,-5.616219999999999893e-03,-1.697482869999999977e-01,9.854712860000000019e-01
7.650000000000000000e+02,1.789367758650068283e+09,7.004561236199999996e+01,3.382942365999999978e+00,5.969556622999999895e+00,-2.881401999999999922e-03,1.006240899999999959e-02,-1.683035180000000131e-01,9.856796490000000466e-01
7.660000000000000000e+02,1.789367759050050974e+09,7.048907132300000455e+01,3.279586289000000043e+00,5.945047031999999732e+00,-7.835106999999999142e-03,-6.348282999999999704e-03,8.286527000000000476e-02,9.965097379999999783e-01
7.670000000000000000e+02,1.789367759350830793e+09,7.064936683300000198e+01,3.257498764999999796e+00,5.953986057999999915e+00,1.827471500000000040e-02,-1.376113999999999896e-03,3.206193769999999832e-01,9.470308109999999724e-01
7.680000000000000000e+02,1.789367760250221968e+09,7.068802372599999728e+01,3.258264581999999798e+00,5.952786575000000191e+00,5.327011999999999893e-03,-3.403403000000000157e-03,5.145452270000000494e-01,8.574399390000000398e-01
7.690000000000000000e+02,1.789367764250092030e+09,7.098101530799999637e+01,3.997684535999999955e+00,5.940645207000000205e+00,-2.500016700000000022e-02,-5.973789999999999656e-03,2.642682410000000148e-01,9.641066339999999624e-01
7.700000000000000000e+02,1.789367764550081015e+09,7.096169925600000283e+01,4.022566372000000001e+00,5.948931953999999855e+00,-3.395095999999999791e-03,-1.133663700000000010e-02,1.184316399999999977e-02,9.998598370000000291e-01
7.710000000000000000e+02,1.789367764850095034e+09,7.097676076700000181e+01,4.013068202999999556e+00,5.968204397000000050e+00,-6.233693999999999694e-03,1.295464900000000037e-02,-2.320548829999999896e-01,9.725964470000000306e-01
7.720000000000000000e+02,1.789367765150629997e+09,7.095759512899999777e+01,3.995934671000000105e+00,5.992578521999999630e+00,-1.690720000000000070e-02,-3.995941000000000250e-03,-4.710797760000000056e-01,8.819195109999999893e-01
7.730000000000000000e+02,1.789367765450176954e+09,7.095249825899999507e+01,4.000427112999999757e+00,5.945287343999999585e+00,-9.679181999999999716e-03,1.027246300000000077e-02,-6.704770450000000492e-01,7.417960110000000329e-01
7.740000000000000000e+02,1.789367767750030994e+09,7.081165181900000505e+01,3.279442769000000091e+00,5.953127122999999798e+00,-2.365961000000000192e-03,-2.768688999999999959e-03,-8.220957159999999764e-01,5.693376599999999677e-01
7.750000000000000000e+02,1.789367768351296902e+09,7.061768016099999556e+01,3.008762817000000034e+00,5.962708769999999880e+00,-1.410104400000000008e-02,-6.149945000000000411e-03,9.250791449999999916e-01,-3.794626660000000040e-01
7.760000000000000000e+02,1.789367769250093222e+09,6.995086119500000166e+01,2.407230612000000214e+00,5.959359754000000287e+00,-1.725787100000000102e-02,-7.705596999999999794e-03,9.354348869999999927e-01,-3.529934290000000252e-01
7.770000000000000000e+02,1.789367769850073814e+09,6.931394581099999641e+01,1.865338525000000081e+00,5.959136341999999864e+00,-1.379787099999999975e-02,-5.439186999999999841e-03,9.364747869999999752e-01,-3.504211850000000239e-01
7.780000000000000000e+02,1.789367770350029945e+09,6.860309958300000233e+01,1.271372036000000039e+00,5.946271029000000041e+00,-1.504917499999999971e-02,-2.613465000000000146e-03,9.585604749999999674e-01,-2.844793640000000123e-01
7.790000000000000000e+02,1.789367770750063896e+09,6.805463664200000551e+01,1.059004338000000045e+00,5.942924201000000295e+00,-9.912528000000000311e-03,1.426882200000000045e-02,9.978979500000000336e-01,-6.243254899999999691e-02
7.800000000000000000e+02,1.789367771650032043e+09,6.719646111199999439e+01,8.835697059999999547e-01,5.925464953999999729e+00,-3.016250900000000054e-02,-7.049571000000000136e-03,9.787516809999999845e-01,-2.026960120000000087e-01
7.810000000000000000e+02,1.789367772050490856e+09,6.682089169600000389e+01,6.472350100000000550e-01,5.946682033000000089e+00,-4.677521999999999930e-03,-2.757821000000000144e-03,9.173186570000000373e-01,-3.981168139999999855e-01
7.820000000000000000e+02,1.789367773650037050e+09,6.608794086100000698e+01,9.465085900000000385e-02,5.922439370000000203e+00,-2.251224400000000070e-02,-1.000952400000000055e-02,9.733458480000000135e-01,-2.280150629999999901e-01
7.830000000000000000e+02,1.789367774150079966e+09,6.521818192700000338e+01,-1.568891570000000013e-01,5.911182417000000022e+00,-1.345807199999999974e-02,2.705139999999999975e-03,9.940183439999999981e-01,-1.083470970000000033e-01
7.840000000000000000e+02,1.789367774649988890e+09,6.431631895099999952e+01,-3.718746110000000216e-01,5.923306590000000149e+00,-1.317266299999999939e-02,-4.310335999999999682e-03,9.926737429999999973e-01,-1.200280890000000045e-01
7.850000000000000000e+02,1.789367775149994135e+09,6.338901803699999959e+01,-5.844849149999999938e-01,5.919281780999999576e+00,-1.274253699999999996e-02,-6.841527000000000025e-03,9.924902270000000026e-01,-1.214659250000000024e-01
7.860000000000000000e+02,1.789367775649996996e+09,6.247597956399999930e+01,-8.272486100000000508e-01,5.917021210999999781e+00,-1.298949699999999916e-02,-6.703965000000000098e-03,9.929151090000000179e-01,-1.179233529999999947e-01
7.870000000000000000e+02,1.789367776150007010e+09,6.155253581600000246e+01,-1.033471983999999955e+00,5.906180545999999865e+00,-1.522542999999999987e-02,-5.069022999999999758e-03,9.933244369999999490e-01,-1.142324539999999972e-01
7.880000000000000000e+02,1.789367776650001049e+09,6.060736933500000134e+01,-1.242971363999999967e+00,5.902767000999999958e+00,-1.505456600000000013e-02,-3.833103999999999938e-03,9.936392349999999540e-01,-1.115335699999999985e-01
7.890000000000000000e+02,1.789367777150003910e+09,5.974130799999999653e+01,-1.462557164999999992e+00,5.886881197000000121e+00,-1.958832500000000018e-02,-3.734836999999999966e-03,9.820604130000000209e-01,-1.875091859999999944e-01
7.900000000000000000e+02,1.789367777650000095e+09,5.895737773700000162e+01,-1.724011186999999889e+00,5.897652532000000392e+00,-1.403145400000000050e-02,-1.464346999999999958e-03,9.906302879999999700e-01,-1.358403729999999865e-01
7.910000000000000000e+02,1.789367778250293970e+09,5.872036475600000216e+01,-1.752043865999999950e+00,5.890597818999999902e+00,-4.213940000000000220e-03,1.215121299999999925e-02,9.419521440000000467e-01,-3.355007440000000174e-01
7.920000000000000000e+02,1.789367783550000906e+09,5.786862214899999657e+01,-2.078769966999999941e+00,5.892130548999999995e+00,-2.131626699999999985e-02,-2.811065000000000178e-03,9.779309330000000022e-01,-2.078191620000000017e-01
7.930000000000000000e+02,1.789367784350004911e+09,5.707972289199999949e+01,-2.412716525000000001e+00,5.881538148999999827e+00,-2.436931100000000114e-02,-1.537390000000000024e-03,9.794467449999999520e-01,-2.002194979999999958e-01
7.940000000000000000e+02,1.789367785349997282e+09,5.632616104800000301e+01,-2.724266220000000072e+00,5.878393884000000291e+00,-2.427845600000000034e-02,-1.812929999999999923e-03,9.804790370000000532e-01,-1.951105539999999916e-01
7.950000000000000000e+02,1.789367786550008059e+09,5.557657667299999815e+01,-3.035086944000000120e+00,5.872808809000000352e+00,-2.389987500000000098e-02,-4.674030000000000242e-04,9.810650850000000034e-01,-1.921974949999999960e-01
7.960000000000000000e+02,1.789367787849993944e+09,5.477238924299999923e+01,-3.348911129000000209e+00,5.873725847000000222e+00,-2.257685099999999848e-02,-1.784790000000000074e-03,9.821169840000000262e-01,-1.869046010000000035e-01
7.970000000000000000e+02,1.789367788850009918e+09,5.397475487500000213e+01,-3.669136039000000071e+00,5.862987069999999967e+00,-2.166145400000000013e-02,-3.880900999999999969e-03,9.820775910000000275e-01,-1.871879409999999966e-01
7.980000000000000000e+02,1.789367789649994850e+09,5.319970705800000133e+01,-4.025135617000000110e+00,5.859623134999999650e+00,-2.037919700000000167e-02,-2.901129000000000121e-03,9.802423879999999645e-01,-1.967260339999999941e-01
7.990000000000000000e+02,1.789367790449999094e+09,5.242476129100000293e+01,-4.386529175999999808e+00,5.863472158000000434e+00,-1.953901400000000038e-02,-9.054902000000000090e-03,9.795423709999999673e-01,-2.000824330000000040e-01
8.000000000000000000e+02,1.789367791250030279e+09,5.167462094399999728e+01,-4.867928764000000186e+00,5.871692936999999723e+00,-1.933720200000000125e-02,-1.120304299999999934e-02,9.590539190000000325e-01,-2.823404760000000069e-01
8.010000000000000000e+02,1.789367791950077057e+09,5.100877876399999877e+01,-5.359449950000000129e+00,5.859687784000000121e+00,-1.797339499999999965e-02,-1.606739399999999873e-02,9.411744319999999497e-01,-3.370600590000000230e-01
8.020000000000000000e+02,1.789367792650002956e+09,5.028086502699999727e+01,-5.850069033999999668e+00,5.847907221999999905e+00,-2.157297899999999907e-02,-6.825592000000000117e-03,9.552000819999999504e-01,-2.950945979999999857e-01
8.030000000000000000e+02,1.789367793350015879e+09,4.953237130000000121e+01,-6.352013244000000114e+00,5.834449133999999759e+00,-2.435878000000000002e-02,-6.379295999999999578e-03,9.572285320000000208e-01,-2.882351309999999778e-01
8.040000000000000000e+02,1.789367794049993038e+09,4.879552559300000070e+01,-6.844132028999999839e+00,5.815175068000000280e+00,-2.308447300000000119e-02,-1.227143299999999999e-02,9.591644409999999787e-01,-2.816382310000000166e-01
8.050000000000000000e+02,1.789367794750026226e+09,4.808626646900000168e+01,-7.355957111000000381e+00,5.803439352999999912e+00,-1.751190600000000069e-02,-1.826573899999999959e-02,9.549793410000000371e-01,-2.955911940000000016e-01
8.060000000000000000e+02,1.789367795450059891e+09,4.734209870899999828e+01,-7.856434173000000243e+00,5.793407282000000436e+00,-7.596274000000000082e-03,-2.684033200000000147e-02,9.403489280000000283e-01,-3.390660500000000077e-01
8.070000000000000000e+02,1.789367796150010109e+09,4.662244800700000269e+01,-8.381145778000000490e+00,5.789819181000000370e+00,-1.881724900000000117e-02,-1.269901399999999979e-02,9.581277550000000254e-01,-2.854397499999999921e-01
8.080000000000000000e+02,1.789367796849995136e+09,4.584183088599999678e+01,-8.857959277000000853e+00,5.788030372999999784e+00,-1.496052999999999966e-02,-1.117967100000000040e-02,9.606789909999999821e-01,-2.770326209999999789e-01
8.090000000000000000e+02,1.789367797550021172e+09,4.512963039000000265e+01,-9.399615042000000642e+00,5.794131719000000125e+00,-1.560637200000000030e-02,-1.163698799999999915e-02,9.551296980000000270e-01,-2.955474280000000009e-01
8.100000000000000000e+02,1.789367798250077009e+09,4.441220195100000012e+01,-9.952672296999999446e+00,5.796817351999999701e+00,-1.423522299999999997e-02,-1.914897299999999969e-02,9.315582239999999903e-01,-3.628084209999999921e-01
8.110000000000000000e+02,1.789367798949991941e+09,4.370799189400000273e+01,-1.047545322899999931e+01,5.787412402000000178e+00,-1.975050000000000069e-02,-7.983198000000000377e-03,9.493634960000000289e-01,-3.134567560000000030e-01
8.120000000000000000e+02,1.789367799650002956e+09,4.297720436699999880e+01,-1.100911205599999931e+01,5.774197445000000428e+00,-2.465268199999999868e-02,-5.399934000000000331e-03,9.513095400000000090e-01,-3.072022879999999900e-01
8.130000000000000000e+02,1.789367800349995852e+09,4.223547089400000232e+01,-1.151329755499999941e+01,5.766562248999999696e+00,-1.755451499999999970e-02,-1.315989999999999955e-03,9.545126449999999929e-01,-2.976503269999999923e-01
8.140000000000000000e+02,1.789367801049996138e+09,4.147400954700000142e+01,-1.201240929100000088e+01,5.759183944000000110e+00,-2.078041400000000052e-02,5.034924999999999991e-03,9.564160489999999903e-01,-2.912235659999999893e-01
8.150000000000000000e+02,1.789367801749998808e+09,4.070386726099999919e+01,-1.251080448799999978e+01,5.747991576000000435e+00,-2.410402799999999957e-02,2.351231999999999975e-03,9.572014110000000020e-01,-2.884075700000000020e-01
8.160000000000000000e+02,1.789367802450004101e+09,3.993940142799999649e+01,-1.301057708699999971e+01,5.739107458000000328e+00,-2.166730999999999865e-02,4.293111999999999970e-03,9.592054570000000391e-01,-2.818456810000000146e-01
8.170000000000000000e+02,1.789367803150058031e+09,3.917131096500000353e+01,-1.348092744000000032e+01,5.731467016999999942e+00,-2.048163899999999940e-02,9.308168999999999818e-03,9.701206620000000225e-01,-2.415776500000000049e-01
8.180000000000000000e+02,1.789367803850007057e+09,3.836556189099999870e+01,-1.387125361300000037e+01,5.730695700000000059e+00,-1.976621400000000070e-02,1.077346999999999983e-03,9.697722229999999888e-01,-2.432076730000000131e-01
8.190000000000000000e+02,1.789367804550055027e+09,3.755479327100000120e+01,-1.429583937399999982e+01,5.717580590999999934e+00,-1.862201200000000029e-02,-9.461103999999999695e-03,9.644224909999999928e-01,-2.635393100000000266e-01
8.200000000000000000e+02,1.789367805250045776e+09,3.684494440800000348e+01,-1.480581714000000026e+01,5.704251167999999872e+00,-2.228661200000000078e-02,-2.013250000000000011e-04,9.627110570000000367e-01,-2.696121049999999908e-01
8.210000000000000000e+02,1.789367805950002909e+09,3.607055848400000286e+01,-1.522493618799999915e+01,5.705993292999999689e+00,-1.484771600000000039e-02,-1.771489999999999914e-03,9.645022359999999573e-01,-2.636509890000000023e-01
8.220000000000000000e+02,1.789367806650007963e+09,3.527009382899999679e+01,-1.565926969400000068e+01,5.694780455000000075e+00,-1.613107800000000008e-02,1.479050900000000029e-02,9.785788899999999790e-01,-2.047056070000000116e-01
8.230000000000000000e+02,1.789367807349999189e+09,3.446563632400000188e+01,-1.607344562000000110e+01,5.693009027000000444e+00,-1.868262199999999942e-02,-3.110554000000000183e-03,9.690719490000000436e-01,-2.460504870000000122e-01
8.240000000000000000e+02,1.789367808049994946e+09,3.366076540000000250e+01,-1.649951851699999850e+01,5.687336389999999575e+00,-1.819705599999999965e-02,-3.478145000000000195e-03,9.698879590000000217e-01,-2.428458709999999909e-01
8.250000000000000000e+02,1.789367808750000238e+09,3.286101769199999723e+01,-1.692536847099999875e+01,5.678673393000000402e+00,-1.936799000000000159e-02,-3.337601999999999843e-03,9.709896470000000113e-01,-2.383125000000000104e-01
8.260000000000000000e+02,1.789367809449992180e+09,3.204189232899999951e+01,-1.734081312700000055e+01,5.670679870999999928e+00,-1.981254600000000032e-02,-3.111511999999999872e-03,9.728055359999999707e-01,-2.307534860000000076e-01
8.270000000000000000e+02,1.789367810149995089e+09,3.121909574800000087e+01,-1.773666883799999994e+01,5.661435844999999745e+00,-1.674360600000000115e-02,-2.399365000000000091e-03,9.741614339999999927e-01,-2.252185509999999891e-01
8.280000000000000000e+02,1.789367810850018978e+09,3.038388981800000010e+01,-1.812827013500000106e+01,5.660409794999999633e+00,-2.119155500000000081e-02,-1.709260999999999897e-03,9.759369289999999530e-01,-2.170140690000000039e-01
8.290000000000000000e+02,1.789367811550003767e+09,2.956056956600000163e+01,-1.850225845099999944e+01,5.653771275999999624e+00,-1.843379399999999987e-02,-1.212537000000000077e-03,9.771793709999999633e-01,-2.116109690000000099e-01
8.300000000000000000e+02,1.789367812249992847e+09,2.871795568799999998e+01,-1.885917382799999942e+01,5.645307642999999764e+00,-2.131226699999999932e-02,7.792670000000000456e-04,9.783834160000000058e-01,-2.056965510000000052e-01
8.310000000000000000e+02,1.789367812949990988e+09,2.788801864199999869e+01,-1.922121041999999846e+01,5.635846992000000277e+00,-1.936496399999999840e-02,1.895715999999999981e-03,9.795001020000000391e-01,-2.005017590000000016e-01
8.320000000000000000e+02,1.789367813650008202e+09,2.704720071999999931e+01,-1.956901851299999961e+01,5.630187358999999780e+00,-2.029459800000000050e-02,3.219575000000000128e-03,9.809268389999999949e-01,-1.932881290000000030e-01
8.330000000000000000e+02,1.789367814350047112e+09,2.619259281000000072e+01,-1.987050991699999969e+01,5.613582742000000181e+00,-2.226332899999999837e-02,2.272191700000000120e-02,9.928980590000000550e-01,-1.146363920000000036e-01
8.340000000000000000e+02,1.789367815049998760e+09,2.532484700399999866e+01,-2.011253849699999918e+01,5.615262675000000314e+00,-2.302610799999999999e-02,4.586683999999999727e-03,9.879239039999999639e-01,-1.531506440000000024e-01
8.350000000000000000e+02,1.789367815750001907e+09,2.446883700900000136e+01,-2.037718991599999896e+01,5.606144761999999560e+00,-2.067313399999999926e-02,8.001419999999999973e-04,9.877817779999999992e-01,-1.544640389999999974e-01
8.360000000000000000e+02,1.789367816449992180e+09,2.360316914199999871e+01,-2.065225865700000085e+01,5.599812531999999621e+00,-1.876142399999999877e-02,1.658182000000000015e-03,9.880259030000000386e-01,-1.531341699999999861e-01
8.370000000000000000e+02,1.789367817149991035e+09,2.273458198399999830e+01,-2.092427367999999888e+01,5.591583345000000094e+00,-1.912104200000000129e-02,-2.720212999999999971e-03,9.884206410000000442e-01,-1.505045630000000079e-01
8.380000000000000000e+02,1.789367817850010157e+09,2.185421759500000150e+01,-2.109083533200000105e+01,5.565816357000000103e+00,-2.019829999999999889e-02,1.428730500000000014e-02,9.990321239999999658e-01,-3.636915999999999760e-02
8.390000000000000000e+02,1.789367818549992085e+09,2.098310418599999849e+01,-2.121950932700000081e+01,5.571077340000000433e+00,-1.969014599999999865e-02,5.132150000000000253e-04,9.970978910000000139e-01,-7.353795899999999996e-02
8.400000000000000000e+02,1.789367819249998093e+09,2.009137388299999927e+01,-2.134675703499999955e+01,5.565952541999999781e+00,-1.740766300000000030e-02,5.448439999999999490e-04,9.972183780000000164e-01,-7.247194599999999542e-02
8.410000000000000000e+02,1.789367819949982882e+09,1.918756480000000053e+01,-2.146911764800000100e+01,5.562103876000000113e+00,-1.743654500000000121e-02,-1.409929000000000087e-03,9.976564209999999600e-01,-6.614865600000000012e-02
8.420000000000000000e+02,1.789367820649986982e+09,1.827690676399999958e+01,-2.157620347699999996e+01,5.555536406999999954e+00,-1.614946899999999963e-02,3.451549999999999844e-04,9.979799919999999824e-01,-6.144111399999999806e-02
8.430000000000000000e+02,1.789367821349986792e+09,1.737013230399999841e+01,-2.168857750100000104e+01,5.547624575999999585e+00,-2.128431399999999862e-02,6.228580000000000054e-04,9.981307360000000184e-01,-5.728546600000000016e-02
8.440000000000000000e+02,1.789367822050034285e+09,1.646695401999999930e+01,-2.178329528800000148e+01,5.538046977999999676e+00,-2.003178499999999987e-02,-4.493920000000000206e-03,9.966604340000000395e-01,-7.903487100000000654e-02
8.450000000000000000e+02,1.789367822749991179e+09,1.561014647999999916e+01,-2.199959349799999941e+01,5.531653481000000205e+00,-1.908685300000000085e-02,4.240630000000000224e-04,9.952321210000000251e-01,-9.564799200000000112e-02
8.460000000000000000e+02,1.789367823450037956e+09,1.471708179600000044e+01,-2.209568076500000089e+01,5.517798656000000079e+00,-2.048843900000000065e-02,8.254344999999999738e-03,9.978545960000000381e-01,-6.163030099999999845e-02
8.470000000000000000e+02,1.789367824150045156e+09,1.383158414200000053e+01,-2.221884591799999953e+01,5.517246655000000111e+00,-1.336450399999999927e-02,-5.189243999999999975e-03,9.947285519999999881e-01,-1.015360550000000001e-01
8.480000000000000000e+02,1.789367824849988937e+09,1.293852318299999915e+01,-2.236925990299999967e+01,5.521118081000000011e+00,-1.574103899999999834e-02,5.987779999999999839e-03,9.973356589999999855e-01,-7.097852100000000275e-02
8.490000000000000000e+02,1.789367825550042152e+09,1.203177386099999957e+01,-2.248712744399999863e+01,5.522106294000000304e+00,-1.919083300000000089e-02,3.479555999999999968e-03,9.975884830000000258e-01,-6.660947999999999869e-02
8.500000000000000000e+02,1.789367826249979973e+09,1.114085681000000072e+01,-2.265532176500000006e+01,5.518543420000000310e+00,-2.057166599999999887e-02,3.066587999999999866e-03,9.973074010000000378e-01,-7.032318799999999481e-02
8.510000000000000000e+02,1.789367826950025082e+09,1.025681308699999938e+01,-2.271954008699999861e+01,5.513191299999999906e+00,-1.987498000000000042e-02,8.188044999999999699e-03,9.988129879999999572e-01,-4.370991400000000249e-02
8.520000000000000000e+02,1.789367827649995089e+09,9.361024746000000007e+00,-2.280668402799999939e+01,5.509768188999999872e+00,-1.972068700000000063e-02,2.668082000000000006e-03,9.988093080000000068e-01,-4.454145799999999905e-02
8.530000000000000000e+02,1.789367828349986076e+09,8.454461982999999847e+00,-2.287221487900000128e+01,5.506993956999999718e+00,-1.724944900000000003e-02,3.067210999999999809e-03,9.991107059999999596e-01,-3.835161000000000125e-02
8.540000000000000000e+02,1.789367829049985170e+09,7.535214304000000141e+00,-2.293584802599999861e+01,5.508315750999999594e+00,-1.770391400000000115e-02,2.596111999999999812e-03,9.993005379999999604e-01,-3.283695999999999837e-02
8.550000000000000000e+02,1.789367829750043869e+09,6.640634599000000193e+00,-2.304551638599999919e+01,5.515473811999999754e+00,-1.837555100000000038e-02,-1.868487599999999957e-02,9.927688180000000528e-01,-1.171464380000000055e-01
8.560000000000000000e+02,1.789367830450001240e+09,5.741092171000000022e+00,-2.313707039999999893e+01,5.509043430000000185e+00,-2.130930199999999872e-02,3.770299999999999867e-03,9.988484549999999684e-01,-4.281894800000000251e-02
8.570000000000000000e+02,1.789367831149990797e+09,4.867967342000000031e+00,-2.330381760199999874e+01,5.522316842999999587e+00,-2.018732399999999955e-02,-5.612810000000000195e-03,9.942540890000000076e-01,-1.049751200000000051e-01
8.580000000000000000e+02,1.789367831850000143e+09,3.979858206999999926e+00,-2.345656514099999868e+01,5.469604502000000146e+00,-1.571140400000000173e-02,1.861419999999999915e-03,9.968047239999999753e-01,-7.829450400000000088e-02
8.590000000000000000e+02,1.789367832549999952e+09,3.075227282999999812e+00,-2.357735972600000096e+01,5.486039132000000151e+00,-1.704278199999999938e-02,3.991721000000000158e-03,9.973530560000000156e-01,-7.057259100000000396e-02
8.600000000000000000e+02,1.789367833249994993e+09,2.172844915000000210e+00,-2.369750975599999876e+01,5.493464819999999804e+00,-1.705407899999999977e-02,4.478954999999999742e-03,9.977388929999999601e-01,-6.485521900000000561e-02
8.610000000000000000e+02,1.789367833949992895e+09,1.259470137999999961e+00,-2.379679403700000151e+01,5.497952676999999788e+00,-1.931745699999999968e-02,5.718899000000000378e-03,9.982428939999999917e-01,-5.572481299999999804e-02
8.620000000000000000e+02,1.789367834649975777e+09,3.581743720000000186e-01,-2.388792331499999833e+01,5.499217785999999997e+00,-1.976458700000000013e-02,4.934977999999999587e-03,9.985436580000000006e-01,-4.995568000000000231e-02
8.630000000000000000e+02,1.789367835350089073e+09,-5.418584589999999590e-01,-2.406348537199999882e+01,5.513416392999999971e+00,-1.728822299999999840e-02,-1.208814799999999995e-02,9.900935010000000425e-01,-1.388158989999999926e-01
8.640000000000000000e+02,1.789367836050004005e+09,-1.428283809999999932e+00,-2.422917929400000148e+01,5.471352337999999982e+00,-1.458130799999999942e-02,-1.069052600000000054e-02,9.919220189999999882e-01,-1.255539960000000010e-01
8.650000000000000000e+02,1.789367836750014782e+09,-2.207760953000000193e+00,-2.461224798499999977e+01,5.517783046999999996e+00,-2.113701100000000069e-02,-7.181218999999999970e-03,9.689121870000000358e-01,-2.463956810000000053e-01
8.660000000000000000e+02,1.789367837450038910e+09,-3.018140080999999864e+00,-2.499036053400000057e+01,5.498150467000000319e+00,-2.268826900000000049e-02,1.503422100000000039e-02,9.842355160000000325e-01,-1.747560099999999894e-01
8.670000000000000000e+02,1.789367838150063038e+09,-3.865318433000000109e+00,-2.520872249600000004e+01,5.483728711000000366e+00,-1.976115399999999953e-02,1.645898499999999889e-02,9.922264840000000197e-01,-1.217587910000000051e-01
8.680000000000000000e+02,1.789367838850198746e+09,-4.755120939000000213e+00,-2.525125856600000063e+01,5.454414870999999998e+00,-1.153989100000000004e-02,1.930523400000000098e-02,9.984341709999999814e-01,5.121860000000000301e-02
8.690000000000000000e+02,1.789367839549976110e+09,-5.570441362000000396e+00,-2.498002403299999941e+01,5.424783001999999854e+00,-2.353867600000000143e-02,1.289061399999999989e-02,9.900423200000000312e-01,1.381881610000000038e-01
8.700000000000000000e+02,1.789367840250010014e+09,-6.429163160999999960e+00,-2.484807887199999854e+01,5.419513214000000190e+00,-2.298096700000000145e-02,3.343420000000000159e-03,9.952832790000000207e-01,9.419071699999999325e-02
8.710000000000000000e+02,1.789367840949992180e+09,-7.314242145999999778e+00,-2.464014541499999922e+01,5.407384977000000426e+00,-2.264234700000000017e-02,8.434207000000000856e-03,9.929803510000000388e-01,1.157851879999999972e-01
8.720000000000000000e+02,1.789367841650043249e+09,-8.195909670000000702e+00,-2.453962833299999957e+01,5.400481178999999798e+00,-2.454222899999999874e-02,-3.678143000000000037e-03,9.991738529999999452e-01,3.218325200000000247e-02
8.730000000000000000e+02,1.789367842349983931e+09,-9.071154004000000270e+00,-2.439865600399999934e+01,5.390747808999999613e+00,-2.072829799999999917e-02,5.286029999999999722e-03,9.966444490000000433e-01,7.900783699999999743e-02
8.740000000000000000e+02,1.789367843049993038e+09,-9.963852218999999621e+00,-2.426249187599999857e+01,5.365879872999999911e+00,-2.287934999999999969e-02,7.409294000000000296e-03,9.958787879999999593e-01,8.744756300000000593e-02
8.750000000000000000e+02,1.789367843749991894e+09,-1.082817553599999982e+01,-2.407849803099999875e+01,5.348923334000000196e+00,-2.185209399999999899e-02,8.107687000000000574e-03,9.954961650000000439e-01,9.189198099999999758e-02
8.760000000000000000e+02,1.789367844449992895e+09,-1.169902678599999923e+01,-2.392076976699999946e+01,5.340255635000000112e+00,-2.048920699999999886e-02,-3.302838000000000215e-03,9.950744830000000096e-01,9.693326200000000614e-02
8.770000000000000000e+02,1.789367845149984121e+09,-1.259422460100000052e+01,-2.374952926299999945e+01,5.325486686999999719e+00,-1.824923800000000096e-02,-2.954103999999999931e-03,9.944374860000000371e-01,1.036934199999999945e-01
8.780000000000000000e+02,1.789367845849989891e+09,-1.346199329200000072e+01,-2.355941193299999981e+01,5.324207761000000261e+00,-2.070491899999999871e-02,-6.119928000000000173e-03,9.933419730000000447e-01,1.131617320000000010e-01
8.790000000000000000e+02,1.789367846550031185e+09,-1.435008411599999967e+01,-2.336838399299999836e+01,5.314626475999999933e+00,-1.955558199999999844e-02,-1.706624899999999861e-02,9.983174700000000401e-01,5.185123999999999983e-02
8.800000000000000000e+02,1.789367847249984980e+09,-1.519890924299999924e+01,-2.326408016899999964e+01,5.308423272999999831e+00,-2.117261800000000069e-02,-7.848733000000000098e-03,9.967908220000000208e-01,7.679958100000000565e-02
8.810000000000000000e+02,1.789367847949981928e+09,-1.609074120100000016e+01,-2.311435651400000069e+01,5.297153243000000344e+00,-2.139494999999999938e-02,-5.050927000000000194e-03,9.960684659999999857e-01,8.581582599999999783e-02
8.820000000000000000e+02,1.789367848649986029e+09,-1.694418792800000162e+01,-2.296231770500000025e+01,5.289758123999999562e+00,-1.702365000000000128e-02,-7.409882999999999921e-03,9.952713909999999498e-01,9.534226599999999496e-02
8.830000000000000000e+02,1.789367849349995852e+09,-1.782543173899999900e+01,-2.277467220100000134e+01,5.280174834000000317e+00,-1.988114900000000074e-02,-2.380124999999999862e-03,9.939024650000000127e-01,1.084295380000000059e-01
8.840000000000000000e+02,1.789367850049992085e+09,-1.868309380099999828e+01,-2.256470104399999954e+01,5.273669701000000209e+00,-1.975961799999999963e-02,4.060224999999999772e-03,9.932066259999999813e-01,1.146022230000000031e-01
8.850000000000000000e+02,1.789367850749990940e+09,-1.957881491999999923e+01,-2.236264143300000029e+01,5.258670609000000162e+00,-2.345839699999999889e-02,3.997577999999999895e-03,9.926358130000000335e-01,1.187765350000000025e-01
8.860000000000000000e+02,1.789367851449994802e+09,-2.044015315300000069e+01,-2.214850465399999990e+01,5.245778686999999607e+00,-1.873801799999999865e-02,2.419999999999999869e-05,9.920720979999999578e-01,1.242651939999999955e-01
8.870000000000000000e+02,1.789367854049985886e+09,-2.123543687600000140e+01,-2.195023844600000018e+01,5.234956441999999655e+00,-2.349842699999999882e-02,7.839855999999999214e-03,9.907717040000000308e-01,1.332583599999999924e-01
8.880000000000000000e+02,1.789367854850010872e+09,-2.202599423599999895e+01,-2.173649311999999867e+01,5.226837165000000063e+00,-2.924592000000000164e-02,-4.922872000000000012e-03,9.908662820000000426e-01,1.315463869999999869e-01
8.890000000000000000e+02,1.789367855550195932e+09,-2.287225155599999837e+01,-2.146001867500000060e+01,5.191269958000000351e+00,-4.847603200000000223e-02,3.341586000000000122e-03,9.877255729999999678e-01,1.484489830000000066e-01
8.900000000000000000e+02,1.789367856450610876e+09,-2.366260528200000124e+01,-2.120114057900000049e+01,5.211107593000000371e+00,6.382701300000000189e-02,3.346196000000000066e-03,9.828134960000000087e-01,1.731835680000000099e-01
8.910000000000000000e+02,1.789367857350008965e+09,-2.448744019700000152e+01,-2.100457829899999851e+01,5.355817518000000277e+00,3.163738199999999862e-02,2.913792000000000118e-03,9.932088150000000226e-01,1.119233500000000048e-01
8.920000000000000000e+02,1.789367858250582933e+09,-2.526298060799999945e+01,-2.077389259799999977e+01,5.441709415000000050e+00,5.996274199999999943e-02,1.130130199999999918e-02,9.929560870000000428e-01,1.015625919999999932e-01
8.930000000000000000e+02,1.789367859051174164e+09,-2.608515780100000114e+01,-2.072418521000000169e+01,5.575493415000000397e+00,3.257627899999999965e-02,4.115887999999999838e-03,9.994601859999999727e-01,1.087511999999999897e-03
8.940000000000000000e+02,1.789367859751015902e+09,-2.688634078700000174e+01,-2.062495722099999895e+01,5.612933018999999746e+00,-6.280988999999999843e-03,4.619318199999999930e-02,9.952936789999999867e-01,8.495429499999999912e-02
8.950000000000000000e+02,1.789367860450341225e+09,-2.761979107899999875e+01,-2.030010261099999980e+01,5.604608207000000064e+00,1.461550099999999949e-02,5.340372100000000122e-02,9.700094609999999618e-01,2.366771540000000007e-01
8.960000000000000000e+02,1.789367861950108051e+09,-2.836585401199999978e+01,-1.994270324700000074e+01,5.609054867000000222e+00,-5.010070000000000148e-03,5.551213999999999628e-03,9.939326539999999710e-01,1.097358809999999935e-01
8.970000000000000000e+02,1.789367864050020218e+09,-2.923242349699999920e+01,-1.983360937500000176e+01,5.623082400999999564e+00,-1.954010999999999942e-02,6.551676000000000201e-03,9.995245849999999654e-01,2.293170099999999878e-02
8.980000000000000000e+02,1.789367864850225925e+09,-3.008331569099999925e+01,-1.977201425599999851e+01,5.582233239999999874e+00,-3.362522899999999954e-02,4.080346800000000246e-02,9.984259030000000035e-01,1.871195000000000150e-02
8.990000000000000000e+02,1.789367865650027990e+09,-3.090519582199999959e+01,-1.975885272800000081e+01,5.534998350999999595e+00,-5.921842299999999920e-02,-2.783267299999999875e-02,9.975320920000000369e-01,2.546067499999999859e-02
9.000000000000000000e+02,1.789367871850245953e+09,-3.173640289800000147e+01,-1.972097990900000042e+01,5.404439588999999877e+00,-4.256789700000000037e-02,-6.713527999999999857e-03,9.850184669999999532e-01,1.669776089999999991e-01
9.010000000000000000e+02,1.789367872250344276e+09,-3.186435055899999824e+01,-1.973055414499999927e+01,5.399102985999999937e+00,-2.145754600000000095e-02,1.374831600000000001e-02,9.299174310000000165e-01,3.668843529999999964e-01
9.020000000000000000e+02,1.789367873550036192e+09,-3.218256367000000040e+01,-1.930147886399999990e+01,5.387206038999999613e+00,-2.516741200000000012e-02,-5.120180000000000434e-04,8.350304760000000215e-01,5.496275499999999647e-01
9.030000000000000000e+02,1.789367874850021124e+09,-3.230420682500000140e+01,-1.896538700500000019e+01,5.388842276000000098e+00,-2.537115900000000077e-02,3.178077099999999933e-02,7.066347699999999676e-01,7.064089390000000135e-01
9.040000000000000000e+02,1.789367876350142002e+09,-3.231203890799999812e+01,-1.851070801699999890e+01,5.351217583000000388e+00,-2.947713899999999942e-02,2.607355199999999984e-02,8.541383949999999947e-01,5.185545980000000332e-01
9.050000000000000000e+02,1.789367882450010061e+09,-3.268241011300000309e+01,-1.778523367700000080e+01,5.276415672999999806e+00,-2.147510399999999833e-02,3.182555399999999896e-02,8.952454269999999825e-01,4.439161850000000187e-01
9.060000000000000000e+02,1.789367882850171089e+09,-3.278245436200000285e+01,-1.764691434399999892e+01,5.258945964999999667e+00,1.360811919999999897e-01,-1.430632629999999961e-01,8.619994140000000193e-01,4.668745240000000130e-01
9.070000000000000000e+02,1.789367883351889849e+09,-3.306647315600000070e+01,-1.736245255400000076e+01,5.546793193000000066e+00,-7.535163899999999804e-02,1.803450999999999969e-03,9.101630219999999882e-01,4.073354290000000266e-01
9.080000000000000000e+02,1.789367885450028181e+09,-3.366407593600000325e+01,-1.675291555300000113e+01,5.455728994000000220e+00,5.016305199999999964e-02,-5.193005400000000327e-02,8.765184270000000444e-01,4.759226670000000214e-01
9.090000000000000000e+02,1.789367887950031042e+09,-3.422292226100000079e+01,-1.611935460799999831e+01,5.527558560000000121e+00,-5.568151999999999824e-03,-1.167567599999999942e-02,9.492215229999999559e-01,3.143424470000000248e-01
9.100000000000000000e+02,1.789367888850000143e+09,-3.444787091799999956e+01,-1.599898960800000047e+01,5.523675792999999778e+00,4.450387900000000313e-02,-3.046449299999999874e-02,9.929294850000000006e-01,1.057466640000000041e-01
9.110000000000000000e+02,1.789367890650022745e+09,-3.525355016799999675e+01,-1.600697470200000083e+01,5.562053839999999916e+00,2.812653999999999935e-03,-6.282234600000000113e-02,9.977733899999999823e-01,2.221943100000000129e-02
9.120000000000000000e+02,1.789367899050011873e+09,-3.604134781100000140e+01,-1.596652303399999973e+01,5.679929334999999746e+00,1.849198999999999938e-03,-2.016749799999999898e-02,9.997471869999999816e-01,9.768050999999999817e-03
9.130000000000000000e+02,1.789367900750086784e+09,-3.684370989899999671e+01,-1.596024867799999925e+01,5.738151442000000380e+00,2.633449300000000048e-02,-9.309359999999999163e-03,9.982336419999999766e-01,5.243497400000000225e-02
9.140000000000000000e+02,1.789367901550027847e+09,-3.721197874100000291e+01,-1.581548610799999999e+01,5.777925702000000108e+00,4.511326100000000172e-02,-3.986685000000000229e-03,9.620311000000000279e-01,2.691562029999999828e-01
9.150000000000000000e+02,1.789367907850012779e+09,-3.799094143199999962e+01,-1.541141679899999950e+01,5.775795677999999711e+00,3.626893800000000057e-02,-4.646955299999999678e-02,9.204911709999999969e-01,3.862915319999999930e-01
9.160000000000000000e+02,1.789367908151380777e+09,-3.801471519999999771e+01,-1.535004290500000046e+01,5.782170647000000052e+00,2.655683320000000180e-01,-1.719365429999999972e-01,8.753861309999999563e-01,3.655275749999999935e-01
9.170000000000000000e+02,1.789367908550921202e+09,-3.829711535100000219e+01,-1.503617195100000004e+01,6.081646093999999891e+00,2.838407600000000114e-02,-6.986186299999999627e-02,8.998052909999999516e-01,4.297256130000000063e-01
9.180000000000000000e+02,1.789367909350850105e+09,-3.884386581199999711e+01,-1.441937715000000075e+01,6.153596696000000144e+00,5.806599999999999956e-02,-4.839299100000000325e-02,8.911981860000000033e-01,4.472720110000000249e-01
9.190000000000000000e+02,1.789367914449997902e+09,-3.910805614099999872e+01,-1.437343554999999995e+01,6.177923930999999591e+00,1.291185529999999970e-01,-2.114921479999999909e-01,9.152238080000000275e-01,3.177496690000000124e-01
9.200000000000000000e+02,1.789367916150056124e+09,-3.957518097999999895e+01,-1.431583356800000040e+01,6.230098044000000002e+00,1.499184100000000054e-02,-5.559860700000000128e-02,9.564828300000000061e-01,2.860500579999999959e-01
9.210000000000000000e+02,1.789367922050510168e+09,-4.024339404700000244e+01,-1.386193415700000031e+01,6.287653438000000428e+00,6.793580000000000235e-04,-4.896130999999999747e-03,9.373986039999999687e-01,3.482232390000000177e-01
9.220000000000000000e+02,1.789367922651032925e+09,-4.032928465599999868e+01,-1.359879853800000049e+01,6.286204689999999928e+00,1.523931100000000018e-02,3.365510599999999714e-02,8.472022030000000425e-01,5.299844569999999644e-01
9.230000000000000000e+02,1.789367923850030899e+09,-4.057275066100000060e+01,-1.281307623700000065e+01,6.305849557000000161e+00,1.958262499999999934e-02,3.799954999999999999e-02,8.232779199999999964e-01,5.660265209999999492e-01
9.240000000000000000e+02,1.789367925850087881e+09,-4.071775983199999871e+01,-1.200770295300000079e+01,6.237290532000000276e+00,-2.015619000000000091e-02,7.245156199999999713e-02,7.753482739999999485e-01,6.270403119999999886e-01
9.250000000000000000e+02,1.789367929450027943e+09,-4.083954632500000059e+01,-1.119277312400000035e+01,6.142619522999999582e+00,-3.286044400000000254e-02,6.876805800000000690e-02,7.876470580000000110e-01,6.113945189999999696e-01
9.260000000000000000e+02,1.789367933849992037e+09,-4.088169921000000073e+01,-1.038541767599999943e+01,6.088487597000000306e+00,-1.283425399999999980e-02,6.631014699999999984e-02,7.566560450000000548e-01,6.503152129999999476e-01
9.270000000000000000e+02,1.789367936249993086e+09,-4.087128888099999813e+01,-9.569318840999999409e+00,6.049757819999999953e+00,2.370517999999999844e-03,5.407088100000000119e-02,7.074864149999999796e-01,7.046514699999999465e-01
9.280000000000000000e+02,1.789367943950031757e+09,-4.082381919400000214e+01,-8.772776537000000374e+00,5.986114560999999945e+00,-3.855932799999999688e-02,7.918423199999999329e-02,6.793546529999999750e-01,7.285055190000000458e-01
9.290000000000000000e+02,1.789367946249998093e+09,-4.057886194499999988e+01,-8.007535249000000022e+00,5.823027545000000416e+00,-5.086602500000000221e-02,1.103330680000000064e-01,5.329906049999999507e-01,8.373531370000000251e-01
9.300000000000000000e+02,1.789367948149988890e+09,-4.020310270000000230e+01,-7.266631454999999740e+00,5.636324609999999957e+00,-6.415753700000000059e-02,1.187151109999999982e-01,5.124460459999999884e-01,8.480504599999999504e-01
9.310000000000000000e+02,1.789367949549996853e+09,-3.980872346999999678e+01,-6.578599589999999608e+00,5.413038989000000356e+00,-6.160289399999999832e-02,1.526312599999999908e-01,4.379003539999999917e-01,8.838280729999999918e-01
9.320000000000000000e+02,1.789367950950103283e+09,-3.930584975200000031e+01,-5.928943454999999751e+00,5.189095118000000006e+00,-1.984283599999999911e-02,1.346955539999999951e-01,3.123106469999999968e-01,9.401730849999999640e-01
9.330000000000000000e+02,1.789367952450024128e+09,-3.861721679699999754e+01,-5.435154713000000193e+00,5.120118502000000404e+00,1.055487100000000039e-02,-5.784420999999999660e-03,3.576402619999999866e-01,9.337818690000000421e-01
9.340000000000000000e+02,1.789367953550058126e+09,-3.832129470999999654e+01,-5.146804911000000260e+00,5.134594458999999667e+00,1.418050000000000040e-02,2.212589300000000064e-02,1.644183780000000039e-01,9.860405439999999633e-01
9.350000000000000000e+02,1.789367953950072050e+09,-3.834101186200000200e+01,-5.147909598000000031e+00,5.153357054999999853e+00,1.004163899999999977e-02,3.997169000000000069e-03,-8.010087999999999930e-02,9.967281660000000265e-01
9.360000000000000000e+02,1.789367955650025129e+09,-3.762321451199999700e+01,-5.292023200000000038e+00,5.160109079999999793e+00,2.492443199999999984e-02,6.898732999999999775e-03,-3.160805250000000011e-01,9.483798199999999845e-01
9.370000000000000000e+02,1.789367955949992180e+09,-3.760615701799999755e+01,-5.252440527000000081e+00,5.179679984999999931e+00,1.414117500000000062e-02,3.293546999999999968e-03,-4.981579549999999856e-01,8.669647240000000199e-01
9.380000000000000000e+02,1.789367957450177908e+09,-3.734574579600000277e+01,-6.041064208999999963e+00,5.146573340999999857e+00,6.540139999999999842e-03,1.663156199999999904e-02,-5.789344720000000333e-01,8.151781980000000205e-01
9.390000000000000000e+02,1.789367958849979877e+09,-3.733970888799999699e+01,-6.046479066999999930e+00,5.120654318999999788e+00,9.179256999999999694e-03,-1.552092000000000055e-02,-7.590651950000000259e-01,6.507648360000000132e-01
9.400000000000000000e+02,1.789367960350057840e+09,-3.732871761500000218e+01,-6.052669577999999717e+00,5.144283661000000230e+00,-1.449716600000000057e-02,1.528964699999999996e-02,-5.954047310000000204e-01,8.031495910000000515e-01
9.410000000000000000e+02,1.789367964750010252e+09,-3.732865176100000326e+01,-6.974860381000000054e+00,5.128450566999999793e+00,7.772278999999999993e-03,1.209181200000000039e-02,-7.030816589999999700e-01,7.109638249999999937e-01
9.420000000000000000e+02,1.789367965450175762e+09,-3.743485625900000002e+01,-7.840819568999999767e+00,5.138476048000000240e+00,-2.275295000000000095e-02,-3.221655400000000141e-02,-7.551727299999999587e-01,6.543382500000000102e-01
9.430000000000000000e+02,1.789367966250058889e+09,-3.740355320799999816e+01,-8.645355797000000564e+00,5.184596659000000329e+00,-3.601479500000000222e-02,-1.413368199999999984e-02,-7.707587949999999966e-01,6.359512990000000254e-01
9.440000000000000000e+02,1.789367967850704193e+09,-3.749930429399999809e+01,-9.466962638000000041e+00,5.320186211000000220e+00,-1.305494239999999972e-01,-1.494138499999999974e-02,-8.503718460000000423e-01,5.095108710000000318e-01
9.450000000000000000e+02,1.789367968251307964e+09,-3.753810947200000214e+01,-9.599114839000000288e+00,5.372435952000000015e+00,1.975512239999999975e-01,5.630909399999999704e-02,9.249497909999999656e-01,-3.197978799999999788e-01
9.460000000000000000e+02,1.789367970650985956e+09,-3.814791318799999686e+01,-1.014869979800000088e+01,5.619921869999999764e+00,1.014390520000000018e-01,2.678282300000000074e-02,9.364596440000000355e-01,-3.347179929999999914e-01
9.470000000000000000e+02,1.789367971750446081e+09,-3.869358855800000185e+01,-1.072149068599999922e+01,5.746701814999999769e+00,7.163059700000000418e-02,-2.247085700000000033e-02,9.497419820000000401e-01,-3.038984789999999991e-01
9.480000000000000000e+02,1.789367973750362873e+09,-3.940539767599999976e+01,-1.109698218800000014e+01,5.929668337999999927e+00,3.814530499999999741e-02,2.403156299999999884e-02,9.771198150000000027e-01,-2.078564099999999915e-01
9.490000000000000000e+02,1.789367975150068283e+09,-4.019608969099999740e+01,-1.141854985099999986e+01,6.047194750000000063e+00,8.965176199999999596e-02,3.440989600000000231e-02,9.749590310000000315e-01,-2.005826709999999902e-01
9.500000000000000000e+02,1.789367976350133896e+09,-4.067454911099999748e+01,-1.163523091200000081e+01,6.178640832000000138e+00,8.526805599999999485e-02,9.550088999999999453e-03,9.170395239999999948e-01,-3.894568860000000021e-01
9.510000000000000000e+02,1.789367978050741911e+09,-4.114831978699999837e+01,-1.231393815799999913e+01,6.353035260999999601e+00,-5.547486000000000084e-02,-2.428982699999999995e-02,-8.232400340000000094e-01,5.644540639999999776e-01
9.520000000000000000e+02,1.789367980250007868e+09,-4.113058950300000305e+01,-1.280460933700000048e+01,6.384083075000000385e+00,-4.562897500000000217e-02,1.490102400000000056e-02,-6.981166890000000125e-01,7.143731829999999672e-01
9.530000000000000000e+02,1.789367980850074053e+09,-4.107574118600000190e+01,-1.283213797199999995e+01,6.383725987000000046e+00,-2.937153899999999859e-02,-9.493074000000000651e-03,-5.079904849999999916e-01,8.608094229999999625e-01
9.540000000000000000e+02,1.789367981350425243e+09,-4.097011030000000176e+01,-1.281181237800000083e+01,6.386334824000000410e+00,-1.113221900000000049e-02,2.294410900000000073e-02,-3.220457210000000070e-01,9.463805760000000289e-01
9.550000000000000000e+02,1.789367981850451231e+09,-4.089602171800000008e+01,-1.277009717500000008e+01,6.361445347000000083e+00,-3.011470000000000119e-02,8.324724099999999960e-02,-1.110996290000000053e-01,9.898585119999999682e-01
9.560000000000000000e+02,1.789367982350556850e+09,-4.084548373100000163e+01,-1.274715413200000036e+01,6.342197643000000440e+00,-3.595795899999999767e-02,1.017154360000000063e-01,9.695037900000000319e-02,9.894248930000000275e-01
9.570000000000000000e+02,1.789367982950075865e+09,-4.077570440499999904e+01,-1.282359678999999986e+01,6.342724360000000061e+00,-2.222993900000000064e-02,9.213301799999999708e-02,2.932955289999999993e-01,9.513122880000000059e-01
9.580000000000000000e+02,1.789367986450084925e+09,-4.043862043600000078e+01,-1.252458413699999973e+01,6.278965094000000136e+00,-6.619632999999999767e-02,5.779186699999999677e-02,4.895880089999999907e-01,8.675146839999999804e-01
9.590000000000000000e+02,1.789367989050038099e+09,-4.005648240499999702e+01,-1.181230352699999919e+01,6.104301143999999901e+00,-8.884970899999999894e-02,1.014832840000000069e-01,4.941379120000000125e-01,8.588565630000000173e-01
9.600000000000000000e+02,1.789367991549978256e+09,-3.978245930199999947e+01,-1.142274178799999973e+01,6.019841866000000152e+00,-8.428576999999999597e-03,8.600046000000000079e-02,3.279792899999999789e-01,9.407244369999999689e-01
9.610000000000000000e+02,1.789367993650046825e+09,-3.944382237199999963e+01,-1.116908282300000010e+01,5.971048439999999680e+00,5.718837000000000052e-03,5.364159999999999762e-02,1.336257959999999911e-01,9.895625399999999905e-01
9.620000000000000000e+02,1.789367995750154018e+09,-3.911169750199999839e+01,-1.112684879899999935e+01,5.897693412999999829e+00,-1.265112600000000039e-02,1.032886880000000035e-01,-7.483278499999999889e-02,9.917517080000000096e-01
9.630000000000000000e+02,1.789367998950004101e+09,-3.831090940299999659e+01,-1.123183170899999972e+01,5.770168368000000214e+00,-1.512314300000000035e-02,5.997187500000000088e-02,-8.636140200000000378e-02,9.943421810000000471e-01
9.640000000000000000e+02,1.789368000349997282e+09,-3.824753867599999779e+01,-1.117418443000000039e+01,5.763614471000000350e+00,-1.122656900000000048e-02,2.317632299999999868e-02,-2.857939199999999791e-01,9.579450179999999815e-01
9.650000000000000000e+02,1.789368002250003099e+09,-3.787769590700000322e+01,-1.125701545299999928e+01,5.748043394999999833e+00,-2.558113000000000054e-02,-1.873883999999999966e-02,-4.727338200000000268e-01,8.806345420000000201e-01
9.660000000000000000e+02,1.789368004450191975e+09,-3.757710445899999741e+01,-1.153676004299999924e+01,5.767346728999999783e+00,-3.878474800000000083e-02,-5.899284999999999772e-03,-6.487812059999999992e-01,7.599630840000000109e-01
9.670000000000000000e+02,1.789368006350042820e+09,-3.738446804499999843e+01,-1.234255333499999985e+01,5.834291100999999813e+00,-3.002184999999999923e-02,1.426103899999999966e-02,-6.487315319999999996e-01,7.602912010000000276e-01
9.680000000000000000e+02,1.789368007650082111e+09,-3.721133223300000026e+01,-1.313263735900000029e+01,5.858830232999999943e+00,-2.148297000000000054e-02,3.716255000000000253e-02,-6.783761980000000413e-01,7.334597200000000372e-01
9.690000000000000000e+02,1.789368009349989891e+09,-3.706896725499999690e+01,-1.394922163700000084e+01,5.851781489000000391e+00,-9.970055000000000237e-03,6.323600100000000002e-02,-6.463832170000000099e-01,7.603226570000000129e-01
9.700000000000000000e+02,1.789368013550019264e+09,-3.682913487300000099e+01,-1.472578464699999934e+01,5.787358188999999875e+00,-4.204766000000000406e-03,6.075081799999999810e-02,-7.299646140000000116e-01,6.807667149999999667e-01
9.710000000000000000e+02,1.789368014550022840e+09,-3.686803531500000020e+01,-1.558306176299999990e+01,5.750450342999999798e+00,1.573147700000000065e-02,6.449881999999999838e-02,-7.292064860000000426e-01,6.810655799999999482e-01
9.720000000000000000e+02,1.789368015250101805e+09,-3.688644816899999768e+01,-1.600385639799999993e+01,5.722052354999999757e+00,1.479484900000000054e-02,1.245631300000000011e-02,-8.563385850000000410e-01,5.160524969999999989e-01
9.730000000000000000e+02,1.789368015650042772e+09,-3.684635513199999934e+01,-1.602204573399999887e+01,5.701075535000000194e+00,-4.329819999999999958e-04,2.549225000000000102e-02,9.433024660000000061e-01,-3.309537980000000212e-01
9.740000000000000000e+02,1.789368016050075054e+09,-3.682502786399999906e+01,-1.601220366700000142e+01,5.724301359000000033e+00,1.424662600000000008e-02,1.289486899999999978e-02,9.908607680000000029e-01,-1.335129009999999894e-01
9.750000000000000000e+02,1.789368016450063944e+09,-3.677862739500000089e+01,-1.600845382600000022e+01,5.721982464999999962e+00,2.513892800000000136e-02,-6.135851000000000326e-03,9.935068649999999613e-01,1.107903219999999966e-01
9.760000000000000000e+02,1.789368018450129747e+09,-3.676563345999999655e+01,-1.602700827600000011e+01,5.716663881999999752e+00,3.026391800000000076e-02,-1.105233000000000083e-02,9.468396850000000420e-01,3.200883520000000204e-01
9.770000000000000000e+02,1.789368027650006056e+09,-3.750227874499999814e+01,-1.565595524099999913e+01,5.744292126999999581e+00,1.907095199999999866e-02,-3.938753799999999972e-02,9.760754270000000510e-01,2.129828189999999899e-01
9.780000000000000000e+02,1.789368030350734234e+09,-3.798150900899999982e+01,-1.534371297799999923e+01,5.790430238999999979e+00,2.441467139999999869e-01,-1.557899339999999910e-01,9.162627559999999560e-01,2.767389399999999888e-01
9.790000000000000000e+02,1.789368030850445986e+09,-3.832650077899999985e+01,-1.502229127200000036e+01,6.080513370000000251e+00,-4.197995000000000372e-03,-1.006998300000000041e-01,9.157347009999999843e-01,3.889368570000000247e-01
9.800000000000000000e+02,1.789368036750089169e+09,-3.889565822800000205e+01,-1.449973429399999958e+01,6.127863536000000444e+00,1.851501269999999977e-01,-1.782653349999999970e-01,9.059239749999999924e-01,3.365154550000000189e-01
9.810000000000000000e+02,1.789368037350141764e+09,-3.969805972300000008e+01,-1.423191888600000077e+01,6.220988747999999902e+00,3.524958499999999995e-02,-7.611035700000000348e-02,9.674321439999999939e-01,2.388299110000000058e-01
9.820000000000000000e+02,1.789368041350190878e+09,-4.024331383100000181e+01,-1.377706576499999969e+01,6.265031953000000264e+00,2.428050600000000031e-02,3.869323599999999891e-02,8.986487650000000160e-01,4.362839539999999738e-01
9.830000000000000000e+02,1.789368041950580835e+09,-4.024874154399999782e+01,-1.360745282799999956e+01,6.262301993000000344e+00,4.576201500000000311e-02,3.240779099999999829e-02,7.708480890000000141e-01,6.345461340000000394e-01
9.840000000000000000e+02,1.789368043650225878e+09,-4.028185568899999680e+01,-1.305511825600000009e+01,6.306120660999999572e+00,-2.816761999999999998e-03,3.043517199999999992e-02,5.927795529999999591e-01,8.047845479999999885e-01
9.850000000000000000e+02,1.789368046050086975e+09,-4.011919183500000230e+01,-1.224851554299999989e+01,6.227738573999999971e+00,-4.614436999999999706e-02,9.340885999999999634e-02,4.989062989999999975e-01,8.603708420000000245e-01
9.860000000000000000e+02,1.789368047650003910e+09,-3.974163495300000193e+01,-1.154634084999999999e+01,6.037055211000000199e+00,-3.334967199999999687e-02,1.072403670000000031e-01,3.927689730000000212e-01,9.127539850000000454e-01
9.870000000000000000e+02,1.789368048350030184e+09,-3.954709743499999774e+01,-1.128868765100000005e+01,5.996304741000000327e+00,-1.309630600000000027e-02,6.050933599999999690e-02,2.077134939999999985e-01,9.762285649999999926e-01
9.880000000000000000e+02,1.789368048850265980e+09,-3.933242313600000273e+01,-1.115418794500000033e+01,5.958989811000000358e+00,9.099779999999999805e-04,6.264494399999999408e-02,-2.303813299999999883e-02,9.977695260000000177e-01
9.890000000000000000e+02,1.789368050450089216e+09,-3.856545958699999943e+01,-1.130908904200000009e+01,5.792152349000000200e+00,2.082071200000000163e-02,7.539461199999999974e-02,-2.225779190000000130e-01,9.717722060000000273e-01
9.900000000000000000e+02,1.789368051850006104e+09,-3.788375868699999671e+01,-1.173055840099999969e+01,5.779940687999999938e+00,-7.413788000000000149e-03,1.410027900000000028e-02,-4.158441489999999963e-01,9.092963549999999451e-01
9.910000000000000000e+02,1.789368052850062132e+09,-3.754758660200000264e+01,-1.220688180700000025e+01,5.829182363000000144e+00,-7.324604999999999658e-03,-8.626899999999999684e-05,-5.899549769999999915e-01,8.074029150000000543e-01
9.920000000000000000e+02,1.789368055050052166e+09,-3.712741654599999919e+01,-1.292533688500000011e+01,5.842338949000000170e+00,-2.671348600000000156e-02,6.299745800000000617e-02,-4.342855520000000191e-01,8.981724610000000331e-01
9.930000000000000000e+02,1.789368056050045967e+09,-3.678705824699999738e+01,-1.308699236300000024e+01,5.783257904000000060e+00,-2.986919500000000116e-02,1.000711489999999981e-01,-2.238527459999999913e-01,9.690116330000000389e-01
9.940000000000000000e+02,1.789368057550111771e+09,-3.598217545600000022e+01,-1.332821455400000055e+01,5.641702363000000275e+00,-1.735308400000000126e-02,9.744348199999999793e-02,-1.249741479999999932e-01,9.872107679999999608e-01
9.950000000000000000e+02,1.789368061250099897e+09,-3.519629785499999741e+01,-1.351409330100000084e+01,5.547420781999999662e+00,-1.013100000000000041e-04,6.535236399999999612e-02,-1.275531910000000102e-01,9.896763320000000475e-01
9.960000000000000000e+02,1.789368069350031137e+09,-3.439913603899999828e+01,-1.353460591800000046e+01,5.432393904000000440e+00,-2.154069600000000154e-02,7.997240399999999694e-02,-1.224690749999999967e-01,9.890104849999999947e-01
9.970000000000000000e+02,1.789368071150205135e+09,-3.361406235700000167e+01,-1.377144396299999940e+01,5.362343236000000068e+00,2.109724899999999848e-02,4.065190500000000207e-02,-2.484937469999999871e-01,9.675500949999999989e-01
9.980000000000000000e+02,1.789368071650404215e+09,-3.356085764899999901e+01,-1.378666549499999938e+01,5.347431354000000248e+00,7.404006999999999776e-03,-1.244622800000000015e-02,-4.323724950000000233e-01,9.015787809999999958e-01
9.990000000000000000e+02,1.789368073250427008e+09,-3.318133001700000051e+01,-1.415783743599999944e+01,5.368752942999999611e+00,-1.553615199999999925e-02,-4.501413999999999589e-03,-6.039024440000000382e-01,7.968940979999999952e-01
1.000000000000000000e+03,1.789368073750275850e+09,-3.309052607200000296e+01,-1.426748996100000078e+01,5.353100316999999997e+00,-5.618880600000000086e-02,-3.297902600000000156e-02,-7.591890679999999669e-01,6.476010819999999946e-01
1.001000000000000000e+03,1.789368075350795746e+09,-3.323691027400000308e+01,-1.487773803900000047e+01,5.443757781000000406e+00,6.067015600000000286e-02,2.553969799999999957e-02,8.834246100000000546e-01,-4.639265180000000099e-01
1.002000000000000000e+03,1.789368078850433826e+09,-3.370158454700000306e+01,-1.555975307199999946e+01,5.540252889999999653e+00,2.174384000000000039e-02,-1.838060000000000084e-03,9.032219630000000166e-01,-4.286186089999999838e-01
1.003000000000000000e+03,1.789368079950048208e+09,-3.378732603600000317e+01,-1.571590295000000026e+01,5.547960749999999663e+00,-5.013873399999999730e-02,2.403707600000000097e-02,-7.871708680000000236e-01,6.142233719999999897e-01
1.004000000000000000e+03,1.789368080450105190e+09,-3.368372379099999847e+01,-1.571323182100000082e+01,5.595242157999999577e+00,-4.075447599999999782e-02,3.291279600000000111e-02,-6.220901129999999446e-01,7.811912140000000226e-01
1.005000000000000000e+03,1.789368089049976826e+09,-3.336546971899999647e+01,-1.650575072899999896e+01,5.551202133000000316e+00,1.328148000000000002e-02,2.782567799999999952e-02,-5.746220650000000152e-01,8.178378910000000390e-01
1.006000000000000000e+03,1.789368095050032854e+09,-3.304574971600000310e+01,-1.725332588399999878e+01,5.709426725000000147e+00,1.070098799999999982e-02,5.737069000000000023e-03,-4.907665500000000236e-01,8.712065020000000493e-01
1.007000000000000000e+03,1.789368095450188160e+09,-3.283127833000000351e+01,-1.753858047499999984e+01,5.466636368999999718e+00,1.390264119999999881e-01,2.770498279999999980e-01,-4.598001509999999903e-01,8.321651700000000096e-01
1.008000000000000000e+03,1.789368096150552750e+09,-3.251796704699999907e+01,-1.799920755000000128e+01,5.357445131000000416e+00,1.494402700000000035e-02,5.650375099999999789e-02,-5.084661780000000464e-01,8.590961230000000448e-01
1.009000000000000000e+03,1.789368097050132990e+09,-3.217672949600000010e+01,-1.876887694499999881e+01,5.424165493000000282e+00,1.230498000000000008e-03,-3.511241899999999888e-02,-5.786927710000000502e-01,8.147884880000000329e-01
1.010000000000000000e+03,1.789368097950028181e+09,-3.201440776199999760e+01,-1.961653630900000067e+01,5.441845572000000075e+00,4.455945199999999939e-02,-1.084183000000000065e-03,-5.982760799999999879e-01,8.000493810000000039e-01
1.011000000000000000e+03,1.789368098850077152e+09,-3.196473105500000145e+01,-1.987652861400000148e+01,5.436194055999999719e+00,-3.945953999999999781e-03,-1.110582000000000062e-02,-4.200048499999999851e-01,9.074453239999999976e-01
1.012000000000000000e+03,1.789368099950785160e+09,-3.136935469999999881e+01,-2.022805226099999842e+01,5.459320860000000053e+00,1.682998000000000003e-03,-1.111533800000000065e-02,-1.966634959999999932e-01,9.804065920000000212e-01
1.013000000000000000e+03,1.789368100550147772e+09,-3.082943892300000144e+01,-2.039718440100000052e+01,5.533689912999999905e+00,-1.072444000000000088e-03,-4.680302199999999968e-02,-6.661150000000000014e-04,9.989033400000000285e-01
1.014000000000000000e+03,1.789368101150173187e+09,-3.070429145800000015e+01,-2.031812216999999876e+01,5.556338385000000102e+00,2.084985400000000100e-02,-4.743372299999999708e-02,2.319862629999999981e-01,9.713380969999999559e-01
1.015000000000000000e+03,1.789368102050335884e+09,-2.996248787100000044e+01,-1.980668046699999962e+01,5.659049429000000409e+00,-4.831341000000000281e-03,-3.093818999999999823e-03,2.458698099999999942e-01,9.692858829999999593e-01
1.016000000000000000e+03,1.789368103350052834e+09,-2.919789363199999954e+01,-1.930494696199999893e+01,5.610881713000000381e+00,-4.697123000000000270e-02,3.793112099999999820e-02,2.607156039999999897e-01,9.635259769999999779e-01
1.017000000000000000e+03,1.789368104950143099e+09,-2.881721827499999833e+01,-1.898599195699999953e+01,5.587783367000000112e+00,-4.610289699999999685e-02,1.421678300000000020e-02,4.772657260000000012e-01,8.774336630000000303e-01
1.018000000000000000e+03,1.789368105350101948e+09,-2.882916536899999826e+01,-1.897020984799999965e+01,5.577717798000000116e+00,-4.328508600000000039e-02,2.949892600000000170e-02,6.582762730000000229e-01,7.509517709999999902e-01
1.019000000000000000e+03,1.789368105750007868e+09,-2.878137437599999870e+01,-1.896322940199999962e+01,5.548729147000000417e+00,-4.601224200000000181e-02,2.592874499999999957e-02,8.056375590000000031e-01,5.900497420000000437e-01
1.020000000000000000e+03,1.789368107850174904e+09,-2.913871894500000082e+01,-1.822766707999999980e+01,5.452593315999999746e+00,-3.480265500000000178e-02,7.622402999999999818e-02,8.685248709999999761e-01,4.885112280000000196e-01
1.021000000000000000e+03,1.789368109050010920e+09,-2.955660388300000108e+01,-1.749063951600000166e+01,5.395091321999999856e+00,-4.068097600000000064e-02,5.450332699999999725e-02,8.661247619999999925e-01,4.951791010000000104e-01
1.022000000000000000e+03,1.789368110950181961e+09,-2.968763696699999954e+01,-1.704489909200000142e+01,5.304529375999999630e+00,-4.546737800000000274e-02,2.200761899999999910e-02,9.563046130000000256e-01,2.879754680000000122e-01
1.023000000000000000e+03,1.789368111550488949e+09,-2.964677177300000110e+01,-1.694655608200000074e+01,5.300844172999999770e+00,-4.772875000000000208e-03,4.321069999999999772e-03,9.958880110000000174e-01,9.036381200000000169e-02
1.024000000000000000e+03,1.789368113150048256e+09,-3.013820057899999938e+01,-1.686516399099999930e+01,5.361967918999999583e+00,7.202795100000000672e-02,2.616409800000000022e-02,9.902585579999999554e-01,-1.162557659999999965e-01
1.025000000000000000e+03,1.789368113551083088e+09,-3.038229432700000032e+01,-1.685435720199999921e+01,5.359635341999999802e+00,8.785197699999999776e-02,6.753951299999999547e-02,9.386689540000000553e-01,-3.265287720000000227e-01
1.026000000000000000e+03,1.789368115250913858e+09,-3.113137833900000118e+01,-1.723218258700000050e+01,5.414594606999999726e+00,-4.297882999999999738e-03,2.286095900000000014e-02,9.452514850000000024e-01,-3.255127270000000017e-01
1.027000000000000000e+03,1.789368116450121880e+09,-3.185768198199999901e+01,-1.770173265500000070e+01,5.379669371000000311e+00,-3.897863499999999759e-02,-1.388639999999999905e-04,9.502473689999999529e-01,-3.090478669999999761e-01
1.028000000000000000e+03,1.789368117150217056e+09,-3.200732882300000171e+01,-1.772032310699999869e+01,5.395196218999999793e+00,-1.871648500000000145e-02,4.403569400000000023e-02,9.933124279999999695e-01,-1.050760300000000008e-01
1.029000000000000000e+03,1.789368119450111389e+09,-3.247874788499999710e+01,-1.765774873200000172e+01,5.399387336000000204e+00,-1.369549800000000039e-02,4.715854700000000205e-02,9.901192290000000451e-01,1.313484590000000007e-01
1.030000000000000000e+03,1.789368120550055504e+09,-3.248902286999999944e+01,-1.768838381799999837e+01,5.387578879000000320e+00,-4.005309999999999773e-04,4.249543399999999860e-02,9.407806349999999762e-01,3.363417530000000211e-01
1.031000000000000000e+03,1.789368125850215912e+09,-3.270110336500000159e+01,-1.754656644900000018e+01,5.338413604000000312e+00,1.372178430000000060e-01,-1.458497189999999888e-01,9.153385000000000549e-01,3.493630690000000261e-01
1.032000000000000000e+03,1.789368126351620674e+09,-3.307887246899999667e+01,-1.732195956099999989e+01,5.627451560999999991e+00,-1.071896400000000027e-01,-6.552581600000000062e-02,9.091306460000000422e-01,3.971123469999999767e-01
1.033000000000000000e+03,1.789368128250086069e+09,-3.344426779599999833e+01,-1.688407466499999998e+01,5.548732060999999938e+00,-1.940146000000000093e-01,9.988429599999999742e-02,8.633080690000000113e-01,4.550611390000000034e-01
1.034000000000000000e+03,1.789368128850982904e+09,-3.356163088499999958e+01,-1.663291889899999987e+01,5.456405486000000415e+00,-9.115803000000000447e-03,3.342226000000000224e-02,8.704025269999999814e-01,4.911204499999999862e-01
1.035000000000000000e+03,1.789368131950154305e+09,-3.400308580499999778e+01,-1.603814632199999934e+01,5.534796949000000410e+00,8.481248000000000259e-03,-4.369264199999999682e-02,9.518500960000000344e-01,3.033157049999999910e-01
1.036000000000000000e+03,1.789368136250197411e+09,-3.429750175400000245e+01,-1.583391487699999978e+01,5.612676450000000372e+00,3.806886899999999824e-02,-5.354029500000000164e-02,9.934152880000000074e-01,9.386300399999999988e-02
1.037000000000000000e+03,1.789368138150157928e+09,-3.510683863599999910e+01,-1.603520490100000018e+01,5.609979487000000375e+00,-6.824552999999999696e-03,-4.152411999999999770e-02,9.977529379999999781e-01,-5.213681199999999766e-02
1.038000000000000000e+03,1.789368138750053883e+09,-3.524138566799999950e+01,-1.600382902500000171e+01,5.638364668000000357e+00,1.054615100000000014e-02,-1.123714699999999941e-02,9.864964550000000498e-01,1.630559729999999929e-01
1.039000000000000000e+03,1.789368141150693178e+09,-3.605635390700000187e+01,-1.579969074599999956e+01,5.671954944000000332e+00,2.691523499999999916e-02,6.064570000000000030e-03,9.889000270000000148e-01,1.459983800000000109e-01
1.040000000000000000e+03,1.789368143650062084e+09,-3.689341154299999914e+01,-1.564368473999999942e+01,5.727230709999999725e+00,1.331185699999999986e-02,-1.257983300000000033e-02,9.910819880000000248e-01,1.319887690000000058e-01
1.041000000000000000e+03,1.789368151950042009e+09,-3.774509349400000247e+01,-1.537633881300000027e+01,5.752387371000000194e+00,4.882420400000000299e-02,-6.292664600000000275e-02,9.688499200000000311e-01,2.344915069999999879e-01
1.042000000000000000e+03,1.789368152451176167e+09,-3.798461516999999787e+01,-1.535539497599999947e+01,5.799262402000000094e+00,2.817920950000000202e-01,-1.718662360000000056e-01,8.993035299999999621e-01,2.868943600000000149e-01
1.043000000000000000e+03,1.789368152850860834e+09,-3.831085166300000111e+01,-1.503480856100000018e+01,6.054637222000000207e+00,1.134848479999999993e-01,-8.163901899999999323e-02,9.172334189999999943e-01,3.730135589999999945e-01
1.044000000000000000e+03,1.789368153051378965e+09,-3.849108821200000108e+01,-1.494312429900000083e+01,6.135691679999999870e+00,-1.042126329999999990e-01,-2.313335000000000044e-02,9.087969310000000300e-01,4.033518489999999845e-01
1.045000000000000000e+03,1.789368155449990988e+09,-3.875453829100000291e+01,-1.456571635999999970e+01,6.115637289000000365e+00,9.121381900000000154e-02,-6.350115800000000199e-02,9.037087400000000104e-01,4.134708650000000207e-01
1.046000000000000000e+03,1.789368156850017071e+09,-3.939129763500000081e+01,-1.431559341300000021e+01,6.211243830999999993e+00,2.666589600000000143e-02,-1.666709500000000121e-01,9.523374230000000162e-01,2.540928120000000012e-01
1.047000000000000000e+03,1.789368161350126266e+09,-4.014104558199999673e+01,-1.389202607700000058e+01,6.301439865999999945e+00,9.990433999999999426e-03,-9.151619999999999634e-04,9.424675040000000115e-01,3.341472090000000006e-01
1.048000000000000000e+03,1.789368162150095940e+09,-4.038508475999999803e+01,-1.331874924499999935e+01,6.326177698999999599e+00,3.174849600000000105e-02,8.565647699999999476e-02,8.431399760000000132e-01,5.298773270000000091e-01
1.049000000000000000e+03,1.789368163050042868e+09,-4.055881886299999906e+01,-1.250469373700000020e+01,6.293678297999999671e+00,1.309843800000000044e-02,8.553926100000000532e-02,7.728591169999999844e-01,6.286495460000000035e-01
1.050000000000000000e+03,1.789368164450046062e+09,-4.067587741700000237e+01,-1.163537923099999993e+01,6.182877067999999809e+00,-2.754492799999999977e-02,7.631485600000000036e-02,7.523774960000000345e-01,6.537166229999999967e-01
1.051000000000000000e+03,1.789368165250082970e+09,-4.078380511400000330e+01,-1.075926545699999970e+01,6.106945443999999945e+00,-2.240500200000000025e-02,6.372502200000000616e-02,7.343781539999999497e-01,6.753709089999999637e-01
1.052000000000000000e+03,1.789368166150009155e+09,-4.063789098499999852e+01,-9.873680384000000032e+00,6.045046686000000058e+00,1.316030399999999941e-02,6.361989199999999733e-02,7.043076090000000011e-01,7.069159120000000351e-01
1.053000000000000000e+03,1.789368166950128078e+09,-4.058058917200000337e+01,-9.073795642000000328e+00,5.992447926999999730e+00,2.621735000000000038e-03,7.882983500000000088e-02,6.424568999999999974e-01,7.622520029999999558e-01
1.054000000000000000e+03,1.789368168049999952e+09,-4.056095643599999789e+01,-8.203109568000000351e+00,5.854504261999999848e+00,-7.743398099999999895e-02,1.071928520000000051e-01,6.636279309999999487e-01,7.362823099999999954e-01
1.055000000000000000e+03,1.789368168850010157e+09,-4.042352708300000330e+01,-7.336582754000000151e+00,5.694984769999999585e+00,-5.487244000000000149e-02,1.014668850000000067e-01,6.544054099999999652e-01,7.472931459999999637e-01
1.056000000000000000e+03,1.789368169550005198e+09,-4.029625584499999746e+01,-6.559649546000000164e+00,5.528955747000000365e+00,-5.486831600000000031e-02,1.136779430000000035e-01,6.383445589999999781e-01,7.593306370000000305e-01
1.057000000000000000e+03,1.789368170250102282e+09,-4.012206391699999841e+01,-5.792183564000000118e+00,5.355579121999999970e+00,-4.732489699999999772e-02,1.013515509999999981e-01,6.247572399999999915e-01,7.727655589999999908e-01
1.058000000000000000e+03,1.789368171050021887e+09,-3.993020563900000042e+01,-4.916161360000000258e+00,5.205851839000000147e+00,-4.240326700000000143e-02,9.496114199999999839e-02,6.265766809999999687e-01,7.723898030000000414e-01
1.059000000000000000e+03,1.789368174749999046e+09,-3.974893974599999780e+01,-4.137429534999999881e+00,5.085353915999999863e+00,-2.426349699999999845e-02,6.615936499999999776e-02,6.417570430000000270e-01,7.636636169999999613e-01
1.060000000000000000e+03,1.789368176350086927e+09,-3.963553653000000310e+01,-3.327878397000000099e+00,5.117520956999999981e+00,-2.912426200000000145e-02,-1.528102800000000032e-02,5.757894169999999701e-01,8.169362359999999823e-01
1.061000000000000000e+03,1.789368177450322866e+09,-3.947935234599999887e+01,-2.498508317000000201e+00,5.133808074000000055e+00,-2.318030399999999880e-02,4.741574000000000136e-03,7.002987990000000273e-01,7.134576249999999842e-01
1.062000000000000000e+03,1.789368178449995279e+09,-3.954603789099999744e+01,-1.625360890000000058e+00,5.140015878999999899e+00,-1.822771000000000113e-02,1.634316200000000135e-02,7.212584680000000414e-01,6.922332509999999939e-01
1.063000000000000000e+03,1.789368179450018883e+09,-3.959666946200000126e+01,-9.308893689999999665e-01,5.165963653999999572e+00,-1.775355299999999831e-02,8.188393999999999881e-03,8.478242169999999911e-01,5.299168419999999990e-01
1.064000000000000000e+03,1.789368181449988842e+09,-4.001897166799999894e+01,-2.270719409999999994e-01,5.160515561000000417e+00,-1.843589699999999970e-02,1.640284399999999976e-02,8.802082639999999625e-01,4.739456479999999972e-01
1.065000000000000000e+03,1.789368182249991894e+09,-4.047462206499999837e+01,4.539354609999999846e-01,5.141012798000000217e+00,-2.918548600000000007e-02,2.187499399999999830e-02,8.726402290000000450e-01,4.869997149999999997e-01
1.066000000000000000e+03,1.789368183149993181e+09,-4.089847349400000098e+01,1.179552307000000022e+00,5.109430846000000415e+00,-2.317013000000000059e-02,1.640604400000000157e-02,8.695357559999999930e-01,4.930532990000000004e-01
1.067000000000000000e+03,1.789368184150013924e+09,-4.123884646599999826e+01,1.918194597999999917e+00,5.092251187999999651e+00,-9.424494000000000274e-03,2.790825400000000039e-02,7.385356189999999765e-01,6.735706700000000380e-01
1.068000000000000000e+03,1.789368184549983978e+09,-4.129882086500000327e+01,2.013618758999999869e+00,5.062753757000000299e+00,7.060900000000000379e-04,2.258872300000000152e-02,5.380856590000000494e-01,8.425871320000000164e-01
1.069000000000000000e+03,1.789368186050064087e+09,-4.085850625700000194e+01,2.704752457000000110e+00,5.027320995000000181e+00,-1.523982699999999919e-02,2.021713899999999856e-02,4.562701829999999958e-01,8.894810480000000519e-01
1.070000000000000000e+03,1.789368186549988270e+09,-4.055986129899999781e+01,3.008443717000000017e+00,5.020085667000000029e+00,-5.956514000000000426e-03,1.624829900000000077e-02,2.492783279999999935e-01,9.682772469999999521e-01
1.071000000000000000e+03,1.789368187549985170e+09,-4.055289775699999666e+01,3.073502099000000154e+00,5.007715186000000429e+00,1.698112200000000127e-02,4.087473000000000321e-03,5.278620000000000360e-03,9.998335210000000028e-01
1.072000000000000000e+03,1.789368187950011015e+09,-4.058182943700000322e+01,3.090218768000000171e+00,5.035589350999999603e+00,2.223740299999999934e-02,-6.170997000000000114e-03,-2.424697959999999874e-01,9.698844340000000175e-01
1.073000000000000000e+03,1.789368188350544930e+09,-4.057832120100000139e+01,3.083550282000000031e+00,5.065524081999999595e+00,2.269134100000000029e-02,-1.392479899999999986e-02,-4.743042599999999775e-01,8.799583349999999804e-01
1.074000000000000000e+03,1.789368191650066853e+09,-4.040459175400000191e+01,2.296564826000000004e+00,5.077397744999999851e+00,5.518023999999999846e-03,5.559437000000000406e-03,-6.185491199999999523e-01,7.857070900000000524e-01
1.075000000000000000e+03,1.789368192449986219e+09,-4.021896646500000116e+01,1.472798918999999929e+00,5.091625267999999593e+00,1.126025500000000026e-02,9.243865000000000415e-03,-6.294281409999999966e-01,7.769221149999999687e-01
1.076000000000000000e+03,1.789368193250012159e+09,-4.006708680399999878e+01,6.658761720000000439e-01,5.113189613000000300e+00,1.167171099999999954e-02,-1.021250000000000022e-04,-6.327101870000000350e-01,7.743007039999999508e-01
1.077000000000000000e+03,1.789368193950050116e+09,-4.002068612699999761e+01,5.257003390000000165e-01,5.151418962000000157e+00,-1.908306699999999870e-02,1.111609099999999982e-02,-4.200956519999999861e-01,9.072110629999999842e-01
1.078000000000000000e+03,1.789368194350207806e+09,-4.006328399899999937e+01,5.202757679999999718e-01,5.120180891000000400e+00,-1.778492300000000109e-02,4.634390999999999858e-03,-2.048348540000000106e-01,9.786239839999999468e-01
1.079000000000000000e+03,1.789368194750247240e+09,-4.007418504599999665e+01,5.560671590000000331e-01,5.072388093999999903e+00,-2.176381299999999991e-02,2.281349999999999969e-04,4.205277799999999899e-02,9.988782950000000271e-01
1.080000000000000000e+03,1.789368195150053978e+09,-4.006968275500000232e+01,5.482569459999999673e-01,5.085080440999999674e+00,-1.897434900000000146e-02,-9.752590999999999691e-03,2.750297999999999909e-01,9.611989749999999555e-01
1.081000000000000000e+03,1.789368195549978971e+09,-4.006212226899999962e+01,5.582172349999999783e-01,5.070675687999999681e+00,-2.328073599999999979e-02,-1.084630699999999948e-02,4.799827059999999812e-01,8.769019139999999490e-01
1.082000000000000000e+03,1.789368196550066948e+09,-4.005437839300000036e+01,7.519699560000000504e-01,5.075000066000000309e+00,-1.572149700000000094e-02,4.042297999999999725e-03,6.569731009999999483e-01,7.537392379999999781e-01
1.083000000000000000e+03,1.789368197750052214e+09,-4.011225404599999678e+01,1.569311254000000044e+00,5.080967189999999967e+00,-1.292110999999999954e-02,2.166977100000000087e-02,7.260785739999999766e-01,6.871487250000000158e-01
1.084000000000000000e+03,1.789368198550010204e+09,-4.015470387799999941e+01,2.467818430999999979e+00,5.065910162999999855e+00,-1.704738000000000087e-02,2.534284399999999979e-02,7.241642090000000032e-01,6.889508880000000390e-01
1.085000000000000000e+03,1.789368199249994993e+09,-4.019604272800000189e+01,3.338718937999999969e+00,5.051523759000000169e+00,-1.546785300000000016e-02,2.485307200000000036e-02,7.209079280000000312e-01,6.924123260000000224e-01
1.086000000000000000e+03,1.789368200050005198e+09,-4.022889381499999928e+01,4.183250505000000175e+00,5.081997494000000337e+00,-2.345252999999999921e-02,2.552533000000000059e-03,8.714925590000000000e-01,4.898409779999999825e-01
1.087000000000000000e+03,1.789368200449989080e+09,-4.024250687100000334e+01,4.274850513999999713e+00,5.027215372999999765e+00,-1.378866999999999940e-02,-2.436002000000000046e-03,9.651988599999999918e-01,2.611419139999999750e-01
1.088000000000000000e+03,1.789368200850014925e+09,-4.021557469599999735e+01,4.325699893000000351e+00,4.998157046000000214e+00,9.168310000000000045e-04,-5.810407000000000072e-03,9.996503209999999529e-01,2.578051799999999880e-02
1.089000000000000000e+03,1.789368201250566244e+09,-4.019788253800000177e+01,4.308032612999999955e+00,4.985806821999999805e+00,6.708117999999999893e-03,-1.175777400000000035e-02,9.759400630000000243e-01,-2.176183560000000128e-01
1.090000000000000000e+03,1.789368201650233984e+09,-4.016658589400000068e+01,4.319125479000000212e+00,4.987753071000000205e+00,1.546166499999999944e-02,-6.803613000000000022e-03,8.965779940000000447e-01,-4.425636099999999962e-01
1.091000000000000000e+03,1.789368202050099850e+09,-4.016896669399999809e+01,4.328668624999999714e+00,5.021349952999999644e+00,-2.252283600000000094e-02,6.923091000000000141e-03,-7.658692959999999772e-01,6.425644040000000334e-01
1.092000000000000000e+03,1.789368204050401926e+09,-4.011031121599999949e+01,3.452930702000000185e+00,5.049238560000000042e+00,1.914913000000000075e-03,1.102080499999999984e-02,-6.948282759999999669e-01,7.190886880000000314e-01
1.093000000000000000e+03,1.789368204750040770e+09,-4.008407437599999668e+01,2.531934211999999906e+00,5.064691651999999600e+00,-1.674740000000000029e-04,5.502561999999999905e-03,-7.010472779999999959e-01,7.130935470000000498e-01
1.094000000000000000e+03,1.789368205349997044e+09,-4.008301043099999816e+01,1.728281387000000002e+00,5.086656807999999863e+00,1.833748999999999969e-03,8.822761000000000145e-03,-7.051038990000000339e-01,7.090467459999999500e-01
1.095000000000000000e+03,1.789368206149990082e+09,-4.008609655000000060e+01,9.108273390000000136e-01,5.134062381999999758e+00,-9.339860999999999649e-03,3.424987999999999904e-03,-5.805115069999999822e-01,8.141912719999999659e-01
1.096000000000000000e+03,1.789368207249996901e+09,-3.978681949700000331e+01,1.498696700000000104e-01,5.143964991999999903e+00,4.161971000000000420e-03,7.484008999999999801e-03,-5.630921119999999780e-01,8.263497690000000118e-01
1.097000000000000000e+03,1.789368207950016975e+09,-3.946920584000000076e+01,-7.087217449999999586e-01,5.155973530999999888e+00,5.311459000000000145e-03,8.016617999999999661e-03,-5.728087849999999870e-01,8.196326120000000381e-01
1.098000000000000000e+03,1.789368248950004101e+09,-3.916648791000000074e+01,-1.480611396000000024e+00,5.165198250000000435e+00,1.576405800000000093e-02,1.283256500000000064e-02,-5.817916659999999851e-01,8.130838070000000473e-01
1.099000000000000000e+03,1.789368249849997044e+09,-3.905563902600000148e+01,-2.276929019000000221e+00,5.142436069999999582e+00,1.241555199999999984e-02,8.813721000000000055e-03,-6.586921959999999521e-01,7.522584420000000272e-01
1.100000000000000000e+03,1.789368250750089884e+09,-3.898057033599999954e+01,-2.875456063000000118e+00,5.119755986999999564e+00,1.283254200000000060e-02,-5.984561000000000221e-03,-8.159099800000000347e-01,5.780055490000000074e-01
1.101000000000000000e+03,1.789368253050038815e+09,-3.926144197100000355e+01,-3.665655296999999813e+00,5.122626792000000151e+00,2.611959299999999998e-02,-2.827099000000000018e-03,-8.259709269999999659e-01,5.631001709999999827e-01
1.102000000000000000e+03,1.789368253950438261e+09,-3.964615302299999655e+01,-4.444538925999999890e+00,5.111801851000000063e+00,-5.541589699999999868e-02,-3.943695600000000218e-02,-8.163718819999999932e-01,5.735074150000000204e-01
1.103000000000000000e+03,1.789368254850576162e+09,-3.979848185499999857e+01,-5.284732742000000094e+00,5.236386418000000376e+00,-6.126664899999999941e-02,-8.789813000000000487e-03,-7.674087870000000366e-01,6.381636870000000350e-01
1.104000000000000000e+03,1.789368255750875950e+09,-3.986602304299999844e+01,-6.133474627000000012e+00,5.379349623000000413e+00,-8.980318499999999371e-02,-4.692751800000000140e-02,-8.013645190000000529e-01,5.895321049999999730e-01
1.105000000000000000e+03,1.789368256751007080e+09,-4.000511854799999867e+01,-6.980325451999999764e+00,5.561855311000000412e+00,-7.035961599999999982e-02,-5.431841600000000131e-02,-8.192942410000000342e-01,5.664415069999999552e-01
1.106000000000000000e+03,1.789368257751202106e+09,-4.021711279899999880e+01,-7.796688599000000330e+00,5.745871080999999769e+00,-7.099904199999999832e-02,-2.507487699999999889e-02,-8.079395099999999719e-01,5.844348839999999878e-01
1.107000000000000000e+03,1.789368258651323080e+09,-4.047253830100000016e+01,-8.573592077000000700e+00,5.919358259000000011e+00,-4.250030300000000316e-02,-3.927911299999999745e-02,-8.253140089999999596e-01,5.617006869999999763e-01
1.108000000000000000e+03,1.789368259450236082e+09,-4.076307751099999876e+01,-9.321011873999999864e+00,6.025193154000000106e+00,-1.872340600000000146e-02,-2.939363700000000024e-02,-8.312998889999999585e-01,5.547305139999999524e-01
1.109000000000000000e+03,1.789368260250516891e+09,-4.088998712699999771e+01,-1.018471644499999940e+01,6.088599782000000182e+00,-4.124051000000000106e-02,5.756375999999999681e-03,-7.696373680000000439e-01,6.371219710000000092e-01
1.110000000000000000e+03,1.789368261150050163e+09,-4.100808161900000215e+01,-1.100477369999999944e+01,6.165477437999999921e+00,-5.761754100000000128e-02,8.348163999999999932e-03,-7.800784120000000543e-01,6.229672529999999986e-01
1.111000000000000000e+03,1.789368275650824070e+09,-4.100891954800000150e+01,-1.166889831700000002e+01,6.262490408999999758e+00,-3.171190599999999804e-02,-4.631162999999999946e-02,-6.361418140000000276e-01,7.695278939999999901e-01
1.112000000000000000e+03,1.789368276450414896e+09,-4.067919288200000238e+01,-1.247423374399999929e+01,6.304641443999999595e+00,-3.562364300000000344e-02,3.289912899999999918e-02,-6.233348020000000211e-01,7.804500800000000460e-01
1.113000000000000000e+03,1.789368278250382900e+09,-4.037099108599999653e+01,-1.324496897999999945e+01,6.289800192999999595e+00,7.408830000000000146e-04,3.288640400000000102e-02,-5.993025469999999633e-01,7.998464800000000263e-01
1.114000000000000000e+03,1.789368279350038052e+09,-4.005156358899999702e+01,-1.400924476199999980e+01,6.272893436000000378e+00,-1.824338400000000138e-02,4.209765900000000255e-02,-5.122814329999999527e-01,8.575912199999999874e-01
1.115000000000000000e+03,1.789368281050035954e+09,-3.965194910299999975e+01,-1.470253803900000023e+01,6.228469355999999735e+00,3.164426099999999992e-02,8.578385199999999378e-02,-3.653660069999999926e-01,9.263624839999999860e-01
1.116000000000000000e+03,1.789368303750067949e+09,-3.930617994800000048e+01,-1.490007941000000002e+01,6.202776571000000239e+00,1.000598599999999970e-02,4.286336699999999944e-02,-1.669162849999999976e-01,9.849881040000000310e-01
1.117000000000000000e+03,1.789368306650213957e+09,-3.854845365700000315e+01,-1.521479122400000072e+01,6.182601323000000093e+00,3.246419700000000019e-02,7.812816300000000047e-02,-2.560288250000000154e-01,9.629596599999999951e-01
1.118000000000000000e+03,1.789368306850825787e+09,-3.831992307699999856e+01,-1.529614169499999932e+01,5.968687654000000009e+00,5.654867999999999700e-02,3.379931979999999947e-01,-2.935073759999999865e-01,8.924215739999999952e-01
1.119000000000000000e+03,1.789368309650956154e+09,-3.790059714000000213e+01,-1.564089182200000039e+01,5.782499819999999957e+00,3.005966100000000141e-02,1.121980040000000040e-01,-2.536105980000000204e-01,9.603070809999999513e-01
1.120000000000000000e+03,1.789368314750005007e+09,-3.716815158400000030e+01,-1.603557613199999921e+01,5.740053095999999577e+00,1.385784900000000021e-02,7.359194500000000583e-02,-2.942740360000000166e-01,9.527827540000000095e-01
1.121000000000000000e+03,1.789368316050141096e+09,-3.694737878499999795e+01,-1.620106347400000146e+01,5.724387365000000116e+00,1.005048700000000031e-02,5.951406299999999899e-02,-6.743787299999999540e-02,9.958961779999999653e-01
1.122000000000000000e+03,1.789368318650032043e+09,-3.640377892200000076e+01,-1.634182746700000166e+01,5.700707448000000177e+00,-2.458380000000000027e-03,2.557738099999999973e-02,1.527265509999999882e-01,9.879343879999999967e-01
1.123000000000000000e+03,1.789368320050156116e+09,-3.554297013899999769e+01,-1.611342922300000069e+01,5.672007411000000054e+00,1.212942000000000013e-02,3.123732599999999929e-02,1.577663310000000096e-01,9.869077419999999767e-01
1.124000000000000000e+03,1.789368321450220108e+09,-3.479410502599999688e+01,-1.601097853099999924e+01,5.634424039999999856e+00,5.372568900000000008e-02,3.046157099999999979e-02,-6.429886599999999619e-02,9.960177199999999953e-01
1.125000000000000000e+03,1.789368323150022030e+09,-3.472321437099999741e+01,-1.608134025800000089e+01,5.637397494000000009e+00,4.107695399999999886e-02,3.528016600000000169e-02,-2.721360899999999972e-01,9.607340640000000542e-01
1.126000000000000000e+03,1.789368331050096989e+09,-3.404728165099999870e+01,-1.661006119700000028e+01,5.614798541999999948e+00,6.097179999999999787e-03,3.310523499999999675e-02,-3.164262849999999738e-01,9.480196589999999590e-01
1.127000000000000000e+03,1.789368335449992895e+09,-3.343034990900000025e+01,-1.716350778800000043e+01,5.614172624000000056e+00,-2.192678299999999830e-02,-9.590115300000000287e-02,-3.692346209999999851e-01,9.241147010000000384e-01
1.128000000000000000e+03,1.789368336250321865e+09,-3.299218267399999860e+01,-1.746686776900000027e+01,5.630457026000000198e+00,9.346468300000000673e-02,1.200575519999999979e-01,-4.072712560000000259e-01,9.005446470000000314e-01
1.129000000000000000e+03,1.789368337151112080e+09,-3.240299263899999715e+01,-1.802944276499999887e+01,5.348214109999999799e+00,1.455054899999999943e-02,3.720848799999999790e-02,-4.421851479999999723e-01,8.960335400000000172e-01
1.130000000000000000e+03,1.789368350550020218e+09,-3.191926589399999870e+01,-1.868087898899999999e+01,5.444426223999999870e+00,-6.332311999999999663e-03,-9.555553499999999700e-02,-4.169243519999999981e-01,9.038822520000000527e-01
1.131000000000000000e+03,1.789368351351077080e+09,-3.138647623299999978e+01,-1.929721805899999865e+01,5.527791781000000348e+00,1.121395499999999941e-02,1.018462099999999960e-02,-3.946202109999999985e-01,9.187194400000000538e-01
1.132000000000000000e+03,1.789368352950394154e+09,-3.070512339600000118e+01,-1.979369651900000093e+01,5.558892446999999848e+00,2.064151700000000159e-02,9.603126999999999497e-03,-2.424555870000000002e-01,9.698953529999999601e-01
1.133000000000000000e+03,1.789368364550023079e+09,-2.996994275899999849e+01,-2.021812999200000149e+01,5.603259139999999583e+00,1.187792000000000014e-02,-1.018715400000000035e-02,-2.555926809999999882e-01,9.666579119999999525e-01
1.134000000000000000e+03,1.789368365250753164e+09,-2.933952196699999959e+01,-2.041664830399999886e+01,5.647526934000000054e+00,-7.779969999999999984e-04,1.278303299999999920e-02,-3.909846200000000049e-02,9.991532910000000545e-01
1.135000000000000000e+03,1.789368365950178862e+09,-2.855511373899999938e+01,-2.027211305200000169e+01,5.684803686999999606e+00,-5.967995999999999718e-03,1.865631499999999970e-02,1.785339760000000109e-01,9.837387579999999909e-01
1.136000000000000000e+03,1.789368366650079012e+09,-2.780115553999999989e+01,-1.994446346999999875e+01,5.624384624000000166e+00,-1.995891699999999963e-02,6.589368499999999351e-02,1.349516329999999875e-01,9.884572430000000409e-01
1.137000000000000000e+03,1.789368367450003147e+09,-2.692468912800000069e+01,-1.977547855399999932e+01,5.520722249000000303e+00,-1.541871300000000056e-02,6.501207600000000197e-02,-1.421578899999999951e-02,9.976640740000000118e-01
1.138000000000000000e+03,1.789368368150139093e+09,-2.610309282900000127e+01,-1.985775421600000001e+01,5.447406183000000013e+00,1.916173599999999866e-02,2.834801199999999882e-02,-2.184281630000000085e-01,9.752529699999999968e-01
1.139000000000000000e+03,1.789368368850089073e+09,-2.538985398599999854e+01,-2.027102013900000088e+01,5.413140316999999868e+00,-1.018560100000000072e-02,2.643832700000000105e-02,-2.998957360000000238e-01,9.535511610000000360e-01
1.140000000000000000e+03,1.789368369650083065e+09,-2.461923116599999872e+01,-2.076175391599999998e+01,5.308176331000000303e+00,1.092918000000000014e-02,4.339385199999999665e-02,-3.909081739999999972e-01,9.193412460000000008e-01
1.141000000000000000e+03,1.789368370450015783e+09,-2.392106111900000087e+01,-2.130701936899999893e+01,5.249958046999999794e+00,9.360660999999999288e-03,8.541342700000000010e-02,-3.497647589999999806e-01,9.328888130000000389e-01
1.142000000000000000e+03,1.789368371250078917e+09,-2.333362143600000138e+01,-2.188298539099999829e+01,5.171851210999999893e+00,2.859711999999999931e-03,2.436417299999999939e-02,-3.717748699999999795e-01,9.279987370000000180e-01
1.143000000000000000e+03,1.789368372150022030e+09,-2.281194849399999924e+01,-2.251222266599999955e+01,5.190251256999999896e+00,1.703173399999999976e-02,3.488017999999999848e-03,-4.079981429999999798e-01,9.128172159999999868e-01
1.144000000000000000e+03,1.789368372850018263e+09,-2.219587231699999919e+01,-2.314959325299999904e+01,5.198981490999999622e+00,1.184199200000000084e-02,7.855953000000000588e-03,-4.116914799999999985e-01,9.112124759999999934e-01
1.145000000000000000e+03,1.789368373550059080e+09,-2.158717559100000116e+01,-2.375622797999999847e+01,5.215900483000000420e+00,8.015070000000000224e-04,3.079815999999999977e-03,-2.809357639999999767e-01,9.597212979999999449e-01
1.146000000000000000e+03,1.789368375750025988e+09,-2.079345882200000162e+01,-2.423243988799999826e+01,5.224714527999999802e+00,-1.133158000000000082e-02,1.694916999999999951e-02,-2.052924339999999959e-01,9.784882919999999817e-01
1.147000000000000000e+03,1.789368376450009823e+09,-1.999322069700000171e+01,-2.459076546900000082e+01,5.229794047000000390e+00,5.196972000000000223e-03,2.050274399999999983e-02,-2.378126590000000096e-01,9.710807219999999518e-01
1.148000000000000000e+03,1.789368388150012970e+09,-1.918188158499999929e+01,-2.502220204900000056e+01,5.235272453000000326e+00,6.642437000000000168e-03,1.194788899999999973e-02,-2.476047540000000102e-01,9.687646829999999598e-01
1.149000000000000000e+03,1.789368388850041866e+09,-1.834944445000000002e+01,-2.535397405300000173e+01,5.258397007000000123e+00,-2.119535999999999989e-03,1.309345900000000000e-02,-1.843916580000000138e-01,9.827633420000000397e-01
1.150000000000000000e+03,1.789368389449994087e+09,-1.758033434800000094e+01,-2.561487698999999907e+01,5.267196378999999595e+00,-1.505750999999999964e-02,1.117934400000000078e-02,-1.156722379999999967e-01,9.931103799999999593e-01
1.151000000000000000e+03,1.789368390150060177e+09,-1.670178363699999835e+01,-2.581113580899999960e+01,5.290757615000000413e+00,-1.626286899999999924e-02,1.107050400000000011e-02,-7.913311800000000229e-02,9.966699119999999912e-01
1.152000000000000000e+03,1.789368390850013256e+09,-1.578320226199999965e+01,-2.592423697399999938e+01,5.305994002000000265e+00,-8.621013999999999761e-03,9.070366999999999319e-03,-5.339689599999999925e-02,9.984949560000000446e-01
1.153000000000000000e+03,1.789368391550040245e+09,-1.489222265699999959e+01,-2.594792091600000106e+01,5.323072172999999907e+00,-2.522038999999999791e-03,1.699376999999999832e-02,-4.795581200000000044e-02,9.987017030000000517e-01
1.154000000000000000e+03,1.789368392250015259e+09,-1.397284839599999984e+01,-2.606371134400000145e+01,5.331116266999999631e+00,1.931507999999999966e-03,1.454172400000000066e-02,-6.563841099999999373e-02,9.977356400000000347e-01
1.155000000000000000e+03,1.789368392950127125e+09,-1.308153667400000053e+01,-2.601398863400000039e+01,5.343285458000000432e+00,-2.378929999999999934e-02,1.044253700000000000e-02,6.677977000000000218e-02,9.974294390000000288e-01
1.156000000000000000e+03,1.789368393649996281e+09,-1.217866628400000018e+01,-2.604803441099999972e+01,5.349596882000000164e+00,-4.861980000000000230e-04,1.215835000000000006e-02,-3.030537200000000056e-02,9.994666190000000006e-01
1.157000000000000000e+03,1.789368394350012064e+09,-1.125873761299999920e+01,-2.610044777599999932e+01,5.356851964999999716e+00,-2.017499999999999849e-02,8.912694000000000519e-03,2.394575300000000018e-02,9.994699270000000357e-01
1.158000000000000000e+03,1.789368395050037146e+09,-1.036339198900000014e+01,-2.591183299100000070e+01,5.391773426000000313e+00,9.240389999999999802e-04,7.391471000000000152e-03,6.691597000000000517e-02,9.977308080000000245e-01
1.159000000000000000e+03,1.789368395750061750e+09,-9.482253748999999843e+00,-2.580432415599999985e+01,5.407268733000000438e+00,-1.011380800000000017e-02,1.116795699999999919e-02,8.186897799999999503e-02,9.965292059999999452e-01
1.160000000000000000e+03,1.789368396449998856e+09,-8.631211373999999381e+00,-2.556791506200000086e+01,5.409622727000000353e+00,-7.412745000000000098e-03,1.245922699999999980e-02,1.041311359999999991e-01,9.944579049999999754e-01
1.161000000000000000e+03,1.789368397149986744e+09,-7.723263317999999877e+00,-2.539806897000000063e+01,5.422261135000000287e+00,-4.312589999999999826e-03,1.197215899999999958e-02,8.782744800000000240e-02,9.960544199999999959e-01
1.162000000000000000e+03,1.789368397850010157e+09,-6.914336934999999684e+00,-2.525921578199999828e+01,5.442173260999999762e+00,-5.460122999999999886e-03,9.650432999999999928e-03,7.999641400000000180e-02,9.967334799999999495e-01
1.163000000000000000e+03,1.789368400549994946e+09,-6.105530726999999658e+00,-2.514058941900000121e+01,5.451499088000000270e+00,-4.036314000000000048e-03,1.493442499999999944e-02,7.178299200000000380e-02,9.973002920000000326e-01
1.164000000000000000e+03,1.789368401950018167e+09,-5.243670296000000342e+00,-2.502592561200000176e+01,5.458780476000000270e+00,-6.039987999999999607e-03,1.275955699999999950e-02,6.724993599999999627e-02,9.976362859999999833e-01
1.165000000000000000e+03,1.789368402950001955e+09,-4.434280829000000423e+00,-2.491544658999999839e+01,5.482981030999999561e+00,-3.663201000000000044e-03,1.498812599999999919e-02,5.909445700000000301e-02,9.981331490000000528e-01
1.166000000000000000e+03,1.789368404049990892e+09,-3.561571160000000180e+00,-2.483650525499999873e+01,5.498113584000000387e+00,-6.115671999999999948e-03,1.366587499999999920e-02,5.172408700000000192e-02,9.985491779999999817e-01
1.167000000000000000e+03,1.789368405049996853e+09,-2.726539457999999971e+00,-2.475486110099999948e+01,5.504110642999999747e+00,-6.402380000000000050e-03,1.397308799999999983e-02,4.431868499999999655e-02,9.988992020000000416e-01
1.168000000000000000e+03,1.789368406049995899e+09,-1.880941664000000069e+00,-2.468565572700000033e+01,5.513487269999999718e+00,-4.978368000000000376e-03,1.557355399999999987e-02,3.718316800000000255e-02,9.991747060000000236e-01
1.169000000000000000e+03,1.789368406949988127e+09,-1.058359811999999955e+00,-2.462268427600000109e+01,5.520990101999999844e+00,-5.397082999999999568e-03,1.545181800000000084e-02,3.038414700000000024e-02,9.994042810000000054e-01
1.170000000000000000e+03,1.789368407850007057e+09,-2.007882450000000041e-01,-2.457682157400000023e+01,5.557444753999999598e+00,-5.959683999999999815e-03,1.486740400000000073e-02,2.122546299999999997e-02,9.996463989999999633e-01
1.171000000000000000e+03,1.789368408749996901e+09,6.942394149999999708e-01,-2.453894401699999861e+01,5.555986585000000311e+00,-1.937805000000000083e-02,1.112167099999999964e-02,6.004432999999999993e-02,9.979456289999999452e-01
1.172000000000000000e+03,1.789368409650037050e+09,1.522429816999999908e+00,-2.448008101699999983e+01,5.563492241999999699e+00,-6.157450000000000076e-03,1.377902800000000046e-02,2.054212999999999872e-02,9.996750699999999989e-01
1.173000000000000000e+03,1.789368410350033998e+09,2.307128706999999945e+00,-2.432105217300000177e+01,5.574345065000000154e+00,-1.027602000000000029e-02,1.240660499999999937e-02,6.833165400000000556e-02,9.975325879999999978e-01
1.174000000000000000e+03,1.789368411050003767e+09,3.163275297999999847e+00,-2.418523423999999977e+01,5.580549472999999594e+00,-2.154703599999999858e-02,9.828875000000000806e-03,1.429469110000000098e-01,9.894469660000000388e-01
1.175000000000000000e+03,1.789368411749993801e+09,4.037818716000000308e+00,-2.395661372000000000e+01,5.581509138999999564e+00,-9.060277999999999735e-03,1.509770000000000036e-02,1.003103820000000035e-01,9.948003810000000113e-01
1.176000000000000000e+03,1.789368412450003862e+09,4.919723180000000085e+00,-2.379702979700000043e+01,5.584976528000000329e+00,-9.374617000000000019e-03,1.246451099999999930e-02,8.534732000000000429e-02,9.962291840000000454e-01
1.177000000000000000e+03,1.789368413750004053e+09,5.731197563000000272e+00,-2.370211261700000094e+01,5.597383385999999739e+00,-3.247954999999999853e-03,9.945627000000000287e-03,6.852644800000000369e-02,9.975944369999999450e-01
1.178000000000000000e+03,1.789368423449997902e+09,6.544266018000000074e+00,-2.359142294899999825e+01,5.638966493999999940e+00,-3.379673000000000139e-03,1.276070600000000013e-02,5.968125400000000302e-02,9.981301970000000523e-01
1.179000000000000000e+03,1.789368424049993992e+09,7.343427115999999977e+00,-2.350997392200000036e+01,5.641138610999999692e+00,-4.552424000000000227e-03,1.409225300000000076e-02,5.284013700000000230e-02,9.984931670000000148e-01
1.180000000000000000e+03,1.789368424650002003e+09,8.138021842000000561e+00,-2.343155436600000030e+01,5.637649378999999961e+00,-5.329808000000000115e-03,1.584001599999999843e-02,4.487435699999999666e-02,9.988528319999999683e-01
1.181000000000000000e+03,1.789368425349997759e+09,8.997756040000000510e+00,-2.322145027199999845e+01,5.662125327000000041e+00,-8.551990000000000633e-03,1.418885400000000074e-02,1.138335349999999996e-01,9.933617000000000141e-01
1.182000000000000000e+03,1.789368425949995756e+09,9.814258865999999415e+00,-2.308432715100000010e+01,5.650420371000000053e+00,-6.616410999999999994e-03,1.328115099999999972e-02,9.220262599999999586e-02,9.956297050000000315e-01
1.183000000000000000e+03,1.789368426649992943e+09,1.071524490500000049e+01,-2.292296827299999862e+01,5.653174113999999584e+00,-6.719516000000000031e-03,1.655912000000000009e-02,7.817466200000000587e-02,9.967794970000000143e-01
1.184000000000000000e+03,1.789368427349996805e+09,1.162961083899999970e+01,-2.280893712199999968e+01,5.651646271999999804e+00,-4.938770000000000313e-03,1.746334399999999870e-02,5.952783999999999853e-02,9.980616599999999616e-01
1.185000000000000000e+03,1.789368427949990749e+09,1.242238127899999967e+01,-2.271761509699999948e+01,5.652755203999999978e+00,-8.976900000000000331e-04,1.728013000000000118e-02,4.950489000000000278e-02,9.986239820000000211e-01
1.186000000000000000e+03,1.789368428650000095e+09,1.332897969200000077e+01,-2.264315312100000099e+01,5.645367182000000206e+00,-2.471600000000000121e-04,2.062605899999999867e-02,3.947682000000000274e-02,9.990075499999999664e-01
1.187000000000000000e+03,1.789368429350000143e+09,1.423734245099999995e+01,-2.258477152100000040e+01,5.641353613999999794e+00,-1.043356999999999965e-03,1.755429799999999943e-02,3.026708100000000123e-02,9.993871429999999778e-01
1.188000000000000000e+03,1.789368430050037861e+09,1.513738442900000081e+01,-2.254376785099999836e+01,5.643267622999999844e+00,-4.800870999999999958e-03,1.332055199999999939e-02,3.366778200000000026e-02,9.993327749999999510e-01
1.189000000000000000e+03,1.789368430750075102e+09,1.602094196499999867e+01,-2.231098598199999827e+01,5.663206274000000207e+00,-1.243710399999999917e-02,9.715159999999999595e-04,2.040576779999999923e-01,9.788793789999999939e-01
1.190000000000000000e+03,1.789368431449993134e+09,1.680139999600000067e+01,-2.184714099199999993e+01,5.688218458999999783e+00,-7.799696000000000060e-03,1.484462999999999928e-02,2.245133350000000083e-01,9.743267230000000056e-01
1.191000000000000000e+03,1.789368432150058031e+09,1.765288938899999849e+01,-2.155100990700000096e+01,5.682801875000000003e+00,1.224542200000000060e-02,1.729587700000000117e-02,1.086505739999999998e-01,9.938540909999999950e-01
1.192000000000000000e+03,1.789368433049994946e+09,1.850546634999999895e+01,-2.130101748099999881e+01,5.692234259000000129e+00,-2.188484999999999996e-03,1.540538500000000061e-02,1.515982630000000109e-01,9.883197110000000452e-01
1.193000000000000000e+03,1.789368433749990225e+09,1.936491248600000148e+01,-2.102344938899999960e+01,5.708765646999999888e+00,-5.154169999999999585e-03,1.312306899999999936e-02,1.467883779999999971e-01,9.890674350000000503e-01
1.194000000000000000e+03,1.789368434449985981e+09,2.023305794999999918e+01,-2.076051764900000052e+01,5.712533461999999673e+00,-5.925009000000000178e-03,1.426147200000000073e-02,1.375181819999999888e-01,9.903788439999999804e-01
1.195000000000000000e+03,1.789368435149986267e+09,2.112209109499999826e+01,-2.054694621799999865e+01,5.719981136000000355e+00,-5.692960999999999855e-03,1.244532400000000066e-02,1.268432610000000127e-01,9.918283580000000210e-01
1.196000000000000000e+03,1.789368435850008965e+09,2.199854551299999983e+01,-2.031222000700000052e+01,5.728046553000000429e+00,-4.699941000000000015e-03,1.350105100000000002e-02,1.175433850000000002e-01,9.929648460000000121e-01
1.197000000000000000e+03,1.789368436549996853e+09,2.290293314899999899e+01,-2.012082913600000111e+01,5.734738414999999812e+00,-6.463741000000000278e-03,1.660762299999999844e-02,1.050030869999999950e-01,9.943122039999999773e-01
1.198000000000000000e+03,1.789368437249989748e+09,2.379682077900000081e+01,-1.994717782400000061e+01,5.736154431000000109e+00,-8.300481999999999652e-03,1.342266800000000045e-02,9.213955199999999957e-02,9.956210309999999897e-01
1.199000000000000000e+03,1.789368437949986935e+09,2.469833707400000122e+01,-1.978612016299999965e+01,5.742809752000000323e+00,-8.695967000000000627e-03,1.362334599999999972e-02,7.882407199999999503e-02,9.967575180000000090e-01
1.200000000000000000e+03,1.789368438650070906e+09,2.557690331199999889e+01,-1.953149629099999984e+01,5.752509961000000338e+00,-2.292270999999999892e-02,7.477456999999999854e-03,2.163923259999999960e-01,9.760087079999999471e-01
1.201000000000000000e+03,1.789368439350005865e+09,2.629854913200000155e+01,-1.904541811200000012e+01,5.762182409000000227e+00,-1.340156800000000085e-02,1.619546100000000127e-02,2.584632060000000009e-01,9.657923569999999902e-01
1.202000000000000000e+03,1.789368440050114155e+09,2.713779342699999830e+01,-1.867982717599999987e+01,5.752240534000000238e+00,-2.306401000000000024e-03,1.792954700000000054e-02,1.557991709999999863e-01,9.876233239999999691e-01
1.203000000000000000e+03,1.789368440749993086e+09,2.797135421200000138e+01,-1.834522839199999922e+01,5.765432268999999721e+00,-1.089162800000000042e-02,1.212949999999999966e-02,1.795084740000000012e-01,9.836213480000000065e-01
1.204000000000000000e+03,1.789368441450078249e+09,2.882091222400000063e+01,-1.800336887499999960e+01,5.768729002999999800e+00,-2.594511000000000039e-02,7.900291000000000258e-03,2.340612740000000136e-01,9.718434839999999797e-01
1.205000000000000000e+03,1.789368442150012016e+09,2.966488919300000049e+01,-1.768516117500000107e+01,5.769617971999999817e+00,-1.206676400000000066e-02,1.189824100000000037e-02,1.697915469999999871e-01,9.853342859999999481e-01
1.206000000000000000e+03,1.789368442850015879e+09,3.049515250700000024e+01,-1.733355543700000112e+01,5.776288166999999696e+00,-1.063470499999999951e-02,1.532565699999999947e-02,1.670852660000000101e-01,9.857659669999999652e-01
1.207000000000000000e+03,1.789368443550015926e+09,3.130331852899999845e+01,-1.697389010599999892e+01,5.795632560999999683e+00,-1.284245099999999952e-02,1.823181299999999949e-02,2.092278820000000039e-01,9.776125850000000339e-01
1.208000000000000000e+03,1.789368444250004053e+09,3.215927752300000009e+01,-1.665408797599999957e+01,5.786622312000000434e+00,-8.657140000000000668e-03,1.459011300000000004e-02,1.813323890000000105e-01,9.832755199999999585e-01
1.209000000000000000e+03,1.789368444950021744e+09,3.297890292499999987e+01,-1.626886647299999922e+01,5.795824788000000005e+00,-1.337373099999999981e-02,1.686948900000000140e-02,2.040581890000000009e-01,9.787220340000000185e-01
1.210000000000000000e+03,1.789368445650001049e+09,3.383744451500000139e+01,-1.595798883199999985e+01,5.793151728999999861e+00,-8.415561999999999696e-03,1.910210199999999928e-02,1.704602169999999972e-01,9.851434430000000075e-01
1.211000000000000000e+03,1.789368446350014925e+09,3.465870044799999761e+01,-1.560089920599999935e+01,5.791732532000000155e+00,-1.079337699999999983e-02,2.034870500000000165e-02,1.819627560000000033e-01,9.830355990000000377e-01
1.212000000000000000e+03,1.789368447050076962e+09,3.550664087999999907e+01,-1.531587351699999999e+01,5.788844200999999856e+00,-5.601509000000000175e-03,1.745399799999999835e-02,1.745032089999999925e-01,9.844859630000000195e-01
1.213000000000000000e+03,1.789368447750000954e+09,3.634330642599999805e+01,-1.497732576199999954e+01,5.781446476000000168e+00,-2.722633999999999818e-03,2.147813100000000100e-02,1.703771729999999929e-01,9.851410539999999605e-01
1.214000000000000000e+03,1.789368448450008869e+09,3.718466702599999962e+01,-1.462952522800000033e+01,5.784336970000000022e+00,-1.672624600000000017e-02,1.658857199999999935e-02,2.562772870000000203e-01,9.663162029999999847e-01
1.215000000000000000e+03,1.789368449149991274e+09,3.796544405699999913e+01,-1.422660721499999958e+01,5.796140827000000328e+00,-4.068236999999999721e-03,1.740512400000000098e-02,2.162206560000000111e-01,9.761808950000000484e-01
1.216000000000000000e+03,1.789368449850005150e+09,3.873620621599999936e+01,-1.388224497999999940e+01,5.805220422999999741e+00,-1.913531999999999907e-03,1.797460199999999925e-02,2.005225350000000017e-01,9.795223149999999768e-01
1.217000000000000000e+03,1.789368450849995852e+09,3.951949575500000122e+01,-1.340518252899999929e+01,5.801885503000000277e+00,-4.553604999999999632e-03,1.282278000000000064e-02,2.487184219999999946e-01,9.684802460000000446e-01
1.218000000000000000e+03,1.789368451550013065e+09,4.027930008900000303e+01,-1.291310039200000048e+01,5.797015481999999942e+00,-2.363033499999999884e-02,1.153411699999999998e-02,3.396114519999999803e-01,9.401981879999999903e-01
1.219000000000000000e+03,1.789368452249997854e+09,4.097753283099999777e+01,-1.235958416699999951e+01,5.803911327999999870e+00,-1.028521800000000049e-02,1.214123500000000022e-02,3.085385589999999900e-01,9.510787360000000357e-01
1.220000000000000000e+03,1.789368452950007200e+09,4.169310922999999747e+01,-1.185627379499999989e+01,5.813350772999999805e+00,-4.513015999999999903e-03,1.284014399999999952e-02,2.917551190000000072e-01,9.563962120000000233e-01
1.221000000000000000e+03,1.789368463849997759e+09,4.238251196499999907e+01,-1.142123702199999968e+01,5.810684675000000077e+00,-3.680720000000000172e-03,2.171340000000000076e-02,2.841094220000000004e-01,9.585388969999999453e-01
1.222000000000000000e+03,1.789368464550005913e+09,4.317260086600000335e+01,-1.092729300200000075e+01,5.815368558000000299e+00,-1.380516999999999942e-03,1.119975399999999927e-02,2.742367170000000187e-01,9.615960080000000021e-01
1.223000000000000000e+03,1.789368465150013208e+09,4.388161280199999936e+01,-1.048862983299999918e+01,5.822629895999999583e+00,-1.255087899999999916e-02,1.409672200000000077e-02,3.086085140000000004e-01,9.510018630000000028e-01
1.224000000000000000e+03,1.789368465850059986e+09,4.465597956199999885e+01,-9.996326760000000533e+00,5.821823510999999840e+00,-5.496235000000000356e-03,1.844323700000000121e-02,2.756940449999999987e-01,9.610527730000000268e-01
1.225000000000000000e+03,1.789368466550013065e+09,4.538170773299999894e+01,-9.443039087000000720e+00,5.822537613999999806e+00,-5.038390000000000229e-03,1.932393500000000042e-02,2.882189050000000252e-01,9.573562880000000552e-01
1.226000000000000000e+03,1.789368467250006914e+09,4.615265411099999682e+01,-8.941749116000000441e+00,5.814228178999999663e+00,-8.583420000000000025e-04,1.839061599999999852e-02,2.735162629999999817e-01,9.616911679999999851e-01
1.227000000000000000e+03,1.789368467950003862e+09,4.689588081400000164e+01,-8.413141451999999632e+00,5.815601136999999810e+00,-2.860755999999999889e-03,1.842236699999999852e-02,2.836772690000000097e-01,9.587385670000000415e-01
1.228000000000000000e+03,1.789368468650031090e+09,4.762682000400000248e+01,-7.858354122999999802e+00,5.837812990999999840e+00,-1.520702699999999970e-02,1.300464299999999976e-02,3.657188610000000062e-01,9.305102579999999790e-01
1.229000000000000000e+03,1.789368469349998951e+09,4.836024609599999735e+01,-7.325096850999999631e+00,5.828020683000000091e+00,1.115197999999999971e-03,1.260000799999999935e-02,3.089240919999999835e-01,9.510025770000000156e-01
1.230000000000000000e+03,1.789368470050028801e+09,4.908681636800000092e+01,-6.753960251999999720e+00,5.839683750999999923e+00,-1.780548200000000095e-02,2.045223000000000093e-03,3.748639480000000024e-01,9.269065770000000093e-01
1.231000000000000000e+03,1.789368470750005245e+09,4.979247593000000194e+01,-6.183137218999999796e+00,5.852947658999999803e+00,-5.596264999999999573e-03,1.126320199999999994e-02,3.162328329999999910e-01,9.485982379999999825e-01
1.232000000000000000e+03,1.789368471349999189e+09,5.043964494200000104e+01,-5.706658769999999770e+00,5.868757140999999677e+00,-6.701018000000000426e-03,1.230836299999999925e-02,3.066988569999999914e-01,9.517034260000000190e-01
1.233000000000000000e+03,1.789368472049998999e+09,5.120677416899999912e+01,-5.177111295999999641e+00,5.877868606999999912e+00,-5.143285000000000044e-03,1.372245799999999988e-02,2.974270159999999885e-01,9.546320809999999657e-01
1.234000000000000000e+03,1.789368472750064850e+09,5.201545255500000309e+01,-4.753888278999999883e+00,5.877757482999999894e+00,8.153914999999999427e-03,1.973098900000000086e-02,2.106796910000000023e-01,9.773219890000000021e-01
1.235000000000000000e+03,1.789368473450027943e+09,5.277089382900000203e+01,-4.287090906999999618e+00,5.882548794999999942e+00,-6.284127999999999936e-03,1.471573399999999941e-02,2.620320179999999777e-01,9.649265139999999574e-01
1.236000000000000000e+03,1.789368474149985075e+09,5.358829265699999667e+01,-3.944551753999999910e+00,5.882137746999999806e+00,2.908057999999999824e-03,1.919917599999999835e-02,2.055888969999999927e-01,9.784457779999999882e-01
1.237000000000000000e+03,1.789368474849995136e+09,5.440990291300000337e+01,-3.562050688999999881e+00,5.890238716999999902e+00,-5.136989999999999482e-04,1.618812400000000165e-02,2.165132080000000125e-01,9.761453329999999484e-01
1.238000000000000000e+03,1.789368475550004959e+09,5.527385115799999937e+01,-3.228300925000000099e+00,5.890830894999999678e+00,1.681526000000000028e-03,1.693571699999999944e-02,1.904266599999999976e-01,9.815538910000000117e-01
1.239000000000000000e+03,1.789368476249998093e+09,5.608084796299999653e+01,-2.907274161000000134e+00,5.896078957000000287e+00,-3.743043000000000151e-03,1.189733899999999983e-02,1.950049080000000046e-01,9.807229619999999759e-01
1.240000000000000000e+03,1.789368487549999237e+09,5.689520179800000221e+01,-2.585429595999999997e+00,5.903351679000000019e+00,-2.958759999999999949e-03,1.436954699999999988e-02,1.912762050000000047e-01,9.814266019999999813e-01
1.241000000000000000e+03,1.789368488149990082e+09,5.764726347300000242e+01,-2.288153492000000178e+00,5.904477025000000268e+00,-2.590760000000000111e-03,1.329696399999999966e-02,1.865236989999999873e-01,9.823570569999999780e-01
1.242000000000000000e+03,1.789368488750010014e+09,5.841058919599999655e+01,-1.995055487999999988e+00,5.914927335999999869e+00,-2.674679000000000119e-03,1.438524300000000068e-02,1.804321120000000056e-01,9.834786039999999785e-01
1.243000000000000000e+03,1.789368489349989891e+09,5.916697501499999845e+01,-1.719153332000000090e+00,5.922031748000000206e+00,-2.623271999999999844e-03,1.520635899999999915e-02,1.747759259999999981e-01,9.844873090000000326e-01
1.244000000000000000e+03,1.789368489950003862e+09,5.993232496000000253e+01,-1.449757340999999977e+00,5.924693455999999969e+00,-2.482011000000000113e-03,1.579122100000000112e-02,1.693867649999999947e-01,9.854200119999999563e-01
1.245000000000000000e+03,1.789368490649998903e+09,6.080389331899999661e+01,-1.149661315999999989e+00,5.930010897999999919e+00,-2.313430999999999908e-03,1.654439799999999836e-02,1.640608829999999907e-01,9.863087539999999542e-01
1.246000000000000000e+03,1.789368491250003099e+09,6.158388903000000170e+01,-9.007780659999999884e-01,5.936746649999999903e+00,-1.245437000000000063e-03,1.586732399999999862e-02,1.579330919999999971e-01,9.873215360000000551e-01
1.247000000000000000e+03,1.789368491950006962e+09,6.247151884000000166e+01,-7.329081779999999657e-01,5.940246465000000420e+00,3.108468999999999989e-03,1.875514699999999979e-02,1.032424160000000035e-01,9.944745270000000525e-01
1.248000000000000000e+03,1.789368492649995089e+09,6.335894997399999795e+01,-5.384991359999999894e-01,5.936930782000000129e+00,2.112178000000000146e-03,1.740015099999999912e-02,1.061540490000000003e-01,9.941951980000000022e-01
1.249000000000000000e+03,1.789368493350044012e+09,6.422776389499999539e+01,-3.160893869999999994e-01,5.946901598000000178e+00,-5.578678999999999583e-03,1.586965699999999882e-02,1.252444279999999910e-01,9.919832990000000406e-01
1.250000000000000000e+03,1.789368494049983025e+09,6.513416926600000068e+01,-1.268422070000000124e-01,5.946488163999999799e+00,-7.267820000000000356e-04,1.598861199999999927e-02,1.058958309999999958e-01,9.942484139999999693e-01
1.251000000000000000e+03,1.789368507649980783e+09,6.594029003400000022e+01,3.711130099999999932e-02,5.949994844999999977e+00,6.921870000000000323e-04,1.575849199999999894e-02,9.902148099999999453e-02,9.949602690000000083e-01
1.252000000000000000e+03,1.789368508350013971e+09,6.679530102500000055e+01,2.873513409999999824e-01,5.954283829000000416e+00,-2.124627600000000144e-02,1.137297699999999939e-02,1.954291380000000022e-01,9.804216970000000364e-01
1.253000000000000000e+03,1.789368509649999857e+09,6.747770557500000166e+01,7.252540929999999886e-01,5.970485741000000068e+00,-9.319684999999999428e-03,1.661720900000000084e-02,3.465713779999999855e-01,9.378300979999999454e-01
1.254000000000000000e+03,1.789368510349992275e+09,6.817433528600000159e+01,1.316822434000000097e+00,5.966822713000000000e+00,-1.119097099999999921e-02,1.733773599999999943e-02,3.378790090000000079e-01,9.409633039999999449e-01
1.255000000000000000e+03,1.789368511049985170e+09,6.889727476699999897e+01,1.890755551000000034e+00,5.965859242999999701e+00,-8.698984999999999357e-03,1.411236899999999961e-02,3.280327530000000102e-01,9.445208739999999548e-01
1.256000000000000000e+03,1.789368511649988174e+09,6.954397973400000410e+01,2.371842893999999813e+00,5.964099520000000432e+00,-2.692477999999999885e-03,1.881996199999999911e-02,3.220138790000000029e-01,9.465440410000000027e-01
1.257000000000000000e+03,1.789368512649998903e+09,7.019490499799999839e+01,2.864569785000000035e+00,5.966118681000000201e+00,-2.303649999999999969e-03,2.086034399999999941e-02,3.188525209999999999e-01,9.475719540000000496e-01
1.258000000000000000e+03,1.789368513650017023e+09,7.078203815599999871e+01,3.316971001999999835e+00,5.975374847000000322e+00,-3.195454100000000297e-02,-4.235700000000000120e-05,5.222438799999999937e-01,8.521972979999999920e-01
1.259000000000000000e+03,1.789368524549983978e+09,7.107087448000000052e+01,4.090125017000000085e+00,5.964621958000000390e+00,-1.222111000000000031e-02,2.480148100000000022e-02,5.790368919999999697e-01,8.148323809999999945e-01
1.260000000000000000e+03,1.789368527450021982e+09,7.122093300100000590e+01,4.897361727999999914e+00,5.906594558000000106e+00,-8.648626299999999378e-02,9.817805999999999755e-02,6.794282759999999977e-01,7.219822799999999763e-01
1.261000000000000000e+03,1.789368528250516891e+09,7.121095703800000365e+01,5.664380213000000275e+00,5.617520058000000205e+00,-4.051866500000000232e-02,5.133812100000000045e-02,6.809104630000000213e-01,7.294405919999999988e-01
1.262000000000000000e+03,1.789368529950041771e+09,7.126421347299999809e+01,6.049465631000000343e+00,5.645142509000000253e+00,-1.320922599999999926e-02,-7.728933000000000331e-03,8.123125199999999824e-01,5.830215690000000173e-01
1.263000000000000000e+03,1.789368541750040054e+09,7.085133398199999988e+01,6.842208976000000220e+00,5.645536843000000360e+00,-1.698676899999999879e-02,2.556971099999999844e-02,8.552707419999999727e-01,5.172712999999999894e-01
1.264000000000000000e+03,1.789368542450862169e+09,7.056918317100000593e+01,7.570739662000000259e+00,5.418769096000000118e+00,-9.177992000000000095e-02,1.589641330000000075e-01,8.013280649999999783e-01,5.693682310000000024e-01
1.265000000000000000e+03,1.789368543251284838e+09,7.028811812600000053e+01,8.376907815999999229e+00,5.321456995000000134e+00,-1.400669400000000009e-02,2.097414100000000170e-02,8.013212520000000394e-01,5.977023919999999713e-01
1.266000000000000000e+03,1.789368543850293159e+09,7.017519608000000630e+01,8.834230969000000044e+00,5.332285172999999823e+00,-1.387140000000000031e-03,-1.008639100000000011e-02,9.126201630000000398e-01,4.086817569999999789e-01
1.267000000000000000e+03,1.789368545250012159e+09,6.954248403900000142e+01,9.435314786999999370e+00,5.349289746000000179e+00,-1.045998199999999961e-02,9.367409999999999626e-03,9.292580660000000492e-01,3.691643090000000238e-01
1.268000000000000000e+03,1.789368545949999094e+09,6.885847647500000335e+01,1.002936288299999923e+01,5.365989897999999592e+00,-1.527085199999999969e-02,-4.295644000000000372e-03,9.554125749999999861e-01,2.948476890000000239e-01
1.269000000000000000e+03,1.789368546649990797e+09,6.819105401900000629e+01,1.059400043599999997e+01,5.377456440999999643e+00,-1.117978000000000027e-02,8.817352000000000523e-03,9.364077610000000051e-01,3.506248310000000257e-01
1.270000000000000000e+03,1.789368547350051165e+09,6.755734533700000100e+01,1.122535448600000052e+01,5.385242789000000307e+00,-1.412255999999999971e-03,2.502643699999999860e-02,9.064442139999999704e-01,4.215810360000000201e-01
1.271000000000000000e+03,1.789368548049995184e+09,6.695973941200000468e+01,1.190509914999999985e+01,5.399386612999999890e+00,-8.764152000000000747e-03,1.475150899999999946e-02,9.154815870000000411e-01,4.019938379999999922e-01
1.272000000000000000e+03,1.789368549550034046e+09,6.651503384900000526e+01,1.257708006200000028e+01,5.404220913999999709e+00,-1.196662499999999983e-02,4.862886000000000292e-03,8.482150010000000240e-01,5.294945370000000429e-01
1.273000000000000000e+03,1.789368551349993229e+09,6.606185702000000504e+01,1.326856095199999963e+01,5.403066640999999670e+00,-1.280038000000000009e-02,1.278177800000000058e-02,8.656215430000000488e-01,5.003719819999999929e-01
1.274000000000000000e+03,1.789368560849991083e+09,6.563901106800000207e+01,1.402343984300000024e+01,5.411648888000000213e+00,-9.838467999999999519e-03,9.577982000000000509e-03,8.607112120000000033e-01,5.089083180000000262e-01
1.275000000000000000e+03,1.789368561449992180e+09,6.525047781499999644e+01,1.475288716600000072e+01,5.417738244999999786e+00,-1.077817799999999937e-02,8.346866999999999134e-03,8.578559580000000295e-01,5.137093689999999713e-01
1.276000000000000000e+03,1.789368562049984932e+09,6.487537548999999615e+01,1.548254044699999987e+01,5.429628168999999893e+00,-1.155554299999999972e-02,9.844198000000000184e-03,8.535102159999999882e-01,5.208549430000000147e-01
1.277000000000000000e+03,1.789368562650007010e+09,6.449268247199999848e+01,1.619190211400000123e+01,5.430960905000000061e+00,-1.696659299999999856e-02,-2.941918999999999871e-03,8.835432170000000474e-01,4.680329719999999916e-01
1.278000000000000000e+03,1.789368563350068808e+09,6.384665159800000112e+01,1.683153227900000104e+01,5.471876822999999668e+00,-1.417503699999999971e-02,-1.085003799999999935e-02,9.358182299999999731e-01,3.520306599999999952e-01
1.279000000000000000e+03,1.789368564050049067e+09,6.307134871699999934e+01,1.722840360500000045e+01,5.494716013999999760e+00,-1.462726800000000056e-02,-5.471410000000000119e-04,9.606392830000000105e-01,2.774128909999999948e-01
1.280000000000000000e+03,1.789368564649996042e+09,6.240681339300000019e+01,1.769855013800000165e+01,5.499867466000000427e+00,-1.464791699999999988e-02,-7.965609999999999922e-04,9.562714479999999684e-01,2.921125150000000170e-01
1.281000000000000000e+03,1.789368565350022078e+09,6.168368336000000340e+01,1.828645154699999864e+01,5.498636710999999622e+00,-8.300764999999999880e-03,1.821099899999999855e-02,9.181410340000000225e-01,3.957480239999999760e-01
1.282000000000000000e+03,1.789368566050131083e+09,6.117200230699999963e+01,1.901296543899999847e+01,5.496012144999999904e+00,7.662722000000000283e-03,2.893802800000000106e-02,8.638153389999999598e-01,5.029184159999999792e-01
1.283000000000000000e+03,1.789368566750027180e+09,6.093238655700000095e+01,1.985623013900000089e+01,5.511077535000000083e+00,-4.226207000000000054e-03,1.065807199999999934e-02,7.982842039999999972e-01,6.021717979999999804e-01
1.284000000000000000e+03,1.789368567450021744e+09,6.057638688000000116e+01,2.067384657699999906e+01,5.533995618999999699e+00,-7.286410999999999583e-03,4.111400000000000297e-03,8.179113519999999804e-01,5.752834310000000118e-01
1.285000000000000000e+03,1.789368568149999857e+09,6.022737774800000210e+01,2.150271295099999946e+01,5.556391027000000093e+00,-1.085750899999999956e-02,5.398669999999999728e-04,8.442430990000000524e-01,5.358501770000000386e-01
1.286000000000000000e+03,1.789368568849998236e+09,5.994254233099999851e+01,2.229524257299999945e+01,5.578734296000000370e+00,-3.270490999999999936e-03,5.283104999999999746e-03,8.235082799999999814e-01,5.672702219999999906e-01
1.287000000000000000e+03,1.789368578850012779e+09,5.966538471599999838e+01,2.307855335200000013e+01,5.590204223999999833e+00,-6.760050000000000303e-04,1.273434700000000003e-02,8.186496509999999782e-01,5.741516589999999809e-01
1.288000000000000000e+03,1.789368579650015831e+09,5.921775421200000267e+01,2.377821787799999953e+01,5.615294611000000380e+00,-1.662983999999999947e-03,-3.804076999999999893e-03,8.988488180000000494e-01,4.382391660000000133e-01
1.289000000000000000e+03,1.789368580550641060e+09,5.886352578300000005e+01,2.389485092800000032e+01,5.615540478999999863e+00,9.057029999999999985e-04,-2.278772899999999962e-02,9.761786380000000429e-01,2.157664599999999933e-01
1.290000000000000000e+03,1.789368581350054264e+09,5.806840860300000173e+01,2.429806195500000143e+01,5.649575369999999985e+00,-8.010580999999999258e-03,-3.512314999999999795e-03,9.749801230000000318e-01,2.221199100000000037e-01
1.291000000000000000e+03,1.789368597650002956e+09,5.742019028200000008e+01,2.482089928699999959e+01,5.662332997000000034e+00,-6.720224999999999810e-03,3.584635000000000078e-03,9.352941249999999762e-01,3.537893280000000140e-01
1.292000000000000000e+03,1.789368598850520134e+09,5.687158042299999750e+01,2.542193074100000061e+01,5.525650899999999588e+00,-1.585728040000000116e-01,8.201979600000000592e-02,8.851789570000000440e-01,4.296343009999999962e-01
1.293000000000000000e+03,1.789368601050214767e+09,5.641674049499999910e+01,2.607645341599999966e+01,5.345036453999999715e+00,-9.212283799999999856e-02,6.963535499999999601e-02,8.567090349999999521e-01,5.027066040000000013e-01
1.294000000000000000e+03,1.789368603150066137e+09,5.589433006699999851e+01,2.676627742899999873e+01,5.289805478999999977e+00,8.000214999999999757e-03,-4.079001100000000102e-02,8.699001840000000207e-01,4.914731339999999782e-01
1.295000000000000000e+03,1.789368604950020790e+09,5.572192042799999712e+01,2.683883619399999887e+01,5.295278418999999737e+00,-3.368500700000000292e-02,-3.568805500000000325e-02,9.488584279999999760e-01,3.118643400000000176e-01
1.296000000000000000e+03,1.789368606150205851e+09,5.498827453599999870e+01,2.721170144399999913e+01,5.255007262000000345e+00,-7.223532800000000142e-02,-3.084929599999999827e-02,9.498880339999999922e-01,3.025609040000000194e-01
1.297000000000000000e+03,1.789368608850164890e+09,5.423202601799999911e+01,2.750597049499999969e+01,5.176730932999999979e+00,-7.382733399999999446e-02,-1.327161900000000012e-02,9.521277929999999445e-01,2.963546080000000194e-01
1.298000000000000000e+03,1.789368609450297832e+09,5.387649222999999665e+01,2.771181908399999827e+01,5.155760703000000333e+00,2.484099700000000008e-02,-3.623481499999999661e-02,8.851828699999999550e-01,4.631643870000000107e-01
1.299000000000000000e+03,1.789368609750265121e+09,5.386665682099999941e+01,2.775793647500000105e+01,5.164665246000000209e+00,5.078972899999999874e-02,5.359792199999999923e-02,7.767997810000000225e-01,6.254036830000000435e-01
1.300000000000000000e+03,1.789368611450363159e+09,5.370987167300000209e+01,2.857967386400000009e+01,5.242448697000000379e+00,3.407215999999999717e-02,-2.087194800000000128e-02,7.093821190000000332e-01,7.036905989999999722e-01
1.301000000000000000e+03,1.789368613750086069e+09,5.348701911199999870e+01,2.938733111299999834e+01,5.258385954999999612e+00,-7.204026600000000558e-02,-9.963977000000000597e-03,7.481738549999999988e-01,6.595049680000000247e-01
1.302000000000000000e+03,1.789368615750097990e+09,5.330409777199999866e+01,3.008097986699999993e+01,5.244045037000000242e+00,-2.715836400000000081e-02,3.051500199999999940e-02,8.703069230000000100e-01,4.908127110000000126e-01
1.303000000000000000e+03,1.789368617650110960e+09,5.280900465999999938e+01,3.077735512399999962e+01,5.258161059999999942e+00,-3.896361100000000216e-02,3.165495999999999848e-03,8.714059979999999594e-01,4.890024579999999732e-01
1.304000000000000000e+03,1.789368632050071001e+09,5.242753735400000181e+01,3.122664629300000172e+01,5.234085818999999695e+00,-3.920221499999999859e-02,-2.493565000000000104e-03,9.557315440000000439e-01,2.916062139999999747e-01
1.305000000000000000e+03,1.789368634250992060e+09,5.173336270600000120e+01,3.168522567400000156e+01,5.318558419999999565e+00,1.143925539999999935e-01,-4.481119699999999706e-02,9.656197090000000482e-01,2.290957839999999968e-01
1.306000000000000000e+03,1.789368635151381969e+09,5.110565908600000284e+01,3.196078398599999915e+01,5.403479903000000029e+00,-8.526700399999999347e-02,-6.454701999999999662e-03,9.536360480000000139e-01,2.885587700000000200e-01
1.307000000000000000e+03,1.789368646750551939e+09,5.047458902700000039e+01,3.246676724600000341e+01,5.349934496999999567e+00,-5.105846099999999943e-02,1.362794099999999932e-02,9.494765170000000198e-01,3.093568440000000197e-01
1.308000000000000000e+03,1.789368647551237106e+09,4.993737143500000286e+01,3.297299365899999657e+01,5.305994361999999853e+00,1.536284400000000050e-02,3.141436000000000055e-03,8.630143630000000066e-01,5.049359610000000442e-01
1.309000000000000000e+03,1.789368648150232077e+09,4.989069766600000122e+01,3.315009049599999713e+01,5.338740195999999827e+00,2.455385200000000101e-02,2.763758300000000029e-02,7.343919009999999581e-01,6.777180889999999680e-01
1.310000000000000000e+03,1.789368648850413084e+09,4.990142777799999863e+01,3.319208749300000250e+01,5.353184967999999877e+00,2.750239200000000050e-02,1.732187300000000152e-02,5.648821680000000178e-01,8.245312049999999893e-01
1.311000000000000000e+03,1.789368657850169182e+09,5.008559695799999645e+01,3.403973231100000163e+01,5.330931475999999947e+00,7.940364000000000103e-03,7.959840000000000144e-04,5.918994610000000156e-01,8.059722980000000314e-01
1.312000000000000000e+03,1.789368658950440168e+09,4.999593537999999882e+01,3.489656391100000121e+01,5.344229748000000058e+00,-4.131582599999999994e-02,2.551830000000000157e-03,6.932779869999999844e-01,7.194804540000000470e-01
1.313000000000000000e+03,1.789368659950989962e+09,4.988734745099999657e+01,3.578039193099999693e+01,5.355350655999999709e+00,-2.618967900000000043e-02,-6.520459000000000151e-03,7.469199930000000043e-01,6.643659450000000133e-01
1.314000000000000000e+03,1.789368661450066090e+09,4.997257515599999778e+01,3.660698098799999656e+01,5.398712317000000205e+00,4.812953400000000159e-02,1.234743399999999915e-02,6.500506689999999699e-01,7.582646090000000338e-01
1.315000000000000000e+03,1.789368663150926113e+09,5.032728650600000009e+01,3.738600439799999720e+01,5.409294651999999815e+00,5.403362400000000232e-02,4.735026299999999660e-02,5.630714119999999934e-01,8.232793600000000156e-01
1.316000000000000000e+03,1.789368664749984026e+09,5.069666691999999841e+01,3.761685998299999767e+01,5.391607805999999670e+00,-1.711495999999999851e-02,-5.038662999999999649e-03,7.094229659999999882e-01,7.045571280000000325e-01
1.317000000000000000e+03,1.789368666550019026e+09,5.075067983900000002e+01,3.788784549900000087e+01,5.435967474999999993e+00,9.087447099999999833e-02,-5.739444999999999963e-02,8.348228699999999947e-01,5.399245160000000210e-01
1.318000000000000000e+03,1.789368671349993944e+09,5.074423824699999841e+01,3.789575010899999796e+01,5.397062950999999664e+00,8.512185999999999364e-02,-4.857560100000000297e-02,9.320778819999999687e-01,3.487484790000000001e-01
1.319000000000000000e+03,1.789368681951177120e+09,5.023562318900000179e+01,3.851675002700000050e+01,5.635362546999999722e+00,1.135708829999999975e-01,-2.489163999999999960e-02,9.090523000000000353e-01,4.001324479999999739e-01
1.320000000000000000e+03,1.789368683450074911e+09,4.981578712200000325e+01,3.888555360600000199e+01,5.696026570999999983e+00,-7.910149099999999600e-02,1.150260900000000044e-02,9.285360390000000352e-01,3.625347809999999726e-01
1.321000000000000000e+03,1.789368684050032139e+09,4.971717170000000152e+01,3.885773871600000007e+01,5.680958376000000420e+00,-1.242023949999999932e-01,-8.299456999999999668e-03,9.809155990000000269e-01,1.493635530000000100e-01
1.322000000000000000e+03,1.789368693950216055e+09,4.886002904600000107e+01,3.906142815799999823e+01,5.536814769000000247e+00,-1.866430700000000151e-02,2.437899999999999952e-04,9.947096760000000426e-01,1.010160620000000037e-01
1.323000000000000000e+03,1.789368694750005960e+09,4.797282492400000109e+01,3.928082197999999892e+01,5.564674172000000141e+00,-1.435137000000000045e-02,5.527861000000000233e-03,9.921190730000000180e-01,1.243512229999999968e-01
1.324000000000000000e+03,1.789368695350024939e+09,4.732576851900000037e+01,3.952847514799999828e+01,5.547524597999999862e+00,1.103491999999999971e-03,2.447418499999999900e-02,9.381071859999999818e-01,3.454775010000000202e-01
1.325000000000000000e+03,1.789368695750029802e+09,4.719558084599999859e+01,3.956693896699999868e+01,5.569307603999999579e+00,-1.169861699999999970e-02,1.053274700000000029e-02,8.508839270000000399e-01,5.251178399999999469e-01
1.326000000000000000e+03,1.789368696850231886e+09,4.678893474800000263e+01,4.033609190899999675e+01,5.566878616000000335e+00,-1.297235700000000033e-02,1.176620599999999954e-02,8.611551410000000129e-01,5.080404490000000051e-01
1.327000000000000000e+03,1.789368697550067902e+09,4.634294243899999799e+01,4.112347476000000057e+01,5.576764597000000379e+00,-7.320318999999999611e-03,1.150350699999999962e-02,8.604579390000000050e-01,5.093390009999999579e-01
1.328000000000000000e+03,1.789368698250050068e+09,4.594465163999999646e+01,4.190671337399999885e+01,5.584749751999999567e+00,-7.508148000000000079e-03,1.419972499999999985e-02,8.524924350000000484e-01,5.224927209999999933e-01
1.329000000000000000e+03,1.789368698750015020e+09,4.567153766300000228e+01,4.236103102300000245e+01,5.598424698999999727e+00,-1.437771000000000014e-03,-1.208339100000000062e-02,9.400195540000000349e-01,3.409034490000000250e-01
1.330000000000000000e+03,1.789368699350039005e+09,4.532706675200000035e+01,4.247194844999999930e+01,5.592147680000000065e+00,-7.158719000000000020e-03,-9.326281000000000501e-03,9.913542250000000333e-01,1.306850210000000123e-01
1.331000000000000000e+03,1.789368699850131273e+09,4.474785212700000159e+01,4.242445934900000282e+01,5.589257208000000254e+00,7.637630000000000287e-03,-1.429410300000000071e-02,9.972157640000000045e-01,-7.278780499999999709e-02
1.332000000000000000e+03,1.789368700550040245e+09,4.386516822899999823e+01,4.220267007599999687e+01,5.620705701000000332e+00,-4.148480000000000396e-03,-1.029522400000000039e-02,9.905343680000000539e-01,-1.368154380000000114e-01
1.333000000000000000e+03,1.789368701250006199e+09,4.299900396099999966e+01,4.192757441799999896e+01,5.645442283000000394e+00,-1.068454599999999963e-02,-4.367769999999999986e-03,9.938816150000000516e-01,-1.098457939999999966e-01
1.334000000000000000e+03,1.789368701950037956e+09,4.219154287300000306e+01,4.154191180000000116e+01,5.678667159999999825e+00,2.708499999999999902e-05,-1.578858699999999976e-02,9.520853550000000221e-01,-3.054246170000000093e-01
1.335000000000000000e+03,1.789368702650007010e+09,4.144393250299999920e+01,4.102083412300000020e+01,5.700462589999999885e+00,-7.931613000000000552e-03,-1.902669999999999969e-03,9.596719129999999875e-01,-2.810040739999999926e-01
1.336000000000000000e+03,1.789368703350007057e+09,4.074263502200000175e+01,4.046399390799999907e+01,5.733408734000000173e+00,-1.040173399999999929e-02,-4.826997000000000405e-03,9.387380170000000357e-01,-3.444407640000000104e-01
1.337000000000000000e+03,1.789368703950013161e+09,4.010953439800000098e+01,3.994222342399999803e+01,5.739660534000000425e+00,-9.612288999999999556e-03,-1.281418399999999930e-02,9.322978910000000452e-01,-3.613364669999999945e-01
1.338000000000000000e+03,1.789368704650021076e+09,3.952967567999999687e+01,3.929203199100000177e+01,5.758968333000000328e+00,-1.085079899999999951e-02,-2.262848999999999937e-03,9.208075049999999706e-01,-3.898598189999999963e-01
1.339000000000000000e+03,1.789368705249990940e+09,3.894478909600000094e+01,3.872904237400000227e+01,5.776811138000000234e+00,-1.245018999999999987e-02,2.000577999999999818e-03,9.264781460000000024e-01,-3.761372570000000026e-01
1.340000000000000000e+03,1.789368706950018883e+09,3.834259562799999799e+01,3.816267680200000001e+01,5.793711604000000293e+00,-2.314411400000000035e-02,1.061289099999999930e-02,9.303688150000000157e-01,-3.657397780000000154e-01
1.341000000000000000e+03,1.789368710149994135e+09,3.780179882000000191e+01,3.755270713200000188e+01,5.814421052000000145e+00,-1.771211300000000155e-02,3.158773000000000136e-03,8.911444109999999696e-01,-4.533629259999999994e-01
1.342000000000000000e+03,1.789368710850007057e+09,3.724203473899999750e+01,3.679641541299999830e+01,5.783323348999999780e+00,-7.000651099999999349e-02,-3.247181799999999952e-02,8.955858789999999736e-01,-4.381445010000000195e-01
1.343000000000000000e+03,1.789368711650993586e+09,3.673324703499999799e+01,3.613881073099999952e+01,5.544309038999999828e+00,-1.241935509999999993e-01,-4.725621599999999672e-02,9.097070630000000380e-01,-3.934156469999999794e-01
1.344000000000000000e+03,1.789368712450839996e+09,3.647348272199999997e+01,3.593320336400000059e+01,5.543410203999999730e+00,-6.721659999999999744e-04,2.895259999999999848e-02,-8.292827590000000360e-01,5.580783099999999664e-01
1.345000000000000000e+03,1.789368722150087118e+09,3.626522562800000316e+01,3.512282020800000026e+01,5.540160912000000160e+00,1.101974699999999988e-02,2.456328799999999909e-02,-7.536412930000000454e-01,6.567343540000000202e-01
1.346000000000000000e+03,1.789368722849992037e+09,3.603015197999999941e+01,3.425278435100000252e+01,5.522006852999999715e+00,2.019319199999999870e-02,1.087726500000000054e-02,-7.916284080000000056e-01,6.105721779999999654e-01
1.347000000000000000e+03,1.789368723450003147e+09,3.580947019799999964e+01,3.348240007999999790e+01,5.508836042999999627e+00,1.654631900000000030e-02,1.515553799999999965e-02,-7.996059020000000350e-01,6.001057659999999849e-01
1.348000000000000000e+03,1.789368724150044918e+09,3.545928947400000197e+01,3.264234391600000151e+01,5.479485933000000308e+00,-2.711864099999999889e-02,-1.185176000000000025e-03,8.687119049999999509e-01,-4.945733509999999944e-01
1.349000000000000000e+03,1.789368724850039244e+09,3.498835923800000103e+01,3.188250528600000067e+01,5.477673891000000239e+00,-2.829270199999999943e-02,1.230764000000000077e-03,8.853833110000000062e-01,-4.639982770000000145e-01
1.350000000000000000e+03,1.789368725550058126e+09,3.445676434899999663e+01,3.114901084099999906e+01,5.464762806999999611e+00,-2.881608800000000012e-02,-1.328186999999999987e-03,8.917130260000000197e-01,-4.516810239999999865e-01
1.351000000000000000e+03,1.789368726249994278e+09,3.393031024399999751e+01,3.041518683400000000e+01,5.457724727999999637e+00,-2.234480499999999883e-02,-9.623882000000000270e-03,8.825728250000000052e-01,-4.695458439999999900e-01
1.352000000000000000e+03,1.789368726950005054e+09,3.331639698800000104e+01,2.975563608199999877e+01,5.441614561999999822e+00,-2.396047600000000138e-02,-9.840090000000000989e-04,9.124776799999999577e-01,-4.084230790000000222e-01
1.353000000000000000e+03,1.789368727650014877e+09,3.265089543199999866e+01,2.915604547199999885e+01,5.420752562999999746e+00,-3.334830500000000170e-02,-2.339218000000000113e-03,9.375524339999999901e-01,-3.462338110000000024e-01
1.354000000000000000e+03,1.789368728350555182e+09,3.206755976299999844e+01,2.858735658000000157e+01,5.279280037999999564e+00,-1.567699650000000111e-01,-5.830548700000000306e-02,9.214921299999999649e-01,-3.505365919999999802e-01
1.355000000000000000e+03,1.789368729150435925e+09,3.146473079500000125e+01,2.807326180800000159e+01,5.100509220000000177e+00,-4.048365100000000244e-02,-1.274598700000000029e-02,9.351618000000000430e-01,-3.516689089999999740e-01
1.356000000000000000e+03,1.789368741149984837e+09,3.074408018999999825e+01,2.749042686599999996e+01,5.100060161000000036e+00,-2.737250700000000078e-02,-6.977904000000000051e-03,9.380086810000000108e-01,-3.454587809999999926e-01
1.357000000000000000e+03,1.789368741750000238e+09,3.010707137300000014e+01,2.696569025300000177e+01,5.076042119000000241e+00,-2.855119000000000060e-02,-7.229931000000000205e-03,9.413484589999999708e-01,-3.361482350000000174e-01
1.358000000000000000e+03,1.789368742350014210e+09,2.953223851899999985e+01,2.640632222900000059e+01,5.083359440999999812e+00,-2.082073900000000130e-02,-1.682915899999999979e-02,8.992590820000000429e-01,-4.365963569999999905e-01
1.359000000000000000e+03,1.789368743049984932e+09,2.892484600999999955e+01,2.571035977600000066e+01,5.051809541999999986e+00,-2.755311699999999850e-02,-1.525221099999999989e-02,8.874744919999999482e-01,-4.597795359999999887e-01
1.360000000000000000e+03,1.789368743749992132e+09,2.851613430700000151e+01,2.491198524600000042e+01,5.038536034999999913e+00,3.170418299999999689e-02,1.356270600000000076e-02,-8.633855470000000309e-01,5.033649719999999661e-01
1.361000000000000000e+03,1.789368744449990988e+09,2.805045750100000035e+01,2.412754064800000009e+01,5.024944166000000045e+00,-1.996102300000000135e-02,-8.751148999999999734e-03,8.696979030000000499e-01,-4.931029630000000052e-01
1.362000000000000000e+03,1.789368745150001049e+09,2.756359806200000051e+01,2.334916640100000151e+01,5.026531885999999893e+00,-1.544817799999999991e-02,-9.373796999999999685e-03,8.767820189999999680e-01,-4.805484130000000076e-01
1.363000000000000000e+03,1.789368745850003958e+09,2.705621560299999828e+01,2.257317397099999923e+01,5.061101359000000244e+00,-1.995435500000000001e-02,-1.899553099999999953e-02,8.841266719999999468e-01,-4.664343699999999870e-01
1.364000000000000000e+03,1.789368746949989080e+09,2.672874776500000138e+01,2.208696020500000046e+01,5.081134886000000073e+00,2.760230000000000235e-04,2.817696299999999932e-02,-7.475534879999999882e-01,6.636036199999999496e-01
1.365000000000000000e+03,1.789368748150382280e+09,2.672242445999999916e+01,2.125497865299999845e+01,5.065700567000000376e+00,2.169382099999999855e-02,1.367090099999999919e-02,-7.256729859999999643e-01,6.875617800000000113e-01
1.366000000000000000e+03,1.789368749350023031e+09,2.662329811900000109e+01,2.049805503400000006e+01,5.048631731999999595e+00,4.066065800000000230e-02,-2.069885999999999948e-03,-8.533497799999999467e-01,5.197466499999999767e-01
1.367000000000000000e+03,1.789368750950006247e+09,2.637507695100000049e+01,1.969069172400000056e+01,5.041095973000000008e+00,3.157929500000000028e-02,9.287933999999999427e-03,-8.154810740000000280e-01,5.778469520000000248e-01
1.368000000000000000e+03,1.789368762249997854e+09,2.609061773999999900e+01,1.891316841000000082e+01,5.015407340000000325e+00,3.050211300000000084e-02,8.137365000000000570e-03,-8.136218020000000051e-01,5.805367919999999682e-01
1.369000000000000000e+03,1.789368763850238562e+09,2.571474815699999894e+01,1.817345958199999956e+01,4.778568952999999730e+00,-1.812497809999999987e-01,-5.673833799999999927e-02,8.533196720000000290e-01,-4.855664880000000183e-01
1.370000000000000000e+03,1.789368764851192951e+09,2.533357995700000131e+01,1.751102299500000115e+01,4.531525339999999957e+00,-1.579013579999999917e-01,-7.747496199999999444e-02,8.750084909999999994e-01,-4.510265310000000083e-01
1.371000000000000000e+03,1.789368766450104952e+09,2.485392002200000050e+01,1.688975179099999835e+01,4.364718363999999795e+00,-1.618404200000000126e-01,-7.425687300000000102e-02,8.838946239999999621e-01,-4.324625859999999822e-01
1.372000000000000000e+03,1.789368767750065088e+09,2.437043095800000003e+01,1.626732500500000000e+01,4.093092676000000374e+00,-1.764379000000000086e-01,-8.618107699999999483e-02,8.804122669999999706e-01,-4.316442169999999967e-01
1.373000000000000000e+03,1.789368768750197887e+09,2.427884959500000051e+01,1.616138266500000142e+01,4.064382468999999887e+00,1.133147389999999977e-01,1.224579989999999979e-01,-7.724006900000000009e-01,6.128303050000000196e-01
1.374000000000000000e+03,1.789368770350388765e+09,2.400141442400000003e+01,1.539543892400000047e+01,3.885418905999999950e+00,1.248643620000000065e-01,9.732785200000000636e-02,-8.010804459999999461e-01,5.772402439999999579e-01
1.375000000000000000e+03,1.789368771551435947e+09,2.363012118299999997e+01,1.467887388699999995e+01,3.624909323999999877e+00,1.518100239999999879e-01,8.796621300000000143e-02,-8.024718739999999739e-01,5.703109269999999675e-01
1.376000000000000000e+03,1.789368785951248169e+09,2.348993207499999869e+01,1.380436940000000057e+01,3.484283984000000167e+00,1.841557189999999955e-01,1.736980299999999963e-02,-7.325897220000000543e-01,6.550551580000000262e-01
1.377000000000000000e+03,1.789368788650014162e+09,2.358944310600000094e+01,1.298965226199999989e+01,3.295077873999999962e+00,1.250272940000000110e-01,1.159511929999999941e-01,-7.303645589999999688e-01,6.614311059999999909e-01
1.378000000000000000e+03,1.789368789550893068e+09,2.349136726200000069e+01,1.220660602399999917e+01,3.138785386999999982e+00,1.225472969999999995e-01,9.187229600000000607e-02,-7.378448420000000008e-01,6.573633930000000181e-01
1.379000000000000000e+03,1.789368790950140953e+09,2.330343273200000098e+01,1.135771466299999943e+01,2.998110213999999996e+00,5.561206199999999683e-02,1.490258700000000013e-02,-7.150623280000000248e-01,6.966857819999999757e-01
1.380000000000000000e+03,1.789368791450672150e+09,2.333825701900000027e+01,1.107429814800000045e+01,2.988669672999999971e+00,-3.325869999999999868e-03,7.786155000000000333e-03,-5.369770879999999913e-01,8.435543380000000147e-01
1.381000000000000000e+03,1.789368791850286961e+09,2.334605733900000146e+01,1.106448119400000074e+01,2.973062854000000144e+00,-9.363870000000000049e-04,5.925571999999999610e-03,-3.417566670000000140e-01,9.397693289999999866e-01
1.382000000000000000e+03,1.789368792550408125e+09,2.333716090800000131e+01,1.104641690300000079e+01,2.976057325000000198e+00,1.172637300000000000e-02,2.555636000000000019e-03,-1.190686029999999951e-01,9.928134910000000479e-01
1.383000000000000000e+03,1.789368793750416279e+09,2.421232018999999980e+01,1.085114020199999985e+01,2.946656755999999877e+00,1.458941300000000073e-02,1.878455399999999845e-02,-1.314434469999999910e-01,9.910382989999999559e-01
1.384000000000000000e+03,1.789368794450665951e+09,2.468114626699999903e+01,1.071189221100000033e+01,2.977185439999999961e+00,4.030292199999999797e-02,1.694348999999999942e-03,-3.567050410000000005e-01,9.333457649999999939e-01
1.385000000000000000e+03,1.789368794850571156e+09,2.471655857200000028e+01,1.071359856299999969e+01,2.993538435000000053e+00,3.301451400000000175e-02,-1.767235000000000030e-03,-5.667218729999999871e-01,8.232455509999999643e-01
1.386000000000000000e+03,1.789368795750391960e+09,2.467300575999999879e+01,1.070739664499999932e+01,2.977933370000000135e+00,2.366853000000000012e-02,-2.593383999999999794e-03,-7.358241599999999494e-01,6.767539299999999480e-01
1.387000000000000000e+03,1.789368798449985981e+09,2.452787582699999902e+01,9.908518822999999642e+00,2.975599084000000172e+00,2.619316699999999984e-02,1.979246900000000003e-02,-7.388957379999999686e-01,6.730195129999999581e-01
1.388000000000000000e+03,1.789368799249977827e+09,2.443068726999999996e+01,9.094068360999999712e+00,2.900137484000000043e+00,9.392033499999999369e-02,1.136128450000000040e-01,-7.803003490000000042e-01,6.077848780000000284e-01
1.389000000000000000e+03,1.789368810550009012e+09,2.426380962200000013e+01,8.267477425999999241e+00,2.684016912999999782e+00,1.281720209999999971e-01,1.158144799999999974e-01,-7.473939840000000112e-01,6.415303359999999788e-01
1.390000000000000000e+03,1.789368811450304031e+09,2.405681524299999907e+01,7.526532970999999961e+00,2.449775682999999926e+00,1.470816129999999999e-01,7.104993000000000419e-03,-8.189424349999999686e-01,5.546618850000000212e-01
1.391000000000000000e+03,1.789368812651025057e+09,2.363838001399999911e+01,6.883964634999999888e+00,2.176148560000000121e+00,-1.519515019999999883e-01,-7.570567599999999953e-02,8.919915830000000323e-01,-4.189634919999999929e-01
1.392000000000000000e+03,1.789368813850519896e+09,2.302513286099999945e+01,6.375138852000000078e+00,2.021375555000000102e+00,-1.611924859999999959e-01,-2.672865599999999994e-02,9.484047349999999987e-01,-2.717186429999999819e-01
1.393000000000000000e+03,1.789368814751259089e+09,2.226381192799999909e+01,5.925740826000000183e+00,1.870129351000000106e+00,-1.059648450000000020e-01,-1.266244899999999923e-02,9.833647330000000464e-01,-1.469861060000000053e-01
1.394000000000000000e+03,1.789368817950007915e+09,2.144247012900000016e+01,5.692318618999999913e+00,1.864749119000000066e+00,-2.230038900000000032e-02,-1.003938999999999917e-03,9.873691150000000194e-01,-1.568563500000000055e-01
1.395000000000000000e+03,1.789368819049991846e+09,2.068201622400000161e+01,5.432882347999999695e+00,1.861486187999999986e+00,-3.268046699999999777e-02,-7.212404999999999858e-03,9.852579750000000081e-01,-1.677697529999999937e-01
1.396000000000000000e+03,1.789368834449998856e+09,1.990134567300000157e+01,5.180896763999999877e+00,1.841185488000000037e+00,-2.556738799999999992e-02,-3.121716000000000074e-03,9.858759329999999821e-01,-1.654847680000000043e-01
1.397000000000000000e+03,1.789368835350055218e+09,1.969159178700000012e+01,5.123280485999999634e+00,1.831359707000000059e+00,-2.080168599999999979e-02,5.423505000000000340e-03,9.990518409999999960e-01,3.785886599999999796e-02
1.398000000000000000e+03,1.789368836050067902e+09,1.970447716299999996e+01,5.107209261000000389e+00,1.846441298000000009e+00,-9.930364000000000552e-03,-2.308362900000000134e-02,9.835779369999999577e-01,-1.787259810000000060e-01
1.399000000000000000e+03,1.789368837951400995e+09,1.887359299999999962e+01,4.891249369999999708e+00,1.597606488000000047e+00,-1.827186189999999988e-01,2.340860700000000141e-02,9.721816189999999969e-01,-1.446680459999999946e-01
1.400000000000000000e+03,1.789368838750342131e+09,1.862002872400000086e+01,4.760301892000000201e+00,1.581583638999999986e+00,-1.376362770000000013e-01,-7.231887900000000258e-02,9.262867519999999910e-01,-3.432478509999999927e-01
1.401000000000000000e+03,1.789368840650206804e+09,1.797954850300000018e+01,4.308644328999999829e+00,1.394574272000000059e+00,-1.531960870000000086e-01,-3.437253700000000162e-02,9.463032230000000267e-01,-2.825945810000000114e-01
1.402000000000000000e+03,1.789368841850198746e+09,1.725483048899999972e+01,3.995145203999999950e+00,1.208202084000000065e+00,-1.023579069999999980e-01,2.038009699999999980e-02,9.522727140000000201e-01,-2.868522059999999985e-01
1.403000000000000000e+03,1.789368843351224184e+09,1.649917218499999905e+01,3.637735525000000081e+00,9.633060199999999851e-01,-1.763742869999999907e-01,5.195041200000000137e-02,9.624933589999999928e-01,-1.994988729999999932e-01
1.404000000000000000e+03,1.789368853951026917e+09,1.575066749399999999e+01,3.271386353000000025e+00,7.490168710000000285e-01,-1.717657870000000031e-01,-1.527826099999999958e-02,9.712549120000000258e-01,-1.640944400000000081e-01
1.405000000000000000e+03,1.789368854750656843e+09,1.495612198000000070e+01,3.025517884000000102e+00,5.622114879999999815e-01,-1.748362609999999928e-01,-4.618455999999999950e-03,9.775578069999999453e-01,-1.174380089999999960e-01
1.406000000000000000e+03,1.789368855551301956e+09,1.414426118299999935e+01,2.868127787999999789e+00,2.456359579999999876e-01,-1.789574760000000042e-01,-4.466727999999999671e-03,9.808249470000000025e-01,-7.704994099999999679e-02
1.407000000000000000e+03,1.789368856351089954e+09,1.335224422299999958e+01,2.748261719999999908e+00,9.523311499999999319e-02,-1.364008270000000023e-01,-1.080505200000000075e-02,9.892871989999999505e-01,-5.088127099999999875e-02
1.408000000000000000e+03,1.789368856750740767e+09,1.315286229200000001e+01,2.777088609999999846e+00,8.547497799999999313e-02,-2.716662999999999804e-03,-2.309078700000000151e-02,9.702489050000000503e-01,-2.409906579999999965e-01
1.409000000000000000e+03,1.789368857150486231e+09,1.310406313600000061e+01,2.745455501999999992e+00,7.528328700000000429e-02,-2.266256599999999857e-02,-3.869848999999999858e-03,8.990188860000000171e-01,-4.373059289999999821e-01
1.410000000000000000e+03,1.789368858250752211e+09,1.258637818300000077e+01,2.066266473000000214e+00,6.330855700000000141e-02,-2.111311700000000069e-02,2.886174000000000031e-03,9.035103799999999463e-01,-4.280360959999999770e-01
1.411000000000000000e+03,1.789368859050081968e+09,1.219143889399999914e+01,1.632896249999999938e+00,4.390390400000000054e-02,-1.751549999999999982e-02,2.482724299999999884e-02,9.793857750000000140e-01,-1.997005749999999913e-01
1.412000000000000000e+03,1.789368873549981117e+09,1.134521842500000055e+01,1.258996384000000024e+00,3.335388499999999978e-02,-2.497833500000000082e-02,1.827721599999999891e-02,9.946487819999999536e-01,-9.856889100000000570e-02
1.413000000000000000e+03,1.789368874250073910e+09,1.046647371499999934e+01,1.229622382000000069e+00,2.978590000000000057e-02,-1.915892099999999890e-02,2.278629100000000018e-02,9.918343819999999589e-01,1.240091930000000037e-01
1.414000000000000000e+03,1.789368874950078249e+09,9.567373367000000073e+00,1.351843260000000102e+00,3.493367199999999895e-02,-1.895149900000000012e-02,-1.675170900000000004e-02,9.996728430000000332e-01,3.798438999999999809e-03
1.415000000000000000e+03,1.789368875649975777e+09,8.689147204999999374e+00,1.477973795000000035e+00,4.513587699999999786e-02,-1.498496199999999924e-02,4.166449999999999928e-04,9.950473010000000507e-01,9.826568900000000328e-02
1.416000000000000000e+03,1.789368876249994278e+09,7.884247460000000096e+00,1.537706535999999957e+00,6.484003700000000314e-02,-2.027942400000000076e-02,-7.463771999999999594e-03,9.990324889999999680e-01,3.830304899999999874e-02
1.417000000000000000e+03,1.789368876949993849e+09,6.969921191000000071e+00,1.635427811000000009e+00,6.438858699999999713e-02,-1.903742900000000154e-02,-6.784687999999999657e-03,9.980500810000000333e-01,5.905573699999999704e-02
1.418000000000000000e+03,1.789368877649981022e+09,6.047290377999999578e+00,1.761103241999999902e+00,6.564282600000000134e-02,-1.860742500000000035e-02,-1.013828999999999946e-03,9.968220159999999774e-01,7.745065600000000661e-02
1.419000000000000000e+03,1.789368879849997044e+09,5.258381575999999669e+00,1.910561589999999921e+00,7.268027900000000041e-02,-1.827180100000000071e-02,5.588959999999999588e-03,9.960007619999999839e-01,8.727764500000000092e-02
1.420000000000000000e+03,1.789368887750031233e+09,5.282863462999999982e+00,1.899203125999999964e+00,9.952769599999999883e-02,-7.208993000000000345e-03,-1.657820800000000053e-02,9.898374650000000274e-01,-1.410495870000000040e-01
1.421000000000000000e+03,1.789368889050999880e+09,4.549620271000000216e+00,1.433888658000000094e+00,1.028084330000000046e-01,-2.157237600000000075e-02,1.942970000000000027e-03,9.731668799999999564e-01,-2.290787679999999882e-01
1.422000000000000000e+03,1.789368889650269985e+09,3.833767436000000028e+00,1.055876314000000038e+00,9.511166899999999591e-02,-1.980165099999999997e-02,3.678746000000000099e-03,9.801028349999999500e-01,-1.974659310000000112e-01
1.423000000000000000e+03,1.789368890250174046e+09,3.112301705999999779e+00,6.703783469999999856e-01,9.530546300000000692e-02,-2.086269600000000002e-02,-4.023132999999999918e-03,9.530935520000000105e-01,-3.019292020000000076e-01
1.424000000000000000e+03,1.789368891050163984e+09,2.532058683999999893e+00,8.710610600000000259e-02,9.603406700000000074e-02,-2.093497199999999961e-02,1.384833599999999929e-02,9.781147129999999690e-01,-2.065467480000000022e-01
1.425000000000000000e+03,1.789368892450469017e+09,1.761648976999999894e+00,-1.272657480000000119e-01,5.166256100000000268e-02,-2.810146000000000172e-02,-3.737638000000000158e-03,9.947346489999999708e-01,-9.848511000000000071e-02
1.426000000000000000e+03,1.789368906049987078e+09,9.325951249999999693e-01,-2.672175869999999787e-01,3.181899900000000059e-02,-2.510263100000000025e-02,-4.296529999999999794e-03,9.955089590000000266e-01,-9.117735899999999949e-02
1.427000000000000000e+03,1.789368908150007010e+09,1.207644499999999954e-01,-4.262518659999999793e-01,1.191559600000000052e-02,-3.261417999999999956e-02,5.189450000000000399e-04,9.968493600000000177e-01,-7.230075699999999328e-02
1.428000000000000000e+03,1.789368909050060749e+09,-7.277751489999999546e-01,-3.366967630000000100e-01,-2.428558299999999948e-02,-3.220990000000000073e-04,1.551966899999999983e-02,9.856074980000000263e-01,1.683356649999999954e-01
1.429000000000000000e+03,1.789368909449996233e+09,-9.341627359999999936e-01,-2.867212270000000229e-01,-1.071673300000000086e-02,-8.414091000000000278e-03,1.515600500000000017e-02,9.148526350000000251e-01,4.034156110000000073e-01
1.430000000000000000e+03,1.789368909850015163e+09,-9.650000069999999930e-01,-3.305374790000000229e-01,-3.347649700000000089e-02,-9.809969999999999454e-04,9.618790000000000326e-03,7.930534449999999680e-01,6.090753239999999735e-01
1.431000000000000000e+03,1.789368910250082970e+09,-9.986245200000000155e-01,-3.673156060000000167e-01,-4.426080500000000029e-02,8.285386999999999960e-03,8.665650000000000436e-03,6.274870519999999896e-01,7.785346869999999475e-01
1.432000000000000000e+03,1.789368910650162220e+09,-9.949510499999999480e-01,-3.856850279999999853e-01,-3.013609999999999900e-04,2.124876100000000143e-02,5.789205000000000392e-03,4.203270700000000248e-01,9.071053580000000283e-01
1.433000000000000000e+03,1.789368911050402164e+09,-9.593949999999999978e-01,-3.840325980000000028e-01,1.147187000000000033e-03,3.264515600000000156e-02,6.941084999999999616e-03,1.870451280000000049e-01,9.817842100000000460e-01
1.434000000000000000e+03,1.789368912450209141e+09,-1.035434850000000045e-01,-2.258934609999999898e-01,2.283010900000000121e-02,8.655150000000000343e-03,9.575531999999999447e-03,9.996443900000000216e-02,9.949072860000000018e-01
