# Start sample in unchanged v3 map coordinates, metres. Float64 round-trip precision.
v 25.600000000000001 22 4.6311274317723905
v 25.470809795105652 22 4.6310954161517408
v 25.600000000000001 21.960342671976473 4.6314028982259137
v 25.541104926825575 22.199999999999999 4.6297236029774655
v 25.412133029278564 22.018011920885701 4.6309557611858159
v 25.600000000000001 22.199999999999999 4.6297381982195933
v 25.600000000000001 22.283104935572517 4.629160937395091
v 25.800000000000001 21.898948964835967 4.63187891275724
v 25.800000000000001 22 4.6311769953142656
v 25.800000000000001 22.199999999999999 4.6297877617614676
v 25.800000000000001 22.399999999999999 4.6283985282086704
v 25.68284157042849 22.399999999999999 4.6283694942750202
v 25.800000000000001 22.565318476003618 4.627250198339862
v 26 21.837555257695463 4.6323549272885653
v 26 22 4.6312265588561399
v 26 22.199999999999999 4.6298373253033427
v 26 22.399999999999999 4.6284480917505446
v 26 22.599999999999998 4.6270588581977465
v 25.824578214031405 22.599999999999998 4.627015385572574
v 26 22.799999999999997 4.6256696246449494
v 25.96631485763432 22.799999999999997 4.6256612768701277
v 26 22.84753201643472 4.6253394592846329
v 26.199999999999999 21.800000000000001 4.6326653559508122
v 26.122342368443437 21.800000000000001 4.632646111014445
v 26.199999999999999 21.776161550554956 4.6328309418198907
v 26.199999999999999 22 4.631276122398015
v 26.199999999999999 22.199999999999999 4.6298868888452169
v 26.199999999999999 22.399999999999999 4.6284976552924189
v 26.199999999999999 22.599999999999998 4.6271084217396217
v 26.199999999999999 22.799999999999997 4.6257191881868236
v 26.199999999999999 22.999999999999996 4.6243299546340255
v 26.108051501237235 22.999999999999996 4.6243071681676824
v 26.199999999999999 23.129745556865821 4.6234287202294038
v 26.399999999999999 21.71476784341445 4.633306956351217
v 26.399999999999999 21.800000000000001 4.6327149194926864
v 26.399999999999999 22 4.6313256859398892
v 26.399999999999999 22.199999999999999 4.6299364523870912
v 26.399999999999999 22.399999999999999 4.628547218834294
v 26.399999999999999 22.599999999999998 4.6271579852814959
v 26.399999999999999 22.799999999999997 4.6257687517286978
v 26.399999999999999 22.999999999999996 4.6243795181759006
v 26.399999999999999 23.199999999999996 4.6229902846231026
v 26.249788144840149 23.199999999999996 4.6229530594652362
v 26.399999999999999 23.399999999999995 4.6216010510703054
v 26.391524788443061 23.399999999999995 4.6215989507627908
v 26.399999999999999 23.411959097296922 4.6215179811741747
v 26.599999999999998 21.653374136273946 4.6337829708825424
v 26.599999999999998 21.800000000000001 4.6327644830345616
v 26.599999999999998 22 4.6313752494817635
v 26.599999999999998 22.199999999999999 4.6299860159289663
v 26.599999999999998 22.399999999999999 4.6285967823761682
v 26.599999999999998 22.599999999999998 4.6272075488233702
v 26.599999999999998 22.799999999999997 4.625818315270573
v 26.599999999999998 22.999999999999996 4.6244290817177749
v 26.599999999999998 23.199999999999996 4.6230398481649777
v 26.599999999999998 23.399999999999995 4.6216506146121796
v 26.599999999999998 23.599999999999994 4.6202613810593816
v 26.533261432045975 23.599999999999994 4.6202448420603446
v 26.599999999999998 23.694172637728023 4.6196072421189456
v 26.799999999999997 21.600000000000001 4.6342032801292339
v 26.773874941781219 21.600000000000001 4.6341968058771483
v 26.799999999999997 21.591980429133439 4.6342589854138678
v 26.799999999999997 21.800000000000001 4.6328140465764358
v 26.799999999999997 22 4.6314248130236386
v 26.799999999999997 22.199999999999999 4.6300355794708405
v 26.799999999999997 22.399999999999999 4.6286463459180425
v 26.799999999999997 22.599999999999998 4.6272571123652453
v 26.799999999999997 22.799999999999997 4.6258678788124472
v 26.799999999999997 22.999999999999996 4.62447864525965
v 26.799999999999997 23.199999999999996 4.6230894117068519
v 26.799999999999997 23.399999999999995 4.6217001781540539
v 26.799999999999997 23.599999999999994 4.6203109446012567
v 26.799999999999997 23.799999999999994 4.6189217110484586
v 26.67499807564889 23.799999999999994 4.6188907333578983
v 26.799999999999997 23.976386178159128 4.6176965030637165
v 26.999999999999996 21.530586721992936 4.6347349999451941
v 26.999999999999996 21.600000000000001 4.6342528436711081
v 26.999999999999996 21.800000000000001 4.6328636101183109
v 26.999999999999996 22 4.6314743765655129
v 26.999999999999996 22.199999999999999 4.6300851430127148
v 26.999999999999996 22.399999999999999 4.6286959094599176
v 26.999999999999996 22.599999999999998 4.6273066759071195
v 26.999999999999996 22.799999999999997 4.6259174423543215
v 26.999999999999996 22.999999999999996 4.6245282088015243
v 26.999999999999996 23.199999999999996 4.6231389752487262
v 26.999999999999996 23.399999999999995 4.621749741695929
v 26.999999999999996 23.599999999999994 4.6203605081431309
v 26.999999999999996 23.799999999999994 4.6189712745903329
v 26.999999999999996 23.999999999999993 4.6175820410375357
v 26.816734719251805 23.999999999999993 4.617536624655453
v 26.999999999999996 24.199999999999992 4.6161928074847376
v 26.95847136285472 24.199999999999992 4.6161825159530068
v 26.999999999999996 24.258599718590229 4.6157857640084874
v 27.199999999999996 21.469193014852429 4.6352110144765195
v 27.199999999999996 21.600000000000001 4.6343024072129833
v 27.199999999999996 21.800000000000001 4.6329131736601852
v 27.199999999999996 22 4.6315239401073871
v 27.199999999999996 22.199999999999999 4.6301347065545899
v 27.199999999999996 22.399999999999999 4.6287454730017918
v 27.199999999999996 22.599999999999998 4.6273562394489938
v 27.199999999999996 22.799999999999997 4.6259670058961966
v 27.199999999999996 22.999999999999996 4.6245777723433985
v 27.199999999999996 23.199999999999996 4.6231885387906013
v 27.199999999999996 23.399999999999995 4.6217993052378032
v 27.199999999999996 23.599999999999994 4.6204100716850052
v 27.199999999999996 23.799999999999994 4.619020838132208
v 27.199999999999996 23.999999999999993 4.6176316045794099
v 27.199999999999996 24.199999999999992 4.6162423710266127
v 27.199999999999996 24.399999999999991 4.6148531374738146
v 27.100208006457635 24.399999999999991 4.6148284072505614
v 27.199999999999996 24.540813259021331 4.6138750249532583
v 27.399999999999995 21.407799307711926 4.6356870290078449
v 27.399999999999995 21.600000000000001 4.6343519707548575
v 27.399999999999995 21.800000000000001 4.6329627372020594
v 27.399999999999995 22 4.6315735036492622
v 27.399999999999995 22.199999999999999 4.6301842700964642
v 27.399999999999995 22.399999999999999 4.6287950365436661
v 27.399999999999995 22.599999999999998 4.6274058029908689
v 27.399999999999995 22.799999999999997 4.6260165694380708
v 27.399999999999995 22.999999999999996 4.6246273358852736
v 27.399999999999995 23.199999999999996 4.6232381023324756
v 27.399999999999995 23.399999999999995 4.6218488687796775
v 27.399999999999995 23.599999999999994 4.6204596352268803
v 27.399999999999995 23.799999999999994 4.6190704016740822
v 27.399999999999995 23.999999999999993 4.617681168121285
v 27.399999999999995 24.199999999999992 4.616291934568487
v 27.399999999999995 24.399999999999991 4.6149027010156889
v 27.399999999999995 24.599999999999991 4.6135134674628917
v 27.24194465006055 24.599999999999991 4.6134742985481152
v 27.399999999999995 24.79999999999999 4.6121242339100936
v 27.383681293663464 24.79999999999999 4.6121201898456698
v 27.399999999999995 24.823026799452432 4.6119642858980292
v 27.599999999999994 21.400000000000002 4.6357907678495298
v 27.425407515119005 21.400000000000002 4.6357475007398525
v 27.599999999999994 21.346405600571419 4.6361630435391712
v 27.599999999999994 21.600000000000001 4.6344015342967317
v 27.599999999999994 21.800000000000001 4.6330123007439346
v 27.599999999999994 22 4.6316230671911365
v 27.599999999999994 22.199999999999999 4.6302338336383384
v 27.599999999999994 22.399999999999999 4.6288446000855412
v 27.599999999999994 22.599999999999998 4.6274553665327431
v 27.599999999999994 22.799999999999997 4.626066132979946
v 27.599999999999994 22.999999999999996 4.6246768994271479
v 27.599999999999994 23.199999999999996 4.6232876658743498
v 27.599999999999994 23.399999999999995 4.6218984323215526
v 27.599999999999994 23.599999999999994 4.6205091987687545
v 27.599999999999994 23.799999999999994 4.6191199652159565
v 27.599999999999994 23.999999999999993 4.6177307316631593
v 27.599999999999994 24.199999999999992 4.6163414981103612
v 27.599999999999994 24.399999999999991 4.614952264557564
v 27.599999999999994 24.599999999999991 4.6135630310047659
v 27.599999999999994 24.79999999999999 4.6121737974519679
v 27.599999999999994 24.999999999999989 4.6107845638991707
v 27.525417937266376 24.999999999999989 4.6107660811432236
v 27.599999999999994 25.105240339883533 4.6100535468428001
v 27.616092441433729 21.341465727388627 4.636201344719006
v 27.6575746981121 21.400000000000002 4.6358050358793337
v 27.799311341715015 21.600000000000001 4.6344509271768874
v 27.799999999999994 21.600971743463756 4.6344443479454833
v 27.799999999999994 21.800000000000001 4.6330618642858088
v 27.799999999999994 22 4.6316726307330107
v 27.799999999999994 22.199999999999999 4.6302833971802135
v 27.799999999999994 22.399999999999999 4.6288941636274155
v 27.799999999999994 22.599999999999998 4.6275049300746183
v 27.799999999999994 22.799999999999997 4.6261156965218202
v 27.799999999999994 22.999999999999996 4.6247264629690221
v 27.799999999999994 23.199999999999996 4.6233372294162249
v 27.799999999999994 23.399999999999995 4.6219479958634269
v 27.799999999999994 23.599999999999994 4.6205587623106288
v 27.799999999999994 23.799999999999994 4.6191695287578316
v 27.799999999999994 23.999999999999993 4.6177802952050335
v 27.799999999999994 24.199999999999992 4.6163910616522363
v 27.799999999999994 24.399999999999991 4.6150018280994383
v 27.799999999999994 24.599999999999991 4.6136125945466402
v 27.799999999999994 24.79999999999999 4.612223360993843
v 27.799999999999994 24.999999999999989 4.6108341274410449
v 27.799999999999994 25.199999999999989 4.6094448938882477
v 27.66715458086929 25.199999999999989 4.6094119724407774
v 27.799999999999994 25.387453880314634 4.608142807787571
v 27.94104798531793 21.800000000000001 4.6330968184744421
v 27.999999999999993 21.883185283894857 4.6325336088902542
v 27.999999999999993 22 4.6317221942748859
v 27.999999999999993 22.199999999999999 4.6303329607220878
v 27.999999999999993 22.399999999999999 4.6289437271692906
v 27.999999999999993 22.599999999999998 4.6275544936164925
v 27.999999999999993 22.799999999999997 4.6261652600636944
v 27.999999999999993 22.999999999999996 4.6247760265108973
v 27.999999999999993 23.199999999999996 4.6233867929580992
v 27.999999999999993 23.399999999999995 4.6219975594053011
v 27.999999999999993 23.599999999999994 4.6206083258525039
v 27.999999999999993 23.799999999999994 4.6192190922997058
v 27.999999999999993 23.999999999999993 4.6178298587469087
v 27.999999999999993 24.199999999999992 4.6164406251941106
v 27.999999999999993 24.399999999999991 4.6150513916413125
v 27.999999999999993 24.599999999999991 4.6136621580885153
v 27.999999999999993 24.79999999999999 4.6122729245357172
v 27.999999999999993 24.999999999999989 4.6108836909829201
v 27.999999999999993 25.199999999999989 4.609494457430122
v 27.999999999999993 25.399999999999988 4.6081052238773239
v 27.808891224472205 25.399999999999988 4.608057863738332
v 27.999999999999993 25.599999999999987 4.6067159903245267
v 27.95062786807512 25.599999999999987 4.6067037550358858
v 27.999999999999993 25.669667420745736 4.6062320687323419
v 28.082784628920844 22 4.6317427097719959
v 28.199999999999992 22.165398824325958 4.630622869835026
v 28.199999999999992 22.199999999999999 4.6303825242639629
v 28.199999999999992 22.399999999999999 4.6289932907111648
v 28.199999999999992 22.599999999999998 4.6276040571583668
v 28.199999999999992 22.799999999999997 4.6262148236055696
v 28.199999999999992 22.999999999999996 4.6248255900527715
v 28.199999999999992 23.199999999999996 4.6234363564999734
v 28.199999999999992 23.399999999999995 4.6220471229471762
v 28.199999999999992 23.599999999999994 4.6206578893943782
v 28.199999999999992 23.799999999999994 4.619268655841581
v 28.199999999999992 23.999999999999993 4.6178794222887829
v 28.199999999999992 24.199999999999992 4.6164901887359848
v 28.199999999999992 24.399999999999991 4.6151009551831876
v 28.199999999999992 24.599999999999991 4.6137117216303896
v 28.199999999999992 24.79999999999999 4.6123224880775915
v 28.199999999999992 24.999999999999989 4.6109332545247943
v 28.199999999999992 25.199999999999989 4.6095440209719962
v 28.199999999999992 25.399999999999988 4.608154787419199
v 28.199999999999992 25.599999999999987 4.606765553866401
v 28.199999999999992 25.799999999999986 4.6053763203136029
v 28.092364511678035 25.799999999999986 4.6053496463334405
v 28.199999999999992 25.951880961176837 4.6043213296771128
v 28.224521272523759 22.199999999999999 4.6303886010695505
v 28.366257916126674 22.399999999999999 4.6290344923671043
v 28.399999999999991 22.44761236475706 4.6287121307797969
v 28.399999999999991 22.599999999999998 4.6276536207002419
v 28.399999999999991 22.799999999999997 4.6262643871474438
v 28.399999999999991 22.999999999999996 4.6248751535946457
v 28.399999999999991 23.199999999999996 4.6234859200418486
v 28.399999999999991 23.399999999999995 4.6220966864890505
v 28.399999999999991 23.599999999999994 4.6207074529362533
v 28.399999999999991 23.799999999999994 4.6193182193834552
v 28.399999999999991 23.999999999999993 4.6179289858306571
v 28.399999999999991 24.199999999999992 4.61653975227786
v 28.399999999999991 24.399999999999991 4.6151505187250619
v 28.399999999999991 24.599999999999991 4.6137612851722638
v 28.399999999999991 24.79999999999999 4.6123720516194666
v 28.399999999999991 24.999999999999989 4.6109828180666685
v 28.399999999999991 25.199999999999989 4.6095935845138714
v 28.399999999999991 25.399999999999988 4.6082043509610733
v 28.399999999999991 25.599999999999987 4.6068151174082752
v 28.399999999999991 25.799999999999986 4.605425883855478
v 28.399999999999991 25.94926701017663 4.6043890501611617
v 28.234729022936342 25.999999999999986 4.6039956932277182
v 28.23410115528095 25.999999999999986 4.6039955376309942
v 28.234213338953531 26.000158298757075 4.603994465862371
v 28.507994559729585 22.599999999999998 4.6276803836646581
v 28.599999999999991 22.729825905188164 4.6268013917245678
v 28.599999999999991 22.799999999999997 4.6263139506893181
v 28.599999999999991 22.999999999999996 4.6249247171365209
v 28.599999999999991 23.199999999999996 4.6235354835837228
v 28.599999999999991 23.399999999999995 4.6221462500309256
v 28.599999999999991 23.599999999999994 4.6207570164781275
v 28.599999999999991 23.799999999999994 4.6193677829253295
v 28.599999999999991 23.999999999999993 4.6179785493725323
v 28.599999999999991 24.199999999999992 4.6165893158197342
v 28.599999999999991 24.399999999999991 4.6152000822669361
v 28.599999999999991 24.599999999999991 4.6138108487141389
v 28.599999999999991 24.79999999999999 4.6124216151613409
v 28.599999999999991 24.999999999999989 4.6110323816085437
v 28.599999999999991 25.199999999999989 4.6096431480557456
v 28.599999999999991 25.399999999999988 4.6082539145029475
v 28.599999999999991 25.599999999999987 4.6068646809501503
v 28.599999999999991 25.799999999999986 4.6054754473973523
v 28.599999999999991 25.887873303036127 4.6048650646924871
v 28.6497312033325 22.799999999999997 4.6263262749622127
v 28.791467846935415 22.999999999999996 4.6249721662597665
v 28.79999999999999 23.012039445619266 4.6248906526693387
v 28.79999999999999 23.199999999999996 4.6235850471255979
v 28.79999999999999 23.399999999999995 4.6221958135727998
v 28.79999999999999 23.599999999999994 4.6208065800200018
v 28.79999999999999 23.799999999999994 4.6194173464672046
v 28.79999999999999 23.999999999999993 4.6180281129144065
v 28.79999999999999 24.199999999999992 4.6166388793616084
v 28.79999999999999 24.399999999999991 4.6152496458088113
v 28.79999999999999 24.599999999999991 4.6138604122560132
v 28.79999999999999 24.79999999999999 4.612471178703216
v 28.79999999999999 24.999999999999989 4.6110819451504179
v 28.79999999999999 25.199999999999989 4.6096927115976198
v 28.79999999999999 25.399999999999988 4.6083034780448227
v 28.79999999999999 25.599999999999987 4.6069142444920246
v 28.79999999999999 25.799999999999986 4.6055250109392265
v 28.79999999999999 25.82647959589562 4.6053410792238134
v 28.93320449053833 23.199999999999996 4.6236180575573211
v 28.962133029278615 23.341565727388652 4.6226418872694541
v 28.999999999999989 23.341565727388652 4.6226512713753998
v 28.999999999999989 23.399999999999995 4.6222453771146741
v 28.997953848240368 23.291365727388655 4.6229994619245094
v 28.962062318600495 23.341536438066772 4.6226420731946396
v 28.962133029278615 23.291365727388655 4.6229905848912063
v 28.962062318600495 23.291395016710535 4.6229903639193051
v 28.962033029278615 23.341465727388652 4.6226425571044594
v 28.962033029278615 23.291465727388655 4.6229898654926593
v 28.962033029278615 23.591465727388655 4.6209060151634622
v 28.962033029278615 23.599999999999994 4.6208467346741608
v 28.999999999999989 23.541365727388659 4.6212634270561548
v 28.962133029278615 23.541365727388659 4.6212540429502091
v 28.962033029278615 23.541465727388658 4.6212533235516622
v 28.962062318600495 23.541395016710538 4.6212538219783079
v 28.962133029278615 23.641565727388656 4.6205580369402579
v 28.999999999999989 23.641565727388656 4.6205674210462027
v 28.999999999999989 23.799999999999994 4.6194669100090788
v 28.962033029278615 23.641465727388656 4.6205587067752631
v 28.962062318600495 23.641536438066776 4.6205582228654425
v 28.999999999999989 23.999999999999993 4.6180776764562808
v 28.999999999999989 24.199999999999992 4.6166884429034836
v 28.999999999999989 24.399999999999991 4.6152992093506855
v 28.999999999999989 24.599999999999991 4.6139099757978883
v 28.999999999999989 24.79999999999999 4.6125207422450902
v 28.999999999999989 24.999999999999989 4.6111315086922922
v 28.999999999999989 25.199999999999989 4.609742275139495
v 28.999999999999989 25.399999999999988 4.6083530415866969
v 28.999999999999989 25.599999999999987 4.6069638080338988
v 28.999999999999989 25.765085888755117 4.6058170937551388
v 28.886261596274128 25.799999999999986 4.6055463880904224
v 29.012033029278616 23.391465727388653 4.6223076396017291
v 29.012033029278616 23.399999999999995 4.6222483591124268
v 29.012033029278616 23.341565727388652 4.6226542533731516
v 29.062233029278612 23.391465727388656 4.6223200800507396
v 29.062233029278612 23.382068003672728 4.6223853582162695
v 29.074941134141245 23.399999999999995 4.6222639488548749
v 29.062233029278612 23.399999999999995 4.6222607995614373
v 29.033388009141095 23.341365727388656 4.6226609347488976
v 29.012233029278612 23.341365727388656 4.6226556921702464
v 29.012233029278612 23.311514618564953 4.622863042980077
v 29.012033029278616 23.491465727388654 4.62161302282533
v 29.012033029278616 23.541365727388659 4.6212664090539066
v 29.012033029278616 23.441465727388653 4.6219603312135291
v 29.175124652744014 23.541365727388659 4.6213068260464523
v 29.162233029278614 23.541365727388659 4.6213036312738547
v 29.162233029278614 23.523174773888282 4.6214299886886554
v 29.139690491843282 23.491365727388658 4.6216453532220632
v 29.112233029278613 23.491365727388658 4.6216385487765859
v 29.112233029278613 23.452621388780507 4.6219076734524629
v 29.104256330942555 23.441365727388657 4.6219838803976749
v 29.062233029278612 23.441365727388657 4.6219734662793162
v 29.112033029278617 23.791465727388658 4.6195539542670705
v 29.112033029278617 23.799999999999994 4.6194946737777691
v 29.012033029278616 23.641565727388656 4.6205704030439554
v 29.012133029278615 23.691565727388657 4.6202231194375267
v 29.062033029278616 23.691565727388657 4.6202354855412242
v 29.062033029278616 23.741465727388658 4.6198888717698017
v 29.062133029278616 23.741565727388657 4.6198882019347964
v 29.112033029278617 23.741565727388657 4.6199005680384939
v 29.012033029278616 23.691465727388657 4.620223789272532
v 29.012062318600496 23.691536438066777 4.6202233053627122
v 29.062062318600496 23.741536438066777 4.619888387859981
v 29.162033029278618 23.991465727388661 4.6181771115997412
v 29.162033029278618 23.999999999999993 4.6181178311104398
v 29.112133029278617 23.841565727388659 4.6192059760438662
v 29.162033029278618 23.841565727388659 4.6192183421475637
v 29.162033029278618 23.89146572738866 4.6188717283761402
v 29.162033029278618 23.94146572738866 4.6185244199879412
v 29.112033029278617 23.841465727388659 4.6192066458788714
v 29.112062318600497 23.841536438066779 4.6192061619690508
v 29.162133029278618 24.041565727388662 4.6178291333765369
v 29.199999999999989 24.041565727388662 4.6178385174824816
v 29.199999999999989 24.199999999999992 4.6167380064453578
v 29.162033029278618 24.041465727388662 4.6178298032115421
v 29.162062318600498 24.041536438066782 4.6178293193017215
v 29.199999999999989 24.399999999999991 4.6153487728925597
v 29.199999999999989 24.599999999999991 4.6139595393397626
v 29.199999999999989 24.79999999999999 4.6125703057869645
v 29.199999999999989 24.999999999999989 4.6111810722341673
v 29.199999999999989 25.199999999999989 4.6097918386813692
v 29.199999999999989 25.399999999999988 4.6084026051285711
v 29.199999999999989 25.599999999999987 4.607013371575774
v 29.199999999999989 25.70369218161461 4.6062931082864642
v 29.21667777774416 23.599999999999994 4.6209098401524287
v 29.212233029278615 23.599999999999994 4.6209087386650456
v 29.212233029278615 23.593728158996061 4.6209523039248479
v 29.312233029278616 23.741465727388661 4.6199508757606864
v 29.312233029278616 23.734834929211612 4.6199969343972338
v 29.35229545724766 23.791365727388662 4.6196141901683951
v 29.312233029278616 23.791365727388662 4.6196042619892639
v 29.281427135446201 23.691365727388661 4.6202912445196178
v 29.262233029278615 23.691365727388661 4.6202864878801941
v 29.262233029278615 23.664281544103837 4.6204746191610404
v 29.245992974545473 23.64136572738866 4.6206297716952296
v 29.212233029278615 23.64136572738866 4.6206214053829244
v 29.387729618148388 23.841365727388663 4.6192756629927834
v 29.362233029278617 23.841365727388663 4.6192693444865327
v 29.362233029278617 23.805388314319391 4.6195192496334263
v 29.362233029278617 23.999999999999993 4.6181674442158558
v 29.362233029278617 23.991565727388661 4.6182260300883815
v 29.399999999999988 23.991565727388661 4.6182353894125558
v 29.399999999999988 23.999999999999993 4.6181768035400301
v 29.31203302927862 24.191465727388664 4.6168250507033495
v 29.31203302927862 24.199999999999992 4.6167657702140481
v 29.212133029278615 24.041565727388662 4.6178415242620057
v 29.262033029278619 24.041565727388662 4.6178538903657032
v 29.262033029278619 24.091465727388663 4.6175072765942797
v 29.262133029278619 24.091565727388662 4.6175066067592745
v 29.31203302927862 24.091565727388662 4.617518972862972
v 29.31203302927862 24.141465727388663 4.6171723590915494
v 29.262062318600499 24.091536438066782 4.61750679268446
v 29.362133029278617 24.091365727388666 4.6175327777637643
v 29.312233029278616 24.091365727388666 4.6175204116600668
v 29.312233029278616 24.041565727388662 4.6178663308147136
v 29.362233029278617 24.041465727388662 4.617879416316959
v 29.399999999999988 24.141365727388667 4.6171948534815099
v 29.362233029278617 24.141365727388667 4.6171854941573365
v 29.362203739956737 24.091395016710546 4.6175325918385797
v 29.362203739956737 24.041536438066782 4.6178789178903132
v 29.362233029278617 24.091465727388666 4.617532107928759
v 29.362133029278617 24.041565727388662 4.6178786969184111
v 29.36213302927862 24.291565727388665 4.616142154977414
v 29.399999999999988 24.291565727388665 4.6161515390833587
v 29.399999999999988 24.391365727388671 4.6154583115405128
v 29.362033029278621 24.39146572738867 4.6154482080360202
v 29.362033029278621 24.399999999999991 4.6153889275467188
v 29.31213302927862 24.241565727388664 4.6164770724801452
v 29.362033029278621 24.241565727388664 4.6164894385838426
v 29.362033029278621 24.291465727388665 4.6161428248124192
v 29.362062318600501 24.291536438066785 4.6161423409025995
v 29.362062318600501 24.39139501671055 4.6154487064626659
v 29.31203302927862 24.241465727388665 4.6164777423151504
v 29.3120623186005 24.241536438066785 4.6164772584053297
v 29.36213302927862 24.391365727388671 4.615448927434568
v 29.36213302927862 24.441565727388667 4.6151002298128159
v 29.399999999999988 24.441565727388667 4.6151096139187606
v 29.399999999999988 24.599999999999991 4.6140091028816368
v 29.362033029278621 24.441465727388668 4.6151008996478211
v 29.362062318600501 24.441536438066787 4.6151004157380013
v 29.399999999999988 24.79999999999999 4.6126198693288396
v 29.399999999999988 24.999999999999989 4.6112306357760415
v 29.399999999999988 25.199999999999989 4.6098414022232435
v 29.399999999999988 25.399999999999988 4.6084521686704463
v 29.399999999999988 25.599999999999987 4.6070629351176482
v 29.399999999999988 25.642298474474103 4.6067691228177905
v 29.494032100850575 23.991365727388665 4.6182600814659489
v 29.462233029278618 23.991365727388665 4.6182522010928713
v 29.462233029278618 23.946495084534945 4.6185638801058113
v 29.423163779049119 23.891365727388663 4.6189371358171716
v 29.412233029278617 23.891365727388663 4.6189344269838015
v 29.412233029278617 23.875941699427166 4.6190415648696188
v 29.412033029278621 23.991565727388661 4.6182383714103086
v 29.412033029278621 23.999999999999993 4.6181797855377829
v 29.56223302927862 24.091465727388666 4.6175816714706333
v 29.56223302927862 24.087601854750496 4.6176085105781972
v 29.599999999999987 24.140893607343671 4.6172476964484224
v 29.599999999999987 24.141365727388667 4.6172444170233851
v 29.56223302927862 24.141365727388667 4.6172350576992107
v 29.529466261751306 24.041365727388666 4.6179215542903371
v 29.512233029278619 24.041365727388666 4.617917283590141
v 29.512233029278619 24.01704846964272 4.6180861953420047
v 29.412133029278621 24.141365727388667 4.617197860261034
v 29.412033029278621 24.041465727388662 4.6178917576388852
v 29.412133029278621 24.041565727388662 4.6178910878038799
v 29.462033029278622 24.041565727388662 4.6179034539075774
v 29.462033029278622 24.091465727388663 4.6175568401361549
v 29.462033029278622 24.141365727388667 4.6172102263647314
v 29.412062318600501 24.041536438066782 4.6178912737290654
v 29.512033029278623 24.391465727388667 4.6154853806924265
v 29.512033029278623 24.399999999999991 4.6154261002031243
v 29.412233029278617 24.399999999999991 4.6154013679957293
v 29.412133029278618 24.391365727388671 4.6154613183200368
v 29.412033029278621 24.291565727388665 4.6161545210811115
v 29.412033029278621 24.341465727388666 4.6158079073096889
v 29.462133029278618 24.341565727388666 4.6158196283601516
v 29.512033029278623 24.341565727388666 4.61583199446385
v 29.412233029278617 24.39146572738867 4.6154606484850316
v 29.412203739956738 24.39139501671055 4.6154611323948513
v 29.412133029278621 24.341565727388666 4.6158072374746837
v 29.412062318600501 24.341536438066786 4.6158074233998683
v 29.562033029278624 24.59146572738867 4.6141085380250972
v 29.562033029278624 24.599999999999991 4.6140492575357959
v 29.412133029278618 24.441565727388667 4.6151126206982847
v 29.412233029278617 24.441465727388668 4.6151133400968316
v 29.512133029278623 24.491565727388668 4.6147900940810223
v 29.562033029278624 24.491565727388668 4.6148024601847197
v 29.562033029278624 24.541465727388672 4.6144558464132972
v 29.412203739956738 24.441536438066787 4.6151128416701859
v 29.512062318600503 24.491536438066788 4.6147902800062077
v 29.512033029278623 24.441465727388668 4.6151380723042275
v 29.512033029278623 24.491465727388668 4.6147907639160275
v 29.562133029278623 24.691565727388671 4.613413251413693
v 29.599999999999987 24.691565727388671 4.6134226355196386
v 29.599999999999987 24.79999999999999 4.6126694328707138
v 29.562033029278624 24.64146572738867 4.6137612296368982
v 29.562062318600503 24.691536438066791 4.6134134373388784
v 29.562033029278624 24.691465727388671 4.6134139212486982
v 29.599999999999987 24.999999999999989 4.6112801993179158
v 29.599999999999987 25.199999999999989 4.6098909657651186
v 29.599999999999987 25.399999999999988 4.6085017322123205
v 29.599999999999987 25.5809047673336 4.6072451373491159
v 29.53779416961191 25.599999999999987 4.6070970829531266
v 29.635768744453493 24.191365727388668 4.6169059727635027
v 29.61223302927862 24.191365727388668 4.6169001401964795
v 29.61223302927862 24.158155239858274 4.6171308258143897
v 29.600334583552765 24.141365727388667 4.6172444999391145
v 29.777505388056412 24.391365727388671 4.6155518640610573
v 29.762233029278622 24.391365727388671 4.6155480793000878
v 29.762233029278622 24.369815395181604 4.6156977715229681
v 29.74207122715568 24.34136572738867 4.6158903912366682
v 29.712233029278622 24.34136572738867 4.615882996802819
v 29.712233029278622 24.299262010073825 4.6161754562867756
v 29.671202905354221 24.241365727388668 4.6165674455878918
v 29.662233029278621 24.241365727388668 4.6165652226937492
v 29.662233029278621 24.22870862496605 4.6166531410505822
v 29.612133029278624 24.791565727388672 4.6127310255227627
v 29.662033029278625 24.791565727388672 4.6127433916264602
v 29.662033029278625 24.79999999999999 4.6126848057539354
v 29.612033029278624 24.691565727388671 4.6134256175173904
v 29.612033029278624 24.741465727388672 4.6130790037459679
v 29.612062318600504 24.791536438066792 4.6127312114479482
v 29.612033029278624 24.791465727388672 4.6127316953577679
v 29.612133029278624 24.991565727388675 4.6113417919699655
v 29.662033029278625 24.991565727388675 4.611354158073663
v 29.662033029278625 24.999999999999989 4.6112955722011373
v 29.662033029278625 24.841465727388673 4.6123967778550377
v 29.662033029278625 24.891365727388678 4.6120501640836142
v 29.612133029278624 24.891365727388678 4.6120377979799168
v 29.612062318600504 24.991536438066795 4.6113419778951501
v 29.612062318600504 24.891395016710558 4.6120375770080146
v 29.612033029278624 24.991465727388675 4.6113424618049708
v 29.612033029278624 24.891465727388677 4.6120370785813698
v 29.612033029278624 24.941465727388675 4.6116897701931698
v 29.762133029278626 25.091565727388677 4.6106843478499719
v 29.799999999999986 25.091565727388677 4.6106937319559176
v 29.799999999999986 25.199999999999989 4.6099405293069928
v 29.662033029278625 25.041465727388676 4.6110075443022396
v 29.712133029278622 25.041565727388676 4.6110192653527031
v 29.762033029278626 25.041565727388676 4.6110316314564006
v 29.762033029278626 25.091465727388677 4.6106850176849772
v 29.762062318600506 25.091536438066797 4.6106845337751574
v 29.662062318600505 25.041536438066796 4.6110070603924198
v 29.662133029278625 25.041565727388676 4.6110068744672343
v 29.799999999999986 25.399999999999988 4.6085512957541948
v 29.799999999999986 25.519511060193093 4.6077211518804422
v 29.912233029278624 24.591465727388673 4.6141953237869195
v 29.912233029278624 24.581475550504933 4.6142647172315465
v 29.92536099575873 24.599999999999991 4.6141392966402002
v 29.912233029278624 24.599999999999991 4.6141360432976182
v 29.883807870758599 24.541365727388673 4.6145362825342229
v 29.862233029278624 24.541365727388673 4.6145309359064273
v 29.862233029278624 24.510922165397158 4.6147424019953531
v 29.812233029278623 24.441465727388671 4.615212467180581
v 29.812233029278623 24.440368780289379 4.6152200867591606
v 29.848373709857867 24.491365727388672 4.6148748097098338
v 29.812233029278623 24.491365727388672 4.6148658534091576
v 29.990110353460786 24.691365727388675 4.6135207010073884
v 29.962233029278625 24.691365727388675 4.6135137925127658
v 29.962233029278625 24.652028935612709 4.613787032467739
v 29.954676192560058 24.641365727388674 4.6138592281829993
v 29.912233029278624 24.641365727388674 4.613848710015497
v 29.962133029278625 25.041565727388676 4.6110812197800461
v 29.999999999999986 25.041565727388676 4.6110906038859909
v 29.999999999999986 25.199999999999989 4.6099900928488671
v 29.862233029278624 25.091465727388677 4.6107098490194565
v 29.862233029278624 25.041565727388676 4.6110564627908799
v 29.912133029278625 25.041565727388676 4.6110688288945774
v 29.812133029278623 25.091565727388677 4.6106967387354407
v 29.862203739956744 25.091536438066797 4.6107093505928116
v 29.862133029278624 25.091565727388677 4.6107091296209095
v 29.999999999999986 25.399999999999988 4.6086008592960699
v 29.999999999999986 25.458117353052589 4.6081971664117676
v 30.067097639361645 24.79999999999999 4.6127851879377539
v 30.062233029278627 24.79999999999999 4.6127839824012264
v 30.062233029278627 24.793135705828263 4.612831662940124
v 30.025544514361513 24.741365727388676 4.6131821738317766
v 30.012233029278626 24.741365727388676 4.6131788750100355
v 30.012233029278626 24.722582320720488 4.6133093477039315
v 30.112133029278628 24.991565727388675 4.6114657008246516
v 30.162033029278632 24.991565727388675 4.6114780669283491
v 30.162033029278632 24.999999999999989 4.6114194810558242
v 30.012233029278626 24.999999999999989 4.6113823579629596
v 30.012233029278626 24.991565727388675 4.6114409438354853
v 30.062133029278627 24.991565727388675 4.6114533099391828
v 30.162233029278628 24.941465727388678 4.6118261194968673
v 30.162233029278628 24.934242476043817 4.6118762934125099
v 30.199999999999985 24.987534228636978 4.6115154792827351
v 30.199999999999985 24.991365727388679 4.6114888650496182
v 30.162233029278628 24.991365727388679 4.6114795057254439
v 30.131846997063704 24.891365727388678 4.6121665923049422
v 30.112233029278627 24.891365727388678 4.6121617316163741
v 30.112233029278627 24.863689090936038 4.6123539781763174
v 30.096412836162973 24.841365727388677 4.612505119480554
v 30.062233029278627 24.841365727388677 4.6124966491191053
v 30.162133029278632 25.191565727388678 4.6100888581573223
v 30.199999999999985 25.191565727388678 4.610098242263267
v 30.199999999999985 25.199999999999989 4.6100396563907422
v 30.012133029278626 25.041565727388676 4.6110936106655149
v 30.012233029278626 25.041465727388676 4.6110943300640619
v 30.012203739956746 25.041536438066796 4.6110938316374162
v 30.162062318600512 25.191536438066798 4.6100890440825077
v 30.162033029278632 25.191465727388678 4.6100895279923275
v 30.162033029278632 25.041465727388676 4.6111314531569265
v 30.162033029278632 25.141465727388677 4.6104368363805275
v 30.162033029278632 25.091465727388677 4.6107841447687266
v 30.199999999999985 25.396723645912083 4.608673180943093
v 30.189326742949692 25.399999999999988 4.6086477778158308
v 30.20271531886516 24.991365727388679 4.6114895379537195
v 30.212033029278633 25.191565727388678 4.6101012242610198
v 30.212033029278633 25.199999999999989 4.6100426383884949
v 30.344451962468078 25.191365727388682 4.6101354292512733
v 30.31223302927863 25.191365727388682 4.6101274448290521
v 30.31223302927863 25.145902631367147 4.6104432391210883
v 30.273583640666619 25.091365727388681 4.610812483602496
v 30.262233029278629 25.091365727388681 4.6108096707199824
v 30.262233029278629 25.075349246259371 4.6109209238848949
v 30.238149479765891 25.04136572738868 4.6111510107781077
v 30.212233029278629 25.04136572738868 4.6111445882227127
v 30.212233029278629 25.004795861151592 4.6113986086487024
v 30.262033029278633 25.377650760895655 4.6088210372853817
v 30.26204643673201 25.377677342082894 4.6088208559705999
v 30.212133029278633 25.34156572738868 4.6090593238781929
v 30.262033029278633 25.34156572738868 4.6090716899818904
v 30.212033029278633 25.241465727388679 4.6097546104895972
v 30.212062318600513 25.3415364380668 4.6090595098033775
v 30.212033029278633 25.29146572738868 4.6094073021013973
v 30.212033029278633 25.34146572738868 4.6090599937131982
v 30.362133029278631 25.34156572738868 4.6090964965345984
v 30.379685902977531 25.34156572738868 4.6091008464475518
v 30.31223302927863 25.36227163725696 4.6089403037072501
v 30.31223302927863 25.34156572738868 4.6090841304309009
v 30.379886123368806 25.241365727388683 4.6097969020756624
v 30.362233029278631 25.241365727388683 4.6097925273263209
v 30.362233029278631 25.216456016474922 4.6099655543572808
v 30.412233029278632 25.291465727388683 4.6094569152068141
v 30.412233029278632 25.287009401582701 4.6094878695934733
v 30.438172751108695 25.323612105260001 4.6092400493955612
v 30.412233029278632 25.331574783686705 4.6091783109729123
vn -0.00024781172347142352 0.006945999983091887 0.99997584554507335
vn -0.00024781172347126788 0.0069459999830936954 0.99997584554507335
vn -0.00024781172346992092 0.0069459999830980591 0.99997584554507346
vn -0.00024781172347741 0.0069459999830963244 0.99997584554507335
vn -0.00024781172347811635 0.0069459999830970738 0.99997584554507335
vn -0.00024781172347107321 0.0069459999830922339 0.99997584554507346
vn -0.00024781172347119318 0.0069459999830909927 0.99997584554507346
vn -0.00024781172347160702 0.0069459999830952792 0.99997584554507346
vn -0.00024781172347085204 0.0069459999830933884 0.99997584554507346
vn -0.00024781172347145339 0.0069459999830917222 0.99997584554507346
vn -0.00024781172347116174 0.0069459999830921342 0.99997584554507346
vn -0.00024781172347147198 0.0069459999830928472 0.99997584554507346
vn -0.00024781172347002387 0.0069459999830943581 0.99997584554507335
vn -0.00024781172347025106 0.0069459999830942566 0.99997584554507346
vn -0.0002478117234723317 0.0069459999830923493 0.99997584554507346
vn -0.0002478117234717426 0.0069459999830920102 0.99997584554507335
vn -0.0002478117234695685 0.0069459999830942774 0.99997584554507346
vn -0.00024781172347137083 0.0069459999830916667 0.99997584554507346
vn -0.00024781172347260465 0.0069459999830928402 0.99997584554507346
vn -0.0002478117234722165 0.0069459999830927118 0.99997584554507346
vn -0.00024781172349057877 0.0069459999831061195 0.99997584554507335
vn -0.00024781172346964098 0.0069459999830934083 0.99997584554507346
vn -0.00024781172346883694 0.0069459999830923415 0.99997584554507335
vn -0.00024781172347160041 0.0069459999830926988 0.99997584554507346
vn -0.00024781172347223136 0.0069459999830889197 0.99997584554507357
vn -0.00024781172347062999 0.0069459999830917343 0.99997584554507335
vn -0.0002478117234695221 0.0069459999830942315 0.99997584554507335
vn -0.0002478117234717426 0.006945999983092011 0.99997584554507335
vn -0.0002478117234717426 0.0069459999830920102 0.99997584554507335
vn -0.0002478117234696766 0.0069459999830943867 0.99997584554507357
vn -0.00024781172347078601 0.0069459999830916155 0.99997584554507346
vn -0.00024781172346536169 0.0069459999830885173 0.99997584554507346
vn -0.00024781172347111322 0.0069459999830924135 0.99997584554507346
vn -0.00024781172346899371 0.0069459999831003767 0.99997584554507335
vn -0.00024781172347094409 0.0069459999830924352 0.99997584554507357
vn -0.00024781172347026234 0.0069459999830927509 0.99997584554507335
vn -0.0002478117234717426 0.006945999983092011 0.99997584554507335
vn -0.0002478117234717426 0.0069459999830920102 0.99997584554507335
vn -0.0002478117234695221 0.0069459999830942315 0.99997584554507335
vn -0.0002478117234717426 0.006945999983092011 0.99997584554507335
vn -0.00024781172347184311 0.0069459999830921125 0.99997584554507346
vn -0.00024781172347196876 0.0069459999830918939 0.99997584554507346
vn -0.00024781172347191239 0.0069459999830916537 0.99997584554507335
vn -0.00024781172347178667 0.0069459999830922348 0.99997584554507357
vn -0.00024781172348101855 0.0069459999830985431 0.99997584554507346
vn -0.00024781172347055074 0.0069459999830948161 0.99997584554507346
vn -0.0002478117234703294 0.0069459999830944856 0.99997584554507335
vn -0.00024781172347083816 0.0069459999830923285 0.99997584554507346
vn -0.0002478117234717426 0.006945999983092011 0.99997584554507335
vn -0.0002478117234717426 0.0069459999830920102 0.99997584554507335
vn -0.0002478117234695221 0.0069459999830942315 0.99997584554507335
vn -0.0002478117234717426 0.006945999983092011 0.99997584554507335
vn -0.0002478117234717426 0.0069459999830920102 0.99997584554507335
vn -0.0002478117234717426 0.006945999983092011 0.99997584554507335
vn -0.0002478117234717426 0.0069459999830920102 0.99997584554507335
vn -0.00024781172346989479 0.0069459999830946044 0.99997584554507346
vn -0.00024781172347146748 0.0069459999830921281 0.99997584554507335
vn -0.00024781172346793017 0.006945999983090337 0.99997584554507346
vn -0.00024781172347248067 0.006945999983093561 0.99997584554507346
vn -0.00024781172347203837 0.0069459999830940623 0.99997584554507346
vn -0.0002478117234708863 0.006945999983091684 0.99997584554507346
vn -0.00024781172348941884 0.0069459999830437181 0.99997584554507379
vn -0.0002478117234721733 0.0069459999830915817 0.99997584554507335
vn -0.0002478117234717426 0.0069459999830920102 0.99997584554507335
vn -0.0002478117234695221 0.0069459999830942315 0.99997584554507335
vn -0.0002478117234717426 0.006945999983092011 0.99997584554507335
vn -0.0002478117234717426 0.0069459999830920102 0.99997584554507335
vn -0.00024781172347026234 0.0069459999830927509 0.99997584554507335
vn -0.00024781172347100258 0.0069459999830912703 0.99997584554507335
vn -0.0002478117234695221 0.0069459999830942315 0.99997584554507335
vn -0.0002478117234717426 0.006945999983092011 0.99997584554507335
vn -0.00024781172347197099 0.00694599998309224 0.99997584554507346
vn -0.00024781172347088716 0.006945999983093973 0.99997584554507335
vn -0.0002478117234741479 0.0069459999830946556 0.99997584554507335
vn -0.00024781172347152305 0.0069459999830911723 0.99997584554507346
vn -0.0002478117234695015 0.0069459999830970114 0.99997584554507335
vn -0.00024781172347204878 0.0069459999830924542 0.99997584554507346
vn -0.0002478117234717426 0.0069459999830920102 0.99997584554507335
vn -0.0002478117234695221 0.0069459999830942315 0.99997584554507335
vn -0.0002478117234717426 0.006945999983092011 0.99997584554507335
vn -0.0002478117234717426 0.0069459999830920102 0.99997584554507335
vn -0.0002478117234695221 0.0069459999830942315 0.99997584554507335
vn -0.00024781172347100252 0.0069459999830912712 0.99997584554507335
vn -0.00024781172347026234 0.0069459999830927509 0.99997584554507335
vn -0.0002478117234717426 0.006945999983092011 0.99997584554507335
vn -0.0002478117234717426 0.0069459999830920102 0.99997584554507335
vn -0.0002478117234695221 0.0069459999830942315 0.99997584554507335
vn -0.00024781172347142558 0.0069459999830916944 0.99997584554507346
vn -0.00024781172347128339 0.0069459999830923189 0.99997584554507335
vn -0.00024781172347191515 0.0069459999830939591 0.99997584554507346
vn -0.00024781172347202937 0.0069459999830926997 0.99997584554507346
vn -0.00024781172347363816 0.0069459999830948777 0.99997584554507346
vn -0.00024781172347234276 0.006945999983092397 0.99997584554507357
vn -0.00024781172347118293 0.0069459999830919416 0.99997584554507357
vn -0.00024781172347103825 0.0069459999830916563 0.99997584554507335
vn -0.0002478117234695221 0.0069459999830942315 0.99997584554507335
vn -0.0002478117234717426 0.006945999983092011 0.99997584554507335
vn -0.0002478117234717426 0.0069459999830920102 0.99997584554507335
vn -0.0002478117234695221 0.0069459999830942315 0.99997584554507335
vn -0.0002478117234717426 0.006945999983092011 0.99997584554507335
vn -0.0002478117234717426 0.0069459999830920102 0.99997584554507335
vn -0.0002478117234717426 0.006945999983092011 0.99997584554507335
vn -0.0002478117234717426 0.0069459999830920102 0.99997584554507335
vn -0.0002478117234695221 0.0069459999830942315 0.99997584554507335
vn -0.0002478117234717426 0.006945999983092011 0.99997584554507335
vn -0.0002478117234717426 0.0069459999830920102 0.99997584554507335
vn -0.0002478117234717426 0.006945999983092011 0.99997584554507335
vn -0.00024781172347208423 0.0069459999830923528 0.99997584554507335
vn -0.00024781172347023599 0.006945999983093633 0.99997584554507346
vn -0.00024781172346919397 0.006945999983091233 0.99997584554507346
vn -0.00024781172347102974 0.0069459999830920197 0.99997584554507346
vn -0.00024781172347000256 0.0069459999830904159 0.99997584554507346
vn -0.0002478117234695595 0.0069459999830928654 0.99997584554507346
vn -0.0002478117234717426 0.006945999983092011 0.99997584554507335
vn -0.0002478117234717426 0.0069459999830920102 0.99997584554507335
vn -0.0002478117234695221 0.0069459999830942315 0.99997584554507335
vn -0.0002478117234717426 0.006945999983092011 0.99997584554507335
vn -0.0002478117234717426 0.0069459999830920102 0.99997584554507335
vn -0.0002478117234717426 0.006945999983092011 0.99997584554507335
vn -0.0002478117234717426 0.0069459999830920102 0.99997584554507335
vn -0.0002478117234695221 0.0069459999830942315 0.99997584554507335
vn -0.0002478117234717426 0.006945999983092011 0.99997584554507335
vn -0.0002478117234717426 0.0069459999830920102 0.99997584554507335
vn -0.00024781172347026234 0.0069459999830927509 0.99997584554507335
vn -0.00024781172347100258 0.0069459999830912703 0.99997584554507335
vn -0.0002478117234695221 0.0069459999830942315 0.99997584554507335
vn -0.00024781172347153546 0.0069459999830918037 0.99997584554507346
vn -0.00024781172347176461 0.0069459999830924959 0.99997584554507346
vn -0.00024781172347135142 0.0069459999830925653 0.99997584554507335
vn -0.00024781172346979077 0.0069459999830935671 0.99997584554507346
vn -0.00024781172344255631 0.0069459999830722126 0.99997584554507357
vn -0.00024781172347045007 0.0069459999830908834 0.99997584554507346
vn -0.00024781172347152164 0.0069459999830943928 0.99997584554507346
vn -0.0002478117234714445 0.0069459999830928437 0.99997584554507335
vn -0.0002478117234720439 0.0069459999830966861 0.99997584554507346
vn -0.00024781172347110368 0.0069459999830922105 0.99997584554507346
vn -0.00024781172347111647 0.0069459999830913857 0.99997584554507346
vn -0.0002478117234695221 0.0069459999830942315 0.99997584554507335
vn -0.0002478117234717426 0.006945999983092011 0.99997584554507335
vn -0.0002478117234717426 0.0069459999830920102 0.99997584554507335
vn -0.0002478117234717426 0.006945999983092011 0.99997584554507335
vn -0.0002478117234717426 0.0069459999830920102 0.99997584554507335
vn -0.0002478117234695221 0.0069459999830942315 0.99997584554507335
vn -0.0002478117234717426 0.006945999983092011 0.99997584554507335
vn -0.0002478117234717426 0.0069459999830920102 0.99997584554507335
vn -0.0002478117234695221 0.0069459999830942315 0.99997584554507335
vn -0.00024781172347100252 0.0069459999830912712 0.99997584554507335
vn -0.00024781172347026234 0.0069459999830927509 0.99997584554507335
vn -0.0002478117234717426 0.006945999983092011 0.99997584554507335
vn -0.0002478117234717426 0.0069459999830920102 0.99997584554507335
vn -0.0002478117234695221 0.0069459999830942315 0.99997584554507335
vn -0.00024781172347136129 0.0069459999830916302 0.99997584554507335
vn -0.00024781172347117171 0.0069459999830921177 0.99997584554507346
vn -0.00024781172347278761 0.0069459999830937796 0.99997584554507335
vn -0.00024781172347233425 0.0069459999830930744 0.99997584554507335
vn -0.0002478117234699522 0.0069459999830973765 0.99997584554507346
vn -0.00024781172346930222 0.0069459999830940441 0.99997584554507335
vn -0.00024781172347019431 0.0069459999830941508 0.99997584554507335
vn -0.0002478117234704955 0.0069459999830903153 0.99997584554507335
vn -0.00024781172347010784 0.0069459999830933207 0.99997584554507346
vn -0.00024781172347160572 0.006945999983091874 0.99997584554507335
vn -0.0002478117234717426 0.0069459999830920102 0.99997584554507335
vn -0.0002478117234717426 0.006945999983092011 0.99997584554507335
vn -0.0002478117234717426 0.0069459999830920102 0.99997584554507335
vn -0.0002478117234695221 0.0069459999830942315 0.99997584554507335
vn -0.0002478117234717426 0.006945999983092011 0.99997584554507335
vn -0.0002478117234717426 0.0069459999830920102 0.99997584554507335
vn -0.0002478117234695221 0.0069459999830942315 0.99997584554507335
vn -0.0002478117234717426 0.006945999983092011 0.99997584554507335
vn -0.0002478117234717426 0.0069459999830920102 0.99997584554507335
vn -0.0002478117234717426 0.006945999983092011 0.99997584554507335
vn -0.0002478117234717426 0.0069459999830920102 0.99997584554507335
vn -0.0002478117234695221 0.0069459999830942315 0.99997584554507335
vn -0.0002478117234717426 0.006945999983092011 0.99997584554507335
vn -0.0002478117234717426 0.0069459999830920102 0.99997584554507335
vn -0.00024781172347165223 0.0069459999830919208 0.99997584554507335
vn -0.00024781172347236911 0.0069459999830930527 0.99997584554507346
vn -0.00024781172347650783 0.0069459999830964155 0.99997584554507335
vn -0.00024781172347157899 0.0069459999830942133 0.99997584554507346
vn -0.00024781172347229918 0.0069459999830934326 0.99997584554507335
vn -0.00024781172347080205 0.0069459999830922443 0.99997584554507335
vn -0.00024781172347168861 0.0069459999830909598 0.99997584554507346
vn -0.00024781172347217276 0.0069459999830924421 0.99997584554507346
vn -0.0002478117234717426 0.0069459999830920102 0.99997584554507335
vn -0.0002478117234695221 0.0069459999830942315 0.99997584554507335
vn -0.0002478117234717426 0.006945999983092011 0.99997584554507335
vn -0.0002478117234717426 0.0069459999830920102 0.99997584554507335
vn -0.0002478117234695221 0.0069459999830942315 0.99997584554507335
vn -0.0002478117234717426 0.006945999983092011 0.99997584554507335
vn -0.0002478117234717426 0.0069459999830920102 0.99997584554507335
vn -0.0002478117234717426 0.006945999983092011 0.99997584554507335
vn -0.0002478117234717426 0.0069459999830920102 0.99997584554507335
vn -0.0002478117234695221 0.0069459999830942315 0.99997584554507335
vn -0.0002478117234717426 0.006945999983092011 0.99997584554507335
vn -0.0002478117234717426 0.0069459999830920102 0.99997584554507335
vn -0.00024781172347026234 0.0069459999830927509 0.99997584554507335
vn -0.00024781172347100258 0.0069459999830912703 0.99997584554507335
vn -0.00024781172346970587 0.0069459999830944145 0.99997584554507335
vn -0.000247811723471337 0.0069459999830912425 0.99997584554507346
vn -0.00024781172347089513 0.0069459999830906571 0.99997584554507346
vn -0.00024781172347148331 0.0069459999830928393 0.99997584554507346
vn -0.00024781172348006906 0.0069459999831002284 0.99997584554507335
vn -0.00024781172346990076 0.00694599998309328 0.99997584554507346
vn -0.00024781172346598554 0.0069459999830858111 0.99997584554507335
vn -0.00024781172347182733 0.0069459999830919078 0.99997584554507346
vn -0.00024781172347119286 0.0069459999830925479 0.99997584554507357
vn -0.0002478117234703636 0.0069459999830937631 0.99997584554507346
vn -0.00024781172347226226 0.0069459999830925323 0.99997584554507346
vn -0.0002478117234717426 0.0069459999830920102 0.99997584554507335
vn -0.0002478117234695221 0.0069459999830942315 0.99997584554507335
vn -0.0002478117234717426 0.006945999983092011 0.99997584554507335
vn -0.0002478117234717426 0.0069459999830920102 0.99997584554507335
vn -0.0002478117234717426 0.006945999983092011 0.99997584554507335
vn -0.0002478117234717426 0.0069459999830920102 0.99997584554507335
vn -0.0002478117234695221 0.0069459999830942315 0.99997584554507335
vn -0.0002478117234717426 0.006945999983092011 0.99997584554507335
vn -0.0002478117234717426 0.0069459999830920102 0.99997584554507335
vn -0.0002478117234695221 0.0069459999830942315 0.99997584554507335
vn -0.00024781172347100252 0.0069459999830912712 0.99997584554507335
vn -0.00024781172347026234 0.0069459999830927509 0.99997584554507335
vn -0.0002478117234717426 0.006945999983092011 0.99997584554507335
vn -0.0002478117234717426 0.0069459999830920102 0.99997584554507335
vn -0.00024781172346982681 0.006945999983094535 0.99997584554507335
vn -0.00024781172347072014 0.0069459999830916476 0.99997584554507335
vn -0.00024781172346421618 0.0069459999830877063 0.99997584554507346
vn -0.00024781172347078872 0.006945999983091697 0.99997584554507335
vn -0.00024781172346588878 0.0069459999830908436 0.99997584554507346
vn -0.00024781172346975081 0.0069459999830918029 0.99997584554507335
vn -0.0002478117234715778 0.0069459999830926416 0.99997584554507346
vn -0.00024781172347105115 0.0069459999830919373 0.99997584554507335
vn -0.00024781172347010291 0.0069459999830948117 0.99997584554507346
vn -0.0002478117234717426 0.006945999983092011 0.99997584554507335
vn -0.0002478117234717426 0.0069459999830920102 0.99997584554507335
vn -0.0002478117234717426 0.006945999983092011 0.99997584554507335
vn -0.0002478117234717426 0.0069459999830920102 0.99997584554507335
vn -0.0002478117234695221 0.0069459999830942315 0.99997584554507335
vn -0.0002478117234717426 0.006945999983092011 0.99997584554507335
vn -0.0002478117234717426 0.0069459999830920102 0.99997584554507335
vn -0.0002478117234695221 0.0069459999830942315 0.99997584554507335
vn -0.0002478117234717426 0.006945999983092011 0.99997584554507335
vn -0.0002478117234717426 0.0069459999830920102 0.99997584554507335
vn -0.0002478117234717426 0.006945999983092011 0.99997584554507335
vn -0.0002478117234717426 0.0069459999830920102 0.99997584554507335
vn -0.0002478117234695221 0.0069459999830942315 0.99997584554507335
vn -0.0002478117234717426 0.006945999983092011 0.99997584554507335
vn -0.00024781172347209074 0.0069459999830922547 0.99997584554507346
vn -0.00024781172346979949 0.0069459999830948941 0.99997584554507335
vn -0.0002478117234711599 0.0069459999830940641 0.99997584554507346
vn -0.00024781172315425785 0.0069459999828720455 0.99997584554507501
vn -0.00024781172315425378 0.0069459999852682693 0.99997584554505847
vn -0.00024781172346425271 0.0069459999830876447 0.99997584554507346
vn -0.00024781172347073982 0.0069459999830938732 0.99997584554507335
vn -0.0002478117234714877 0.0069459999830933485 0.99997584554507346
vn -0.00024781172347163461 0.0069459999830909598 0.99997584554507346
vn -0.00024781172347215265 0.0069459999830924204 0.99997584554507335
vn -0.0002478117234717426 0.0069459999830920102 0.99997584554507335
vn -0.0002478117234695221 0.0069459999830942315 0.99997584554507335
vn -0.0002478117234717426 0.006945999983092011 0.99997584554507335
vn -0.0002478117234717426 0.0069459999830920102 0.99997584554507335
vn -0.0002478117234695221 0.0069459999830942315 0.99997584554507335
vn -0.0002478117234717426 0.006945999983092011 0.99997584554507335
vn -0.0002478117234717426 0.0069459999830920102 0.99997584554507335
vn -0.0002478117234717426 0.006945999983092011 0.99997584554507335
vn -0.0002478117234717426 0.0069459999830920102 0.99997584554507335
vn -0.0002478117234695221 0.0069459999830942315 0.99997584554507335
vn -0.0002478117234717426 0.006945999983092011 0.99997584554507335
vn -0.0002478117234717426 0.0069459999830920102 0.99997584554507335
vn -0.00024781172346944138 0.0069459999830945845 0.99997584554507357
vn -0.00024781172347065964 0.0069459999830923276 0.99997584554507346
vn -0.00024781172348003398 0.0069459999831012935 0.99997584554507335
vn -0.00024781172347091199 0.0069459999830895442 0.99997584554507346
vn -0.00024781172347214885 0.0069459999830917976 0.99997584554507346
vn -0.0002478117234712024 0.0069459999830928992 0.99997584554507346
vn -0.00024781172346952205 0.0069459999830942306 0.99997584554507335
vn -0.00024781172347094815 0.0069459999830923718 0.99997584554507335
vn -0.00024781172347129846 0.0069459999830915661 0.99997584554507335
vn -0.0002478117234695221 0.0069459999830942315 0.99997584554507335
vn -0.0002478117234717426 0.006945999983092011 0.99997584554507335
vn -0.0002478117234717426 0.0069459999830920102 0.99997584554507335
vn -0.0002478117234717426 0.006945999983092011 0.99997584554507335
vn -0.0002478117234717426 0.0069459999830920102 0.99997584554507335
vn -0.0002478117234695221 0.0069459999830942315 0.99997584554507335
vn -0.0002478117234717426 0.006945999983092011 0.99997584554507335
vn -0.0002478117234717426 0.0069459999830920102 0.99997584554507335
vn -0.00024781172346992396 0.006945999983093829 0.99997584554507346
vn -0.00024781172347168237 0.0069459999830922868 0.99997584554507346
vn -0.0002478117234793679 0.0069459999830695637 0.99997584554507357
vn -0.00024781172346983674 0.0069459999830932626 0.99997584554507335
vn -0.00024781172347917144 0.0069459999830987062 0.99997584554507346
vn -0.00024781172346665981 0.0069459999831034819 0.99997584554507335
vn -0.00024781172347113181 0.0069459999830938533 0.99997584554507346
vn -0.00024781172347094306 0.0069459999830977694 0.99997584554507335
vn -0.00024781172345691071 0.0069459999830805237 0.99997584554507346
vn -0.00024781172346030985 0.0069459999830805141 0.99997584554507357
vn -0.0002478117221042893 0.0069459999806708887 0.99997584554509056
vn -0.00024781172346689416 0.0069459999830935107 0.99997584554507335
vn -0.00024781172347728553 0.0069459999831064708 0.99997584554507357
vn -0.00024781172347059199 0.0069459999830916068 0.99997584554507346
vn -0.00024781172347425665 0.0069459999830852256 0.99997584554507346
vn -0.00024781172346990846 0.0069459999830892329 0.99997584554507357
vn -0.0002478117234760117 0.0069459999830878572 0.99997584554507335
vn -0.00024781172346888616 0.0069459999831064725 0.99997584554507335
vn -0.00024781172562329075 0.0069459999771515355 0.99997584554511409
vn -0.00024781172347916955 0.0069459999830961154 0.99997584554507346
vn -0.00024781172346666094 0.0069459999830922712 0.99997584554507335
vn -0.00024781172347048861 0.006945999983092652 0.99997584554507357
vn -0.00024781172347125558 0.006945999983093855 0.99997584554507346
vn -0.00024781172635687701 0.0069459999837811846 0.99997584554506802
vn -0.00024781172347130193 0.0069459999830926086 0.99997584554507346
vn -0.00024781172347129846 0.0069459999830915661 0.99997584554507335
vn -0.00024781172347026234 0.0069459999830927509 0.99997584554507335
vn -0.00024781172347100258 0.0069459999830912703 0.99997584554507335
vn -0.0002478117234695221 0.0069459999830942315 0.99997584554507335
vn -0.0002478117234717426 0.006945999983092011 0.99997584554507335
vn -0.0002478117234717426 0.0069459999830920102 0.99997584554507335
vn -0.0002478117234695221 0.0069459999830942315 0.99997584554507335
vn -0.00024781172347119475 0.0069459999830920501 0.99997584554507346
vn -0.00024781172347146342 0.0069459999830928732 0.99997584554507335
vn -0.00024781172347139999 0.0069459999830913518 0.99997584554507335
vn -0.00024781172350267592 0.006945999983088284 0.99997584554507357
vn -0.00024781172345036869 0.0069459999830919252 0.99997584554507357
vn -0.00024781172345145398 0.006945999983093731 0.99997584554507346
vn -0.00024781172344438455 0.0069459999830791871 0.99997584554507357
vn -0.0002478117234157743 0.0069459999830365875 0.9999758455450739
vn -0.00024781172346636219 0.0069459999830910509 0.99997584554507346
vn -0.0002478117234748458 0.0069459999830965005 0.99997584554507335
vn -0.00024781172346404222 0.0069459999830946617 0.99997584554507346
vn -0.00024781172346404222 0.0069459999830946617 0.99997584554507346
vn -0.00024781172346404222 0.0069459999830946617 0.99997584554507346
vn -0.00024781172343395756 0.0069459999830924135 0.99997584554507346
vn -0.00024781172340409587 0.0069459999830996134 0.99997584554507335
vn -0.00024781172341256804 0.0069459999830913917 0.99997584554507346
vn -0.00024781172349353441 0.006945999983102703 0.99997584554507335
vn -0.00024781172349353441 0.006945999983102703 0.99997584554507335
vn -0.00024781172349353441 0.006945999983102703 0.99997584554507335
vn -0.00024781172344661112 0.0069459999830933337 0.99997584554507357
vn -0.00024781172344661112 0.0069459999830933337 0.99997584554507357
vn -0.00024781172344661112 0.0069459999830933337 0.99997584554507357
vn -0.00024781172347479577 0.0069459999830950815 0.99997584554507346
vn -0.00024781172347446503 0.0069459999830947458 0.99997584554507335
vn -0.00024781172347238255 0.0069459999830896934 0.99997584554507357
vn -0.00024781172347337335 0.00694599998309243 0.99997584554507346
vn -0.00024781172345319033 0.0069459999830941482 0.99997584554507346
vn -0.0002478117234610798 0.0069459999830767307 0.99997584554507346
vn -0.00024781172346665959 0.0069459999830823113 0.99997584554507357
vn -0.00024781172346889066 0.0069459999830845526 0.99997584554507357
vn -0.00024781172347887416 0.0069459999831123238 0.99997584554507335
vn -0.00024781172346665954 0.0069459999831001087 0.99997584554507335
vn -0.0002478117234647875 0.006945999983090121 0.99997584554507346
vn -0.00024781172347548093 0.0069459999830945463 0.99997584554507346
vn -0.00024781172347162697 0.0069459999830967642 0.99997584554507346
vn -0.0002478117234708689 0.0069459999830920292 0.99997584554507346
vn -0.00024781172347425117 0.0069459999830852265 0.99997584554507346
vn -0.00024781172347887416 0.0069459999831123238 0.99997584554507335
vn -0.00024781172346665954 0.0069459999831001087 0.99997584554507335
vn -0.00024781172347407282 0.0069459999830922972 0.99997584554507357
vn -0.00024781172347350031 0.0069459999830941083 0.99997584554507346
vn -0.00024781172345504995 0.0069459999831069982 0.99997584554507324
vn -0.00024781172346929138 0.0069459999830983219 0.99997584554507335
vn -0.00024781172347919297 0.0069459999830964259 0.99997584554507346
vn -0.00024781172347397551 0.0069459999830925826 0.99997584554507346
vn -0.00024781172347103706 0.0069459999830931178 0.99997584554507346
vn -0.00024781172347156875 0.0069459999830939114 0.99997584554507346
vn -0.00024781172635727935 0.0069459999837815862 0.9999758455450678
vn -0.00024781172347079772 0.0069459999830919876 0.99997584554507335
vn -0.0002478117234695221 0.0069459999830924551 0.99997584554507335
vn -0.0002478117234717426 0.006945999983092011 0.99997584554507335
vn -0.0002478117234717426 0.0069459999830920102 0.99997584554507335
vn -0.0002478117234695221 0.0069459999830942315 0.99997584554507335
vn -0.0002478117234717426 0.006945999983092011 0.99997584554507335
vn -0.00024781172347191857 0.0069459999830926598 0.99997584554507346
vn -0.00024781172346993236 0.0069459999830960338 0.99997584554507346
vn -0.00024781172338383126 0.006945999983018483 0.99997584554507402
vn -0.00024781172347452694 0.0069459999830841892 0.99997584554507346
vn -0.00024781172338383115 0.0069459999830816122 0.99997584554507368
vn -0.00024781172348395451 0.0069459999830914906 0.99997584554507335
vn -0.0002478117235700149 0.006945999983160582 0.99997584554507291
vn -0.00024781172348395451 0.0069459999830914906 0.99997584554507335
vn -0.00024781172347251867 0.0069459999830823096 0.99997584554507335
vn -0.00024781172345891502 0.00694599998306537 0.99997584554507368
vn -0.00024781172345891502 0.00694599998306537 0.99997584554507368
vn -0.00024781172345891502 0.00694599998306537 0.99997584554507368
vn -0.00024781172347612673 0.0069459999830842351 0.99997584554507357
vn -0.00024781172348827809 0.0069459999830941508 0.99997584554507346
vn -0.00024781172347624491 0.0069459999830958638 0.99997584554507335
vn -0.00024781172347624491 0.0069459999830958638 0.99997584554507335
vn -0.00024781172347624491 0.0069459999830958638 0.99997584554507335
vn -0.00024781172347695447 0.0069459999830870636 0.99997584554507346
vn -0.00024781172347695441 0.0069459999831151835 0.99997584554507335
vn -0.00024781172347714838 0.0069459999831151843 0.99997584554507324
vn -0.00024781172346887261 0.0069459999830917768 0.99997584554507335
vn -0.00024781172346967036 0.0069459999830924508 0.99997584554507346
vn -0.0002478117234737184 0.00694599998309243 0.99997584554507346
vn -0.0002478117234701048 0.0069459999830963183 0.99997584554507335
vn -0.00024781172346664192 0.0069459999831001078 0.99997584554507335
vn -0.00024781172346842104 0.0069459999830941586 0.99997584554507346
vn -0.0002478117234610798 0.0069459999830767307 0.99997584554507346
vn -0.00024781172346665959 0.0069459999830823113 0.99997584554507357
vn -0.00024781172346996673 0.0069459999830947111 0.99997584554507357
vn -0.00024781172347799698 0.0069459999830892658 0.99997584554507346
vn -0.00024781172347887215 0.0069459999831089567 0.99997584554507335
vn -0.00024781172346665954 0.0069459999830967199 0.99997584554507346
vn -0.00024781172347276636 0.0069459999830967208 0.99997584554507335
vn -0.00024781172347294753 0.0069459999830792721 0.99997584554507346
vn -0.00024781172346664262 0.0069459999830937718 0.99997584554507346
vn -0.00024781172346462991 0.0069459999830907811 0.99997584554507335
vn -0.00024781172347104855 0.0069459999830967026 0.99997584554507335
vn -0.00024781172346092373 0.006945999983102494 0.99997584554507335
vn -0.00024781172347509989 0.0069459999830909077 0.99997584554507346
vn -0.00024781172346604794 0.0069459999830844945 0.99997584554507346
vn -0.00024781172345579892 0.0069459999830881808 0.99997584554507357
vn -0.00024781172347647937 0.0069459999830902563 0.99997584554507346
vn -0.00024781172347025556 0.0069459999830901679 0.99997584554507346
vn -0.00024781172347330109 0.0069459999830544274 0.99997584554507368
vn -0.00024781172347424581 0.0069459999830857209 0.99997584554507346
vn -0.00024781172347887416 0.0069459999831123238 0.99997584554507335
vn -0.00024781172346665954 0.0069459999831001087 0.99997584554507335
vn -0.00024781172348298209 0.0069459999831041428 0.99997584554507346
vn -0.00024781172702177873 0.0069459999844460546 0.99997584554506314
vn -0.00024781172318670856 0.0069459999884693346 0.99997584554503616
vn -0.00024781172345716529 0.006945999983105809 0.99997584554507346
vn -0.00024781172347125162 0.0069459999830926954 0.99997584554507346
vn -0.00024781172347228622 0.0069459999830922964 0.99997584554507346
vn -0.00024781172345580114 0.0069459999830911419 0.99997584554507346
vn -0.00024781172347397725 0.0069459999830928931 0.99997584554507346
vn -0.00024781172347138948 0.0069459999830918783 0.99997584554507346
vn -0.00024781172347644836 0.0069459999830950589 0.99997584554507346
vn -0.00024781172636504983 0.0069459999837893577 0.99997584554506802
vn -0.00024781172347129846 0.0069459999830915661 0.99997584554507335
vn -0.0002478117234695221 0.0069459999830942315 0.99997584554507335
vn -0.0002478117234717426 0.006945999983092011 0.99997584554507335
vn -0.00024781172347185633 0.0069459999830918983 0.99997584554507357
vn -0.00024781172347115274 0.0069459999830938013 0.99997584554507346
vn -0.00024781172347481816 0.0069459999830853731 0.99997584554507346
vn -0.00024781172348670546 0.0069459999830944787 0.99997584554507346
vn -0.00024781172348670546 0.0069459999830944787 0.99997584554507346
vn -0.00024781172348670546 0.0069459999830944787 0.99997584554507346
vn -0.00024781172348982162 0.0069459999831102881 0.99997584554507335
vn -0.00024781172348982162 0.0069459999831102881 0.99997584554507335
vn -0.00024781172348982162 0.0069459999831102881 0.99997584554507335
vn -0.0002478117234777571 0.0069459999831151835 0.99997584554507335
vn -0.0002478117234777571 0.0069459999831022875 0.99997584554507346
vn -0.0002478117234917135 0.0069459999830930918 0.99997584554507346
vn -0.00024781172367392901 0.0069459999832323111 0.99997584554507246
vn -0.00024781172349152609 0.0069459999830934361 0.99997584554507346
vn -0.00024781172347037184 0.006945999983132411 0.99997584554507313
vn -0.00024781172347759827 0.0069459999830827797 0.99997584554507346
vn -0.00024781172345262085 0.0069459999831024558 0.99997584554507335
vn -0.00024781172345262085 0.0069459999831024558 0.99997584554507335
vn -0.00024781172345262085 0.0069459999831024558 0.99997584554507335
vn -0.00024781172347902313 0.0069459999830945862 0.99997584554507335
vn -0.00024781172348685871 0.0069459999830912078 0.99997584554507346
vn -0.0002478117234610798 0.0069459999830767307 0.99997584554507346
vn -0.00024781172346665959 0.0069459999830823113 0.99997584554507357
vn -0.00024781172346819471 0.0069459999830909615 0.99997584554507346
vn -0.00024781172346666008 0.0069459999830996134 0.99997584554507335
vn -0.00024781172347970016 0.0069459999830909702 0.99997584554507346
vn -0.00024781172347282621 0.0069459999830964372 0.99997584554507346
vn -0.00024781172347068897 0.0069459999830916866 0.99997584554507357
vn -0.0002478117234666147 0.0069459999831084666 0.99997584554507335
vn -0.00024781172348475704 0.0069459999830881591 0.99997584554507335
vn -0.00024781172347775716 0.0069459999830823122 0.99997584554507357
vn -0.00024781172349398875 0.0069459999830901141 0.99997584554507335
vn -0.00024781172347031248 0.0069459999830859803 0.99997584554507335
vn -0.00024781172348444061 0.0069459999831001078 0.99997584554507335
vn -0.0002478117234664035 0.0069459999830822298 0.99997584554507357
vn -0.00024781172347055307 0.0069459999830813954 0.99997584554507357
vn -0.00024781172346840824 0.0069459999830962958 0.99997584554507346
vn -0.00024781172347360174 0.0069459999831022884 0.99997584554507346
vn -0.00024781172347122619 0.0069459999830937154 0.99997584554507346
vn -0.00024781172347424028 0.0069459999830852256 0.99997584554507346
vn -0.00024781172346423071 0.0069459999830962307 0.99997584554507346
vn -0.00024781172346514642 0.0069459999830994721 0.99997584554507324
vn -0.00024781172346107947 0.0069459999830762363 0.99997584554507368
vn -0.00024781172346665959 0.006945999983081816 0.99997584554507357
vn -0.00024781172347351256 0.0069459999830941569 0.99997584554507335
vn -0.00024781172347271985 0.0069459999830915132 0.99997584554507346
vn -0.00024781172346626873 0.0069459999830770456 0.99997584554507357
vn -0.00024781172347705758 0.0069459999830900438 0.99997584554507346
vn -0.00024781172347206304 0.0069459999830930224 0.99997584554507357
vn -0.00024781172347923764 0.006945999983094084 0.99997584554507357
vn -0.00024781172346666057 0.0069459999830966583 0.99997584554507346
vn -0.00024781172347027801 0.006945999983092436 0.99997584554507357
vn -0.00024781172347532204 0.0069459999830994833 0.99997584554507346
vn -0.00024781172685202119 0.006945999984276305 0.99997584554506436
vn -0.00024781172347329897 0.0069459999830943555 0.99997584554507335
vn -0.00024781172347199619 0.0069459999830928498 0.99997584554507346
vn -0.00024781172347129846 0.0069459999830915661 0.99997584554507335
vn -0.00024781172346941021 0.0069459999830934109 0.99997584554507335
vn -0.00024781172347144981 0.0069459999830900907 0.99997584554507346
vn -0.0002478117234705593 0.0069459999830923198 0.99997584554507357
vn -0.00024781172347308013 0.0069459999830988172 0.99997584554507346
vn -0.00024781172347308013 0.0069459999830988172 0.99997584554507346
vn -0.00024781172347308013 0.0069459999830988172 0.99997584554507346
vn -0.00024781172272472535 0.0069459999831324145 0.99997584554507335
vn -0.000247811723502865 0.0069459999831078534 0.99997584554507335
vn -0.000247811723502865 0.0069459999831078534 0.99997584554507335
vn -0.000247811723502865 0.0069459999831078534 0.99997584554507335
vn -0.00024781172345513078 0.0069459999830961293 0.99997584554507335
vn -0.00024781172345513078 0.0069459999830961293 0.99997584554507335
vn -0.00024781172345513078 0.0069459999830961293 0.99997584554507335
vn -0.00024781172348458378 0.0069459999830510247 0.99997584554507379
vn -0.00024781172348458378 0.0069459999830510247 0.99997584554507379
vn -0.00024781172348458378 0.0069459999830510247 0.99997584554507379
vn -0.00024781172346861305 0.0069459999830514992 0.99997584554507368
vn -0.00024781172346665964 0.0069459999830215873 0.9999758455450739
vn -0.00024781172347372078 0.0069459999830821023 0.99997584554507346
vn -0.00024781172344462199 0.0069459999830921359 0.99997584554507346
vn -0.00024781172348281453 0.0069459999830926598 0.99997584554507346
vn -0.00024781172438308186 0.0069459999818074856 0.99997584554508234
vn -0.00024781172343965347 0.0069459999830930015 0.99997584554507346
vn -0.00024781172347656795 0.0069459999831482785 0.99997584554507302
vn -0.00024781172346665954 0.0069459999831298115 0.99997584554507313
vn -0.00024781172347372084 0.0069459999831107243 0.99997584554507335
vn -0.00024781172347210716 0.0069459999830949375 0.99997584554507335
vn -0.00024781172346666008 0.0069459999830996134 0.99997584554507335
vn -0.00024781172347552148 0.0069459999830955976 0.99997584554507346
vn -0.00024781172438428413 0.0069459999818086877 0.99997584554508223
vn -0.00024781172012088422 0.0069459999826543195 0.99997584554507724
vn -0.00024781172351548474 0.0069459999830930475 0.99997584554507346
vn -0.00024781172347654963 0.0069459999830931264 0.99997584554507346
vn -0.00024781172347662433 0.0069459999830943564 0.99997584554507357
vn -0.00024781172347926111 0.0069459999830945376 0.99997584554507346
vn -0.0002478117234704125 0.0069459999830939747 0.99997584554507346
vn -0.00024781172347023155 0.006945999983093934 0.99997584554507357
vn -0.00024781172346665677 0.0069459999830820615 0.99997584554507357
vn -0.00024781172347031248 0.0069459999831037785 0.99997584554507335
vn -0.00024781172346664192 0.0069459999831001078 0.99997584554507335
vn -0.0002478117234668599 0.0069459999830916806 0.99997584554507335
vn -0.0002478117268527083 0.006945999984276992 0.99997584554506436
vn -0.00024781172347047327 0.006945999983092469 0.99997584554507357
vn -0.00024781172346840819 0.0069459999830962958 0.99997584554507346
vn -0.00024781172347170108 0.006945999983090939 0.99997584554507346
vn -0.00024781172347406263 0.0069459999830865172 0.99997584554507346
vn -0.00024781172352411688 0.0069459999831002405 0.99997584554507335
vn -0.00024781172355791526 0.0069459999831522276 0.99997584554507291
vn -0.00024781172349678995 0.0069459999831141157 0.99997584554507324
vn -0.0002478117234638527 0.0069459999830953295 0.99997584554507346
vn -0.00024781172346934012 0.0069459999830731355 0.99997584554507357
vn -0.00024781172346934012 0.0069459999830731355 0.99997584554507357
vn -0.00024781172346934012 0.0069459999830731355 0.99997584554507357
vn -0.00024781172346077476 0.0069459999830948646 0.99997584554507346
vn -0.00024781172313134242 0.0069459999828562803 0.99997584554507524
vn -0.00024781172346077476 0.0069459999830948646 0.99997584554507346
vn -0.00024781172346801663 0.0069459999831001087 0.99997584554507335
vn -0.00024781172348283312 0.006945999983098642 0.99997584554507335
vn -0.00024781172348283312 0.006945999983098642 0.99997584554507335
vn -0.00024781172348283312 0.006945999983098642 0.99997584554507335
vn -0.00024781172346284379 0.0069459999830980557 0.99997584554507335
vn -0.00024781172345612917 0.0069459999830911671 0.99997584554507335
vn -0.00024781172346931307 0.0069459999830948273 0.99997584554507346
vn -0.00024781172347395719 0.0069459999830933624 0.99997584554507346
vn -0.00024781172347175274 0.0069459999830925488 0.99997584554507346
vn -0.00024781172348143922 0.0069459999830853297 0.99997584554507346
vn -0.00024781172346665948 0.0069459999831001087 0.99997584554507335
vn -0.00024781172346854274 0.0069459999830913163 0.99997584554507346
vn -0.00024781172346624656 0.0069459999830875172 0.99997584554507346
vn -0.00024781172346860102 0.0069459999830905842 0.99997584554507335
vn -0.00024781172348111108 0.0069459999831099663 0.99997584554507335
vn -0.00024781172347265555 0.0069459999830893274 0.99997584554507346
vn -0.00024781172347067911 0.0069459999830921507 0.99997584554507346
vn -0.00024781172341515522 0.0069459999830428455 0.99997584554507379
vn -0.00024781172345821924 0.006945999983083778 0.99997584554507346
vn -0.00024781172341515527 0.0069459999830052402 0.99997584554507413
vn -0.00024781172343453582 0.0069459999830675601 0.99997584554507368
vn -0.00024781172343453582 0.0069459999830675601 0.99997584554507368
vn -0.00024781172343453582 0.0069459999830675601 0.99997584554507368
vn -0.00024781172347030381 0.006945999983046177 0.99997584554507368
vn -0.00024781172346664203 0.0069459999830245138 0.9999758455450739
vn -0.00024781172347544027 0.0069459999830925462 0.99997584554507357
vn -0.00024781172347501879 0.0069459999831001087 0.99997584554507346
vn -0.00024781172347293002 0.0069459999830927144 0.99997584554507335
vn -0.00024781172347031265 0.0069459999830246179 0.9999758455450739
vn -0.00024781172347250669 0.0069459999830955984 0.99997584554507335
vn -0.00024781172343450503 0.0069459999830644489 0.99997584554507379
vn -0.00024781172347269242 0.0069459999830965352 0.99997584554507335
vn -0.00024781172347527596 0.0069459999831095708 0.99997584554507335
vn -0.00024781172347793919 0.0069459999831007835 0.99997584554507346
vn -0.00024781172346485212 0.0069459999831056034 0.99997584554507324
vn -0.00024781172346485212 0.0069459999831056034 0.99997584554507324
vn -0.00024781172346485212 0.0069459999831056034 0.99997584554507324
vn -0.00024781172345910964 0.0069459999830854017 0.99997584554507357
vn -0.00024781172346536538 0.0069459999830905703 0.99997584554507346
vn -0.00024781172347108655 0.0069459999830905035 0.99997584554507335
vn -0.00024781172346875898 0.0069459999830274403 0.9999758455450739
vn -0.00024781172347227375 0.0069459999830910274 0.99997584554507346
vn -0.00024781172346400394 0.0069459999830967 0.99997584554507346
vn -0.00024781172347401753 0.0069459999830976844 0.99997584554507346
vn -0.00024781172347260552 0.0069459999830936477 0.99997584554507346
vn -0.00024781172358367016 0.0069459999810081129 0.99997584554508789
vn -0.00024781172347170324 0.0069459999830930206 0.99997584554507335
vn -0.00024781172346965432 0.0069459999830989421 0.99997584554507346
vn -0.00024781172347438664 0.0069459999830941074 0.99997584554507346
vn -0.00024781172347164649 0.0069459999830941066 0.99997584554507346
vn -0.00024781172345971891 0.0069459999830947042 0.99997584554507335
vn -0.00024781172347178749 0.0069459999830911471 0.99997584554507346
vn -0.00024781172345063329 0.0069459999831095716 0.99997584554507346
vn -0.00024781172347746453 0.0069459999830274394 0.9999758455450739
vn -0.00024781172347921948 0.0069459999830896119 0.99997584554507357
vn -0.00024781172346239136 0.0069459999830990575 0.99997584554507346
vn -0.00024781172346239136 0.0069459999830990575 0.99997584554507346
vn -0.00024781172346239136 0.0069459999830990575 0.99997584554507346
vn -0.00024781172342076808 0.0069459999830687935 0.99997584554507357
vn -0.00024781172342076808 0.0069459999830687935 0.99997584554507357
vn -0.00024781172342076808 0.0069459999830687935 0.99997584554507357
vn -0.00024781172348045753 0.0069459999831015338 0.99997584554507335
vn -0.00024781172348045753 0.0069459999831015338 0.99997584554507335
vn -0.00024781172348045753 0.0069459999831015338 0.99997584554507335
vn -0.00024781172347446937 0.0069459999831008607 0.99997584554507335
vn -0.00024781172034321765 0.0069459999932699849 0.99997584554500352
vn -0.00024781172347887399 0.0069459999831122145 0.99997584554507324
vn -0.00024781172346665954 0.0069459999830953243 0.99997584554507335
vn -0.00024781172342110797 0.0069459999830986741 0.99997584554507346
vn -0.00024781172347399845 0.0069459999830993836 0.99997584554507335
vn -0.00024781172344311945 0.0069459999830941074 0.99997584554507335
vn -0.00024781172348497426 0.0069459999830930302 0.99997584554507346
vn -0.00024781172347408328 0.0069459999830637454 0.99997584554507368
vn -0.0002478117234951875 0.0069459999830128868 0.99997584554507402
vn -0.00024781172347408328 0.0069459999830637454 0.99997584554507368
vn -0.0002478117234666597 0.0069459999830816356 0.99997584554507368
vn -0.00024781172350972876 0.0069459999831106237 0.99997584554507335
vn -0.00024781172350972876 0.0069459999831106237 0.99997584554507335
vn -0.00024781172350972876 0.0069459999831106237 0.99997584554507335
vn -0.00024781172348667369 0.0069459999831006855 0.99997584554507335
vn -0.00024781172344486637 0.0069459999830669503 0.99997584554507368
vn -0.00024781172348667369 0.0069459999831006855 0.99997584554507335
vn -0.00024781172349131874 0.0069459999831044334 0.99997584554507335
f 1//1 2//2 3//3
f 4//4 5//5 2//2
f 2//2 1//1 6//6
f 6//6 4//4 2//2
f 6//6 7//7 4//4
f 1//1 3//3 8//8
f 8//8 9//9 1//1
f 6//6 1//1 9//9
f 9//9 10//10 6//6
f 11//11 12//12 7//7
f 7//7 6//6 10//10
f 10//10 11//11 7//7
f 11//11 13//13 12//12
f 9//9 8//8 14//14
f 14//14 15//15 9//9
f 10//10 9//9 15//15
f 15//15 16//16 10//10
f 11//11 10//10 16//16
f 16//16 17//17 11//11
f 18//18 19//19 13//13
f 13//13 11//11 17//17
f 17//17 18//18 13//13
f 20//20 21//21 19//19
f 19//19 18//18 20//20
f 20//20 22//22 21//21
f 23//23 24//24 25//25
f 15//15 14//14 24//24
f 24//24 23//23 26//26
f 26//26 15//15 24//24
f 16//16 15//15 26//26
f 26//26 27//27 16//16
f 17//17 16//16 27//27
f 27//27 28//28 17//17
f 18//18 17//17 28//28
f 28//28 29//29 18//18
f 20//20 18//18 29//29
f 29//29 30//30 20//20
f 31//31 32//32 22//22
f 22//22 20//20 30//30
f 30//30 31//31 22//22
f 31//31 33//33 32//32
f 23//23 25//25 34//34
f 34//34 35//35 23//23
f 26//26 23//23 35//35
f 35//35 36//36 26//26
f 27//27 26//26 36//36
f 36//36 37//37 27//27
f 28//28 27//27 37//37
f 37//37 38//38 28//28
f 29//29 28//28 38//38
f 38//38 39//39 29//29
f 30//30 29//29 39//39
f 39//39 40//40 30//30
f 31//31 30//30 40//40
f 40//40 41//41 31//31
f 42//42 43//43 33//33
f 33//33 31//31 41//41
f 41//41 42//42 33//33
f 44//44 45//45 43//43
f 43//43 42//42 44//44
f 44//44 46//46 45//45
f 35//35 34//34 47//47
f 47//47 48//48 35//35
f 36//36 35//35 48//48
f 48//48 49//49 36//36
f 37//37 36//36 49//49
f 49//49 50//50 37//37
f 38//38 37//37 50//50
f 50//50 51//51 38//38
f 39//39 38//38 51//51
f 51//51 52//52 39//39
f 40//40 39//39 52//52
f 52//52 53//53 40//40
f 41//41 40//40 53//53
f 53//53 54//54 41//41
f 42//42 41//41 54//54
f 54//54 55//55 42//42
f 44//44 42//42 55//55
f 55//55 56//56 44//44
f 57//57 58//58 46//46
f 46//46 44//44 56//56
f 56//56 57//57 46//46
f 57//57 59//59 58//58
f 60//60 61//61 62//62
f 48//48 47//47 61//61
f 61//61 60//60 63//63
f 63//63 48//48 61//61
f 49//49 48//48 63//63
f 63//63 64//64 49//49
f 50//50 49//49 64//64
f 64//64 65//65 50//50
f 51//51 50//50 65//65
f 65//65 66//66 51//51
f 52//52 51//51 66//66
f 66//66 67//67 52//52
f 53//53 52//52 67//67
f 67//67 68//68 53//53
f 54//54 53//53 68//68
f 68//68 69//69 54//54
f 55//55 54//54 69//69
f 69//69 70//70 55//55
f 56//56 55//55 70//70
f 70//70 71//71 56//56
f 57//57 56//56 71//71
f 71//71 72//72 57//57
f 73//73 74//74 59//59
f 59//59 57//57 72//72
f 72//72 73//73 59//59
f 73//73 75//75 74//74
f 60//60 62//62 76//76
f 76//76 77//77 60//60
f 63//63 60//60 77//77
f 77//77 78//78 63//63
f 64//64 63//63 78//78
f 78//78 79//79 64//64
f 65//65 64//64 79//79
f 79//79 80//80 65//65
f 66//66 65//65 80//80
f 80//80 81//81 66//66
f 67//67 66//66 81//81
f 81//81 82//82 67//67
f 68//68 67//67 82//82
f 82//82 83//83 68//68
f 69//69 68//68 83//83
f 83//83 84//84 69//69
f 70//70 69//69 84//84
f 84//84 85//85 70//70
f 71//71 70//70 85//85
f 85//85 86//86 71//71
f 72//72 71//71 86//86
f 86//86 87//87 72//72
f 73//73 72//72 87//87
f 87//87 88//88 73//73
f 89//89 90//90 75//75
f 75//75 73//73 88//88
f 88//88 89//89 75//75
f 91//91 92//92 90//90
f 90//90 89//89 91//91
f 91//91 93//93 92//92
f 77//77 76//76 94//94
f 94//94 95//95 77//77
f 78//78 77//77 95//95
f 95//95 96//96 78//78
f 79//79 78//78 96//96
f 96//96 97//97 79//79
f 80//80 79//79 97//97
f 97//97 98//98 80//80
f 81//81 80//80 98//98
f 98//98 99//99 81//81
f 82//82 81//81 99//99
f 99//99 100//100 82//82
f 83//83 82//82 100//100
f 100//100 101//101 83//83
f 84//84 83//83 101//101
f 101//101 102//102 84//84
f 85//85 84//84 102//102
f 102//102 103//103 85//85
f 86//86 85//85 103//103
f 103//103 104//104 86//86
f 87//87 86//86 104//104
f 104//104 105//105 87//87
f 88//88 87//87 105//105
f 105//105 106//106 88//88
f 89//89 88//88 106//106
f 106//106 107//107 89//89
f 91//91 89//89 107//107
f 107//107 108//108 91//91
f 109//109 110//110 93//93
f 93//93 91//91 108//108
f 108//108 109//109 93//93
f 109//109 111//111 110//110
f 95//95 94//94 112//112
f 112//112 113//113 95//95
f 96//96 95//95 113//113
f 113//113 114//114 96//96
f 97//97 96//96 114//114
f 114//114 115//115 97//97
f 98//98 97//97 115//115
f 115//115 116//116 98//98
f 99//99 98//98 116//116
f 116//116 117//117 99//99
f 100//100 99//99 117//117
f 117//117 118//118 100//100
f 101//101 100//100 118//118
f 118//118 119//119 101//101
f 102//102 101//101 119//119
f 119//119 120//120 102//102
f 103//103 102//102 120//120
f 120//120 121//121 103//103
f 104//104 103//103 121//121
f 121//121 122//122 104//104
f 105//105 104//104 122//122
f 122//122 123//123 105//105
f 106//106 105//105 123//123
f 123//123 124//124 106//106
f 107//107 106//106 124//124
f 124//124 125//125 107//107
f 108//108 107//107 125//125
f 125//125 126//126 108//108
f 109//109 108//108 126//126
f 126//126 127//127 109//109
f 128//128 129//129 111//111
f 111//111 109//109 127//127
f 127//127 128//128 111//111
f 130//130 131//131 129//129
f 129//129 128//128 130//130
f 130//130 132//132 131//131
f 133//133 134//134 135//135
f 113//113 112//112 134//134
f 134//134 133//133 136//136
f 136//136 113//113 134//134
f 114//114 113//113 136//136
f 136//136 137//137 114//114
f 115//115 114//114 137//137
f 137//137 138//138 115//115
f 116//116 115//115 138//138
f 138//138 139//139 116//116
f 117//117 116//116 139//139
f 139//139 140//140 117//117
f 118//118 117//117 140//140
f 140//140 141//141 118//118
f 119//119 118//118 141//141
f 141//141 142//142 119//119
f 120//120 119//119 142//142
f 142//142 143//143 120//120
f 121//121 120//120 143//143
f 143//143 144//144 121//121
f 122//122 121//121 144//144
f 144//144 145//145 122//122
f 123//123 122//122 145//145
f 145//145 146//146 123//123
f 124//124 123//123 146//146
f 146//146 147//147 124//124
f 125//125 124//124 147//147
f 147//147 148//148 125//125
f 126//126 125//125 148//148
f 148//148 149//149 126//126
f 127//127 126//126 149//149
f 149//149 150//150 127//127
f 128//128 127//127 150//150
f 150//150 151//151 128//128
f 130//130 128//128 151//151
f 151//151 152//152 130//130
f 153//153 154//154 132//132
f 132//132 130//130 152//152
f 152//152 153//153 132//132
f 153//153 155//155 154//154
f 135//135 156//156 157//157
f 157//157 133//133 135//135
f 133//133 157//157 158//158
f 158//158 136//136 133//133
f 136//136 158//158 159//159
f 159//159 160//160 137//137
f 137//137 136//136 159//159
f 138//138 137//137 160//160
f 160//160 161//161 138//138
f 139//139 138//138 161//161
f 161//161 162//162 139//139
f 140//140 139//139 162//162
f 162//162 163//163 140//140
f 141//141 140//140 163//163
f 163//163 164//164 141//141
f 142//142 141//141 164//164
f 164//164 165//165 142//142
f 143//143 142//142 165//165
f 165//165 166//166 143//143
f 144//144 143//143 166//166
f 166//166 167//167 144//144
f 145//145 144//144 167//167
f 167//167 168//168 145//145
f 146//146 145//145 168//168
f 168//168 169//169 146//146
f 147//147 146//146 169//169
f 169//169 170//170 147//147
f 148//148 147//147 170//170
f 170//170 171//171 148//148
f 149//149 148//148 171//171
f 171//171 172//172 149//149
f 150//150 149//149 172//172
f 172//172 173//173 150//150
f 151//151 150//150 173//173
f 173//173 174//174 151//151
f 152//152 151//151 174//174
f 174//174 175//175 152//152
f 153//153 152//152 175//175
f 175//175 176//176 153//153
f 177//177 178//178 155//155
f 155//155 153//153 176//176
f 176//176 177//177 155//155
f 177//177 179//179 178//178
f 160//160 159//159 180//180
f 160//160 180//180 181//181
f 181//181 182//182 161//161
f 161//161 160//160 181//181
f 162//162 161//161 182//182
f 182//182 183//183 162//162
f 163//163 162//162 183//183
f 183//183 184//184 163//163
f 164//164 163//163 184//184
f 184//184 185//185 164//164
f 165//165 164//164 185//185
f 185//185 186//186 165//165
f 166//166 165//165 186//186
f 186//186 187//187 166//166
f 167//167 166//166 187//187
f 187//187 188//188 167//167
f 168//168 167//167 188//188
f 188//188 189//189 168//168
f 169//169 168//168 189//189
f 189//189 190//190 169//169
f 170//170 169//169 190//190
f 190//190 191//191 170//170
f 171//171 170//170 191//191
f 191//191 192//192 171//171
f 172//172 171//171 192//192
f 192//192 193//193 172//172
f 173//173 172//172 193//193
f 193//193 194//194 173//173
f 174//174 173//173 194//194
f 194//194 195//195 174//174
f 175//175 174//174 195//195
f 195//195 196//196 175//175
f 176//176 175//175 196//196
f 196//196 197//197 176//176
f 177//177 176//176 197//197
f 197//197 198//198 177//177
f 199//199 200//200 179//179
f 179//179 177//177 198//198
f 198//198 199//199 179//179
f 201//201 202//202 200//200
f 200//200 199//199 201//201
f 201//201 203//203 202//202
f 182//182 181//181 204//204
f 182//182 204//204 205//205
f 205//205 206//206 183//183
f 183//183 182//182 205//205
f 184//184 183//183 206//206
f 206//206 207//207 184//184
f 185//185 184//184 207//207
f 207//207 208//208 185//185
f 186//186 185//185 208//208
f 208//208 209//209 186//186
f 187//187 186//186 209//209
f 209//209 210//210 187//187
f 188//188 187//187 210//210
f 210//210 211//211 188//188
f 189//189 188//188 211//211
f 211//211 212//212 189//189
f 190//190 189//189 212//212
f 212//212 213//213 190//190
f 191//191 190//190 213//213
f 213//213 214//214 191//191
f 192//192 191//191 214//214
f 214//214 215//215 192//192
f 193//193 192//192 215//215
f 215//215 216//216 193//193
f 194//194 193//193 216//216
f 216//216 217//217 194//194
f 195//195 194//194 217//217
f 217//217 218//218 195//195
f 196//196 195//195 218//218
f 218//218 219//219 196//196
f 197//197 196//196 219//219
f 219//219 220//220 197//197
f 198//198 197//197 220//220
f 220//220 221//221 198//198
f 199//199 198//198 221//221
f 221//221 222//222 199//199
f 201//201 199//199 222//222
f 222//222 223//223 201//201
f 224//224 225//225 203//203
f 203//203 201//201 223//223
f 223//223 224//224 203//203
f 224//224 226//226 225//225
f 206//206 205//205 227//227
f 206//206 227//227 228//228
f 228//228 207//207 206//206
f 207//207 228//228 229//229
f 229//229 230//230 208//208
f 208//208 207//207 229//229
f 209//209 208//208 230//230
f 230//230 231//231 209//209
f 210//210 209//209 231//231
f 231//231 232//232 210//210
f 211//211 210//210 232//232
f 232//232 233//233 211//211
f 212//212 211//211 233//233
f 233//233 234//234 212//212
f 213//213 212//212 234//234
f 234//234 235//235 213//213
f 214//214 213//213 235//235
f 235//235 236//236 214//214
f 215//215 214//214 236//236
f 236//236 237//237 215//215
f 216//216 215//215 237//237
f 237//237 238//238 216//216
f 217//217 216//216 238//238
f 238//238 239//239 217//217
f 218//218 217//217 239//239
f 239//239 240//240 218//218
f 219//219 218//218 240//240
f 240//240 241//241 219//219
f 220//220 219//219 241//241
f 241//241 242//242 220//220
f 221//221 220//220 242//242
f 242//242 243//243 221//221
f 222//222 221//221 243//243
f 243//243 244//244 222//222
f 223//223 222//222 244//244
f 244//244 245//245 223//223
f 224//224 223//223 245//245
f 245//245 246//246 224//224
f 246//246 247//247 248//248
f 248//248 249//249 226//226
f 226//226 224//224 246//246
f 246//246 248//248 226//226
f 249//249 248//248 250//250
f 230//230 229//229 251//251
f 230//230 251//251 252//252
f 252//252 253//253 231//231
f 231//231 230//230 252//252
f 232//232 231//231 253//253
f 253//253 254//254 232//232
f 233//233 232//232 254//254
f 254//254 255//255 233//233
f 234//234 233//233 255//255
f 255//255 256//256 234//234
f 235//235 234//234 256//256
f 256//256 257//257 235//235
f 236//236 235//235 257//257
f 257//257 258//258 236//236
f 237//237 236//236 258//258
f 258//258 259//259 237//237
f 238//238 237//237 259//259
f 259//259 260//260 238//238
f 239//239 238//238 260//260
f 260//260 261//261 239//239
f 240//240 239//239 261//261
f 261//261 262//262 240//240
f 241//241 240//240 262//262
f 262//262 263//263 241//241
f 242//242 241//241 263//263
f 263//263 264//264 242//242
f 243//243 242//242 264//264
f 264//264 265//265 243//243
f 244//244 243//243 265//265
f 265//265 266//266 244//244
f 245//245 244//244 266//266
f 266//266 267//267 245//245
f 246//246 245//245 267//267
f 267//267 268//268 246//246
f 268//268 269//269 247//247
f 247//247 246//246 268//268
f 253//253 252//252 270//270
f 253//253 270//270 271//271
f 271//271 254//254 253//253
f 254//254 271//271 272//272
f 272//272 273//273 255//255
f 255//255 254//254 272//272
f 256//256 255//255 273//273
f 273//273 274//274 256//256
f 257//257 256//256 274//274
f 274//274 275//275 257//257
f 258//258 257//257 275//275
f 275//275 276//276 258//258
f 259//259 258//258 276//276
f 276//276 277//277 259//259
f 260//260 259//259 277//277
f 277//277 278//278 260//260
f 261//261 260//260 278//278
f 278//278 279//279 261//261
f 262//262 261//261 279//279
f 279//279 280//280 262//262
f 263//263 262//262 280//280
f 280//280 281//281 263//263
f 264//264 263//263 281//281
f 281//281 282//282 264//264
f 265//265 264//264 282//282
f 282//282 283//283 265//265
f 266//266 265//265 283//283
f 283//283 284//284 266//266
f 267//267 266//266 284//284
f 284//284 285//285 267//267
f 268//268 267//267 285//285
f 285//285 286//286 268//268
f 286//286 287//287 269//269
f 269//269 268//268 286//286
f 273//273 272//272 288//288
f 289//289 290//290 291//291
f 291//291 274//274 273//273
f 273//273 288//288 292//292
f 293//293 289//289 291//291
f 273//273 292//292 294//294
f 293//293 291//291 273//273
f 273//273 294//294 295//295
f 296//296 293//293 273//273
f 273//273 295//295 297//297
f 297//297 296//296 273//273
f 298//298 299//299 275//275
f 275//275 274//274 291//291
f 291//291 300//300 301//301
f 302//302 298//298 275//275
f 275//275 291//291 301//301
f 303//303 302//302 275//275
f 275//275 301//301 303//303
f 304//304 305//305 306//306
f 306//306 276//276 275//275
f 275//275 299//299 307//307
f 308//308 304//304 306//306
f 306//306 275//275 307//307
f 307//307 308//308 306//306
f 277//277 276//276 306//306
f 306//306 309//309 277//277
f 278//278 277//277 309//309
f 309//309 310//310 278//278
f 279//279 278//278 310//310
f 310//310 311//311 279//279
f 280//280 279//279 311//311
f 311//311 312//312 280//280
f 281//281 280//280 312//312
f 312//312 313//313 281//281
f 282//282 281//281 313//313
f 313//313 314//314 282//282
f 283//283 282//282 314//314
f 314//314 315//315 283//283
f 284//284 283//283 315//315
f 315//315 316//316 284//284
f 285//285 284//284 316//316
f 316//316 317//317 285//285
f 317//317 318//318 319//319
f 319//319 286//286 285//285
f 285//285 317//317 319//319
f 286//286 319//319 287//287
f 320//320 321//321 291//291
f 291//291 290//290 322//322
f 322//322 320//320 291//291
f 323//323 324//324 325//325
f 325//325 326//326 323//323
f 327//327 328//328 329//329
f 330//330 331//331 300//300
f 300//300 291//291 321//321
f 332//332 330//330 300//300
f 300//300 321//321 332//332
f 333//333 334//334 335//335
f 336//336 337//337 338//338
f 339//339 340//340 326//326
f 326//326 325//325 339//339
f 341//341 342//342 306//306
f 306//306 305//305 343//343
f 344//344 345//345 346//346
f 347//347 348//348 341//341
f 306//306 343//343 349//349
f 350//350 344//344 346//346
f 351//351 347//347 341//341
f 306//306 349//349 350//350
f 350//350 346//346 351//351
f 351//351 341//341 306//306
f 306//306 350//350 351//351
f 352//352 353//353 309//309
f 309//309 306//306 342//342
f 354//354 355//355 356//356
f 357//357 352//352 309//309
f 309//309 342//342 358//358
f 359//359 354//354 356//356
f 356//356 357//357 309//309
f 309//309 358//358 359//359
f 359//359 356//356 309//309
f 360//360 361//361 362//362
f 362//362 310//310 309//309
f 309//309 353//353 363//363
f 364//364 360//360 362//362
f 362//362 309//309 363//363
f 363//363 364//364 362//362
f 311//311 310//310 362//362
f 362//362 365//365 311//311
f 312//312 311//311 365//365
f 365//365 366//366 312//312
f 313//313 312//312 366//366
f 366//366 367//367 313//313
f 314//314 313//313 367//367
f 367//367 368//368 314//314
f 315//315 314//314 368//368
f 368//368 369//369 315//315
f 316//316 315//315 369//369
f 369//369 370//370 316//316
f 317//317 316//316 370//370
f 370//370 371//371 317//317
f 371//371 372//372 318//318
f 318//318 317//317 371//371
f 373//373 374//374 375//375
f 376//376 377//377 378//378
f 378//378 379//379 376//376
f 380//380 381//381 382//382
f 383//383 384//384 374//374
f 374//374 373//373 383//383
f 385//385 386//386 387//387
f 388//388 389//389 390//390
f 390//390 391//391 388//388
f 392//392 393//393 362//362
f 362//362 361//361 394//394
f 394//394 395//395 396//396
f 397//397 398//398 399//399
f 399//399 392//392 362//362
f 362//362 394//394 396//396
f 400//400 397//397 399//399
f 362//362 396//396 400//400
f 400//400 399//399 362//362
f 401//401 402//402 403//403
f 404//404 388//388 391//391
f 391//391 405//405 406//406
f 407//407 401//401 403//403
f 408//408 404//404 391//391
f 391//391 406//406 409//409
f 407//407 403//403 410//410
f 408//408 391//391 409//409
f 409//409 407//407 410//410
f 410//410 408//408 409//409
f 411//411 412//412 413//413
f 414//414 415//415 365//365
f 365//365 362//362 393//393
f 416//416 417//417 418//418
f 419//419 411//411 413//413
f 420//420 414//414 365//365
f 365//365 393//393 421//421
f 422//422 416//416 418//418
f 418//418 419//419 413//413
f 423//423 420//420 365//365
f 365//365 421//421 422//422
f 422//422 418//418 413//413
f 423//423 365//365 422//422
f 422//422 413//413 423//423
f 424//424 425//425 426//426
f 426//426 366//366 365//365
f 365//365 415//415 427//427
f 428//428 424//424 426//426
f 426//426 365//365 427//427
f 427//427 428//428 426//426
f 367//367 366//366 426//426
f 426//426 429//429 367//367
f 368//368 367//367 429//429
f 429//429 430//430 368//368
f 369//369 368//368 430//430
f 430//430 431//431 369//369
f 370//370 369//369 431//431
f 431//431 432//432 370//370
f 371//371 370//370 432//432
f 432//432 433//433 371//371
f 433//433 434//434 372//372
f 372//372 371//371 433//433
f 435//435 436//436 437//437
f 438//438 439//439 440//440
f 390//390 441//441 442//442
f 442//442 391//391 390//390
f 443//443 444//444 445//445
f 445//445 446//446 447//447
f 447//447 443//443 445//445
f 448//448 449//449 450//450
f 451//451 405//405 391//391
f 391//391 442//442 452//452
f 453//453 454//454 455//455
f 455//455 456//456 451//451
f 451//451 391//391 452//452
f 457//457 453//453 455//455
f 451//451 452//452 457//457
f 457//457 455//455 451//451
f 458//458 459//459 460//460
f 461//461 413//413 412//412
f 412//412 462//462 463//463
f 464//464 465//465 458//458
f 458//458 460//460 466//466
f 467//467 461//461 412//412
f 468//468 464//464 458//458
f 458//458 466//466 467//467
f 467//467 412//412 463//463
f 469//469 468//468 458//458
f 467//467 463//463 469//469
f 469//469 458//458 467//467
f 470//470 471//471 426//426
f 426//426 425//425 472//472
f 473//473 460//460 459//459
f 474//474 475//475 476//476
f 476//476 470//470 426//426
f 426//426 472//472 477//477
f 477//477 473//473 459//459
f 478//478 474//474 476//476
f 476//476 426//426 477//477
f 477//477 459//459 479//479
f 478//478 476//476 477//477
f 477//477 479//479 480//480
f 480//480 478//478 477//477
f 481//481 482//482 483//483
f 483//483 429//429 426//426
f 426//426 471//471 484//484
f 485//485 481//481 483//483
f 426//426 484//484 486//486
f 486//486 485//485 483//483
f 483//483 426//426 486//486
f 430//430 429//429 483//483
f 483//483 487//487 430//430
f 431//431 430//430 487//487
f 487//487 488//488 431//431
f 432//432 431//431 488//488
f 488//488 489//489 432//432
f 489//489 490//490 491//491
f 491//491 433//433 432//432
f 432//432 489//489 491//491
f 433//433 491//491 434//434
f 492//492 493//493 494//494
f 445//445 495//495 446//446
f 496//496 497//497 498//498
f 499//499 500//500 501//501
f 502//502 503//503 504//504
f 505//505 506//506 507//507
f 483//483 482//482 508//508
f 505//505 507//507 483//483
f 483//483 508//508 509//509
f 510//510 505//505 483//483
f 483//483 509//509 511//511
f 511//511 510//510 483//483
f 512//512 513//513 514//514
f 483//483 507//507 515//515
f 515//515 516//516 517//517
f 512//512 514//514 487//487
f 483//483 515//515 517//517
f 518//518 512//512 487//487
f 483//483 517//517 519//519
f 520//520 518//518 487//487
f 483//483 519//519 521//521
f 522//522 520//520 487//487
f 487//487 483//483 521//521
f 521//521 522//522 487//487
f 523//523 524//524 525//525
f 525//525 488//488 487//487
f 487//487 514//514 526//526
f 527//527 528//528 529//529
f 530//530 523//523 525//525
f 487//487 526//526 531//531
f 532//532 527//527 529//529
f 529//529 530//530 525//525
f 525//525 487//487 531//531
f 531//531 532//532 529//529
f 529//529 525//525 531//531
f 489//489 488//488 525//525
f 525//525 533//533 489//489
f 533//533 534//534 490//490
f 490//490 489//489 533//533
f 535//535 536//536 537//537
f 537//537 538//538 535//535
f 539//539 540//540 541//541
f 542//542 543//543 544//544
f 544//544 545//545 542//542
f 546//546 547//547 548//548
f 549//549 550//550 538//538
f 538//538 537//537 549//549
f 551//551 552//552 553//553
f 553//553 525//525 524//524
f 554//554 555//555 556//556
f 556//556 551//551 553//553
f 553//553 524//524 557//557
f 558//558 554//554 556//556
f 553//553 557//557 559//559
f 558//558 556//556 553//553
f 553//553 559//559 558//558
f 533//533 525//525 553//553
f 553//553 560//560 533//533
f 560//560 561//561 534//534
f 534//534 533//533 560//560
f 562//562 563//563 564//564
f 565//565 566//566 567//567
f 568//568 569//569 570//570
f 570//570 571//571 572//572
f 573//573 568//568 570//570
f 570//570 572//572 573//573
f 574//574 575//575 576//576
f 576//576 577//577 578//578
f 578//578 574//574 576//576
f 579//579 580//580 581//581
f 582//582 583//583 563//563
f 563//563 562//562 582//582
f 584//584 585//585 586//586
f 553//553 552//552 587//587
f 588//588 571//571 570//570
f 584//584 586//586 553//553
f 553//553 587//587 589//589
f 589//589 588//588 570//570
f 590//590 584//584 553//553
f 553//553 589//589 570//570
f 591//591 590//590 553//553
f 553//553 570//570 592//592
f 593//593 591//591 553//553
f 553//553 592//592 594//594
f 594//594 593//593 553//553
f 586//586 595//595 596//596
f 596//596 560//560 553//553
f 553//553 586//586 596//596
f 560//560 596//596 561//561
f 576//576 597//597 577//577
f 585//585 598//598 599//599
f 599//599 586//586 585//585
f 600//600 601//601 602//602
f 603//603 604//604 605//605
f 606//606 607//607 608//608
f 609//609 610//610 595//595
f 595//595 586//586 599//599
f 611//611 612//612 609//609
f 595//595 599//599 613//613
f 614//614 611//611 609//609
f 595//595 613//613 615//615
f 614//614 609//609 595//595
f 595//595 615//615 616//616
f 616//616 614//614 595//595
f 617//617 618//618 619//619
f 619//619 620//620 617//617
f 621//621 622//622 623//623
f 624//624 625//625 626//626
f 626//626 627//627 624//624
