# Created by Open3D 
# object name: B_structured_map
# number of vertices: 904
# number of triangles: 1680
v 12.4855 3.06265 -0.329838
vn -0.290386 -0.104528 0.951183
v 13.3227 0.990218 -0.368618
vn -0.428455 -0.385535 0.817184
v 13.6826 1.13408 -0.362049
vn 0.0342672 -0.130576 0.990846
v 13.7027 1.14242 -0.361675
vn 0.39298 -0.00340534 0.919541
v 13.591 3.50489 -0.309652
vn 0.20803 -0.00956808 0.978076
v 13.5791 3.50981 -0.309652
vn -0.157915 0.863946 0.478185
v 13.2898 3.45553 -0.313555
vn -0.162017 0.756264 0.633889
v 13.2415 3.44356 -0.314271
vn -0.342321 0.904249 0.255246
v 13.1538 3.40776 -0.315889
vn -0.376054 0.905857 0.194955
v 13.1113 3.39018 -0.316677
vn -0.381599 0.914421 0.134966
v 12.8686 3.28956 -0.321188
vn -0.481724 0.874445 0.0573316
v 12.4855 3.06265 -0.579838
vn -0.159679 0.0174298 -0.987015
v 13.3227 0.990218 -0.618618
vn -0.706166 -0.348117 -0.616559
v 13.6826 1.13408 -0.612049
vn 0.0883836 -0.176154 -0.980387
v 13.7027 1.14242 -0.611675
vn 0.2229 0.0283065 -0.97443
v 13.591 3.50489 -0.559652
vn 0.411412 0.0405 -0.910549
v 13.5791 3.50981 -0.559652
vn -0.0907403 0.701433 -0.706936
v 13.2898 3.45553 -0.563555
vn -0.163553 0.882144 -0.441671
v 13.2415 3.44356 -0.564271
vn -0.288927 0.906962 -0.306498
v 13.1538 3.40776 -0.565889
vn -0.371841 0.915316 -0.154697
v 13.1113 3.39018 -0.566677
vn -0.370726 0.903951 -0.213152
v 12.8686 3.28956 -0.571188
vn -0.440007 0.895417 -0.0679848
v 14.2591 1.36621 -0.23593
vn 0.372866 -0.0104578 0.927826
v 14.1571 3.52252 -0.188447
vn 0.998325 0.052376 0.0245932
v 14.1508 3.52513 -0.188447
vn 0.0795087 0.206338 0.975245
v 13.8131 3.65607 -0.188638
vn 0.0331793 0.103493 0.994077
v 13.7846 3.65712 -0.188879
vn -0.0585911 0.142172 0.988106
v 13.7422 3.63954 -0.189667
vn -0.109377 0.140439 0.984029
v 13.642 3.57349 -0.192079
vn -0.123382 0.0801626 0.989116
v 13.6245 3.53106 -0.193195
vn -0.296965 0.076406 0.951827
v 13.5942 3.43724 -0.195583
vn -0.637468 -0.0422805 0.769315
v 13.6995 1.21043 -0.244618
vn -0.411628 -0.0468693 0.910146
v 13.7209 1.19439 -0.24478
vn -0.31187 -0.6495 0.69346
v 13.7633 1.17682 -0.244782
vn 0.306286 -0.947273 0.0941434
v 14.1311 1.312 -0.238335
vn 0.351808 -0.935811 0.0220928
v 14.1735 1.32958 -0.237547
vn 0.391238 -0.920289 0.000853413
v 14.2591 1.36621 -0.48593
vn 0.214874 0.0155394 -0.976518
v 14.1571 3.52252 -0.438447
vn 0.998726 0.0489335 -0.0123196
v 14.1508 3.52513 -0.438447
vn 0.0553707 0.14107 -0.98845
v 13.8131 3.65607 -0.438638
vn 0.0904427 0.239854 -0.966587
v 13.7846 3.65712 -0.438879
vn -0.0132436 0.166079 -0.986023
v 13.7422 3.63954 -0.439667
vn -0.0588592 0.146503 -0.987458
v 13.642 3.57349 -0.442079
vn -0.121203 0.184463 -0.975338
v 13.6245 3.53106 -0.443195
vn -0.219047 0.105255 -0.970021
v 13.5942 3.43724 -0.445583
vn -0.391695 0.0132349 -0.92
v 13.6995 1.21043 -0.494618
vn -0.655093 -0.0174031 -0.755348
v 13.7209 1.19439 -0.49478
vn -0.322498 -0.548266 -0.771621
v 13.7633 1.17682 -0.494782
vn 0.215104 -0.962481 -0.165413
v 14.1311 1.312 -0.488335
vn 0.347314 -0.93766 -0.01289
v 14.1735 1.32958 -0.487547
vn 0.388081 -0.921624 -0.00107123
v 14.7329 1.58834 -0.0590356
vn 0.408681 -0.0545946 0.911043
v 14.8274 4.01396 -0.00368255
vn 0.991041 -0.0142473 0.132798
v 14.7941 4.02775 -0.0036816
vn -0.0378241 0.136258 0.989951
v 14.7517 4.01018 -0.00446976
vn -0.126824 0.173184 0.97669
v 14.2178 3.68396 -0.0167471
vn -0.0850521 0.0826777 0.99294
v 14.2003 3.64154 -0.017863
vn -0.44184 0.0606702 0.89504
v 14.1623 3.41206 -0.0233684
vn -0.672941 -0.0402134 0.738602
v 14.2544 1.46474 -0.0662493
vn -0.465209 -0.0523011 0.883655
v 14.2782 1.45488 -0.06625
vn -0.164468 -0.854168 0.493303
v 14.3189 1.44985 -0.0659861
vn 0.0261196 -0.945677 0.324056
v 14.3806 1.45491 -0.0652999
vn 0.191594 -0.96656 0.170453
v 14.4748 1.47747 -0.0639195
vn 0.303675 -0.947398 0.101087
v 14.5172 1.49505 -0.0631314
vn 0.395689 -0.918384 0.00129873
v 14.7329 1.58834 -0.309036
vn 0.243518 -0.0254363 -0.969563
v 14.8274 4.01396 -0.253683
vn 0.997273 -0.0303666 -0.0672594
v 14.7941 4.02775 -0.253682
vn 0.0225143 0.16774 -0.985574
v 14.7517 4.01018 -0.25447
vn -0.0551813 0.132416 -0.989657
v 14.2178 3.68396 -0.266747
vn -0.116148 0.217207 -0.969191
v 14.2003 3.64154 -0.267863
vn -0.281295 0.0889067 -0.955494
v 14.1623 3.41206 -0.273368
vn -0.459125 0.0167902 -0.888213
v 14.2544 1.46474 -0.316249
vn -0.71297 -0.0225858 -0.70083
v 14.2782 1.45488 -0.31625
vn -0.221561 -0.795888 -0.563448
v 14.3189 1.44985 -0.315986
vn -0.029362 -0.928152 -0.371042
v 14.3806 1.45491 -0.3153
vn 0.148048 -0.968945 -0.198058
v 14.4748 1.47747 -0.31392
vn 0.262424 -0.961636 -0.0799319
v 14.5172 1.49505 -0.313131
vn 0.393003 -0.919535 -0.00205021
v 14.8101 3.56847 0.145757
vn -0.323154 -0.00242136 0.946343
v 14.749 1.9994 0.109951
vn -0.976918 -0.0339753 0.210895
v 14.8129 1.67165 0.103183
vn -0.556607 -0.150157 0.817094
v 14.8304 1.62922 0.102393
vn -0.170104 -0.234377 0.957148
v 14.8729 1.61165 0.102392
vn 0.063431 -0.244231 0.96764
v 15.0593 1.68802 0.105836
vn 0.0513343 -0.169209 0.984242
v 15.1017 1.70559 0.106624
vn 0.101318 -0.175709 0.979214
v 15.1183 1.72396 0.107191
vn 0.244151 -0.223875 0.943541
v 15.2944 1.9448 0.113783
vn 0.584563 -0.0614572 0.809018
v 15.3855 4.28439 0.167173
vn 0.406987 -0.0337799 0.912809
v 15.3774 4.28773 0.167173
vn -0.221535 0.609303 0.761362
v 15.335 4.27016 0.166385
vn -0.498974 0.697384 0.514471
v 14.9774 4.01483 0.157334
vn -0.634572 0.544153 0.548831
v 14.9085 3.86229 0.153269
vn -0.912669 0.3974 0.095434
v 14.8909 3.81986 0.152153
vn -0.949993 0.312196 0.00688346
v 14.8101 3.56847 -0.104243
vn -0.190066 0.043445 -0.98081
v 14.749 1.9994 -0.140049
vn -0.990281 0.0197686 -0.137666
v 14.8129 1.67165 -0.146817
vn -0.740633 -0.140797 -0.656993
v 14.8304 1.62922 -0.147607
vn -0.206362 -0.141345 -0.968213
v 14.8729 1.61165 -0.147608
vn 0.0318193 -0.126649 -0.991437
v 15.0593 1.68802 -0.144164
vn 0.100455 -0.201064 -0.974414
v 15.1017 1.70559 -0.143376
vn 0.117464 -0.183594 -0.975959
v 15.1183 1.72396 -0.142809
vn 0.15661 -0.0977482 -0.982812
v 15.2944 1.9448 -0.136217
vn 0.390563 -0.0402217 -0.919697
v 15.3855 4.28439 -0.0828268
vn 0.676077 -0.00834293 -0.736784
v 15.3774 4.28773 -0.0828266
vn -0.076525 0.474315 -0.877023
v 15.335 4.27016 -0.0836148
vn -0.371299 0.591821 -0.715461
v 14.9774 4.01483 -0.0926662
vn -0.576605 0.696109 -0.427737
v 14.9085 3.86229 -0.096731
vn -0.910363 0.408651 -0.0651354
v 14.8909 3.81986 -0.0978468
vn -0.945183 0.326353 -0.0111067
v 15.8682 2.0339 0.2773
vn 0.437889 -0.0604307 0.896996
v 15.9643 4.50056 0.33359
vn 0.996874 -0.0253579 0.0748277
v 15.9457 4.50826 0.333591
vn -0.0542975 0.147858 0.987517
v 15.9033 4.49068 0.332803
vn -0.249826 0.168259 0.953559
v 15.4137 3.85046 0.313883
vn -0.160619 0.0882703 0.983062
v 15.3654 3.76817 0.311587
vn -0.621892 0.015419 0.782951
v 15.3075 2.2815 0.277661
vn -0.475656 -0.0300857 0.879117
v 15.3608 1.92346 0.270114
vn -0.468063 -0.111549 0.876627
v 15.3784 1.88104 0.269324
vn -0.388997 -0.52138 0.759502
v 15.4208 1.86346 0.269323
vn 0.147202 -0.949966 0.275492
v 15.5618 1.89799 0.271407
vn 0.289235 -0.945496 0.149603
v 15.6043 1.91557 0.272195
vn 0.407072 -0.913393 0.0024419
v 15.8682 2.0339 0.0273004
vn 0.265396 -0.0375612 -0.963408
v 15.9643 4.50056 0.0835902
vn 0.998706 -0.0342183 -0.0376183
v 15.9457 4.50826 0.0835907
vn 0.00556221 0.153098 -0.988195
v 15.9033 4.49068 0.0828025
vn -0.120251 0.132145 -0.983909
v 15.4137 3.85046 0.0638831
vn -0.238727 0.20794 -0.948562
v 15.3654 3.76817 0.0615868
vn -0.382633 0.0573064 -0.922121
v 15.3075 2.2815 0.0276608
vn -0.622032 0.0293738 -0.782441
v 15.3608 1.92346 0.0201141
vn -0.661657 -0.0927554 -0.744047
v 15.3784 1.88104 0.0193242
vn -0.508254 -0.372949 -0.776265
v 15.4208 1.86346 0.019323
vn 0.00108046 -0.920889 -0.389824
v 15.5618 1.89799 0.0214065
vn 0.25801 -0.960264 -0.10641
v 15.6043 1.91557 0.0221947
vn 0.40278 -0.915288 -0.00400173
v 15.8693 2.06186 0.422104
vn -0.20122 -0.0180136 0.97938
v 15.8891 2.05369 0.422104
vn 0.192942 -0.980925 0.023638
v 15.9566 2.07303 0.423165
vn 0.33544 -0.940778 0.049164
v 15.9991 2.09061 0.423953
vn 0.415631 -0.907688 0.0579104
v 16.4489 2.29811 0.432785
vn 0.663885 -0.10233 0.7408
v 16.5417 4.68137 0.487172
vn 0.383304 -0.0298999 0.923138
v 16.5234 4.68897 0.487173
vn -0.0297574 0.164069 0.986
v 16.246 4.65345 0.483802
vn -0.0309784 0.0891064 0.99554
v 16.2036 4.63588 0.483014
vn -0.0917249 0.156324 0.983437
v 16.0714 4.57365 0.480391
vn -0.0719662 0.106856 0.991667
v 16.0255 4.55033 0.479441
vn -0.207813 0.125072 0.97014
v 15.9946 4.48904 0.477778
vn -0.334369 0.126312 0.933939
v 15.977 4.44661 0.476662
vn -0.843221 0.106855 0.52684
v 15.9544 4.2462 0.471951
vn -0.998741 0.0414776 0.0282312
v 15.8693 2.06186 0.172104
vn -0.355756 0.033498 -0.933978
v 15.8891 2.05369 0.172104
vn 0.0283928 -0.998988 -0.0348849
v 15.9566 2.07303 0.173165
vn 0.302357 -0.952233 -0.0428061
v 15.9991 2.09061 0.173953
vn 0.412728 -0.905108 -0.10215
v 16.4489 2.29811 0.182785
vn 0.455939 -0.139079 -0.879077
v 16.5417 4.68137 0.237172
vn 0.649502 -0.00543153 -0.76034
v 16.5234 4.68897 0.237173
vn 0.00255784 0.124969 -0.992157
v 16.246 4.65345 0.233802
vn -0.0177368 0.202715 -0.979077
v 16.2036 4.63588 0.233014
vn -0.047717 0.148944 -0.987694
v 16.0714 4.57365 0.230391
vn -0.0749083 0.198234 -0.977288
v 16.0255 4.55033 0.229441
vn -0.138351 0.189406 -0.972103
v 15.9946 4.48904 0.227778
vn -0.352043 0.194167 -0.915623
v 15.977 4.44661 0.226662
vn -0.703204 0.15919 -0.692938
v 15.9544 4.2462 0.221951
vn -0.997433 0.0513926 -0.0498675
v 16.4715 2.87782 0.617582
vn -0.200389 -0.0349033 0.979094
v 16.5865 2.38771 0.607642
vn -0.967105 -0.253136 0.0251027
v 16.6041 2.34528 0.606852
vn -0.483773 -0.644807 0.591766
v 16.6465 2.32771 0.606851
vn 0.0692075 -0.574354 0.815677
v 16.689 2.34528 0.607639
vn 0.257222 -0.590966 0.764588
v 17.0615 2.51786 0.61497
vn 0.201483 -0.389563 0.898691
v 17.1014 2.56008 0.616288
vn 0.311959 -0.29556 0.902954
v 17.1148 2.57777 0.616809
vn 0.333519 -0.230395 0.914157
v 17.1174 2.58403 0.616974
vn 0.591607 -0.0661922 0.803504
v 17.2892 4.73408 0.666855
vn 0.354011 -0.0407232 0.934354
v 17.2718 4.91819 0.670829
vn 0.24878 0.0285661 0.968139
v 17.2542 4.96062 0.671619
vn 0.102167 0.124819 0.986905
v 17.2118 4.97819 0.67162
vn 0.0212394 0.15648 0.987453
v 17.138 4.98557 0.671101
vn -0.0379844 0.142473 0.98907
v 17.0955 4.968 0.670313
vn -0.276537 0.270429 0.922169
v 16.545 4.45047 0.653583
vn -0.176552 0.144183 0.973674
v 16.5315 4.41789 0.652727
vn -0.998814 0.0422647 0.0241635
v 16.4715 2.87782 0.367582
vn -0.25837 0.0220571 -0.965794
v 16.5865 2.38771 0.357642
vn -0.971871 -0.235086 -0.0141884
v 16.6041 2.34528 0.356852
vn -0.639498 -0.474999 -0.604498
v 16.6465 2.32771 0.356851
vn -0.070662 -0.549016 -0.832819
v 16.689 2.34528 0.357639
vn 0.188102 -0.375238 -0.907642
v 17.0615 2.51786 0.36497
vn 0.284872 -0.544745 -0.788734
v 17.1014 2.56008 0.366288
vn 0.40387 -0.342739 -0.848186
v 17.1148 2.57777 0.366809
vn 0.444898 -0.288498 -0.847841
v 17.1174 2.58403 0.366974
vn 0.358209 -0.00763267 -0.93361
v 17.2892 4.73408 0.416855
vn 0.573564 -0.0227751 -0.818844
v 17.2718 4.91819 0.420829
vn 0.383008 0.0683554 -0.921212
v 17.2542 4.96062 0.421619
vn 0.154889 0.132418 -0.979017
v 17.2118 4.97819 0.42162
vn 0.0489638 0.170734 -0.9841
v 17.138 4.98557 0.421101
vn 0.00618221 0.216647 -0.97623
v 17.0955 4.968 0.420313
vn -0.139209 0.19223 -0.971426
v 16.545 4.45047 0.403583
vn -0.277326 0.318672 -0.906387
v 16.5315 4.41789 0.402727
vn -0.997382 0.0551067 -0.0468194
v 17.2229 3.2509 0.784871
vn -0.208209 -0.0300979 0.977621
v 17.268 2.76818 0.774447
vn -0.988983 -0.140772 0.0457748
v 17.2855 2.72576 0.773658
vn -0.843405 -0.371722 0.387932
v 17.2981 2.69767 0.773143
vn -0.400532 -0.62226 0.672582
v 17.3405 2.68009 0.773142
vn -0.111502 -0.597352 0.79419
v 17.401 2.6742 0.77357
vn 0.123533 -0.588935 0.798684
v 17.5775 2.72456 0.776338
vn 0.128309 -0.437407 0.890063
v 17.6199 2.74213 0.777127
vn 0.14657 -0.385028 0.911192
v 17.6237 2.74396 0.777202
vn 0.744233 -0.075402 0.66365
v 17.8187 5.1848 0.83383
vn 0.479533 -0.0513156 0.876022
v 17.8028 5.22301 0.834541
vn 0.113299 0.145938 0.982785
v 17.7604 5.24058 0.834542
vn -0.0347992 0.163673 0.985901
v 17.718 5.22301 0.833754
vn -0.184544 0.251657 0.950059
v 17.3067 4.95337 0.823884
vn -0.563446 0.136074 0.814869
v 17.2387 4.10306 0.804156
vn -0.996901 0.0373064 0.0692539
v 17.2229 3.2509 0.534871
vn -0.229486 0.0203978 -0.973098
v 17.268 2.76818 0.524447
vn -0.994059 -0.105712 -0.0259275
v 17.2855 2.72576 0.523658
vn -0.86524 -0.358713 -0.350263
v 17.2981 2.69767 0.523143
vn -0.500142 -0.447198 -0.741533
v 17.3405 2.68009 0.523142
vn -0.145865 -0.525265 -0.838344
v 17.401 2.6742 0.52357
vn 0.0679996 -0.440358 -0.895244
v 17.5775 2.72456 0.526338
vn 0.179621 -0.5571 -0.810787
v 17.6199 2.74213 0.527127
vn 0.244183 -0.549424 -0.799067
v 17.6237 2.74396 0.527202
vn 0.498528 -0.0211647 -0.866615
v 17.8187 5.1848 0.58383
vn 0.738499 -0.0405695 -0.673033
v 17.8028 5.22301 0.584541
vn 0.164763 0.144639 -0.97567
v 17.7604 5.24058 0.584542
vn 0.0345163 0.206267 -0.977887
v 17.718 5.22301 0.583754
vn -0.0900286 0.183324 -0.978922
v 17.3067 4.95337 0.573884
vn -0.408831 0.286616 -0.866434
v 17.2387 4.10306 0.554156
vn -0.995742 0.0607725 -0.0693126
v 17.7996 4.94633 0.968298
vn -0.39982 0.0459449 0.915441
v 17.6515 3.0922 0.925282
vn -0.983831 0.0267255 0.177096
v 17.6909 2.91226 0.921607
vn -0.4297 -0.138765 0.892246
v 17.7085 2.86983 0.920817
vn -0.177727 -0.221235 0.958889
v 17.7813 2.82207 0.920419
vn -0.0916342 -0.178968 0.979578
v 17.8237 2.8045 0.920418
vn 0.0146158 -0.193777 0.980937
v 17.8662 2.82207 0.921206
vn 0.0897346 -0.234004 0.968086
v 18.2095 2.98284 0.928002
vn 0.542279 -0.0764744 0.836711
v 18.306 5.45904 0.984509
vn 0.4473 -0.0256852 0.894015
v 18.2732 5.47263 0.98451
vn 0.0262112 0.435557 0.899779
v 18.2617 5.46795 0.984298
vn -0.323069 0.755925 0.569389
v 18.2192 5.45037 0.98351
vn -0.758295 0.650595 0.0414115
v 17.7996 4.94633 0.718298
vn -0.268826 0.117268 -0.956023
v 17.6515 3.0922 0.675282
vn -0.992465 0.0678952 -0.101994
v 17.6909 2.91226 0.671607
vn -0.573756 -0.121202 -0.810009
v 17.7085 2.86983 0.670817
vn -0.156966 -0.113138 -0.981102
v 17.7813 2.82207 0.670419
vn -0.103646 -0.165406 -0.980764
v 17.8237 2.8045 0.670418
vn -0.0147276 -0.150862 -0.988445
v 17.8662 2.82207 0.671206
vn 0.0676469 -0.105469 -0.992119
v 18.2095 2.98284 0.678002
vn 0.345229 -0.073197 -0.93566
v 18.306 5.45904 0.734509
vn 0.714116 -0.00708324 -0.699992
v 18.2732 5.47263 0.73451
vn 0.170574 0.577104 -0.798658
v 18.2617 5.46795 0.734298
vn -0.259219 0.661109 -0.704088
v 18.2192 5.45037 0.73351
vn -0.726949 0.682514 -0.0756289
v 18.7424 3.19122 1.09546
vn 0.352867 -0.0383423 0.934887
v 18.812 4.97798 1.13624
vn 0.82301 0.111123 0.557051
v 18.564 5.51272 1.14595
vn 0.23012 0.117936 0.96599
v 18.5216 5.53029 1.14595
vn -0.0311005 0.136503 0.990151
v 18.4792 5.51272 1.14516
vn -0.170923 0.100553 0.98014
v 18.4616 5.47029 1.14405
vn -0.394168 0.122864 0.910789
v 18.2881 5.00106 1.1319
vn -0.583411 0.0241122 0.811819
v 18.2099 2.99271 1.08607
vn -0.436921 -0.00745073 0.899469
v 18.219 2.98893 1.08607
vn 0.311992 -0.947109 0.0751371
v 18.3955 3.05068 1.08909
vn 0.36486 -0.930923 0.0160894
v 18.7095 3.17757 1.09485
vn 0.37606 -0.926595 0.00101877
v 18.7424 3.19122 0.845464
vn 0.200668 0.00769371 -0.979629
v 18.812 4.97798 0.886238
vn 0.906042 0.0333729 -0.421869
v 18.564 5.51272 0.895948
vn 0.422613 0.224997 -0.877938
v 18.5216 5.53029 0.895949
vn 0.0308832 0.179714 -0.983234
v 18.4792 5.51272 0.895161
vn -0.113061 0.183174 -0.976557
v 18.4616 5.47029 0.894045
vn -0.222769 0.109004 -0.968758
v 18.2881 5.00106 0.881898
vn -0.41406 0.0813046 -0.906611
v 18.2099 2.99271 0.836067
vn -0.684704 0.0416739 -0.727629
v 18.219 2.98893 0.836067
vn 0.267561 -0.95312 -0.141327
v 18.3955 3.05068 0.83909
vn 0.351747 -0.935891 -0.0195279
v 18.7095 3.17757 0.844852
vn 0.375092 -0.926987 -0.000585845
v 19.3897 4.14945 1.26141
vn 0.273837 -0.0223974 0.961515
v 19.3839 5.46843 1.29098
vn 0.999021 0.0186465 0.0401244
v 19.3738 5.47262 1.29098
vn 0.0455128 0.330073 0.942857
v 19.068 5.51854 1.28918
vn -0.00345325 0.183228 0.983064
v 19.0256 5.50097 1.28839
vn -0.119696 0.223013 0.967439
v 18.9775 5.47843 1.28744
vn -0.157919 0.219416 0.962766
v 18.9131 5.43503 1.28587
vn -0.220397 0.142498 0.964945
v 18.8955 5.3926 1.28475
vn -0.468421 0.121271 0.875143
v 18.818 5.13176 1.27817
vn -0.597016 0.0145263 0.802098
v 18.7423 3.18842 1.23383
vn -0.385596 -0.00796785 0.922633
v 18.7472 3.18639 1.23383
vn 0.210135 -0.567335 0.796225
v 18.9348 3.26265 1.23728
vn 0.14764 -0.401881 0.903711
v 18.9773 3.28023 1.23807
vn 0.237952 -0.544206 0.804499
v 19.125 3.35026 1.24101
vn 0.360509 -0.449837 0.817117
v 19.1844 3.42895 1.24333
vn 0.720301 -0.431581 0.543051
v 19.202 3.47138 1.24444
vn 0.926021 -0.352818 0.134181
v 19.3701 3.91898 1.25606
vn 0.966296 -0.223564 0.127639
v 19.3897 4.14945 1.01141
vn 0.188288 0.0186851 -0.981936
v 19.3839 5.46843 1.04098
vn 0.99976 0.0086122 -0.0201613
v 19.3738 5.47262 1.04098
vn 0.0408221 0.212654 -0.976274
v 19.068 5.51854 1.03918
vn 0.0458575 0.348377 -0.936232
v 19.0256 5.50097 1.03839
vn -0.0924921 0.255234 -0.962445
v 18.9775 5.47843 1.03744
vn -0.1118 0.240668 -0.964147
v 18.9131 5.43503 1.03587
vn -0.199946 0.257734 -0.945301
v 18.8955 5.3926 1.03475
vn -0.296565 0.120836 -0.947337
v 18.818 5.13176 1.02817
vn -0.392492 0.0581631 -0.917915
v 18.7423 3.18842 0.983827
vn -0.62736 0.0413623 -0.77763
v 18.7472 3.18639 0.983826
vn 0.131874 -0.315653 -0.939666
v 18.9348 3.26265 0.987279
vn 0.225454 -0.516227 -0.826244
v 18.9773 3.28023 0.988068
vn 0.192026 -0.385919 -0.902326
v 19.125 3.35026 0.991011
vn 0.343604 -0.528388 -0.776365
v 19.1844 3.42895 0.993329
vn 0.742547 -0.493869 -0.452457
v 19.202 3.47138 0.994445
vn 0.910864 -0.341622 -0.231561
v 19.3701 3.91898 1.00606
vn 0.949379 -0.297456 -0.100992
v 19.3828 5.72835 1.40491
vn -0.090991 -0.0220885 0.995607
v 19.3926 3.46938 1.35427
vn -0.708288 -0.17008 0.685128
v 19.6151 3.5671 1.35852
vn 0.100578 -0.195856 0.975461
v 20.0112 3.83797 1.36828
vn 0.122796 -0.211048 0.969732
v 21.778 5.07066 1.41235
vn 0.0830333 -0.153333 0.98468
v 22.3515 5.47762 1.42681
vn 0.0804811 -0.139449 0.986953
v 22.4652 5.58018 1.43017
vn 0.0951091 -0.134824 0.986294
v 22.5293 5.64082 1.43212
vn 0.13115 -0.156975 0.978856
v 22.8615 5.98892 1.44302
vn 0.0717558 -0.0949242 0.992895
v 22.8701 6.00962 1.44357
vn 0.116106 0.157173 0.980722
v 20.9982 7.30408 1.45528
vn 0.0535059 0.0727352 0.995915
v 20.9628 7.29771 1.45481
vn -0.124422 0.314195 0.94117
v 20.9203 7.28014 1.45402
vn -0.39097 0.569453 0.723095
v 20.6802 7.11744 1.44814
vn -0.418291 0.585486 0.694434
v 20.0096 6.65707 1.43158
vn -0.372014 0.490513 0.788037
v 19.7812 6.48271 1.42555
vn -0.610123 0.561465 0.559023
v 19.5579 6.21419 1.41744
vn -0.801302 0.493131 0.338728
v 19.4357 5.97572 1.41096
vn -0.880551 0.42272 0.214329
v 19.4181 5.93329 1.40984
vn -0.981436 0.190921 0.0182537
v 19.3828 5.72835 1.15491
vn -0.0370942 0.0234938 -0.999036
v 19.3926 3.46938 1.10427
vn -0.908567 -0.0406343 -0.415758
v 19.6151 3.5671 1.10852
vn 0.0901473 -0.123873 -0.988195
v 20.0112 3.83797 1.11828
vn 0.096426 -0.103586 -0.989935
v 21.778 5.07066 1.16235
vn 0.137436 -0.161609 -0.977238
v 22.3515 5.47762 1.17681
vn 0.14188 -0.160771 -0.976741
v 22.4652 5.58018 1.18017
vn 0.132711 -0.113426 -0.984643
v 22.5293 5.64082 1.18212
vn 0.0974481 -0.0642538 -0.993164
v 22.8615 5.98892 1.19302
vn 0.15631 -0.116177 -0.980852
v 22.8701 6.00962 1.19357
vn 0.0739476 0.112165 -0.990934
v 20.9982 7.30408 1.20528
vn 0.132182 0.202053 -0.970414
v 20.9628 7.29771 1.20481
vn -0.0755379 0.336228 -0.938747
v 20.9203 7.28014 1.20402
vn -0.254436 0.450245 -0.855887
v 20.6802 7.11744 1.19814
vn -0.332423 0.515349 -0.78988
v 20.0096 6.65707 1.18158
vn -0.413476 0.616562 -0.669992
v 19.7812 6.48271 1.17555
vn -0.538358 0.6122 -0.579121
v 19.5579 6.21419 1.16744
vn -0.761759 0.567822 -0.311932
v 19.4357 5.97572 1.16096
vn -0.883296 0.449158 -0.134335
v 19.4181 5.93329 1.15984
vn -0.971147 0.236809 -0.0282043
v 23.1674 6.49541 1.59699
vn 0.212077 0.284767 0.934843
v 21.545 7.61732 1.60714
vn 0.539456 0.833183 0.12163
v 21.5062 7.60605 1.60653
vn -0.0910495 0.196571 0.976253
v 21.4638 7.58848 1.60574
vn -0.112655 0.224389 0.967966
v 21.2399 7.49403 1.60155
vn -0.102909 0.175331 0.979116
v 20.9935 7.37084 1.59649
vn -0.0799571 0.115092 0.990132
v 20.9664 7.355 1.59589
vn -0.0913266 0.0978838 0.990999
v 20.9634 7.35164 1.59578
vn -0.181774 0.0563835 0.981722
v 20.9559 7.33337 1.5953
vn -0.372497 -0.54008 0.754692
v 22.607 6.19155 1.58497
vn -0.236195 -0.354239 0.904835
v 22.6349 6.1802 1.58498
vn -0.250681 -0.660392 0.707843
v 22.851 6.09873 1.58515
vn -0.154044 -0.540138 0.827358
v 22.9242 6.08862 1.5856
vn 0.0958027 -0.664437 0.741179
v 22.9666 6.10619 1.58639
vn 0.524795 -0.692851 0.494518
v 22.9955 6.13637 1.58734
vn 0.797889 -0.581642 0.158322
v 23.1497 6.3544 1.59366
vn 0.825646 -0.521946 0.214199
v 23.1672 6.39683 1.59478
vn 0.996781 -0.0748453 0.0287474
v 23.1674 6.49541 1.34699
vn 0.138501 0.181079 -0.973667
v 21.545 7.61732 1.35714
vn 0.560933 0.82553 -0.0620848
v 21.5062 7.60605 1.35653
vn -0.0614416 0.23271 -0.970604
v 21.4638 7.58848 1.35574
vn -0.0569202 0.179349 -0.982138
v 21.2399 7.49403 1.35155
vn -0.0764542 0.212036 -0.974267
v 20.9935 7.37084 1.34649
vn -0.107469 0.252369 -0.961645
v 20.9664 7.355 1.34589
vn -0.115562 0.224464 -0.967606
v 20.9634 7.35164 1.34578
vn -0.100063 0.0814876 -0.991639
v 20.9559 7.33337 1.3453
vn -0.221528 -0.298667 -0.928291
v 22.607 6.19155 1.33497
vn -0.370863 -0.531288 -0.761704
v 22.6349 6.1802 1.33498
vn -0.172347 -0.451479 -0.875479
v 22.851 6.09873 1.33515
vn -0.216343 -0.635194 -0.741434
v 22.9242 6.08862 1.3356
vn -0.00374797 -0.714523 -0.699602
v 22.9666 6.10619 1.33639
vn 0.442559 -0.752233 -0.488147
v 22.9955 6.13637 1.33734
vn 0.772729 -0.581026 -0.255535
v 23.1497 6.3544 1.34366
vn 0.820901 -0.555058 -0.134282
v 23.1672 6.39683 1.34478
vn 0.981502 -0.187853 -0.0369493
v 21.3851 7.72791 1.74028
vn -0.225404 -0.330169 0.916614
v 23.0908 6.54837 1.72961
vn -0.56356 -0.825701 0.0248745
v 23.1145 6.53972 1.72963
vn -0.172338 -0.577676 0.797866
v 23.2965 6.48693 1.73013
vn -0.0285634 -0.320376 0.94686
v 23.3389 6.5045 1.73092
vn 0.138385 -0.163464 0.976795
v 23.5422 6.72967 1.73787
vn 0.105418 -0.113229 0.987961
v 23.6416 6.87013 1.74194
vn 0.0996403 -0.0872417 0.991192
v 23.6592 6.91255 1.74306
vn 0.0887043 -0.0592679 0.994293
v 23.6588 6.91354 1.74308
vn 0.36749 0.585041 0.722965
v 21.9696 7.96438 1.75101
vn 0.211784 0.420444 0.882255
v 21.7437 7.97384 1.74913
vn -0.0706013 0.768662 0.635747
v 21.7012 7.95627 1.74834
vn -0.459808 0.879273 0.124321
v 21.4048 7.79987 1.74208
vn -0.581726 0.793286 0.179698
v 21.3872 7.75744 1.74096
vn -0.977688 0.209408 0.0165572
v 21.3851 7.72791 1.49028
vn -0.111539 -0.143665 -0.983321
v 23.0908 6.54837 1.47961
vn -0.567535 -0.823251 -0.0126701
v 23.1145 6.53972 1.47963
vn -0.108783 -0.363341 -0.925284
v 23.2965 6.48693 1.48013
vn -0.0859588 -0.415359 -0.905587
v 23.3389 6.5045 1.48092
vn 0.0926209 -0.0700383 -0.993235
v 23.5422 6.72967 1.48787
vn 0.142565 -0.0921611 -0.985485
v 23.6416 6.87013 1.49194
vn 0.164024 -0.0815605 -0.983079
v 23.6592 6.91255 1.49306
vn 0.195505 -0.0534408 -0.979246
v 23.6588 6.91354 1.49308
vn 0.238732 0.389941 -0.889356
v 21.9696 7.96438 1.50101
vn 0.354904 0.610604 -0.707959
v 21.7437 7.97384 1.49913
vn 0.00657828 0.89271 -0.450583
v 21.7012 7.95627 1.49834
vn -0.436005 0.876349 -0.204723
v 21.4048 7.79987 1.49208
vn -0.498379 0.86057 -0.105062
v 21.3872 7.75744 1.49096
vn -0.950645 0.309953 -0.014288
v 21.8141 8.06116 1.89701
vn -0.21182 -0.343174 0.915076
v 23.489 7.01914 1.88914
vn -0.311271 -0.771076 0.555474
v 23.7443 7.0992 1.8933
vn 0.0503078 -0.197314 0.979049
v 23.7867 7.11677 1.89409
vn 0.120943 -0.235338 0.964359
v 24.0959 7.30884 1.90127
vn 0.0784439 -0.131142 0.988255
v 24.1135 7.35127 1.90239
vn 0.112936 -0.0371933 0.992906
v 24.1087 7.36283 1.9026
vn 0.33688 0.596893 0.72817
v 22.2468 8.40172 1.90867
vn 0.20845 0.369098 0.905713
v 22.2457 8.40127 1.90865
vn -0.601796 0.798277 0.0243909
v 21.823 8.08278 1.89757
vn -0.634657 0.771535 0.0440819
v 21.8141 8.06116 1.64701
vn -0.103489 -0.149857 -0.983277
v 23.489 7.01914 1.63914
vn -0.453284 -0.813357 -0.364671
v 23.7443 7.0992 1.6433
vn 0.0988241 -0.258207 -0.961022
v 23.7867 7.11677 1.64409
vn 0.0846419 -0.108622 -0.990473
v 24.0959 7.30884 1.65127
vn 0.14204 -0.176438 -0.974009
v 24.1135 7.35127 1.65239
vn 0.186749 -0.0338804 -0.981823
v 24.1087 7.36283 1.6526
vn 0.221938 0.396549 -0.890782
v 22.2468 8.40172 1.65867
vn 0.344012 0.620967 -0.704312
v 22.2457 8.40127 1.65865
vn -0.599382 0.79899 -0.0485375
v 21.823 8.08278 1.64757
vn -0.609993 0.792065 -0.0232936
v 22.2349 8.40838 2.04376
vn -0.199136 -0.355794 0.913102
v 24.0249 7.4096 2.03793
vn -0.379623 -0.856936 0.348637
v 24.1869 7.44043 2.04013
vn 0.0458492 -0.227199 0.972768
v 24.2294 7.458 2.04092
vn 0.150063 -0.178329 0.972461
v 24.4999 7.74575 2.04989
vn 0.0859381 -0.102913 0.990971
v 24.5125 7.77632 2.05069
vn 0.314109 0.547163 0.775853
v 22.8153 8.72333 2.05622
vn 0.190121 0.350713 0.916981
v 22.7743 8.7257 2.05589
vn 0.0408088 0.79732 0.602175
v 22.4864 8.74216 2.05359
vn -0.0398931 0.635835 0.770794
v 22.444 8.72458 2.05281
vn -0.476494 0.794174 0.377148
v 22.3492 8.66499 2.05059
vn -0.557481 0.703793 0.440329
v 22.3342 8.64645 2.05003
vn -0.917219 0.39811 0.0147206
v 22.2477 8.4394 2.04458
vn -0.922965 0.384884 0.000321038
v 22.2349 8.40838 1.79376
vn -0.0982032 -0.156417 -0.982797
v 24.0249 7.4096 1.78793
vn -0.456029 -0.866714 -0.2021
v 24.1869 7.44043 1.79013
vn 0.0737428 -0.278571 -0.95758
v 24.2294 7.458 1.79092
vn 0.0975912 -0.0749801 -0.992398
v 24.4999 7.74575 1.79989
vn 0.171964 -0.126871 -0.976899
v 24.5125 7.77632 1.80069
vn 0.206734 0.349317 -0.913914
v 22.8153 8.72333 1.80622
vn 0.324899 0.592752 -0.736944
v 22.7743 8.7257 1.80589
vn 0.0427137 0.638029 -0.768827
v 22.4864 8.74216 1.80359
vn 0.025324 0.818834 -0.573471
v 22.444 8.72458 1.80281
vn -0.403923 0.784866 -0.469927
v 22.3492 8.66499 1.80059
vn -0.528345 0.795517 -0.296657
v 22.3342 8.64645 1.80003
vn -0.902109 0.430745 -0.0256669
v 22.2477 8.4394 1.79458
vn -0.922768 0.385356 -0.000194039
v 22.2552 9.03581 2.21882
vn -0.177419 -0.317643 0.931464
v 24.2548 7.92012 2.21231
vn -0.406025 -0.863506 0.299167
v 24.3604 7.95769 2.21413
vn 0.0555265 -0.191264 0.979967
v 24.4029 7.97526 2.21492
vn 0.0897569 -0.189393 0.97779
v 24.4516 8.00774 2.2161
vn 0.134094 -0.164889 0.977154
v 24.7461 8.31088 2.22564
vn 0.079323 -0.0975054 0.992069
v 24.7637 8.35331 2.22676
vn 0.149202 -0.0666467 0.986558
v 24.795 8.47481 2.22977
vn 0.111657 -0.020067 0.993544
v 24.7774 8.51724 2.23056
vn 0.133798 0.0491211 0.98979
v 24.7658 8.53689 2.2309
vn 0.221052 0.233447 0.94691
v 24.5359 8.73979 2.23332
vn 0.197847 0.387022 0.900595
v 23.8518 9.0429 2.23379
vn 0.135094 0.725171 0.675187
v 22.4975 9.21524 2.2251
vn 0.0284851 0.795157 0.605735
v 22.4044 9.16155 2.22303
vn -0.544022 0.836489 0.0657764
v 22.2698 9.07092 2.21974
vn -0.700636 0.711048 0.0593226
v 22.2552 9.03581 1.96882
vn -0.084463 -0.133381 -0.987459
v 24.2548 7.92012 1.96231
vn -0.465302 -0.869776 -0.164269
v 24.3604 7.95769 1.96413
vn 0.0910174 -0.202393 -0.975066
v 24.4029 7.97526 1.96492
vn 0.0908149 -0.139142 -0.986099
v 24.4516 8.00774 1.9661
vn 0.0930796 -0.0669899 -0.993403
v 24.7461 8.31088 1.97564
vn 0.155477 -0.11486 -0.981139
v 24.7637 8.35331 1.97676
vn 0.124329 -0.0147946 -0.992131
v 24.795 8.47481 1.97977
vn 0.174817 -0.00403548 -0.984593
v 24.7774 8.51724 1.98056
vn 0.189437 0.10263 -0.976514
v 24.7658 8.53689 1.9809
vn 0.143921 0.162896 -0.97609
v 24.5359 8.73979 1.98332
vn 0.194544 0.320872 -0.926927
v 23.8518 9.0429 1.98379
vn 0.190163 0.657687 -0.728894
v 22.4975 9.21524 1.9751
vn 0.0983066 0.9214 -0.375976
v 22.4044 9.16155 1.97303
vn -0.522456 0.849349 -0.0751364
v 22.2698 9.07092 1.96974
vn -0.605319 0.795068 -0.0381537
v 23.6558 10.0917 2.3936
vn 0.00523774 0.133658 0.991014
v 22.8491 10.0525 2.38524
vn -0.206984 0.944379 0.25555
v 22.7065 9.95451 2.38172
vn -0.322655 0.42915 0.843637
v 22.6886 9.94082 2.38124
vn -0.450788 0.448021 0.772054
v 22.6073 9.86158 2.37871
vn -0.420417 0.262711 0.868465
v 22.512 9.7025 2.37425
vn -0.371055 0.190224 0.908919
v 22.4342 9.56612 2.37047
vn -0.31709 0.136318 0.938547
v 22.4166 9.5237 2.36935
vn -0.37519 0.0465884 0.925776
v 22.3948 9.37831 2.36589
vn -0.247361 -0.0355309 0.968272
v 22.4124 9.33588 2.3651
vn -0.244617 -0.19031 0.95076
v 22.506 9.21416 2.36323
vn -0.0708606 -0.427227 0.901363
v 24.5453 8.95465 2.37632
vn -0.037847 -0.257983 0.965408
v 24.5548 8.95857 2.37649
vn 0.0802416 -0.212508 0.973859
v 24.5572 8.95994 2.37654
vn 0.315951 -0.162312 0.934788
v 24.5748 9.00237 2.37766
vn 0.39436 -0.0579399 0.917128
v 24.5888 9.22675 2.38283
vn 0.291946 -0.000887996 0.956434
v 24.5712 9.26918 2.38362
vn 0.618675 0.259945 0.741397
v 24.4483 9.54569 2.38869
vn 0.548782 0.256552 0.795625
v 24.3146 9.80295 2.39323
vn 0.476393 0.826299 0.300467
v 23.6558 10.0917 2.1436
vn 0.0458421 0.166983 -0.984893
v 22.8491 10.0525 2.13524
vn -0.0967611 0.981772 -0.163587
v 22.7065 9.95451 2.13172
vn -0.411367 0.618913 -0.669122
v 22.6886 9.94082 2.13124
vn -0.305023 0.363832 -0.880106
v 22.6073 9.86158 2.12871
vn -0.331555 0.296266 -0.895711
v 22.512 9.7025 2.12425
vn -0.368515 0.242658 -0.897393
v 22.4342 9.56612 2.12047
vn -0.404196 0.246266 -0.880897
v 22.4166 9.5237 2.11935
vn -0.254612 0.0868544 -0.963135
v 22.3948 9.37831 2.11589
vn -0.327464 0.0475236 -0.943668
v 22.4124 9.33588 2.1151
vn -0.166894 -0.0876628 -0.98207
v 22.506 9.21416 2.11323
vn -0.0440719 -0.213256 -0.976002
v 24.5453 8.95465 2.12632
vn -0.0471059 -0.420208 -0.906204
v 24.5548 8.95857 2.12649
vn 0.130076 -0.258876 -0.957112
v 24.5572 8.95994 2.12654
vn 0.187401 -0.0662234 -0.980049
v 24.5748 9.00237 2.12766
vn 0.274757 -0.0206416 -0.961292
v 24.5888 9.22675 2.13283
vn 0.453493 0.0106046 -0.891197
v 24.5712 9.26918 2.13362
vn 0.451628 0.213414 -0.866307
v 24.4483 9.54569 2.13869
vn 0.563954 0.278175 -0.777544
v 24.3146 9.80295 2.14323
vn 0.601205 0.697793 -0.389407
v 22.2518 12.2348 2.54893
vn -0.130722 0.00605711 0.9914
v 21.7545 10.0843 2.49602
vn -0.97461 0.199016 0.102608
v 21.772 10.0419 2.49523
vn -0.238304 -0.140767 0.960935
v 21.7954 10.0012 2.49453
vn -0.000863975 -0.239006 0.971018
v 23.6586 10.0918 2.51384
vn 0.0078982 -0.145302 0.989356
v 23.9525 10.2165 2.51937
vn 0.0466828 -0.134864 0.989764
v 24.0683 10.2845 2.52197
vn 0.0730601 -0.103539 0.991939
v 24.0859 10.3269 2.52309
vn 0.179818 -0.0877526 0.979778
v 24.2807 10.8906 2.53755
vn 0.111743 -0.063596 0.9917
v 24.3323 11.0448 2.54149
vn 0.165246 -0.0667966 0.983988
v 24.4188 11.4059 2.55041
vn 0.101103 -0.0431396 0.99394
v 24.4125 11.4211 2.55069
vn 0.401208 0.749286 0.52688
v 22.3977 12.4902 2.55602
vn 0.174793 0.62529 0.760565
v 22.2694 12.2772 2.55004
vn -0.876726 0.480573 0.0200164
v 22.2518 12.2348 2.29893
vn -0.0536975 0.037407 -0.997856
v 21.7545 10.0843 2.24602
vn -0.973975 0.220408 -0.0528512
v 21.772 10.0419 2.24523
vn -0.225804 -0.0876687 -0.97022
v 21.7954 10.0012 2.24453
vn 0.00978179 -0.0910895 -0.995795
v 23.6586 10.0918 2.26384
vn 0.0243975 -0.178625 -0.983615
v 23.9525 10.2165 2.26937
vn 0.0771068 -0.128426 -0.988717
v 24.0683 10.2845 2.27197
vn 0.104826 -0.111452 -0.988226
v 24.0859 10.3269 2.27309
vn 0.115376 -0.0153331 -0.993204
v 24.2807 10.8906 2.28755
vn 0.1851 -0.0385298 -0.981964
v 24.3323 11.0448 2.29149
vn 0.143129 -0.0157328 -0.989579
v 24.4188 11.4059 2.30041
vn 0.213207 -0.0242226 -0.976707
v 24.4125 11.4211 2.30069
vn 0.306985 0.570121 -0.762051
v 22.3977 12.4902 2.30602
vn 0.36318 0.785635 -0.500878
v 22.2694 12.2772 2.30004
vn -0.862807 0.505379 -0.0125296
v 22.3223 12.5302 2.66768
vn -0.191371 -0.346844 0.918192
v 24.3643 11.4467 2.66228
vn -0.450385 -0.888727 0.0855465
v 24.3905 11.4576 2.66277
vn 0.14058 -0.11801 0.983011
v 24.4081 11.5 2.66388
vn 0.184604 -0.0844142 0.979181
v 24.5554 11.9633 2.67566
vn 0.0956107 -0.0533382 0.993989
v 24.5524 11.9705 2.67579
vn 0.304359 0.50771 0.805975
v 22.5078 13.1803 2.684
vn 0.161633 0.29337 0.942236
v 22.4905 13.1385 2.6829
vn -0.936109 0.333957 0.110331
v 22.4232 12.9482 2.678
vn -0.964208 0.261105 0.0461292
v 22.3468 12.6387 2.67034
vn -0.972861 0.231329 0.00537146
v 22.3223 12.5302 2.41768
vn -0.102811 -0.149455 -0.983409
v 24.3643 11.4467 2.41228
vn -0.464189 -0.884666 -0.0435335
v 24.3905 11.4576 2.41277
vn 0.110189 -0.0879391 -0.990013
v 24.4081 11.5 2.41388
vn 0.120274 -0.0146881 -0.992632
v 24.5554 11.9633 2.42566
vn 0.210393 -0.0409587 -0.976759
v 24.5524 11.9705 2.42579
vn 0.18952 0.323846 -0.926934
v 22.5078 13.1803 2.434
vn 0.307444 0.536016 -0.786235
v 22.4905 13.1385 2.4329
vn -0.922401 0.347716 -0.168137
v 22.4232 12.9482 2.428
vn -0.954521 0.293284 -0.0536058
v 22.3468 12.6387 2.42034
vn -0.971556 0.236777 -0.00388259
v 24.668 12.5394 2.81954
vn 0.222208 0.29276 0.930008
v 22.7577 13.7945 2.83001
vn 0.548658 0.836043 0.00246603
v 22.7569 13.7942 2.83
vn -0.106417 0.21369 0.971088
v 22.7145 13.7767 2.82921
vn -0.125768 0.0909258 0.987884
v 22.6968 13.7453 2.82834
vn -0.194253 0.0626961 0.978946
v 22.5483 13.4168 2.81959
vn -0.119251 0.0266128 0.992507
v 22.5307 13.3744 2.81847
vn -0.213762 -0.0451739 0.975841
v 22.557 13.2412 2.81572
vn -0.166875 -0.0665656 0.983728
v 22.5746 13.1987 2.81493
vn -0.219779 -0.11954 0.968198
v 22.601 13.1441 2.81395
vn -0.201339 -0.136678 0.969939
v 22.6233 13.112 2.81344
vn -0.341145 -0.576534 0.742448
v 24.3889 12.0673 2.80635
vn -0.218089 -0.384204 0.89712
v 24.445 12.0486 2.80645
vn 0.0603369 -0.597563 0.799548
v 24.4875 12.0662 2.80724
vn 0.528507 -0.671482 0.519415
v 24.5938 12.1605 2.81034
vn 0.676946 -0.530606 0.510098
v 24.6201 12.2176 2.81187
vn 0.889979 -0.391028 0.234593
v 24.6377 12.2601 2.81299
vn 0.991295 -0.12947 0.0239087
v 24.668 12.5394 2.56954
vn 0.16544 0.18132 -0.969408
v 22.7577 13.7945 2.58001
vn 0.548984 0.835832 -0.00123329
v 22.7569 13.7942 2.58
vn -0.0414842 0.145156 -0.988539
v 22.7145 13.7767 2.57921
vn -0.0869021 0.170161 -0.981577
v 22.6968 13.7453 2.57834
vn -0.0974872 0.0724632 -0.992595
v 22.5483 13.4168 2.56959
vn -0.174607 0.104626 -0.979064
v 22.5307 13.3744 2.56847
vn -0.137462 0.0281633 -0.990107
v 22.557 13.2412 2.56572
vn -0.212778 -0.0285093 -0.976684
v 22.5746 13.1987 2.56493
vn -0.187137 -0.0645702 -0.980209
v 22.601 13.1441 2.56395
vn -0.219878 -0.0997851 -0.970411
v 22.6233 13.112 2.56344
vn -0.207935 -0.332682 -0.919829
v 24.3889 12.0673 2.55635
vn -0.335841 -0.566471 -0.752543
v 24.445 12.0486 2.55645
vn -0.07281 -0.60999 -0.789057
v 24.4875 12.0662 2.55724
vn 0.431957 -0.614025 -0.660595
v 24.5938 12.1605 2.56034
vn 0.658581 -0.62723 -0.415757
v 24.6201 12.2176 2.56187
vn 0.89412 -0.394155 -0.212581
v 24.6377 12.2601 2.56299
vn 0.983646 -0.17581 -0.0391341
v 22.9661 14.2628 2.975
vn -0.122305 -0.0157233 0.992368
v 22.9424 13.724 2.96268
vn -0.998726 -0.00387997 0.0503144
v 22.9551 13.691 2.96206
vn -0.799098 -0.332847 0.500655
v 22.97 13.655 2.96139
vn -0.391781 -0.593406 0.703119
v 24.276 12.7969 2.95423
vn -0.24236 -0.404542 0.88182
v 24.4509 12.722 2.95417
vn -0.138787 -0.328127 0.934383
v 24.4933 12.7045 2.95417
vn -0.156726 -0.409228 0.898871
v 24.5816 12.6715 2.95425
vn -0.023362 -0.291638 0.956243
v 24.7019 12.6792 2.95553
vn 0.0257374 -0.189028 0.981634
v 24.7443 12.6967 2.95632
vn 0.156287 -0.122531 0.980082
v 24.8505 12.8975 2.96182
vn 0.103687 -0.0781164 0.991538
v 24.868 12.9399 2.96293
vn 0.218755 -0.0144031 0.975673
v 24.8532 13.1023 2.96644
vn 0.535091 0.763085 0.362462
v 23.0073 14.315 2.97656
vn 0.516318 0.817243 0.255987
v 22.9837 14.3053 2.97612
vn -0.84945 0.526825 0.0298267
v 22.9661 14.2628 2.725
vn -0.0540859 0.0283956 -0.998132
v 22.9424 13.724 2.71268
vn -0.999115 0.0318769 -0.0274317
v 22.9551 13.691 2.71206
vn -0.797565 -0.305143 -0.520362
v 22.97 13.655 2.71139
vn -0.253317 -0.355618 -0.899648
v 24.276 12.7969 2.70423
vn -0.352685 -0.542675 -0.762311
v 24.4509 12.722 2.70417
vn -0.180026 -0.421244 -0.8889
v 24.4933 12.7045 2.70417
vn -0.11858 -0.302413 -0.945772
v 24.5816 12.6715 2.70425
vn -0.0396936 -0.226306 -0.973247
v 24.7019 12.6792 2.70553
vn 0.0357306 -0.207467 -0.977589
v 24.7443 12.6967 2.70632
vn 0.103541 -0.0540696 -0.993154
v 24.8505 12.8975 2.71182
vn 0.182667 -0.06785 -0.980831
v 24.868 12.9399 2.71293
vn 0.164225 0.00941155 -0.986378
v 24.8532 13.1023 2.71644
vn 0.514606 0.634211 -0.577024
v 23.0073 14.315 2.72656
vn 0.539891 0.83143 -0.131307
v 22.9837 14.3053 2.72612
vn -0.689977 0.722885 -0.0370055
v 23.2661 14.8387 3.13765
vn 0.111563 0.176111 0.978028
v 23.2224 14.7548 3.13536
vn -0.905074 0.425184 0.00770365
v 23.0737 14.4338 3.12678
vn -0.91085 0.412081 0.0232789
v 23.0561 14.3914 3.12566
vn -0.866186 -0.129815 0.482565
v 23.0737 14.349 3.12487
vn -0.582603 -0.434728 0.686721
v 23.1945 14.1921 3.12247
vn -0.363983 -0.541249 0.758001
v 24.7558 13.1663 3.11391
vn -0.219543 -0.351913 0.909922
v 24.8098 13.1476 3.11399
vn -0.100449 -0.339023 0.9354
v 24.9218 13.1168 3.11434
vn -0.00466004 -0.21869 0.975783
v 24.9642 13.1344 3.11513
vn 0.0949231 -0.133878 0.986441
v 24.9882 13.1678 3.1161
vn 0.163762 -0.111958 0.980126
v 25.0805 13.3516 3.12108
vn 0.106821 -0.0773001 0.991269
v 25.0981 13.394 3.1222
vn 0.203631 -0.0326886 0.978502
v 25.0959 13.5032 3.12463
vn 0.596807 0.784289 0.169447
v 23.2661 14.8387 2.88765
vn 0.252641 0.369845 -0.894085
v 23.2224 14.7548 2.88536
vn -0.900265 0.435194 -0.0113795
v 23.0737 14.4338 2.87678
vn -0.908151 0.418415 -0.0137687
v 23.0561 14.3914 2.87566
vn -0.863925 0.130828 -0.486331
v 23.0737 14.349 2.87487
vn -0.467983 -0.288159 -0.835438
v 23.1945 14.1921 2.87247
vn -0.251518 -0.329429 -0.910063
v 24.7558 13.1663 2.86391
vn -0.344937 -0.522859 -0.779511
v 24.8098 13.1476 2.86399
vn -0.0717176 -0.238885 -0.968396
v 24.9218 13.1168 2.86434
vn -0.0346645 -0.242775 -0.969463
v 24.9642 13.1344 2.86513
vn 0.0939826 -0.112572 -0.989189
v 24.9882 13.1678 2.8661
vn 0.118536 -0.0389822 -0.992184
v 25.0805 13.3516 2.87108
vn 0.184281 -0.0643542 -0.980765
v 25.0981 13.394 2.8722
vn 0.168558 -0.00491462 -0.985679
v 25.0959 13.5032 2.87463
vn 0.612986 0.727112 -0.309123
v 25.3024 13.8211 3.23043
vn 0.0374469 -0.011567 0.999232
v 25.2456 14.0061 3.23406
vn 0.596848 0.771804 0.219297
v 23.5296 15.2585 3.24627
vn 0.394279 0.644714 0.654895
v 23.4785 15.1843 3.24413
vn -0.17144 0.0586333 0.983448
v 23.4073 15.0269 3.23993
vn -0.132726 0.0319605 0.990637
v 23.3898 14.9845 3.23882
vn -0.177293 0.0413472 0.983289
v 23.3651 14.9169 3.23707
vn -0.168679 0.0257097 0.985336
v 23.3486 14.8546 3.23552
vn -0.186553 -0.0445738 0.981433
v 23.3662 14.8122 3.23473
vn -0.271352 -0.145775 0.951377
v 23.4018 14.7397 3.23343
vn -0.456143 -0.619323 0.63904
v 25.0098 13.566 3.22199
vn -0.32383 -0.485954 0.811778
v 25.1142 13.5385 3.22234
vn -0.144498 -0.644515 0.750814
v 25.1252 13.5384 3.22244
vn 0.304516 -0.853442 0.422973
v 25.1676 13.556 3.22322
vn 0.855055 -0.513305 0.0734794
v 25.2848 13.7787 3.22931
vn 0.895891 -0.444103 0.0123356
v 25.3024 13.8211 2.98043
vn 0.039821 0.0248843 -0.998897
v 25.2456 14.0061 2.98406
vn 0.613999 0.696848 -0.370687
v 23.5296 15.2585 2.99627
vn 0.525788 0.756996 -0.387948
v 23.4785 15.1843 2.99413
vn -0.119116 0.0949454 -0.98833
v 23.4073 15.0269 2.98993
vn -0.171094 0.102651 -0.979893
v 23.3898 14.9845 2.98882
vn -0.135819 0.0791037 -0.987571
v 23.3651 14.9169 2.98707
vn -0.15473 0.0767838 -0.984968
v 23.3486 14.8546 2.98552
vn -0.192141 0.0405154 -0.980531
v 23.3662 14.8122 2.98473
vn -0.216408 -0.0795343 -0.973058
v 23.4018 14.7397 2.98343
vn -0.321501 -0.400274 -0.858148
v 25.0098 13.566 2.97199
vn -0.459972 -0.637247 -0.618338
v 25.1142 13.5385 2.97234
vn -0.199132 -0.80331 -0.561284
v 25.1252 13.5384 2.97244
vn 0.218334 -0.777556 -0.589693
v 25.1676 13.556 2.97322
vn 0.783123 -0.610067 -0.120567
v 25.2848 13.7787 2.97931
vn 0.888544 -0.458727 -0.00771167
v 23.5059 15.2759 3.3575
vn -0.204438 -0.285939 0.936186
v 25.0959 14.1154 3.34618
vn -0.559867 -0.819865 0.119872
v 25.3022 14.0109 3.34575
vn -0.282637 -0.592039 0.754723
v 25.3446 13.9934 3.34575
vn 0.0246064 -0.313505 0.949268
v 25.4074 14.0118 3.34675
vn 0.0559437 -0.2012 0.977951
v 25.4498 14.0293 3.34753
vn 0.167795 -0.119147 0.978595
v 25.6023 14.3368 3.35586
vn 0.0997399 -0.0744002 0.992228
v 25.6199 14.3792 3.35697
vn 0.188283 -0.0599898 0.980281
v 25.6627 14.626 3.36291
vn 0.101786 -0.0400472 0.994
v 25.6615 14.629 3.36297
vn 0.342568 0.576641 0.741709
v 24.492 15.3167 3.36756
vn 0.244863 0.497309 0.832302
v 23.7943 15.6006 3.36747
vn 0.158562 0.504536 0.848706
v 23.7519 15.583 3.36668
vn -0.750938 0.657835 0.0578311
v 23.515 15.2979 3.35808
vn -0.790437 0.612027 0.0251393
v 23.5059 15.2759 3.1075
vn -0.097089 -0.116443 -0.988441
v 25.0959 14.1154 3.09618
vn -0.581168 -0.810727 -0.0704718
v 25.3022 14.0109 3.09575
vn -0.354572 -0.710393 -0.607963
v 25.3446 13.9934 3.09575
vn -0.0208195 -0.240761 -0.970361
v 25.4074 14.0118 3.09675
vn 0.0752531 -0.182378 -0.980344
v 25.4498 14.0293 3.09753
vn 0.106458 -0.0450678 -0.993295
v 25.6023 14.3368 3.10586
vn 0.189317 -0.0664556 -0.979665
v 25.6199 14.3792 3.10697
vn 0.132665 -0.00675121 -0.991138
v 25.6627 14.626 3.11291
vn 0.222946 -0.0144405 -0.974724
v 25.6615 14.629 3.11297
vn 0.22126 0.379952 -0.898154
v 24.492 15.3167 3.11756
vn 0.311037 0.573381 -0.757951
v 23.7943 15.6006 3.11747
vn 0.278398 0.726389 -0.628374
v 23.7519 15.583 3.11668
vn -0.700352 0.706872 -0.0991915
v 23.515 15.2979 3.10808
vn -0.774691 0.632192 -0.0137005
v 24.2753 15.4441 3.58074
vn -0.177398 -0.294452 0.939057
v 25.7223 14.5932 3.57505
vn -0.49345 -0.868382 0.0491966
v 25.7367 14.5992 3.57532
vn 0.220633 -0.169725 0.960476
v 25.8086 14.7188 3.57867
vn 0.164294 -0.119759 0.979115
v 25.8479 14.7926 3.58069
vn 0.217234 -0.139411 0.966113
v 25.993 15.0723 3.58832
vn 0.137257 -0.0945177 0.986016
v 26.0106 15.1147 3.58944
vn 0.202531 0.0072246 0.979249
v 25.993 15.1571 3.59023
vn 0.15585 0.0588676 0.986025
v 25.99 15.1599 3.59026
vn 0.313017 0.526764 0.790279
v 24.102 16.2701 3.59769
vn 0.178525 0.303476 0.935965
v 24.0914 16.2658 3.59749
vn -0.261405 0.424713 0.866768
v 24 16.2128 3.59545
vn -0.378703 0.283826 0.880924
v 23.9232 16.0897 3.59197
vn -0.46162 0.234094 0.855632
v 23.849 15.9496 3.58814
vn -0.412924 0.176558 0.893488
v 23.8314 15.9071 3.58702
vn -0.624347 -0.0189432 0.780917
v 23.8403 15.8574 3.58599
vn -0.733972 -0.25263 0.630446
v 23.8579 15.8149 3.5852
vn -0.758312 -0.571985 0.312725
v 23.9116 15.7526 3.5843
vn -0.655943 -0.754442 0.0235672
v 24.2753 15.4441 3.33074
vn -0.119272 -0.168144 -0.97852
v 25.7223 14.5932 3.32505
vn -0.503614 -0.863571 -0.0248739
v 25.7367 14.5992 3.32532
vn 0.135847 -0.0748586 -0.987898
v 25.8086 14.7188 3.32867
vn 0.210779 -0.0962391 -0.972785
v 25.8479 14.7926 3.33069
vn 0.164684 -0.0593746 -0.984558
v 25.993 15.0723 3.33832
vn 0.245323 -0.0992001 -0.964353
v 26.0106 15.1147 3.33944
vn 0.219851 -0.00719699 -0.975507
v 25.993 15.1571 3.34023
vn 0.296757 0.146552 -0.943641
v 25.99 15.1599 3.34026
vn 0.195786 0.338503 -0.920371
v 24.102 16.2701 3.34769
vn 0.318225 0.548867 -0.772967
v 24.0914 16.2658 3.34749
vn -0.145392 0.302231 -0.942081
v 24 16.2128 3.34545
vn -0.279961 0.346944 -0.895126
v 23.9232 16.0897 3.34197
vn -0.428714 0.276913 -0.859955
v 23.849 15.9496 3.33814
vn -0.516453 0.287529 -0.8066
v 23.8314 15.9071 3.33702
vn -0.58948 0.134034 -0.796586
v 23.8403 15.8574 3.33599
vn -0.758372 -0.176804 -0.627386
v 23.8579 15.8149 3.3352
vn -0.796159 -0.474236 -0.375808
v 23.9116 15.7526 3.3343
vn -0.676614 -0.735349 -0.038157
v 26.2173 15.6463 3.77279
vn 0.231071 0.306315 0.923459
v 24.322 16.8474 3.78219
vn 0.50394 0.852332 0.139908
v 24.2813 16.8306 3.78143
vn -0.152711 0.130577 0.979607
v 24.1031 16.6521 3.77577
vn -0.107616 0.0574443 0.992532
v 24.0855 16.6097 3.77466
vn -0.185839 0.0126106 0.982499
v 24.0713 16.5139 3.77237
vn -0.160813 -0.0397628 0.986184
v 24.0889 16.4715 3.77158
vn -0.289371 -0.216347 0.932448
v 24.3272 16.1377 3.7663
vn -0.309392 -0.487775 0.816304
v 25.9713 15.1709 3.75983
vn -0.212391 -0.390969 0.895563
v 26.0035 15.1842 3.76043
vn 0.56809 -0.68275 0.459484
v 26.085 15.2606 3.7629
vn 0.688268 -0.572052 0.446142
v 26.1054 15.2978 3.76393
vn 0.90118 -0.413958 0.128502
v 26.123 15.3402 3.76504
vn 0.953727 -0.300568 0.00803471
v 26.2173 15.6463 3.52279
vn 0.177083 0.179964 -0.967603
v 24.322 16.8474 3.53219
vn 0.52695 0.846898 -0.0713239
v 24.2813 16.8306 3.53143
vn -0.0731876 0.122995 -0.989705
v 24.1031 16.6521 3.52577
vn -0.13793 0.159606 -0.977497
v 24.0855 16.6097 3.52466
vn -0.128281 0.0597629 -0.989936
v 24.0713 16.5139 3.52237
vn -0.186517 0.0310536 -0.981961
v 24.0889 16.4715 3.52158
vn -0.165214 -0.0918161 -0.981975
v 24.3272 16.1377 3.5163
vn -0.23773 -0.298857 -0.924213
v 25.9713 15.1709 3.50983
vn -0.338126 -0.579896 -0.741209
v 26.0035 15.1842 3.51043
vn 0.470799 -0.644858 -0.602086
v 26.085 15.2606 3.5129
vn 0.680291 -0.645983 -0.346281
v 26.1054 15.2978 3.51393
vn 0.887833 -0.440854 -0.131908
v 26.123 15.3402 3.51504
vn 0.949335 -0.313982 -0.0133887
v 26.3222 16.2326 3.95274
vn 0.232123 0.293343 0.927399
v 24.3765 17.5844 3.96505
vn 0.562639 0.825552 0.0436005
v 24.3645 17.5794 3.96483
vn -0.166898 0.100447 0.980844
v 24.2744 17.458 3.96127
vn -0.118621 0.0441847 0.991956
v 24.2568 17.4156 3.96015
vn -0.230792 -0.0192029 0.972814
v 24.2599 16.9605 3.94996
vn -0.141293 -0.0315828 0.989464
v 24.2775 16.9181 3.94917
vn -0.306742 -0.348831 0.885566
v 24.481 16.7467 3.94721
vn -0.3444 -0.539407 0.768393
v 26.1208 15.7075 3.93907
vn -0.226722 -0.366793 0.902253
v 26.1245 15.7081 3.93912
vn 0.21 -0.717029 0.664657
v 26.2164 15.7367 3.94062
vn 0.196155 -0.582345 0.788921
v 26.2589 15.7542 3.94141
vn 0.622426 -0.489408 0.610792
v 26.2764 15.7967 3.94252
vn 0.971971 -0.204434 0.116103
v 26.3072 15.9661 3.94661
vn 0.995702 -0.0868915 0.0320589
v 26.3222 16.2326 3.70274
vn 0.1685 0.183874 -0.9684
v 24.3765 17.5844 3.71505
vn 0.568447 0.822429 -0.0218796
v 24.3645 17.5794 3.71483
vn -0.0754573 0.0958998 -0.992527
v 24.2744 17.458 3.71127
vn -0.14068 0.125954 -0.982011
v 24.2568 17.4156 3.71015
vn -0.119033 0.0298997 -0.99244
v 24.2599 16.9605 3.69996
vn -0.220686 0.0161661 -0.975211
v 24.2775 16.9181 3.69917
vn -0.206756 -0.179218 -0.961838
v 24.481 16.7467 3.69721
vn -0.236711 -0.342624 -0.909163
v 26.1208 15.7075 3.68907
vn -0.35637 -0.557284 -0.749957
v 26.1245 15.7081 3.68912
vn 0.15426 -0.467471 -0.870445
v 26.2164 15.7367 3.69062
vn 0.226355 -0.649044 -0.726295
v 26.2589 15.7542 3.69141
vn 0.485691 -0.619907 -0.616294
v 26.2764 15.7967 3.69252
vn 0.954856 -0.243237 -0.170547
v 26.3072 15.9661 3.69661
vn 0.991535 -0.124453 -0.0370232
v 24.6519 17.393 4.11206
vn -0.250225 -0.321398 0.913286
v 26.3393 16.2207 4.10138
vn -0.567624 -0.823166 0.0141598
v 26.3432 16.2223 4.10145
vn 0.201973 -0.117112 0.972364
v 26.3608 16.2647 4.10256
vn 0.225523 -0.0701323 0.97171
v 26.425 16.5978 4.11064
vn 0.173842 -0.0538078 0.983302
v 26.4645 16.8446 4.11655
vn 0.128186 -0.0397433 0.990954
v 26.4621 16.8572 4.11681
vn 0.362961 0.513048 0.777844
v 24.6441 18.1203 4.12832
vn 0.209705 0.311195 0.92692
v 24.5794 18.1289 4.12791
vn -0.0843131 0.407418 0.909342
v 24.537 18.1113 4.12712
vn -0.239384 0.466359 0.851589
v 24.402 18.0456 4.12439
vn -0.280743 0.287158 0.915819
v 24.3844 18.0032 4.12328
vn -0.809573 -0.123931 0.573788
v 24.402 17.9607 4.12249
vn -0.915513 -0.402284 0.00195416
v 24.6519 17.393 3.86206
vn -0.193694 -0.170379 -0.966154
v 26.3393 16.2207 3.85138
vn -0.569882 -0.821696 -0.00709581
v 26.3432 16.2223 3.85145
vn 0.122803 -0.040855 -0.99159
v 26.3608 16.2647 3.85256
vn 0.14991 -0.0112481 -0.988636
v 26.425 16.5978 3.86064
vn 0.209966 -0.0150028 -0.977594
v 26.4645 16.8446 3.86655
vn 0.258153 -0.0160498 -0.965971
v 26.4621 16.8572 3.86681
vn 0.229351 0.333066 -0.914585
v 24.6441 18.1203 3.87832
vn 0.362531 0.53607 -0.762365
v 24.5794 18.1289 3.87791
vn 0.00724235 0.490492 -0.871415
v 24.537 18.1113 3.87712
vn -0.158844 0.385092 -0.909106
v 24.402 18.0456 3.87439
vn -0.276401 0.488598 -0.827572
v 24.3844 18.0032 3.87328
vn -0.805858 0.125005 -0.578764
v 24.402 17.9607 3.87249
vn -0.916372 -0.400313 -0.00353067
v 26.574 17.4457 4.25668
vn 0.22428 0.310465 0.923748
v 24.7566 18.7083 4.26818
vn 0.564447 0.824845 0.0321009
v 24.7478 18.7046 4.26802
vn -0.130589 0.182055 0.974578
v 24.5397 18.5798 4.26329
vn -0.128232 0.0747835 0.988921
v 24.4768 18.4372 4.2595
vn -0.12964 0.0297008 0.991116
v 24.4592 18.3948 4.25838
vn -0.193892 -0.0396779 0.98022
v 24.4761 18.3313 4.25711
vn -0.197921 -0.0881658 0.976245
v 24.4936 18.2889 4.25632
vn -0.211388 -0.109289 0.971273
v 24.5081 18.2564 4.25573
vn -0.267276 -0.188997 0.944904
v 24.5633 18.1763 4.25444
vn -0.375391 -0.538455 0.754419
v 26.3258 16.9518 4.24329
vn -0.237385 -0.3646 0.900397
v 26.3501 16.9619 4.24374
vn 0.898255 -0.437766 0.0387121
v 26.5643 17.4224 4.25607
vn 0.908272 -0.418362 0.00390545
v 26.574 17.4457 4.00668
vn 0.13481 0.194613 -0.971572
v 24.7566 18.7083 4.01818
vn 0.568938 0.822223 -0.0160949
v 24.7478 18.7046 4.01802
vn -0.0552181 0.132249 -0.989677
v 24.5397 18.5798 4.01329
vn -0.103951 0.160145 -0.981605
v 24.4768 18.4372 4.0095
vn -0.162765 0.097342 -0.981851
v 24.4592 18.3948 4.00838
vn -0.153812 0.0422344 -0.987197
v 24.4761 18.3313 4.00711
vn -0.206886 -0.0434876 -0.977398
v 24.4936 18.2889 4.00632
vn -0.212785 -0.0718258 -0.974456
v 24.5081 18.2564 4.00573
vn -0.192187 -0.0948074 -0.976768
v 24.5633 18.1763 4.00444
vn -0.237403 -0.312031 -0.919933
v 26.3258 16.9518 3.99329
vn -0.37865 -0.544302 -0.748571
v 26.3501 16.9619 3.99374
vn 0.875964 -0.476814 -0.0730504
v 26.5643 17.4224 4.00607
vn 0.907158 -0.420786 -0.00209409
v 24.8197 18.6645 4.40594
vn -0.225121 -0.312841 0.922741
v 26.542 17.4679 4.39504
vn -0.536357 -0.832149 0.140884
v 26.5821 17.4845 4.39579
vn 0.135675 -0.129432 0.982263
v 26.5996 17.5269 4.3969
vn 0.223976 -0.0669184 0.972295
v 26.6976 18.0576 4.40973
vn 0.124225 -0.0379388 0.991529
v 26.6837 18.0912 4.41036
vn 0.360342 0.507079 0.782959
v 24.6587 19.4981 4.42317
vn 0.21467 0.301005 0.929146
v 24.6582 19.4974 4.42315
vn -0.675338 0.26327 0.688918
v 24.6406 19.455 4.42204
vn -0.716521 0.196635 0.669277
v 24.5926 19.2857 4.41779
vn -0.734125 0.129815 0.66649
v 24.5533 19.0519 4.41217
vn -0.700012 -0.00687319 0.714098
v 24.5708 19.0095 4.41138
vn -0.817521 -0.575549 0.0200717
v 24.8197 18.6645 4.15594
vn -0.148656 -0.163674 -0.97525
v 26.542 17.4679 4.14504
vn -0.562258 -0.823773 -0.0725587
v 26.5821 17.4845 4.14579
vn 0.117503 -0.117902 -0.986049
v 26.5996 17.5269 4.1469
vn 0.141466 -0.00638185 -0.989923
v 26.6976 18.0576 4.15973
vn 0.247727 -0.0179518 -0.968664
v 26.6837 18.0912 4.16036
vn 0.230922 0.330332 -0.915181
v 24.6587 19.4981 4.17317
vn 0.370436 0.540262 -0.755575
v 24.6582 19.4974 4.17315
vn -0.429522 0.205267 -0.879418
v 24.6406 19.455 4.17204
vn -0.560716 0.203868 -0.802518
v 24.5926 19.2857 4.16779
vn -0.685729 0.179486 -0.70538
v 24.5533 19.0519 4.16217
vn -0.83414 0.112707 -0.539915
v 24.5708 19.0095 4.16138
vn -0.834064 -0.550561 -0.0349136
v 27.6161 21.3415 4.6362
vn 0.0158427 0.0564518 0.99828
v 25.4121 22.018 4.63096
vn -0.167583 0.178186 0.969621
v 24.9176 20.4135 4.59033
vn -0.145669 0.0138404 0.989237
v 24.728 19.562 4.56945
vn -0.111439 -0.00545863 0.993756
v 24.7456 19.5196 4.56866
vn -0.110595 -0.11797 0.986839
v 25.003 19.2589 4.56519
vn -0.0913149 -0.136517 0.98642
v 26.6001 18.1493 4.55509
vn -0.0529908 -0.08844 0.994671
v 26.6522 18.1408 4.55538
vn 0.0132924 -0.137648 0.990392
v 26.6947 18.1584 4.55617
vn 0.174314 -0.160661 0.971495
v 26.7122 18.2008 4.55728
vn 0.960092 -0.279015 0.019337
v 27.5759 21.1868 4.63235
vn 0.960676 -0.277187 0.016372
v 27.6054 21.2951 4.63506
vn 0.969336 -0.245707 0.00405646
v 27.6161 21.3415 4.3862
vn 0.023045 0.0615416 -0.997838
v 25.4121 22.018 4.38096
vn -0.00659394 0.321121 -0.947015
v 24.9176 20.4135 4.34033
vn -0.15771 0.070555 -0.984962
v 24.728 19.562 4.31945
vn -0.179175 0.0610588 -0.981921
v 24.7456 19.5196 4.31866
vn -0.0536247 -0.0308302 -0.998085
v 25.003 19.2589 4.31519
vn -0.0454079 -0.0483734 -0.997797
v 26.6001 18.1493 4.30509
vn -0.0770854 -0.103466 -0.991641
v 26.6522 18.1408 4.30538
vn 0.00977871 -0.101811 -0.994756
v 26.6947 18.1584 4.30617
vn 0.148466 -0.162176 -0.975529
v 26.7122 18.2008 4.30728
vn 0.959308 -0.279816 -0.0378208
v 27.5759 21.1868 4.38235
vn 0.960726 -0.277365 -0.008622
v 27.6054 21.2951 4.38506
vn 0.966576 -0.256363 -0.00309085
f 1//1 2//2 3//3
f 12//12 14//14 13//13
f 1//1 3//3 4//4
f 12//12 15//15 14//14
f 1//1 4//4 5//5
f 12//12 16//16 15//15
f 1//1 5//5 6//6
f 12//12 17//17 16//16
f 1//1 6//6 7//7
f 12//12 18//18 17//17
f 1//1 7//7 8//8
f 12//12 19//19 18//18
f 1//1 8//8 9//9
f 12//12 20//20 19//19
f 1//1 9//9 10//10
f 12//12 21//21 20//20
f 1//1 10//10 11//11
f 12//12 22//22 21//21
f 1//1 13//13 2//2
f 1//1 12//12 13//13
f 2//2 14//14 3//3
f 2//2 13//13 14//14
f 3//3 15//15 4//4
f 3//3 14//14 15//15
f 4//4 16//16 5//5
f 4//4 15//15 16//16
f 5//5 17//17 6//6
f 5//5 16//16 17//17
f 6//6 18//18 7//7
f 6//6 17//17 18//18
f 7//7 19//19 8//8
f 7//7 18//18 19//19
f 8//8 20//20 9//9
f 8//8 19//19 20//20
f 9//9 21//21 10//10
f 9//9 20//20 21//21
f 10//10 22//22 11//11
f 10//10 21//21 22//22
f 11//11 12//12 1//1
f 11//11 22//22 12//12
f 23//23 24//24 25//25
f 37//37 39//39 38//38
f 23//23 25//25 26//26
f 37//37 40//40 39//39
f 23//23 26//26 27//27
f 37//37 41//41 40//40
f 23//23 27//27 28//28
f 37//37 42//42 41//41
f 23//23 28//28 29//29
f 37//37 43//43 42//42
f 23//23 29//29 30//30
f 37//37 44//44 43//43
f 23//23 30//30 31//31
f 37//37 45//45 44//44
f 23//23 31//31 32//32
f 37//37 46//46 45//45
f 23//23 32//32 33//33
f 37//37 47//47 46//46
f 23//23 33//33 34//34
f 37//37 48//48 47//47
f 23//23 34//34 35//35
f 37//37 49//49 48//48
f 23//23 35//35 36//36
f 37//37 50//50 49//49
f 23//23 38//38 24//24
f 23//23 37//37 38//38
f 24//24 39//39 25//25
f 24//24 38//38 39//39
f 25//25 40//40 26//26
f 25//25 39//39 40//40
f 26//26 41//41 27//27
f 26//26 40//40 41//41
f 27//27 42//42 28//28
f 27//27 41//41 42//42
f 28//28 43//43 29//29
f 28//28 42//42 43//43
f 29//29 44//44 30//30
f 29//29 43//43 44//44
f 30//30 45//45 31//31
f 30//30 44//44 45//45
f 31//31 46//46 32//32
f 31//31 45//45 46//46
f 32//32 47//47 33//33
f 32//32 46//46 47//47
f 33//33 48//48 34//34
f 33//33 47//47 48//48
f 34//34 49//49 35//35
f 34//34 48//48 49//49
f 35//35 50//50 36//36
f 35//35 49//49 50//50
f 36//36 37//37 23//23
f 36//36 50//50 37//37
f 51//51 52//52 53//53
f 64//64 66//66 65//65
f 51//51 53//53 54//54
f 64//64 67//67 66//66
f 51//51 54//54 55//55
f 64//64 68//68 67//67
f 51//51 55//55 56//56
f 64//64 69//69 68//68
f 51//51 56//56 57//57
f 64//64 70//70 69//69
f 51//51 57//57 58//58
f 64//64 71//71 70//70
f 51//51 58//58 59//59
f 64//64 72//72 71//71
f 51//51 59//59 60//60
f 64//64 73//73 72//72
f 51//51 60//60 61//61
f 64//64 74//74 73//73
f 51//51 61//61 62//62
f 64//64 75//75 74//74
f 51//51 62//62 63//63
f 64//64 76//76 75//75
f 51//51 65//65 52//52
f 51//51 64//64 65//65
f 52//52 66//66 53//53
f 52//52 65//65 66//66
f 53//53 67//67 54//54
f 53//53 66//66 67//67
f 54//54 68//68 55//55
f 54//54 67//67 68//68
f 55//55 69//69 56//56
f 55//55 68//68 69//69
f 56//56 70//70 57//57
f 56//56 69//69 70//70
f 57//57 71//71 58//58
f 57//57 70//70 71//71
f 58//58 72//72 59//59
f 58//58 71//71 72//72
f 59//59 73//73 60//60
f 59//59 72//72 73//73
f 60//60 74//74 61//61
f 60//60 73//73 74//74
f 61//61 75//75 62//62
f 61//61 74//74 75//75
f 62//62 76//76 63//63
f 62//62 75//75 76//76
f 63//63 64//64 51//51
f 63//63 76//76 64//64
f 77//77 78//78 79//79
f 92//92 94//94 93//93
f 77//77 79//79 80//80
f 92//92 95//95 94//94
f 77//77 80//80 81//81
f 92//92 96//96 95//95
f 77//77 81//81 82//82
f 92//92 97//97 96//96
f 77//77 82//82 83//83
f 92//92 98//98 97//97
f 77//77 83//83 84//84
f 92//92 99//99 98//98
f 77//77 84//84 85//85
f 92//92 100//100 99//99
f 77//77 85//85 86//86
f 92//92 101//101 100//100
f 77//77 86//86 87//87
f 92//92 102//102 101//101
f 77//77 87//87 88//88
f 92//92 103//103 102//102
f 77//77 88//88 89//89
f 92//92 104//104 103//103
f 77//77 89//89 90//90
f 92//92 105//105 104//104
f 77//77 90//90 91//91
f 92//92 106//106 105//105
f 77//77 93//93 78//78
f 77//77 92//92 93//93
f 78//78 94//94 79//79
f 78//78 93//93 94//94
f 79//79 95//95 80//80
f 79//79 94//94 95//95
f 80//80 96//96 81//81
f 80//80 95//95 96//96
f 81//81 97//97 82//82
f 81//81 96//96 97//97
f 82//82 98//98 83//83
f 82//82 97//97 98//98
f 83//83 99//99 84//84
f 83//83 98//98 99//99
f 84//84 100//100 85//85
f 84//84 99//99 100//100
f 85//85 101//101 86//86
f 85//85 100//100 101//101
f 86//86 102//102 87//87
f 86//86 101//101 102//102
f 87//87 103//103 88//88
f 87//87 102//102 103//103
f 88//88 104//104 89//89
f 88//88 103//103 104//104
f 89//89 105//105 90//90
f 89//89 104//104 105//105
f 90//90 106//106 91//91
f 90//90 105//105 106//106
f 91//91 92//92 77//77
f 91//91 106//106 92//92
f 107//107 108//108 109//109
f 119//119 121//121 120//120
f 107//107 109//109 110//110
f 119//119 122//122 121//121
f 107//107 110//110 111//111
f 119//119 123//123 122//122
f 107//107 111//111 112//112
f 119//119 124//124 123//123
f 107//107 112//112 113//113
f 119//119 125//125 124//124
f 107//107 113//113 114//114
f 119//119 126//126 125//125
f 107//107 114//114 115//115
f 119//119 127//127 126//126
f 107//107 115//115 116//116
f 119//119 128//128 127//127
f 107//107 116//116 117//117
f 119//119 129//129 128//128
f 107//107 117//117 118//118
f 119//119 130//130 129//129
f 107//107 120//120 108//108
f 107//107 119//119 120//120
f 108//108 121//121 109//109
f 108//108 120//120 121//121
f 109//109 122//122 110//110
f 109//109 121//121 122//122
f 110//110 123//123 111//111
f 110//110 122//122 123//123
f 111//111 124//124 112//112
f 111//111 123//123 124//124
f 112//112 125//125 113//113
f 112//112 124//124 125//125
f 113//113 126//126 114//114
f 113//113 125//125 126//126
f 114//114 127//127 115//115
f 114//114 126//126 127//127
f 115//115 128//128 116//116
f 115//115 127//127 128//128
f 116//116 129//129 117//117
f 116//116 128//128 129//129
f 117//117 130//130 118//118
f 117//117 129//129 130//130
f 118//118 119//119 107//107
f 118//118 130//130 119//119
f 131//131 132//132 133//133
f 145//145 147//147 146//146
f 131//131 133//133 134//134
f 145//145 148//148 147//147
f 131//131 134//134 135//135
f 145//145 149//149 148//148
f 131//131 135//135 136//136
f 145//145 150//150 149//149
f 131//131 136//136 137//137
f 145//145 151//151 150//150
f 131//131 137//137 138//138
f 145//145 152//152 151//151
f 131//131 138//138 139//139
f 145//145 153//153 152//152
f 131//131 139//139 140//140
f 145//145 154//154 153//153
f 131//131 140//140 141//141
f 145//145 155//155 154//154
f 131//131 141//141 142//142
f 145//145 156//156 155//155
f 131//131 142//142 143//143
f 145//145 157//157 156//156
f 131//131 143//143 144//144
f 145//145 158//158 157//157
f 131//131 146//146 132//132
f 131//131 145//145 146//146
f 132//132 147//147 133//133
f 132//132 146//146 147//147
f 133//133 148//148 134//134
f 133//133 147//147 148//148
f 134//134 149//149 135//135
f 134//134 148//148 149//149
f 135//135 150//150 136//136
f 135//135 149//149 150//150
f 136//136 151//151 137//137
f 136//136 150//150 151//151
f 137//137 152//152 138//138
f 137//137 151//151 152//152
f 138//138 153//153 139//139
f 138//138 152//152 153//153
f 139//139 154//154 140//140
f 139//139 153//153 154//154
f 140//140 155//155 141//141
f 140//140 154//154 155//155
f 141//141 156//156 142//142
f 141//141 155//155 156//156
f 142//142 157//157 143//143
f 142//142 156//156 157//157
f 143//143 158//158 144//144
f 143//143 157//157 158//158
f 144//144 145//145 131//131
f 144//144 158//158 145//145
f 159//159 160//160 161//161
f 176//176 178//178 177//177
f 159//159 161//161 162//162
f 176//176 179//179 178//178
f 159//159 162//162 163//163
f 176//176 180//180 179//179
f 159//159 163//163 164//164
f 176//176 181//181 180//180
f 159//159 164//164 165//165
f 176//176 182//182 181//181
f 159//159 165//165 166//166
f 176//176 183//183 182//182
f 159//159 166//166 167//167
f 176//176 184//184 183//183
f 159//159 167//167 168//168
f 176//176 185//185 184//184
f 159//159 168//168 169//169
f 176//176 186//186 185//185
f 159//159 169//169 170//170
f 176//176 187//187 186//186
f 159//159 170//170 171//171
f 176//176 188//188 187//187
f 159//159 171//171 172//172
f 176//176 189//189 188//188
f 159//159 172//172 173//173
f 176//176 190//190 189//189
f 159//159 173//173 174//174
f 176//176 191//191 190//190
f 159//159 174//174 175//175
f 176//176 192//192 191//191
f 159//159 177//177 160//160
f 159//159 176//176 177//177
f 160//160 178//178 161//161
f 160//160 177//177 178//178
f 161//161 179//179 162//162
f 161//161 178//178 179//179
f 162//162 180//180 163//163
f 162//162 179//179 180//180
f 163//163 181//181 164//164
f 163//163 180//180 181//181
f 164//164 182//182 165//165
f 164//164 181//181 182//182
f 165//165 183//183 166//166
f 165//165 182//182 183//183
f 166//166 184//184 167//167
f 166//166 183//183 184//184
f 167//167 185//185 168//168
f 167//167 184//184 185//185
f 168//168 186//186 169//169
f 168//168 185//185 186//186
f 169//169 187//187 170//170
f 169//169 186//186 187//187
f 170//170 188//188 171//171
f 170//170 187//187 188//188
f 171//171 189//189 172//172
f 171//171 188//188 189//189
f 172//172 190//190 173//173
f 172//172 189//189 190//190
f 173//173 191//191 174//174
f 173//173 190//190 191//191
f 174//174 192//192 175//175
f 174//174 191//191 192//192
f 175//175 176//176 159//159
f 175//175 192//192 176//176
f 193//193 194//194 195//195
f 208//208 210//210 209//209
f 193//193 195//195 196//196
f 208//208 211//211 210//210
f 193//193 196//196 197//197
f 208//208 212//212 211//211
f 193//193 197//197 198//198
f 208//208 213//213 212//212
f 193//193 198//198 199//199
f 208//208 214//214 213//213
f 193//193 199//199 200//200
f 208//208 215//215 214//214
f 193//193 200//200 201//201
f 208//208 216//216 215//215
f 193//193 201//201 202//202
f 208//208 217//217 216//216
f 193//193 202//202 203//203
f 208//208 218//218 217//217
f 193//193 203//203 204//204
f 208//208 219//219 218//218
f 193//193 204//204 205//205
f 208//208 220//220 219//219
f 193//193 205//205 206//206
f 208//208 221//221 220//220
f 193//193 206//206 207//207
f 208//208 222//222 221//221
f 193//193 209//209 194//194
f 193//193 208//208 209//209
f 194//194 210//210 195//195
f 194//194 209//209 210//210
f 195//195 211//211 196//196
f 195//195 210//210 211//211
f 196//196 212//212 197//197
f 196//196 211//211 212//212
f 197//197 213//213 198//198
f 197//197 212//212 213//213
f 198//198 214//214 199//199
f 198//198 213//213 214//214
f 199//199 215//215 200//200
f 199//199 214//214 215//215
f 200//200 216//216 201//201
f 200//200 215//215 216//216
f 201//201 217//217 202//202
f 201//201 216//216 217//217
f 202//202 218//218 203//203
f 202//202 217//217 218//218
f 203//203 219//219 204//204
f 203//203 218//218 219//219
f 204//204 220//220 205//205
f 204//204 219//219 220//220
f 205//205 221//221 206//206
f 205//205 220//220 221//221
f 206//206 222//222 207//207
f 206//206 221//221 222//222
f 207//207 208//208 193//193
f 207//207 222//222 208//208
f 223//223 224//224 225//225
f 235//235 237//237 236//236
f 223//223 225//225 226//226
f 235//235 238//238 237//237
f 223//223 226//226 227//227
f 235//235 239//239 238//238
f 223//223 227//227 228//228
f 235//235 240//240 239//239
f 223//223 228//228 229//229
f 235//235 241//241 240//240
f 223//223 229//229 230//230
f 235//235 242//242 241//241
f 223//223 230//230 231//231
f 235//235 243//243 242//242
f 223//223 231//231 232//232
f 235//235 244//244 243//243
f 223//223 232//232 233//233
f 235//235 245//245 244//244
f 223//223 233//233 234//234
f 235//235 246//246 245//245
f 223//223 236//236 224//224
f 223//223 235//235 236//236
f 224//224 237//237 225//225
f 224//224 236//236 237//237
f 225//225 238//238 226//226
f 225//225 237//237 238//238
f 226//226 239//239 227//227
f 226//226 238//238 239//239
f 227//227 240//240 228//228
f 227//227 239//239 240//240
f 228//228 241//241 229//229
f 228//228 240//240 241//241
f 229//229 242//242 230//230
f 229//229 241//241 242//242
f 230//230 243//243 231//231
f 230//230 242//242 243//243
f 231//231 244//244 232//232
f 231//231 243//243 244//244
f 232//232 245//245 233//233
f 232//232 244//244 245//245
f 233//233 246//246 234//234
f 233//233 245//245 246//246
f 234//234 235//235 223//223
f 234//234 246//246 235//235
f 247//247 248//248 249//249
f 258//258 260//260 259//259
f 247//247 249//249 250//250
f 258//258 261//261 260//260
f 247//247 250//250 251//251
f 258//258 262//262 261//261
f 247//247 251//251 252//252
f 258//258 263//263 262//262
f 247//247 252//252 253//253
f 258//258 264//264 263//263
f 247//247 253//253 254//254
f 258//258 265//265 264//264
f 247//247 254//254 255//255
f 258//258 266//266 265//265
f 247//247 255//255 256//256
f 258//258 267//267 266//266
f 247//247 256//256 257//257
f 258//258 268//268 267//267
f 247//247 259//259 248//248
f 247//247 258//258 259//259
f 248//248 260//260 249//249
f 248//248 259//259 260//260
f 249//249 261//261 250//250
f 249//249 260//260 261//261
f 250//250 262//262 251//251
f 250//250 261//261 262//262
f 251//251 263//263 252//252
f 251//251 262//262 263//263
f 252//252 264//264 253//253
f 252//252 263//263 264//264
f 253//253 265//265 254//254
f 253//253 264//264 265//265
f 254//254 266//266 255//255
f 254//254 265//265 266//266
f 255//255 267//267 256//256
f 255//255 266//266 267//267
f 256//256 268//268 257//257
f 256//256 267//267 268//268
f 257//257 258//258 247//247
f 257//257 268//268 258//258
f 269//269 270//270 271//271
f 286//286 288//288 287//287
f 269//269 271//271 272//272
f 286//286 289//289 288//288
f 269//269 272//272 273//273
f 286//286 290//290 289//289
f 269//269 273//273 274//274
f 286//286 291//291 290//290
f 269//269 274//274 275//275
f 286//286 292//292 291//291
f 269//269 275//275 276//276
f 286//286 293//293 292//292
f 269//269 276//276 277//277
f 286//286 294//294 293//293
f 269//269 277//277 278//278
f 286//286 295//295 294//294
f 269//269 278//278 279//279
f 286//286 296//296 295//295
f 269//269 279//279 280//280
f 286//286 297//297 296//296
f 269//269 280//280 281//281
f 286//286 298//298 297//297
f 269//269 281//281 282//282
f 286//286 299//299 298//298
f 269//269 282//282 283//283
f 286//286 300//300 299//299
f 269//269 283//283 284//284
f 286//286 301//301 300//300
f 269//269 284//284 285//285
f 286//286 302//302 301//301
f 269//269 287//287 270//270
f 269//269 286//286 287//287
f 270//270 288//288 271//271
f 270//270 287//287 288//288
f 271//271 289//289 272//272
f 271//271 288//288 289//289
f 272//272 290//290 273//273
f 272//272 289//289 290//290
f 273//273 291//291 274//274
f 273//273 290//290 291//291
f 274//274 292//292 275//275
f 274//274 291//291 292//292
f 275//275 293//293 276//276
f 275//275 292//292 293//293
f 276//276 294//294 277//277
f 276//276 293//293 294//294
f 277//277 295//295 278//278
f 277//277 294//294 295//295
f 278//278 296//296 279//279
f 278//278 295//295 296//296
f 279//279 297//297 280//280
f 279//279 296//296 297//297
f 280//280 298//298 281//281
f 280//280 297//297 298//298
f 281//281 299//299 282//282
f 281//281 298//298 299//299
f 282//282 300//300 283//283
f 282//282 299//299 300//300
f 283//283 301//301 284//284
f 283//283 300//300 301//301
f 284//284 302//302 285//285
f 284//284 301//301 302//302
f 285//285 286//286 269//269
f 285//285 302//302 286//286
f 303//303 304//304 305//305
f 322//322 324//324 323//323
f 303//303 305//305 306//306
f 322//322 325//325 324//324
f 303//303 306//306 307//307
f 322//322 326//326 325//325
f 303//303 307//307 308//308
f 322//322 327//327 326//326
f 303//303 308//308 309//309
f 322//322 328//328 327//327
f 303//303 309//309 310//310
f 322//322 329//329 328//328
f 303//303 310//310 311//311
f 322//322 330//330 329//329
f 303//303 311//311 312//312
f 322//322 331//331 330//330
f 303//303 312//312 313//313
f 322//322 332//332 331//331
f 303//303 313//313 314//314
f 322//322 333//333 332//332
f 303//303 314//314 315//315
f 322//322 334//334 333//333
f 303//303 315//315 316//316
f 322//322 335//335 334//334
f 303//303 316//316 317//317
f 322//322 336//336 335//335
f 303//303 317//317 318//318
f 322//322 337//337 336//336
f 303//303 318//318 319//319
f 322//322 338//338 337//337
f 303//303 319//319 320//320
f 322//322 339//339 338//338
f 303//303 320//320 321//321
f 322//322 340//340 339//339
f 303//303 323//323 304//304
f 303//303 322//322 323//323
f 304//304 324//324 305//305
f 304//304 323//323 324//324
f 305//305 325//325 306//306
f 305//305 324//324 325//325
f 306//306 326//326 307//307
f 306//306 325//325 326//326
f 307//307 327//327 308//308
f 307//307 326//326 327//327
f 308//308 328//328 309//309
f 308//308 327//327 328//328
f 309//309 329//329 310//310
f 309//309 328//328 329//329
f 310//310 330//330 311//311
f 310//310 329//329 330//330
f 311//311 331//331 312//312
f 311//311 330//330 331//331
f 312//312 332//332 313//313
f 312//312 331//331 332//332
f 313//313 333//333 314//314
f 313//313 332//332 333//333
f 314//314 334//334 315//315
f 314//314 333//333 334//334
f 315//315 335//335 316//316
f 315//315 334//334 335//335
f 316//316 336//336 317//317
f 316//316 335//335 336//336
f 317//317 337//337 318//318
f 317//317 336//336 337//337
f 318//318 338//338 319//319
f 318//318 337//337 338//338
f 319//319 339//339 320//320
f 319//319 338//338 339//339
f 320//320 340//340 321//321
f 320//320 339//339 340//340
f 321//321 322//322 303//303
f 321//321 340//340 322//322
f 341//341 342//342 343//343
f 358//358 360//360 359//359
f 341//341 343//343 344//344
f 358//358 361//361 360//360
f 341//341 344//344 345//345
f 358//358 362//362 361//361
f 341//341 345//345 346//346
f 358//358 363//363 362//362
f 341//341 346//346 347//347
f 358//358 364//364 363//363
f 341//341 347//347 348//348
f 358//358 365//365 364//364
f 341//341 348//348 349//349
f 358//358 366//366 365//365
f 341//341 349//349 350//350
f 358//358 367//367 366//366
f 341//341 350//350 351//351
f 358//358 368//368 367//367
f 341//341 351//351 352//352
f 358//358 369//369 368//368
f 341//341 352//352 353//353
f 358//358 370//370 369//369
f 341//341 353//353 354//354
f 358//358 371//371 370//370
f 341//341 354//354 355//355
f 358//358 372//372 371//371
f 341//341 355//355 356//356
f 358//358 373//373 372//372
f 341//341 356//356 357//357
f 358//358 374//374 373//373
f 341//341 359//359 342//342
f 341//341 358//358 359//359
f 342//342 360//360 343//343
f 342//342 359//359 360//360
f 343//343 361//361 344//344
f 343//343 360//360 361//361
f 344//344 362//362 345//345
f 344//344 361//361 362//362
f 345//345 363//363 346//346
f 345//345 362//362 363//363
f 346//346 364//364 347//347
f 346//346 363//363 364//364
f 347//347 365//365 348//348
f 347//347 364//364 365//365
f 348//348 366//366 349//349
f 348//348 365//365 366//366
f 349//349 367//367 350//350
f 349//349 366//366 367//367
f 350//350 368//368 351//351
f 350//350 367//367 368//368
f 351//351 369//369 352//352
f 351//351 368//368 369//369
f 352//352 370//370 353//353
f 352//352 369//369 370//370
f 353//353 371//371 354//354
f 353//353 370//370 371//371
f 354//354 372//372 355//355
f 354//354 371//371 372//372
f 355//355 373//373 356//356
f 355//355 372//372 373//373
f 356//356 374//374 357//357
f 356//356 373//373 374//374
f 357//357 358//358 341//341
f 357//357 374//374 358//358
f 375//375 376//376 377//377
f 389//389 391//391 390//390
f 375//375 377//377 378//378
f 389//389 392//392 391//391
f 375//375 378//378 379//379
f 389//389 393//393 392//392
f 375//375 379//379 380//380
f 389//389 394//394 393//393
f 375//375 380//380 381//381
f 389//389 395//395 394//394
f 375//375 381//381 382//382
f 389//389 396//396 395//395
f 375//375 382//382 383//383
f 389//389 397//397 396//396
f 375//375 383//383 384//384
f 389//389 398//398 397//397
f 375//375 384//384 385//385
f 389//389 399//399 398//398
f 375//375 385//385 386//386
f 389//389 400//400 399//399
f 375//375 386//386 387//387
f 389//389 401//401 400//400
f 375//375 387//387 388//388
f 389//389 402//402 401//401
f 375//375 390//390 376//376
f 375//375 389//389 390//390
f 376//376 391//391 377//377
f 376//376 390//390 391//391
f 377//377 392//392 378//378
f 377//377 391//391 392//392
f 378//378 393//393 379//379
f 378//378 392//392 393//393
f 379//379 394//394 380//380
f 379//379 393//393 394//394
f 380//380 395//395 381//381
f 380//380 394//394 395//395
f 381//381 396//396 382//382
f 381//381 395//395 396//396
f 382//382 397//397 383//383
f 382//382 396//396 397//397
f 383//383 398//398 384//384
f 383//383 397//397 398//398
f 384//384 399//399 385//385
f 384//384 398//398 399//399
f 385//385 400//400 386//386
f 385//385 399//399 400//400
f 386//386 401//401 387//387
f 386//386 400//400 401//401
f 387//387 402//402 388//388
f 387//387 401//401 402//402
f 388//388 389//389 375//375
f 388//388 402//402 389//389
f 403//403 404//404 405//405
f 413//413 415//415 414//414
f 403//403 405//405 406//406
f 413//413 416//416 415//415
f 403//403 406//406 407//407
f 413//413 417//417 416//416
f 403//403 407//407 408//408
f 413//413 418//418 417//417
f 403//403 408//408 409//409
f 413//413 419//419 418//418
f 403//403 409//409 410//410
f 413//413 420//420 419//419
f 403//403 410//410 411//411
f 413//413 421//421 420//420
f 403//403 411//411 412//412
f 413//413 422//422 421//421
f 403//403 414//414 404//404
f 403//403 413//413 414//414
f 404//404 415//415 405//405
f 404//404 414//414 415//415
f 405//405 416//416 406//406
f 405//405 415//415 416//416
f 406//406 417//417 407//407
f 406//406 416//416 417//417
f 407//407 418//418 408//408
f 407//407 417//417 418//418
f 408//408 419//419 409//409
f 408//408 418//418 419//419
f 409//409 420//420 410//410
f 409//409 419//419 420//420
f 410//410 421//421 411//411
f 410//410 420//420 421//421
f 411//411 422//422 412//412
f 411//411 421//421 422//422
f 412//412 413//413 403//403
f 412//412 422//422 413//413
f 423//423 424//424 425//425
f 436//436 438//438 437//437
f 423//423 425//425 426//426
f 436//436 439//439 438//438
f 423//423 426//426 427//427
f 436//436 440//440 439//439
f 423//423 427//427 428//428
f 436//436 441//441 440//440
f 423//423 428//428 429//429
f 436//436 442//442 441//441
f 423//423 429//429 430//430
f 436//436 443//443 442//442
f 423//423 430//430 431//431
f 436//436 444//444 443//443
f 423//423 431//431 432//432
f 436//436 445//445 444//444
f 423//423 432//432 433//433
f 436//436 446//446 445//445
f 423//423 433//433 434//434
f 436//436 447//447 446//446
f 423//423 434//434 435//435
f 436//436 448//448 447//447
f 423//423 437//437 424//424
f 423//423 436//436 437//437
f 424//424 438//438 425//425
f 424//424 437//437 438//438
f 425//425 439//439 426//426
f 425//425 438//438 439//439
f 426//426 440//440 427//427
f 426//426 439//439 440//440
f 427//427 441//441 428//428
f 427//427 440//440 441//441
f 428//428 442//442 429//429
f 428//428 441//441 442//442
f 429//429 443//443 430//430
f 429//429 442//442 443//443
f 430//430 444//444 431//431
f 430//430 443//443 444//444
f 431//431 445//445 432//432
f 431//431 444//444 445//445
f 432//432 446//446 433//433
f 432//432 445//445 446//446
f 433//433 447//447 434//434
f 433//433 446//446 447//447
f 434//434 448//448 435//435
f 434//434 447//447 448//448
f 435//435 436//436 423//423
f 435//435 448//448 436//436
f 449//449 450//450 451//451
f 464//464 466//466 465//465
f 449//449 451//451 452//452
f 464//464 467//467 466//466
f 449//449 452//452 453//453
f 464//464 468//468 467//467
f 449//449 453//453 454//454
f 464//464 469//469 468//468
f 449//449 454//454 455//455
f 464//464 470//470 469//469
f 449//449 455//455 456//456
f 464//464 471//471 470//470
f 449//449 456//456 457//457
f 464//464 472//472 471//471
f 449//449 457//457 458//458
f 464//464 473//473 472//472
f 449//449 458//458 459//459
f 464//464 474//474 473//473
f 449//449 459//459 460//460
f 464//464 475//475 474//474
f 449//449 460//460 461//461
f 464//464 476//476 475//475
f 449//449 461//461 462//462
f 464//464 477//477 476//476
f 449//449 462//462 463//463
f 464//464 478//478 477//477
f 449//449 465//465 450//450
f 449//449 464//464 465//465
f 450//450 466//466 451//451
f 450//450 465//465 466//466
f 451//451 467//467 452//452
f 451//451 466//466 467//467
f 452//452 468//468 453//453
f 452//452 467//467 468//468
f 453//453 469//469 454//454
f 453//453 468//468 469//469
f 454//454 470//470 455//455
f 454//454 469//469 470//470
f 455//455 471//471 456//456
f 455//455 470//470 471//471
f 456//456 472//472 457//457
f 456//456 471//471 472//472
f 457//457 473//473 458//458
f 457//457 472//472 473//473
f 458//458 474//474 459//459
f 458//458 473//473 474//474
f 459//459 475//475 460//460
f 459//459 474//474 475//475
f 460//460 476//476 461//461
f 460//460 475//475 476//476
f 461//461 477//477 462//462
f 461//461 476//476 477//477
f 462//462 478//478 463//463
f 462//462 477//477 478//478
f 463//463 464//464 449//449
f 463//463 478//478 464//464
f 479//479 480//480 481//481
f 498//498 500//500 499//499
f 479//479 481//481 482//482
f 498//498 501//501 500//500
f 479//479 482//482 483//483
f 498//498 502//502 501//501
f 479//479 483//483 484//484
f 498//498 503//503 502//502
f 479//479 484//484 485//485
f 498//498 504//504 503//503
f 479//479 485//485 486//486
f 498//498 505//505 504//504
f 479//479 486//486 487//487
f 498//498 506//506 505//505
f 479//479 487//487 488//488
f 498//498 507//507 506//506
f 479//479 488//488 489//489
f 498//498 508//508 507//507
f 479//479 489//489 490//490
f 498//498 509//509 508//508
f 479//479 490//490 491//491
f 498//498 510//510 509//509
f 479//479 491//491 492//492
f 498//498 511//511 510//510
f 479//479 492//492 493//493
f 498//498 512//512 511//511
f 479//479 493//493 494//494
f 498//498 513//513 512//512
f 479//479 494//494 495//495
f 498//498 514//514 513//513
f 479//479 495//495 496//496
f 498//498 515//515 514//514
f 479//479 496//496 497//497
f 498//498 516//516 515//515
f 479//479 499//499 480//480
f 479//479 498//498 499//499
f 480//480 500//500 481//481
f 480//480 499//499 500//500
f 481//481 501//501 482//482
f 481//481 500//500 501//501
f 482//482 502//502 483//483
f 482//482 501//501 502//502
f 483//483 503//503 484//484
f 483//483 502//502 503//503
f 484//484 504//504 485//485
f 484//484 503//503 504//504
f 485//485 505//505 486//486
f 485//485 504//504 505//505
f 486//486 506//506 487//487
f 486//486 505//505 506//506
f 487//487 507//507 488//488
f 487//487 506//506 507//507
f 488//488 508//508 489//489
f 488//488 507//507 508//508
f 489//489 509//509 490//490
f 489//489 508//508 509//509
f 490//490 510//510 491//491
f 490//490 509//509 510//510
f 491//491 511//511 492//492
f 491//491 510//510 511//511
f 492//492 512//512 493//493
f 492//492 511//511 512//512
f 493//493 513//513 494//494
f 493//493 512//512 513//513
f 494//494 514//514 495//495
f 494//494 513//513 514//514
f 495//495 515//515 496//496
f 495//495 514//514 515//515
f 496//496 516//516 497//497
f 496//496 515//515 516//516
f 497//497 498//498 479//479
f 497//497 516//516 498//498
f 517//517 518//518 519//519
f 531//531 533//533 532//532
f 517//517 519//519 520//520
f 531//531 534//534 533//533
f 517//517 520//520 521//521
f 531//531 535//535 534//534
f 517//517 521//521 522//522
f 531//531 536//536 535//535
f 517//517 522//522 523//523
f 531//531 537//537 536//536
f 517//517 523//523 524//524
f 531//531 538//538 537//537
f 517//517 524//524 525//525
f 531//531 539//539 538//538
f 517//517 525//525 526//526
f 531//531 540//540 539//539
f 517//517 526//526 527//527
f 531//531 541//541 540//540
f 517//517 527//527 528//528
f 531//531 542//542 541//541
f 517//517 528//528 529//529
f 531//531 543//543 542//542
f 517//517 529//529 530//530
f 531//531 544//544 543//543
f 517//517 532//532 518//518
f 517//517 531//531 532//532
f 518//518 533//533 519//519
f 518//518 532//532 533//533
f 519//519 534//534 520//520
f 519//519 533//533 534//534
f 520//520 535//535 521//521
f 520//520 534//534 535//535
f 521//521 536//536 522//522
f 521//521 535//535 536//536
f 522//522 537//537 523//523
f 522//522 536//536 537//537
f 523//523 538//538 524//524
f 523//523 537//537 538//538
f 524//524 539//539 525//525
f 524//524 538//538 539//539
f 525//525 540//540 526//526
f 525//525 539//539 540//540
f 526//526 541//541 527//527
f 526//526 540//540 541//541
f 527//527 542//542 528//528
f 527//527 541//541 542//542
f 528//528 543//543 529//529
f 528//528 542//542 543//543
f 529//529 544//544 530//530
f 529//529 543//543 544//544
f 530//530 531//531 517//517
f 530//530 544//544 531//531
f 545//545 546//546 547//547
f 555//555 557//557 556//556
f 545//545 547//547 548//548
f 555//555 558//558 557//557
f 545//545 548//548 549//549
f 555//555 559//559 558//558
f 545//545 549//549 550//550
f 555//555 560//560 559//559
f 545//545 550//550 551//551
f 555//555 561//561 560//560
f 545//545 551//551 552//552
f 555//555 562//562 561//561
f 545//545 552//552 553//553
f 555//555 563//563 562//562
f 545//545 553//553 554//554
f 555//555 564//564 563//563
f 545//545 556//556 546//546
f 545//545 555//555 556//556
f 546//546 557//557 547//547
f 546//546 556//556 557//557
f 547//547 558//558 548//548
f 547//547 557//557 558//558
f 548//548 559//559 549//549
f 548//548 558//558 559//559
f 549//549 560//560 550//550
f 549//549 559//559 560//560
f 550//550 561//561 551//551
f 550//550 560//560 561//561
f 551//551 562//562 552//552
f 551//551 561//561 562//562
f 552//552 563//563 553//553
f 552//552 562//562 563//563
f 553//553 564//564 554//554
f 553//553 563//563 564//564
f 554//554 555//555 545//545
f 554//554 564//564 555//555
f 565//565 566//566 567//567
f 582//582 584//584 583//583
f 565//565 567//567 568//568
f 582//582 585//585 584//584
f 565//565 568//568 569//569
f 582//582 586//586 585//585
f 565//565 569//569 570//570
f 582//582 587//587 586//586
f 565//565 570//570 571//571
f 582//582 588//588 587//587
f 565//565 571//571 572//572
f 582//582 589//589 588//588
f 565//565 572//572 573//573
f 582//582 590//590 589//589
f 565//565 573//573 574//574
f 582//582 591//591 590//590
f 565//565 574//574 575//575
f 582//582 592//592 591//591
f 565//565 575//575 576//576
f 582//582 593//593 592//592
f 565//565 576//576 577//577
f 582//582 594//594 593//593
f 565//565 577//577 578//578
f 582//582 595//595 594//594
f 565//565 578//578 579//579
f 582//582 596//596 595//595
f 565//565 579//579 580//580
f 582//582 597//597 596//596
f 565//565 580//580 581//581
f 582//582 598//598 597//597
f 565//565 583//583 566//566
f 565//565 582//582 583//583
f 566//566 584//584 567//567
f 566//566 583//583 584//584
f 567//567 585//585 568//568
f 567//567 584//584 585//585
f 568//568 586//586 569//569
f 568//568 585//585 586//586
f 569//569 587//587 570//570
f 569//569 586//586 587//587
f 570//570 588//588 571//571
f 570//570 587//587 588//588
f 571//571 589//589 572//572
f 571//571 588//588 589//589
f 572//572 590//590 573//573
f 572//572 589//589 590//590
f 573//573 591//591 574//574
f 573//573 590//590 591//591
f 574//574 592//592 575//575
f 574//574 591//591 592//592
f 575//575 593//593 576//576
f 575//575 592//592 593//593
f 576//576 594//594 577//577
f 576//576 593//593 594//594
f 577//577 595//595 578//578
f 577//577 594//594 595//595
f 578//578 596//596 579//579
f 578//578 595//595 596//596
f 579//579 597//597 580//580
f 579//579 596//596 597//597
f 580//580 598//598 581//581
f 580//580 597//597 598//598
f 581//581 582//582 565//565
f 581//581 598//598 582//582
f 599//599 600//600 601//601
f 614//614 616//616 615//615
f 599//599 601//601 602//602
f 614//614 617//617 616//616
f 599//599 602//602 603//603
f 614//614 618//618 617//617
f 599//599 603//603 604//604
f 614//614 619//619 618//618
f 599//599 604//604 605//605
f 614//614 620//620 619//619
f 599//599 605//605 606//606
f 614//614 621//621 620//620
f 599//599 606//606 607//607
f 614//614 622//622 621//621
f 599//599 607//607 608//608
f 614//614 623//623 622//622
f 599//599 608//608 609//609
f 614//614 624//624 623//623
f 599//599 609//609 610//610
f 614//614 625//625 624//624
f 599//599 610//610 611//611
f 614//614 626//626 625//625
f 599//599 611//611 612//612
f 614//614 627//627 626//626
f 599//599 612//612 613//613
f 614//614 628//628 627//627
f 599//599 615//615 600//600
f 599//599 614//614 615//615
f 600//600 616//616 601//601
f 600//600 615//615 616//616
f 601//601 617//617 602//602
f 601//601 616//616 617//617
f 602//602 618//618 603//603
f 602//602 617//617 618//618
f 603//603 619//619 604//604
f 603//603 618//618 619//619
f 604//604 620//620 605//605
f 604//604 619//619 620//620
f 605//605 621//621 606//606
f 605//605 620//620 621//621
f 606//606 622//622 607//607
f 606//606 621//621 622//622
f 607//607 623//623 608//608
f 607//607 622//622 623//623
f 608//608 624//624 609//609
f 608//608 623//623 624//624
f 609//609 625//625 610//610
f 609//609 624//624 625//625
f 610//610 626//626 611//611
f 610//610 625//625 626//626
f 611//611 627//627 612//612
f 611//611 626//626 627//627
f 612//612 628//628 613//613
f 612//612 627//627 628//628
f 613//613 614//614 599//599
f 613//613 628//628 614//614
f 629//629 630//630 631//631
f 643//643 645//645 644//644
f 629//629 631//631 632//632
f 643//643 646//646 645//645
f 629//629 632//632 633//633
f 643//643 647//647 646//646
f 629//629 633//633 634//634
f 643//643 648//648 647//647
f 629//629 634//634 635//635
f 643//643 649//649 648//648
f 629//629 635//635 636//636
f 643//643 650//650 649//649
f 629//629 636//636 637//637
f 643//643 651//651 650//650
f 629//629 637//637 638//638
f 643//643 652//652 651//651
f 629//629 638//638 639//639
f 643//643 653//653 652//652
f 629//629 639//639 640//640
f 643//643 654//654 653//653
f 629//629 640//640 641//641
f 643//643 655//655 654//654
f 629//629 641//641 642//642
f 643//643 656//656 655//655
f 629//629 644//644 630//630
f 629//629 643//643 644//644
f 630//630 645//645 631//631
f 630//630 644//644 645//645
f 631//631 646//646 632//632
f 631//631 645//645 646//646
f 632//632 647//647 633//633
f 632//632 646//646 647//647
f 633//633 648//648 634//634
f 633//633 647//647 648//648
f 634//634 649//649 635//635
f 634//634 648//648 649//649
f 635//635 650//650 636//636
f 635//635 649//649 650//650
f 636//636 651//651 637//637
f 636//636 650//650 651//651
f 637//637 652//652 638//638
f 637//637 651//651 652//652
f 638//638 653//653 639//639
f 638//638 652//652 653//653
f 639//639 654//654 640//640
f 639//639 653//653 654//654
f 640//640 655//655 641//641
f 640//640 654//654 655//655
f 641//641 656//656 642//642
f 641//641 655//655 656//656
f 642//642 643//643 629//629
f 642//642 656//656 643//643
f 657//657 658//658 659//659
f 672//672 674//674 673//673
f 657//657 659//659 660//660
f 672//672 675//675 674//674
f 657//657 660//660 661//661
f 672//672 676//676 675//675
f 657//657 661//661 662//662
f 672//672 677//677 676//676
f 657//657 662//662 663//663
f 672//672 678//678 677//677
f 657//657 663//663 664//664
f 672//672 679//679 678//678
f 657//657 664//664 665//665
f 672//672 680//680 679//679
f 657//657 665//665 666//666
f 672//672 681//681 680//680
f 657//657 666//666 667//667
f 672//672 682//682 681//681
f 657//657 667//667 668//668
f 672//672 683//683 682//682
f 657//657 668//668 669//669
f 672//672 684//684 683//683
f 657//657 669//669 670//670
f 672//672 685//685 684//684
f 657//657 670//670 671//671
f 672//672 686//686 685//685
f 657//657 673//673 658//658
f 657//657 672//672 673//673
f 658//658 674//674 659//659
f 658//658 673//673 674//674
f 659//659 675//675 660//660
f 659//659 674//674 675//675
f 660//660 676//676 661//661
f 660//660 675//675 676//676
f 661//661 677//677 662//662
f 661//661 676//676 677//677
f 662//662 678//678 663//663
f 662//662 677//677 678//678
f 663//663 679//679 664//664
f 663//663 678//678 679//679
f 664//664 680//680 665//665
f 664//664 679//679 680//680
f 665//665 681//681 666//666
f 665//665 680//680 681//681
f 666//666 682//682 667//667
f 666//666 681//681 682//682
f 667//667 683//683 668//668
f 667//667 682//682 683//683
f 668//668 684//684 669//669
f 668//668 683//683 684//684
f 669//669 685//685 670//670
f 669//669 684//684 685//685
f 670//670 686//686 671//671
f 670//670 685//685 686//686
f 671//671 672//672 657//657
f 671//671 686//686 672//672
f 687//687 688//688 689//689
f 701//701 703//703 702//702
f 687//687 689//689 690//690
f 701//701 704//704 703//703
f 687//687 690//690 691//691
f 701//701 705//705 704//704
f 687//687 691//691 692//692
f 701//701 706//706 705//705
f 687//687 692//692 693//693
f 701//701 707//707 706//706
f 687//687 693//693 694//694
f 701//701 708//708 707//707
f 687//687 694//694 695//695
f 701//701 709//709 708//708
f 687//687 695//695 696//696
f 701//701 710//710 709//709
f 687//687 696//696 697//697
f 701//701 711//711 710//710
f 687//687 697//697 698//698
f 701//701 712//712 711//711
f 687//687 698//698 699//699
f 701//701 713//713 712//712
f 687//687 699//699 700//700
f 701//701 714//714 713//713
f 687//687 702//702 688//688
f 687//687 701//701 702//702
f 688//688 703//703 689//689
f 688//688 702//702 703//703
f 689//689 704//704 690//690
f 689//689 703//703 704//704
f 690//690 705//705 691//691
f 690//690 704//704 705//705
f 691//691 706//706 692//692
f 691//691 705//705 706//706
f 692//692 707//707 693//693
f 692//692 706//706 707//707
f 693//693 708//708 694//694
f 693//693 707//707 708//708
f 694//694 709//709 695//695
f 694//694 708//708 709//709
f 695//695 710//710 696//696
f 695//695 709//709 710//710
f 696//696 711//711 697//697
f 696//696 710//710 711//711
f 697//697 712//712 698//698
f 697//697 711//711 712//712
f 698//698 713//713 699//699
f 698//698 712//712 713//713
f 699//699 714//714 700//700
f 699//699 713//713 714//714
f 700//700 701//701 687//687
f 700//700 714//714 701//701
f 715//715 716//716 717//717
f 733//733 735//735 734//734
f 715//715 717//717 718//718
f 733//733 736//736 735//735
f 715//715 718//718 719//719
f 733//733 737//737 736//736
f 715//715 719//719 720//720
f 733//733 738//738 737//737
f 715//715 720//720 721//721
f 733//733 739//739 738//738
f 715//715 721//721 722//722
f 733//733 740//740 739//739
f 715//715 722//722 723//723
f 733//733 741//741 740//740
f 715//715 723//723 724//724
f 733//733 742//742 741//741
f 715//715 724//724 725//725
f 733//733 743//743 742//742
f 715//715 725//725 726//726
f 733//733 744//744 743//743
f 715//715 726//726 727//727
f 733//733 745//745 744//744
f 715//715 727//727 728//728
f 733//733 746//746 745//745
f 715//715 728//728 729//729
f 733//733 747//747 746//746
f 715//715 729//729 730//730
f 733//733 748//748 747//747
f 715//715 730//730 731//731
f 733//733 749//749 748//748
f 715//715 731//731 732//732
f 733//733 750//750 749//749
f 715//715 734//734 716//716
f 715//715 733//733 734//734
f 716//716 735//735 717//717
f 716//716 734//734 735//735
f 717//717 736//736 718//718
f 717//717 735//735 736//736
f 718//718 737//737 719//719
f 718//718 736//736 737//737
f 719//719 738//738 720//720
f 719//719 737//737 738//738
f 720//720 739//739 721//721
f 720//720 738//738 739//739
f 721//721 740//740 722//722
f 721//721 739//739 740//740
f 722//722 741//741 723//723
f 722//722 740//740 741//741
f 723//723 742//742 724//724
f 723//723 741//741 742//742
f 724//724 743//743 725//725
f 724//724 742//742 743//743
f 725//725 744//744 726//726
f 725//725 743//743 744//744
f 726//726 745//745 727//727
f 726//726 744//744 745//745
f 727//727 746//746 728//728
f 727//727 745//745 746//746
f 728//728 747//747 729//729
f 728//728 746//746 747//747
f 729//729 748//748 730//730
f 729//729 747//747 748//748
f 730//730 749//749 731//731
f 730//730 748//748 749//749
f 731//731 750//750 732//732
f 731//731 749//749 750//750
f 732//732 733//733 715//715
f 732//732 750//750 733//733
f 751//751 752//752 753//753
f 764//764 766//766 765//765
f 751//751 753//753 754//754
f 764//764 767//767 766//766
f 751//751 754//754 755//755
f 764//764 768//768 767//767
f 751//751 755//755 756//756
f 764//764 769//769 768//768
f 751//751 756//756 757//757
f 764//764 770//770 769//769
f 751//751 757//757 758//758
f 764//764 771//771 770//770
f 751//751 758//758 759//759
f 764//764 772//772 771//771
f 751//751 759//759 760//760
f 764//764 773//773 772//772
f 751//751 760//760 761//761
f 764//764 774//774 773//773
f 751//751 761//761 762//762
f 764//764 775//775 774//774
f 751//751 762//762 763//763
f 764//764 776//776 775//775
f 751//751 765//765 752//752
f 751//751 764//764 765//765
f 752//752 766//766 753//753
f 752//752 765//765 766//766
f 753//753 767//767 754//754
f 753//753 766//766 767//767
f 754//754 768//768 755//755
f 754//754 767//767 768//768
f 755//755 769//769 756//756
f 755//755 768//768 769//769
f 756//756 770//770 757//757
f 756//756 769//769 770//770
f 757//757 771//771 758//758
f 757//757 770//770 771//771
f 758//758 772//772 759//759
f 758//758 771//771 772//772
f 759//759 773//773 760//760
f 759//759 772//772 773//773
f 760//760 774//774 761//761
f 760//760 773//773 774//774
f 761//761 775//775 762//762
f 761//761 774//774 775//775
f 762//762 776//776 763//763
f 762//762 775//775 776//776
f 763//763 764//764 751//751
f 763//763 776//776 764//764
f 777//777 778//778 779//779
f 791//791 793//793 792//792
f 777//777 779//779 780//780
f 791//791 794//794 793//793
f 777//777 780//780 781//781
f 791//791 795//795 794//794
f 777//777 781//781 782//782
f 791//791 796//796 795//795
f 777//777 782//782 783//783
f 791//791 797//797 796//796
f 777//777 783//783 784//784
f 791//791 798//798 797//797
f 777//777 784//784 785//785
f 791//791 799//799 798//798
f 777//777 785//785 786//786
f 791//791 800//800 799//799
f 777//777 786//786 787//787
f 791//791 801//801 800//800
f 777//777 787//787 788//788
f 791//791 802//802 801//801
f 777//777 788//788 789//789
f 791//791 803//803 802//802
f 777//777 789//789 790//790
f 791//791 804//804 803//803
f 777//777 792//792 778//778
f 777//777 791//791 792//792
f 778//778 793//793 779//779
f 778//778 792//792 793//793
f 779//779 794//794 780//780
f 779//779 793//793 794//794
f 780//780 795//795 781//781
f 780//780 794//794 795//795
f 781//781 796//796 782//782
f 781//781 795//795 796//796
f 782//782 797//797 783//783
f 782//782 796//796 797//797
f 783//783 798//798 784//784
f 783//783 797//797 798//798
f 784//784 799//799 785//785
f 784//784 798//798 799//799
f 785//785 800//800 786//786
f 785//785 799//799 800//800
f 786//786 801//801 787//787
f 786//786 800//800 801//801
f 787//787 802//802 788//788
f 787//787 801//801 802//802
f 788//788 803//803 789//789
f 788//788 802//802 803//803
f 789//789 804//804 790//790
f 789//789 803//803 804//804
f 790//790 791//791 777//777
f 790//790 804//804 791//791
f 805//805 806//806 807//807
f 818//818 820//820 819//819
f 805//805 807//807 808//808
f 818//818 821//821 820//820
f 805//805 808//808 809//809
f 818//818 822//822 821//821
f 805//805 809//809 810//810
f 818//818 823//823 822//822
f 805//805 810//810 811//811
f 818//818 824//824 823//823
f 805//805 811//811 812//812
f 818//818 825//825 824//824
f 805//805 812//812 813//813
f 818//818 826//826 825//825
f 805//805 813//813 814//814
f 818//818 827//827 826//826
f 805//805 814//814 815//815
f 818//818 828//828 827//827
f 805//805 815//815 816//816
f 818//818 829//829 828//828
f 805//805 816//816 817//817
f 818//818 830//830 829//829
f 805//805 819//819 806//806
f 805//805 818//818 819//819
f 806//806 820//820 807//807
f 806//806 819//819 820//820
f 807//807 821//821 808//808
f 807//807 820//820 821//821
f 808//808 822//822 809//809
f 808//808 821//821 822//822
f 809//809 823//823 810//810
f 809//809 822//822 823//823
f 810//810 824//824 811//811
f 810//810 823//823 824//824
f 811//811 825//825 812//812
f 811//811 824//824 825//825
f 812//812 826//826 813//813
f 812//812 825//825 826//826
f 813//813 827//827 814//814
f 813//813 826//826 827//827
f 814//814 828//828 815//815
f 814//814 827//827 828//828
f 815//815 829//829 816//816
f 815//815 828//828 829//829
f 816//816 830//830 817//817
f 816//816 829//829 830//830
f 817//817 818//818 805//805
f 817//817 830//830 818//818
f 831//831 832//832 833//833
f 844//844 846//846 845//845
f 831//831 833//833 834//834
f 844//844 847//847 846//846
f 831//831 834//834 835//835
f 844//844 848//848 847//847
f 831//831 835//835 836//836
f 844//844 849//849 848//848
f 831//831 836//836 837//837
f 844//844 850//850 849//849
f 831//831 837//837 838//838
f 844//844 851//851 850//850
f 831//831 838//838 839//839
f 844//844 852//852 851//851
f 831//831 839//839 840//840
f 844//844 853//853 852//852
f 831//831 840//840 841//841
f 844//844 854//854 853//853
f 831//831 841//841 842//842
f 844//844 855//855 854//854
f 831//831 842//842 843//843
f 844//844 856//856 855//855
f 831//831 845//845 832//832
f 831//831 844//844 845//845
f 832//832 846//846 833//833
f 832//832 845//845 846//846
f 833//833 847//847 834//834
f 833//833 846//846 847//847
f 834//834 848//848 835//835
f 834//834 847//847 848//848
f 835//835 849//849 836//836
f 835//835 848//848 849//849
f 836//836 850//850 837//837
f 836//836 849//849 850//850
f 837//837 851//851 838//838
f 837//837 850//850 851//851
f 838//838 852//852 839//839
f 838//838 851//851 852//852
f 839//839 853//853 840//840
f 839//839 852//852 853//853
f 840//840 854//854 841//841
f 840//840 853//853 854//854
f 841//841 855//855 842//842
f 841//841 854//854 855//855
f 842//842 856//856 843//843
f 842//842 855//855 856//856
f 843//843 844//844 831//831
f 843//843 856//856 844//844
f 857//857 858//858 859//859
f 869//869 871//871 870//870
f 857//857 859//859 860//860
f 869//869 872//872 871//871
f 857//857 860//860 861//861
f 869//869 873//873 872//872
f 857//857 861//861 862//862
f 869//869 874//874 873//873
f 857//857 862//862 863//863
f 869//869 875//875 874//874
f 857//857 863//863 864//864
f 869//869 876//876 875//875
f 857//857 864//864 865//865
f 869//869 877//877 876//876
f 857//857 865//865 866//866
f 869//869 878//878 877//877
f 857//857 866//866 867//867
f 869//869 879//879 878//878
f 857//857 867//867 868//868
f 869//869 880//880 879//879
f 857//857 870//870 858//858
f 857//857 869//869 870//870
f 858//858 871//871 859//859
f 858//858 870//870 871//871
f 859//859 872//872 860//860
f 859//859 871//871 872//872
f 860//860 873//873 861//861
f 860//860 872//872 873//873
f 861//861 874//874 862//862
f 861//861 873//873 874//874
f 862//862 875//875 863//863
f 862//862 874//874 875//875
f 863//863 876//876 864//864
f 863//863 875//875 876//876
f 864//864 877//877 865//865
f 864//864 876//876 877//877
f 865//865 878//878 866//866
f 865//865 877//877 878//878
f 866//866 879//879 867//867
f 866//866 878//878 879//879
f 867//867 880//880 868//868
f 867//867 879//879 880//880
f 868//868 869//869 857//857
f 868//868 880//880 869//869
f 881//881 882//882 883//883
f 893//893 895//895 894//894
f 881//881 883//883 884//884
f 893//893 896//896 895//895
f 881//881 884//884 885//885
f 893//893 897//897 896//896
f 881//881 885//885 886//886
f 893//893 898//898 897//897
f 881//881 886//886 887//887
f 893//893 899//899 898//898
f 881//881 887//887 888//888
f 893//893 900//900 899//899
f 881//881 888//888 889//889
f 893//893 901//901 900//900
f 881//881 889//889 890//890
f 893//893 902//902 901//901
f 881//881 890//890 891//891
f 893//893 903//903 902//902
f 881//881 891//891 892//892
f 893//893 904//904 903//903
f 881//881 894//894 882//882
f 881//881 893//893 894//894
f 882//882 895//895 883//883
f 882//882 894//894 895//895
f 883//883 896//896 884//884
f 883//883 895//895 896//896
f 884//884 897//897 885//885
f 884//884 896//896 897//897
f 885//885 898//898 886//886
f 885//885 897//897 898//898
f 886//886 899//899 887//887
f 886//886 898//898 899//899
f 887//887 900//900 888//888
f 887//887 899//899 900//900
f 888//888 901//901 889//889
f 888//888 900//900 901//901
f 889//889 902//902 890//890
f 889//889 901//901 902//902
f 890//890 903//903 891//891
f 890//890 902//902 903//903
f 891//891 904//904 892//892
f 891//891 903//903 904//904
f 892//892 893//893 881//881
f 892//892 904//904 893//893
