# Start sample in unchanged v3 map coordinates, metres. Float64 round-trip precision.
v 3 -1.1000000000000001 -0.38330999865744125
v 3 -0.60000000000000009 -0.36879324441724548
v 3 0.39999999999999991 -0.33975973593685382
v 3 1.3999999999999999 -0.31072622745646222
v 4 1.3999999999999999 -0.3273927776435564
v 5 1.3999999999999999 -0.34405932783065057
v 6 1.3999999999999999 -0.36072587801774469
v 7 1.3999999999999999 -0.37739242820483887
v 8 -0.60000000000000009 -0.45212599535271625
v 8 0.39999999999999991 -0.42309248687232465
v 8 1.3999999999999999 -0.39405897839193305
v -1 -1.0000000000000002 -0.446466901788174
v -1 -1.1000000000000001 -0.4462288849344454
v -0.80000000000000004 -1.1000000000000001 -0.44208255935118806
v -0.80000000000000004 -1.0000000000000002 -0.44232057620491666
v -0.80000000000000004 -0.80000000000000027 -0.4427966099123738
v -1 -0.80000000000000027 -0.44694293549563119
v -0.80000000000000004 -0.60000000000000031 -0.44327264361983099
v -1 -0.60000000000000031 -0.44741896920308832
v -0.80000000000000004 -0.4000000000000003 -0.44374867732728812
v -1 -0.4000000000000003 -0.44789500291054551
v -0.80000000000000004 -0.20000000000000034 -0.44422471103474531
v -1 -0.20000000000000034 -0.44837103661800265
v -0.80000000000000004 -3.8857805861880479e-16 -0.4447007447422025
v -1 -3.8857805861880479e-16 -0.44884707032545984
v -0.80000000000000004 0.19999999999999957 -0.44517677844965964
v -1 0.19999999999999957 -0.44932310403291703
v -0.80000000000000004 0.39999999999999952 -0.44565281215711683
v -1 0.39999999999999952 -0.44979913774037417
v -0.80000000000000004 0.59999999999999942 -0.44612884586457396
v -1 0.59999999999999942 -0.45027517144783136
v -0.80000000000000004 0.79999999999999938 -0.44660487957203115
v -1 0.79999999999999938 -0.45075120515528849
v -0.80000000000000004 0.99999999999999933 -0.44708091327948835
v -1 0.99999999999999933 -0.45122723886274568
v -0.80000000000000004 1.1999999999999991 -0.44755694698694548
v -1 1.1999999999999991 -0.45170327257020287
v -0.80000000000000004 1.3999999999999992 -0.44803298069440267
v -1 1.3999999999999992 -0.45217930627766001
v -0.80000000000000004 1.5999999999999994 -0.44900121707856233
v -1 1.5999999999999994 -0.45290815551196073
v -0.80000000000000004 1.7999999999999992 -0.4533386846706321
v -1 1.7999999999999992 -0.45673449918946685
v -0.80000000000000004 1.9999999999999989 -0.46113370750701854
v -1 1.9999999999999989 -0.46405721764910457
v -0.80000000000000004 2.1999999999999993 -0.46807531451253315
v -1 2.1999999999999993 -0.47085689071948317
v -0.80000000000000004 2.3999999999999995 -0.4736620631790015
v -1 2.3999999999999995 -0.47644363938595152
v -0.80000000000000004 2.5999999999999992 -0.47924881184546986
v -1 2.5999999999999992 -0.48203038805241988
v -0.80000000000000004 2.7999999999999989 -0.48483556051193821
v -1 2.7999999999999989 -0.48761713671888823
v -0.80000000000000004 2.9999999999999991 -0.49042230917840657
v -1 2.9999999999999991 -0.49320388538535659
v -0.85009999999999986 3.1999999999999993 -0.4967058426847159
v -1 3.1999999999999993 -0.49879063405182494
v -0.80000000000000004 3.0999000000000034 -0.49321289013730762
v -0.85009999999999986 3.1000000000000036 -0.49391246835148184
v -0.84999999999999987 3.0999000000000034 -0.49390828418904509
v -0.85007071067811857 3.0999292893218851 -0.49391008578514412
v -0.94999999999999996 3.3499000000000034 -0.5022825081256056
v -1 3.3499000000000034 -0.50297790217734306
v -0.84999999999999987 3.2001000000000035 -0.49670724527094579
v -0.80000000000000004 3.2001000000000035 -0.49601185121920827
v -0.80000000000000004 3.3999999999999986 -0.50159580651134328
v -0.94989999999999997 3.3999999999999986 -0.50368059787845232
v -0.94989999999999997 3.3500000000000036 -0.50228391071183531
v -0.94992928932188125 3.3499292893218851 -0.50228234285030626
v -0.85007071067811857 3.2000707106781219 -0.49670741054624512
v -0.80000000000000004 3.5999999999999988 -0.50718255517781163
v -1 3.5999999999999988 -0.5099641313847616
v -1 3.550100000000004 -0.50857023759247788
v -0.94999999999999996 3.4999000000000038 -0.50647256962545684
v -1 3.4999000000000038 -0.50716796367719441
v -1 3.4001000000000037 -0.50438017609262664
v -0.94992928932188125 3.4000707106781221 -0.50368298044479021
v -0.94999999999999996 3.550100000000004 -0.50787484354074042
v -0.94992928932188125 3.4999292893218854 -0.5064724043501575
v -0.94999999999999996 3.4001000000000037 -0.50368478204088918
v -0.94992928932188125 3.5500707106781224 -0.50787304194464145
v -0.94989999999999997 3.5500000000000038 -0.50787065937830367
v -0.94989999999999997 3.500000000000004 -0.50647397221168666
v -0.95009999999999994 3.6500000000000044 -0.51066681528774482
v -0.95009999999999994 3.7000000000000042 -0.51206350245436194
v -0.95007071067811866 3.6499292893218858 -0.51066443272140716
v -0.80000000000000004 3.7999999999999989 -0.51276930384427999
v -0.94989999999999997 3.7999999999999989 -0.51485409521138903
v -0.94989999999999997 3.750000000000004 -0.51345740804477202
v -0.94999999999999996 3.7499000000000038 -0.51345600545854231
v -1 3.7499000000000038 -0.51415139951027977
v -0.95007071067811866 3.7000707106781228 -0.5120650703158911
v -0.94999999999999996 3.6499000000000041 -0.51066263112530819
v -0.94992928932188125 3.7499292893218854 -0.51345584018324297
v -0.84999999999999987 3.6499000000000041 -0.50927184302183315
v -0.84992928932188117 3.6499292893218858 -0.50927167774653381
v -0.94999999999999996 3.7001000000000044 -0.51206490504059166
v -0.84989999999999988 3.6500000000000044 -0.50927324560806286
v -0.84999999999999987 3.7001000000000044 -0.51067411693711673
v -0.84989999999999988 3.7000000000000042 -0.51066993277467998
v -0.84992928932188117 3.7000707106781228 -0.51067231534101776
v -0.60000000000000009 -1.1000000000000001 -0.43793623376793067
v -0.60000000000000009 -1.0000000000000002 -0.43817425062165927
v -0.60000000000000009 -0.80000000000000027 -0.43865028432911646
v -0.60000000000000009 -0.60000000000000031 -0.43912631803657359
v -0.60000000000000009 -0.4000000000000003 -0.43960235174403078
v -0.60000000000000009 -0.20000000000000034 -0.44007838545148797
v -0.60000000000000009 -3.8857805861880479e-16 -0.44055441915894511
v -0.60000000000000009 0.19999999999999957 -0.4410304528664023
v -0.60000000000000009 0.39999999999999952 -0.44150648657385944
v -0.60000000000000009 0.59999999999999942 -0.44198252028131663
v -0.60000000000000009 0.79999999999999938 -0.44245855398877382
v -0.60000000000000009 0.99999999999999933 -0.44293458769623095
v -0.60000000000000009 1.1999999999999991 -0.44341062140368814
v -0.60000000000000009 1.3999999999999992 -0.44388665511114528
v -0.60000000000000009 1.5999999999999994 -0.44509427864516393
v -0.60000000000000009 1.7999999999999992 -0.4499428701517974
v -0.60000000000000009 1.9999999999999989 -0.45821019736493251
v -0.60000000000000009 2.1999999999999993 -0.46529373830558307
v -0.60000000000000009 2.3999999999999995 -0.47088048697205143
v -0.60000000000000009 2.5999999999999992 -0.47646723563851978
v -0.60000000000000009 2.7999999999999989 -0.48205398430498814
v -0.60000000000000009 2.9999999999999991 -0.48764073297145649
v -0.60000000000000009 3.1999999999999993 -0.49322748163792485
v -0.79989999999999983 3.1999999999999993 -0.49600766705677141
v -0.79989999999999983 3.1000000000000036 -0.49321429272353734
v -0.79992928932188112 3.0999292893218851 -0.49321272486200829
v -0.75009999999999977 3.250000000000004 -0.49671174174785809
v -0.75009999999999977 3.3000000000000038 -0.49810842891447515
v -0.75007071067811848 3.2499292893218854 -0.49670935918152037
v -0.60000000000000009 3.3499000000000034 -0.49741474976344302
v -0.60007071067811835 3.3499292893218851 -0.49741655135954199
v -0.60009999999999963 3.3500000000000036 -0.49741893392587971
v -0.60009999999999963 3.3999999999999986 -0.49881562109249666
v -0.74999999999999978 3.2499000000000038 -0.4967075575854214
v -0.79992928932188112 3.2000707106781219 -0.49601004962310924
v -0.75007071067811848 3.3000707106781224 -0.49810999677600426
v -0.69999999999999973 3.2499000000000038 -0.49601216353368383
v -0.74999999999999978 3.300100000000004 -0.49810983150070492
v -0.69992928932188103 3.2499292893218854 -0.49601199825838449
v -0.69999999999999973 3.300100000000004 -0.49741443744896741
v -0.69992928932188103 3.3000707106781224 -0.49741263585286843
v -0.69989999999999974 3.250000000000004 -0.49601356611991365
v -0.69989999999999974 3.3000000000000038 -0.49741025328653071
v -0.60007071067811835 3.4000707106781221 -0.49881718895402594
v -0.60000000000000009 3.4001000000000037 -0.4988170236787266
v -0.60000000000000009 3.5499000000000036 -0.50300149842991138
v -0.65009999999999968 3.5500000000000038 -0.50370107664408559
v -0.65009999999999968 3.5999999999999988 -0.50509776381070259
v -0.65007071067811839 3.5499292893218852 -0.50369869407774781
v -0.64999999999999969 3.5499000000000036 -0.50369689248164884
v -0.64999999999999969 3.6501000000000046 -0.50649585356354954
v -0.60000000000000009 3.6501000000000046 -0.50580045951181207
v -0.60000000000000009 3.7999999999999989 -0.50998772763732991
v -0.65007071067811839 3.6500707106781229 -0.50649601883884887
v -0.65009999999999968 3.6500000000000044 -0.50649445097731982
v -0.40000000000000008 -1.1000000000000001 -0.43378990818467333
v -0.40000000000000008 -1.0000000000000002 -0.43402792503840193
v -0.40000000000000008 -0.80000000000000027 -0.43450395874585906
v -0.40000000000000008 -0.60000000000000031 -0.43497999245331626
v -0.40000000000000008 -0.4000000000000003 -0.43545602616077345
v -0.40000000000000008 -0.20000000000000034 -0.43593205986823058
v -0.40000000000000008 -3.8857805861880479e-16 -0.43640809357568777
v -0.40000000000000008 0.19999999999999957 -0.43688412728314491
v -0.40000000000000008 0.39999999999999952 -0.4373601609906021
v -0.40000000000000008 0.59999999999999942 -0.43783619469805929
v -0.40000000000000008 0.79999999999999938 -0.43831222840551642
v -0.40000000000000008 0.99999999999999933 -0.43878826211297361
v -0.40000000000000008 1.1999999999999991 -0.43926429582043075
v -0.40000000000000008 1.3999999999999992 -0.43974032952788794
v -0.40000000000000008 1.5999999999999994 -0.44118734021176553
v -0.40000000000000008 1.7999999999999992 -0.44654705563296265
v -0.40000000000000008 1.9999999999999989 -0.45528668722284649
v -0.40000000000000008 2.1999999999999993 -0.46251216209863305
v -0.40000000000000008 2.3999999999999995 -0.46809891076510141
v -0.40000000000000008 2.5999999999999992 -0.47368565943156971
v -0.40000000000000008 2.7999999999999989 -0.47927240809803806
v -0.40000000000000008 2.9999999999999991 -0.48485915676450642
v -0.40000000000000008 3.1999999999999993 -0.49044590543097483
v -0.40000000000000008 3.3999999999999986 -0.49603265409744313
v -0.54989999999999961 3.3999999999999986 -0.49811744546455217
v -0.54989999999999961 3.3500000000000036 -0.49672075829793527
v -0.5499292893218809 3.3499292893218851 -0.49671919043640611
v -0.5499999999999996 3.3499000000000034 -0.4967193557117055
v -0.50009999999999954 3.4500000000000042 -0.49882152015563885
v -0.50009999999999954 3.500000000000004 -0.50021820732225597
v -0.50007071067811826 3.4499292893218856 -0.49881913758930113
v -0.40000000000000008 3.5999999999999988 -0.50161940276391148
v -0.54989999999999961 3.5999999999999988 -0.50370419413102052
v -0.54989999999999961 3.5500000000000038 -0.50230750696440363
v -0.5499999999999996 3.5499000000000036 -0.5023061043781738
v -0.50007071067811826 3.5000707106781226 -0.50021977518378513
v -0.49999999999999956 3.449900000000004 -0.49881733599320216
v -0.5499292893218809 3.4000707106781221 -0.49811982803089006
v -0.5499292893218809 3.5499292893218852 -0.50230593910287447
v -0.44999999999999951 3.449900000000004 -0.49812194194146464
v -0.5499999999999996 3.4001000000000037 -0.49812162962698903
v -0.49999999999999956 3.5001000000000042 -0.50021960990848569
v -0.44992928932188087 3.4499292893218856 -0.49812177666616531
v -0.44999999999999951 3.5001000000000042 -0.49952421585674822
v -0.44992928932188087 3.5000707106781226 -0.49952241426064925
v -0.44989999999999952 3.4500000000000042 -0.49812334452769441
v -0.44989999999999952 3.500000000000004 -0.49952003169431147
v -0.50009999999999954 3.7000000000000042 -0.50580495598872433
v -0.50009999999999954 3.7999999999999989 -0.50859833032195834
v -0.59989999999999966 3.6500000000000044 -0.50579627534937532
v -0.59989999999999966 3.6001000000000039 -0.50440238155709149
v -0.5499999999999996 3.6001000000000039 -0.50370837829345738
v -0.40000000000000008 3.7999999999999989 -0.50720615143037984
v -0.44989999999999952 3.7999999999999989 -0.50790015469401384
v -0.50007071067811826 3.6999292893218856 -0.50580257342238655
v -0.59992928932188094 3.6500707106781229 -0.50579865791571299
v -0.5499292893218809 3.6000707106781222 -0.50370657669735841
v -0.44989999999999952 3.7000000000000042 -0.50510678036077983
v -0.44992928932188087 3.6999292893218856 -0.50510521249925078
v -0.49999999999999956 3.699900000000004 -0.50580077182628758
v -0.44999999999999951 3.699900000000004 -0.50510537777455011
v -0.20000000000000012 -1.1000000000000001 -0.429643582601416
v -0.20000000000000012 -1.0000000000000002 -0.42988159945514454
v -0.20000000000000012 -0.80000000000000027 -0.43035763316260173
v -0.20000000000000012 -0.60000000000000031 -0.43083366687005892
v -0.20000000000000012 -0.4000000000000003 -0.43130970057751605
v -0.20000000000000012 -0.20000000000000034 -0.43178573428497324
v -0.20000000000000012 -3.8857805861880479e-16 -0.43226176799243038
v -0.20000000000000012 0.19999999999999957 -0.43273780169988757
v -0.20000000000000012 0.39999999999999952 -0.43321383540734476
v -0.20000000000000012 0.59999999999999942 -0.4336898691148019
v -0.20000000000000012 0.79999999999999938 -0.43416590282225909
v -0.20000000000000012 0.99999999999999933 -0.43464193652971622
v -0.20000000000000012 1.1999999999999991 -0.43511797023717341
v -0.20000000000000012 1.3999999999999992 -0.4355940039446306
v -0.20000000000000012 1.5999999999999994 -0.43728040177836702
v -0.20000000000000012 1.7999999999999992 -0.44315124111412796
v -0.20000000000000012 1.9999999999999989 -0.45236317708076046
v -0.20000000000000012 2.1999999999999993 -0.45973058589168297
v -0.20000000000000012 2.3999999999999995 -0.46531733455815133
v -0.20000000000000012 2.5999999999999992 -0.47090408322461969
v -0.20000000000000012 2.7999999999999989 -0.47649083189108804
v -0.20000000000000012 2.9999999999999991 -0.4820775805575564
v -0.20000000000000012 3.1999999999999993 -0.48766432922402475
v -0.20000000000000012 3.3999999999999986 -0.49325107789049311
v -0.35009999999999941 3.4500000000000042 -0.49673533800042635
v -0.35009999999999941 3.500000000000004 -0.49813202516704341
v -0.35007071067811807 3.4499292893218856 -0.49673295543408857
v -0.34999999999999942 3.449900000000004 -0.4967311538379896
v -0.35007071067811807 3.5000707106781226 -0.49813359302857252
v -0.24999999999999936 3.449900000000004 -0.49534036573451462
v -0.20000000000000012 3.5999999999999988 -0.49883782655696146
v -0.34999999999999942 3.5001000000000042 -0.49813342775327318
v -0.24992928932188072 3.4499292893218856 -0.49534020045921523
v -0.24999999999999936 3.5001000000000042 -0.49674263964979815
v -0.24989999999999937 3.4500000000000042 -0.49534176832074439
v -0.24992928932188072 3.5000707106781226 -0.49674083805369917
v -0.24989999999999937 3.500000000000004 -0.49673845548736145
v -0.25009999999999932 3.750000000000004 -0.50372467289665379
v -0.25009999999999932 3.7999999999999989 -0.5051213600632708
v -0.20000000000000012 3.7499000000000038 -0.50302509468247969
v -0.24999999999999931 3.7499000000000038 -0.50372048873421715
v -0.25007071067811798 3.7499292893218854 -0.50372229033031612
v -1.6653345369377348e-16 -1.1000000000000001 -0.4254972570181586
v -1.6653345369377348e-16 -1.0000000000000002 -0.4257352738718872
v -1.6653345369377348e-16 -0.80000000000000027 -0.42621130757934439
v -1.6653345369377348e-16 -0.60000000000000031 -0.42668734128680152
v -1.6653345369377348e-16 -0.4000000000000003 -0.42716337499425872
v -1.6653345369377348e-16 -0.20000000000000034 -0.42763940870171585
v -1.6653345369377348e-16 -3.8857805861880479e-16 -0.42811544240917304
v -1.6653345369377348e-16 0.19999999999999957 -0.42859147611663023
v -1.6653345369377348e-16 0.39999999999999952 -0.42906750982408737
v -1.6653345369377348e-16 0.59999999999999942 -0.42954354353154456
v -1.6653345369377348e-16 0.79999999999999938 -0.43001957723900169
v -1.6653345369377348e-16 0.99999999999999933 -0.43049561094645888
v -1.6653345369377348e-16 1.1999999999999991 -0.43097164465391608
v -1.6653345369377348e-16 1.3999999999999992 -0.43144767836137321
v -1.6653345369377348e-16 1.5999999999999994 -0.43337346334496868
v -1.6653345369377348e-16 1.7999999999999992 -0.43975542659529321
v -1.6653345369377348e-16 1.9999999999999989 -0.44943966693867454
v -1.6653345369377348e-16 2.1999999999999993 -0.45694900968473295
v -1.6653345369377348e-16 2.3999999999999995 -0.46253575835120131
v -1.6653345369377348e-16 2.5999999999999992 -0.46812250701766966
v -1.6653345369377348e-16 2.7999999999999989 -0.47370925568413802
v -1.6653345369377348e-16 2.9999999999999991 -0.47929600435060637
v -7.0710678117745759e-05 3.1000707106781222 -0.48209233733347323
v -1.6653345369377348e-16 3.1001000000000034 -0.4820921720581739
v -1.6653345369377348e-16 3.199900000000004 -0.48487995964274161
v -0.050070710678117789 3.1999292893218856 -0.4855771552905781
v -0.050099999999997112 3.1999999999999993 -0.48557953785691566
v -1.6653345369377348e-16 3.0499000000000041 -0.48068989814289032
v -7.0710678117745772e-05 3.0499292893218852 -0.48069169973898929
v -9.999999999909101e-05 3.1000000000000036 -0.48209076947194412
v -0.049999999999999135 3.199900000000004 -0.48557535369447913
v -9.999999999909101e-05 3.0500000000000038 -0.48069408230532706
v -0.049899999999999174 3.3000000000000038 -0.48837013061394302
v -0.049899999999999174 3.2501000000000042 -0.48697623682165919
v -1.6653345369377348e-16 3.2501000000000042 -0.48628223355802519
v -0.050099999999999138 3.2499000000000038 -0.48697343164919965
v -0.099999999999999173 3.2499000000000038 -0.48766743491283371
v -0.049929289321880524 3.3000707106781224 -0.48837251318028074
v -1.6653345369377348e-16 3.3999999999999986 -0.49046950168354303
v -0.049999999999999177 3.300100000000004 -0.48837431477637977
v -0.099999999999999173 3.300100000000004 -0.48906970882811729
v -0.14999999999999922 3.2499000000000038 -0.48836282896457123
v -0.15007071067811786 3.2499292893218854 -0.4883646305606702
v -0.15009999999999921 3.250000000000004 -0.48836701312700792
v -0.14999999999999922 3.300100000000004 -0.48976510287985475
v -0.15007071067811786 3.3000707106781224 -0.48976526815515409
v -0.15009999999999921 3.3000000000000038 -0.48976370029362504
v -9.999999999909101e-05 3.500000000000004 -0.49326426680488084
v -9.999999999909101e-05 3.5499000000000036 -0.49465816059716466
v -0.049999999999999135 3.5499000000000036 -0.49535216386079872
v -0.050099999999999138 3.5500000000000038 -0.49535634802323542
v -0.050099999999999138 3.5999999999999988 -0.49675303518985237
v -1.6653345369377348e-16 3.4999000000000042 -0.49326008264244414
v -7.0710678117745772e-05 3.4999292893218854 -0.49326188423854311
v -0.050070710678117789 3.5499292893218852 -0.49535396545689769
v -0.15009999999999921 3.6500000000000044 -0.49954051045994463
v -0.15009999999999921 3.7000000000000042 -0.50093719762656175
v -0.15007071067811786 3.6499292893218858 -0.49953812789360691
v -0.049999999999999135 3.6001000000000039 -0.4967544377760823
v -1.6653345369377348e-16 3.6001000000000039 -0.49605904372434478
v -1.6653345369377348e-16 3.7999999999999989 -0.5016429990164798
v -0.19989999999999933 3.7999999999999989 -0.5044231844353263
v -0.19989999999999933 3.750000000000004 -0.5030264972687094
v -0.15007071067811786 3.7000707106781228 -0.5009387654880908
v -0.14999999999999922 3.6499000000000041 -0.49953632629750794
v -0.050070710678117789 3.6000707106781222 -0.49675460305138164
v -0.19992928932188067 3.7499292893218854 -0.50302492940718024
v -0.099999999999999228 3.6499000000000041 -0.49884093224577042
v -0.099929289321880568 3.6499292893218858 -0.49884076697047108
v -0.14999999999999922 3.7001000000000044 -0.50093860021279146
v -0.099899999999999226 3.6500000000000044 -0.49884233483200019
v -0.099999999999999228 3.7001000000000044 -0.500243206161054
v -0.099899999999999226 3.7000000000000042 -0.50023902199861725
v -0.099929289321880568 3.7000707106781228 -0.50024140456495503
v 0.19999999999999979 -1.1000000000000001 -0.42135093143490127
v 0.19999999999999979 -1.0000000000000002 -0.42158894828862986
v 0.19999999999999979 -0.80000000000000027 -0.422064981996087
v 0.19999999999999979 -0.60000000000000031 -0.42254101570354419
v 0.19999999999999979 -0.4000000000000003 -0.42301704941100132
v 0.19999999999999979 -0.20000000000000034 -0.42349308311845851
v 0.19999999999999979 -3.8857805861880479e-16 -0.4239691168259157
v 0.19999999999999979 0.19999999999999957 -0.42444515053337284
v 0.19999999999999979 0.39999999999999952 -0.42492118424083003
v 0.19999999999999979 0.59999999999999942 -0.42539721794828717
v 0.19999999999999979 0.79999999999999938 -0.42587325165574436
v 0.19999999999999979 0.99999999999999933 -0.42634928536320155
v 0.19999999999999979 1.1999999999999991 -0.42682531907065868
v 0.19999999999999979 1.3999999999999992 -0.42730135277811587
v 0.19999999999999979 1.5999999999999994 -0.42946652491157022
v 0.19999999999999979 1.7999999999999992 -0.43635961207645846
v 0.19999999999999979 1.9999999999999989 -0.44651615679658851
v 0.19999999999999979 2.1999999999999993 -0.45416743347778288
v 0.19999999999999979 2.3999999999999995 -0.45975418214425123
v 0.19999999999999979 2.5999999999999992 -0.46534093081071959
v 0.19999999999999979 2.7999999999999989 -0.47092767947718794
v 0.049900000000000951 2.8500000000000036 -0.47441193958712113
v 0.049900000000000951 2.9000000000000035 -0.47580862675373825
v 0.0499292893218823 2.8499292893218851 -0.47440955702078341
v 0.050000000000000953 2.8499000000000034 -0.47440775542468444
v 0.0499292893218823 2.9000707106781221 -0.47581019461526736
v 0.10000000000000095 2.8499000000000034 -0.47371236137294692
v 0.19999999999999979 2.9999999999999991 -0.4765144281436563
v 0.10007071067811961 2.8499292893218851 -0.47371219609764759
v 0.050000000000000953 2.9001000000000037 -0.47581002933996802
v 0.10000000000000095 2.9001000000000037 -0.4751146352882305
v 0.10010000000000095 2.8500000000000036 -0.47371376395917669
v 0.10007071067811961 2.9000707106781221 -0.47511283369213153
v 0.10010000000000095 2.9000000000000035 -0.47511045112579375
v 0.19999999999999979 3.1999999999999993 -0.48210117681012465
v 9.9999999998843947e-05 3.1999999999999993 -0.48488136222897127
v 0.050000000000000912 3.0499000000000036 -0.4799945040911528
v 7.0710678119522116e-05 3.1999292893218856 -0.48487979436744227
v 0.050070710678119565 3.0499292893218852 -0.47999433881585346
v 0.050000000000000912 3.1001000000000039 -0.48139677800643638
v 0.050100000000000915 3.0500000000000038 -0.47999590667738257
v 0.050070710678119565 3.1000707106781222 -0.48139497641033741
v 0.050100000000000915 3.1000000000000036 -0.48139259384399968
v 0.19999999999999979 3.3999999999999986 -0.48768792547659301
v 0.00010000000000086737 3.250000000000004 -0.48627804939558844
v 7.0710678119522116e-05 3.2500707106781226 -0.48628043196192616
v 0.19992928932188245 3.5999292893218859 -0.49327368236482727
v 0.19990000000000349 3.5999999999999988 -0.49327606493116477
v 0.00010000000000086737 3.5999999999999988 -0.49605485956190792
v 0.00010000000000086737 3.550100000000004 -0.49466096576962421
v 0.050000000000000912 3.550100000000004 -0.49396696250599015
v 0.19999999999999979 3.4999000000000038 -0.49047850643549407
v 0.15000000000000105 3.550100000000004 -0.49257617440251517
v 0.19999999999999979 3.550100000000004 -0.49188078035077765
v 0.19999999999999979 3.5999000000000048 -0.4932718807687283
v 0.050070710678119565 3.5500707106781224 -0.49396516090989118
v 0.050000000000000912 3.4999000000000038 -0.49256468859070662
v 0.15000000000000105 3.4999000000000038 -0.49117390048723159
v 0.1499292893218824 3.5500707106781224 -0.4925763396778145
v 0.050070710678119565 3.4999292893218854 -0.49256452331540729
v 0.1499292893218824 3.4999292893218854 -0.49117570208333056
v 0.14990000000000106 3.5500000000000038 -0.49257477181628539
v 0.050100000000000915 3.500000000000004 -0.49256609117693639
v 0.14990000000000106 3.500000000000004 -0.49117808464966828
v 0.050100000000000915 3.5500000000000038 -0.49396277834355345
v 0.099900000000001002 3.7000000000000042 -0.49746022736787415
v 0.099900000000001002 3.7999999999999989 -0.50025360170110822
v 0.1999000000000011 3.7999999999999989 -0.49886281359763318
v 0.15010000000000098 3.7999999999999989 -0.49955542607316372
v 0.099929289321882345 3.6999292893218856 -0.49745784480153643
v 7.0710678119522116e-05 3.6000707106781222 -0.49605724212824576
v 0.15010000000000098 3.7000000000000042 -0.49676205173992971
v 0.15007071067811964 3.6999292893218856 -0.4967604838784006
v 0.100000000000001 3.699900000000004 -0.49745604320543746
v 0.15000000000000099 3.699900000000004 -0.49676064915369994
v 0.39999999999999974 -1.1000000000000001 -0.41720460585164387
v 0.39999999999999974 -1.0000000000000002 -0.41744262270537247
v 0.39999999999999974 -0.80000000000000027 -0.41791865641282966
v 0.39999999999999974 -0.60000000000000031 -0.41839469012028679
v 0.39999999999999974 -0.4000000000000003 -0.41887072382774398
v 0.39999999999999974 -0.20000000000000034 -0.41934675753520118
v 0.39999999999999974 -3.8857805861880479e-16 -0.41982279124265831
v 0.39999999999999974 0.19999999999999957 -0.4202988249501155
v 0.39999999999999974 0.39999999999999952 -0.42077485865757264
v 0.39999999999999974 0.59999999999999942 -0.42125089236502983
v 0.39999999999999974 0.79999999999999938 -0.42172692607248702
v 0.39999999999999974 0.99999999999999933 -0.42220295977994415
v 0.39999999999999974 1.1999999999999991 -0.42267899348740134
v 0.39999999999999974 1.3999999999999992 -0.42315502719485848
v 0.39999999999999974 1.5999999999999994 -0.42555958647817183
v 0.39999999999999974 1.7999999999999992 -0.43296379755762376
v 0.39999999999999974 1.9999999999999989 -0.44359264665450243
v 0.39999999999999974 2.1999999999999993 -0.45138585727083286
v 0.39999999999999974 2.3999999999999995 -0.45697260593730121
v 0.39999999999999974 2.5999999999999992 -0.46255935460376957
v 0.39999999999999974 2.7999999999999989 -0.46814610327023787
v 0.39999999999999974 2.9999999999999991 -0.47373285193670628
v 0.39999999999999974 3.1999999999999993 -0.47931960060317463
v 0.39999999999999974 3.3499000000000034 -0.48350686872869275
v 0.3500000000000012 3.3499000000000034 -0.48420226278043027
v 0.34990000000000121 3.3500000000000036 -0.48420644694286696
v 0.34990000000000121 3.3999999999999986 -0.48560313410948391
v 0.34992928932188255 3.3499292893218851 -0.48420406437652924
v 0.3500000000000012 3.4001000000000037 -0.4856045366957138
v 0.39999999999999974 3.4001000000000037 -0.48490914264397633
v 0.39999999999999974 3.5999999999999988 -0.49049309793611129
v 0.30009999999999876 3.5999999999999988 -0.49188249525148287
v 0.3000707106781198 3.5999292893218859 -0.49188092738995393
v 0.30000000000000115 3.5999000000000043 -0.49188109266525326
v 0.20007071067811968 3.4999292893218854 -0.49047834116019473
v 0.34992928932188255 3.4000707106781221 -0.48560470197101313
v 0.20010000000000103 3.500000000000004 -0.49047990902172384
v 0.20007071067811968 3.5500707106781224 -0.49187897875467868
v 0.20010000000000103 3.5500000000000038 -0.4918765961883409
v 0.39999999999999974 3.699900000000004 -0.4932836788950124
v 0.35010000000000119 3.699900000000004 -0.4939776821586464
v 0.3500000000000012 3.6499000000000041 -0.4925823857801328
v 0.30010000000000114 3.6499000000000041 -0.49327638904376686
v 0.35010000000000119 3.6500000000000044 -0.49258378836636257
v 0.35007071067811985 3.6499292893218858 -0.49258222050483347
v 0.2501000000000011 3.7999999999999989 -0.49816463796968868
v 0.2501000000000011 3.7501000000000042 -0.49677074417740502
v 0.34990000000000121 3.7501000000000042 -0.49538273765013696
v 0.34990000000000121 3.7999999999999989 -0.49677663144242062
v 0.59999999999999964 -1.1000000000000001 -0.41305828026838654
v 0.59999999999999964 -1.0000000000000002 -0.41329629712211513
v 0.59999999999999964 -0.80000000000000027 -0.41377233082957232
v 0.59999999999999964 -0.60000000000000031 -0.41424836453702946
v 0.59999999999999964 -0.4000000000000003 -0.41472439824448665
v 0.59999999999999964 -0.20000000000000034 -0.41520043195194378
v 0.59999999999999964 -3.8857805861880479e-16 -0.41567646565940097
v 0.59999999999999964 0.19999999999999957 -0.41615249936685816
v 0.59999999999999964 0.39999999999999952 -0.4166285330743153
v 0.59999999999999964 0.59999999999999942 -0.41710456678177249
v 0.59999999999999964 0.79999999999999938 -0.41758060048922963
v 0.59999999999999964 0.99999999999999933 -0.41805663419668682
v 0.59999999999999964 1.1999999999999991 -0.41853266790414401
v 0.59999999999999964 1.3999999999999992 -0.41900870161160114
v 0.59999999999999964 1.5999999999999994 -0.42165264804477337
v 0.59999999999999964 1.7999999999999992 -0.42956798303878896
v 0.59999999999999964 1.9999999999999989 -0.44066913651241646
v 0.59999999999999964 2.1999999999999993 -0.44860428106388278
v 0.59999999999999964 2.3999999999999995 -0.45419102973035114
v 0.59999999999999964 2.5999999999999992 -0.45977777839681949
v 0.59999999999999964 2.7999999999999989 -0.46536452706328785
v 0.59999999999999964 2.9999999999999991 -0.4709512757297562
v 0.59999999999999964 3.1999999999999993 -0.47653802439622456
v 0.59999999999999964 3.3999999999999986 -0.48212477306269291
v 0.40010000000000123 3.3999999999999986 -0.48490495848153947
v 0.40010000000000123 3.3500000000000036 -0.48350827131492252
v 0.40007071067811989 3.3499292893218851 -0.48350670345339342
v 0.59992928932188272 3.5500707106781224 -0.48631779321217689
v 0.59999999999999964 3.5501000000000031 -0.48631762793687755
v 0.59999999999999964 3.5999999999999988 -0.48771152172916127
v 0.59999999999999964 3.4999000000000047 -0.48491535402159403
v 0.59992928932188272 3.4999292893218854 -0.48491715561769294
v 0.59990000000000143 3.5500000000000038 -0.48631622535064778
v 0.40007071067811989 3.4000707106781221 -0.48490734104787736
v 0.59990000000000143 3.500000000000004 -0.48491953818403066
v 0.49990000000000134 3.6500000000000044 -0.490500387787357
v 0.49990000000000134 3.7000000000000042 -0.49189707495397406
v 0.49992928932188269 3.6499292893218858 -0.49049800522101927
v 0.59999999999999964 3.6999000000000049 -0.49050210268806238
v 0.59992928932188272 3.6999292893218856 -0.4905039042841613
v 0.59992928932188272 3.7500707106781226 -0.49190454187864524
v 0.59999999999999964 3.7501000000000033 -0.49190437660334591
v 0.59999999999999964 3.7999999999999989 -0.49329827039562962
v 0.40010000000000123 3.7999999999999989 -0.49607845581447618
v 0.40010000000000123 3.7000000000000042 -0.49328508148124217
v 0.49992928932188269 3.7000707106781228 -0.49189864281550316
v 0.50000000000000133 3.6499000000000041 -0.4904962036249203
v 0.59990000000000143 3.7000000000000042 -0.49050628685049902
v 0.59990000000000143 3.750000000000004 -0.49190297401711613
v 0.40007071067811989 3.6999292893218856 -0.49328351361971301
v 0.55000000000000138 3.6499000000000041 -0.48980080957318273
v 0.55007071067812008 3.6499292893218858 -0.48980064429788339
v 0.50000000000000133 3.7001000000000044 -0.49189847754020383
v 0.55010000000000137 3.6500000000000044 -0.48980221215941255
v 0.55000000000000138 3.7001000000000044 -0.49120308348846631
v 0.55010000000000137 3.7000000000000042 -0.49119889932602961
v 0.55007071067812008 3.7000707106781228 -0.49120128189236734
v 0.7999999999999996 -1.1000000000000001 -0.4089119546851292
v 0.7999999999999996 -1.0000000000000002 -0.40914997153885779
v 0.7999999999999996 -0.80000000000000027 -0.40962600524631493
v 0.7999999999999996 -0.60000000000000031 -0.41010203895377212
v 0.7999999999999996 -0.4000000000000003 -0.41057807266122925
v 0.7999999999999996 -0.20000000000000034 -0.41105410636868644
v 0.7999999999999996 -3.8857805861880479e-16 -0.41153014007614364
v 0.7999999999999996 0.19999999999999957 -0.41200617378360077
v 0.7999999999999996 0.39999999999999952 -0.41248220749105796
v 0.7999999999999996 0.59999999999999942 -0.4129582411985151
v 0.7999999999999996 0.79999999999999938 -0.41343427490597229
v 0.7999999999999996 0.99999999999999933 -0.41391030861342948
v 0.7999999999999996 1.1999999999999991 -0.41438634232088661
v 0.7999999999999996 1.3999999999999992 -0.4148623760283438
v 0.7999999999999996 1.5999999999999994 -0.41774570961137492
v 0.7999999999999996 1.7999999999999992 -0.42617216851995432
v 0.7999999999999996 1.9999999999999989 -0.43774562637033043
v 0.7999999999999996 2.1999999999999993 -0.44582270485693276
v 0.7999999999999996 2.3999999999999995 -0.45140945352340112
v 0.7999999999999996 2.5999999999999992 -0.45699620218986947
v 0.7999999999999996 2.7999999999999989 -0.46258295085633783
v 0.7999999999999996 2.9999999999999991 -0.46816969952280618
v 0.7999999999999996 3.1999999999999993 -0.47375644818927454
v 0.7999999999999996 3.3999999999999986 -0.47934319685574289
v 0.7999999999999996 3.5999999999999988 -0.48492994552221125
v 0.75010000000000154 3.5999999999999988 -0.48562394878584525
v 0.75010000000000154 3.5500000000000038 -0.4842272616192283
v 0.69990000000000152 3.5500000000000038 -0.48492543724717274
v 0.69990000000000152 3.5999999999999988 -0.48632212441378969
v 0.69992928932188281 3.5499292893218852 -0.48492305468083502
v 0.65000000000000147 3.550100000000004 -0.48562223388514003
v 0.65000000000000147 3.4999000000000038 -0.48421995996985645
v 0.75007071067812026 3.5499292893218852 -0.48422569375769919
v 0.65007071067812017 3.4999292893218854 -0.48421979469455712
v 0.70000000000000151 3.5499000000000036 -0.48492125308473605
v 0.65007071067812017 3.5500707106781224 -0.48562043228904106
v 0.65010000000000145 3.500000000000004 -0.48422136255608622
v 0.65010000000000145 3.5500000000000038 -0.48561804972270328
v 0.75000000000000155 3.5499000000000036 -0.48422585903299853
v 0.75007071067812026 3.6000707106781222 -0.48562633135218308
v 0.7999999999999996 3.7999999999999989 -0.4905166941886796
v 0.65000000000000147 3.699900000000004 -0.48980670863632481
v 0.69992928932188281 3.6000707106781222 -0.48632369227531891
v 0.75000000000000155 3.6001000000000039 -0.48562813294828211
v 0.65000000000000147 3.7501000000000042 -0.49120898255160839
v 0.65007071067812017 3.6999292893218856 -0.48980654336102547
v 0.70000000000000151 3.6001000000000039 -0.48632352700001957
v 0.65007071067812017 3.7500707106781226 -0.49120718095550941
v 0.65010000000000145 3.750000000000004 -0.49120479838917164
v 0.65010000000000145 3.7000000000000042 -0.48980811122255458
v 0.99999999999999956 -1.1000000000000001 -0.4047656291018718
v 0.99999999999999956 -1.0000000000000002 -0.4050036459556004
v 0.99999999999999956 -0.80000000000000027 -0.40547967966305759
v 0.99999999999999956 -0.60000000000000031 -0.40595571337051473
v 0.99999999999999956 -0.4000000000000003 -0.40643174707797192
v 0.99999999999999956 -0.20000000000000034 -0.40690778078542911
v 0.99999999999999956 -3.8857805861880479e-16 -0.40738381449288624
v 0.99999999999999956 0.19999999999999957 -0.40785984820034343
v 0.99999999999999956 0.39999999999999952 -0.40833588190780057
v 0.99999999999999956 0.59999999999999942 -0.40881191561525776
v 0.99999999999999956 0.79999999999999938 -0.40928794932271495
v 0.99999999999999956 0.99999999999999933 -0.40976398303017209
v 0.99999999999999956 1.1999999999999991 -0.41024001673762928
v 0.99999999999999956 1.3999999999999992 -0.41071605044508641
v 0.99999999999999956 1.5999999999999994 -0.41383877117797652
v 0.99999999999999956 1.7999999999999992 -0.42277635400111951
v 0.99999999999999956 1.9999999999999989 -0.43482211622824446
v 0.99999999999999956 2.1999999999999993 -0.44304112864998269
v 0.99999999999999956 2.3999999999999995 -0.44862787731645104
v 0.99999999999999956 2.5999999999999992 -0.4542146259829194
v 0.99999999999999956 2.7999999999999989 -0.45980137464938775
v 0.99999999999999956 2.9999999999999991 -0.46538812331585611
v 0.99999999999999956 3.1999999999999993 -0.47097487198232446
v 0.84990000000000165 3.3000000000000038 -0.47585581925887477
v 0.84990000000000165 3.3500000000000036 -0.47725250642549183
v 0.84992928932188294 3.2999292893218852 -0.47585343669253705
v 0.85000000000000164 3.2999000000000036 -0.47585163509643802
v 0.84992928932188294 3.3500707106781222 -0.47725407428702094
v 0.90000000000000169 3.2999000000000036 -0.47515624104470056
v 0.85000000000000164 3.3501000000000039 -0.4772539090117216
v 0.90007071067812039 3.2999292893218852 -0.47515607576940122
v 0.99999999999999956 3.3999999999999986 -0.47656162064879282
v 0.90000000000000169 3.3501000000000039 -0.47655851495998408
v 0.90010000000000168 3.3000000000000038 -0.47515764363093027
v 0.90007071067812039 3.3500707106781222 -0.47655671336388511
v 0.90010000000000168 3.3500000000000036 -0.47655433079754739
v 0.99999999999999956 3.5999999999999988 -0.48214836931526117
v 0.99999999999999956 3.7999999999999989 -0.48773511798172953
v 1.1999999999999995 -1.1000000000000001 -0.40061930351861447
v 1.1999999999999995 -1.0000000000000002 -0.40085732037234306
v 1.1999999999999995 -0.80000000000000027 -0.4013333540798002
v 1.1999999999999995 -0.60000000000000031 -0.40180938778725739
v 1.1999999999999995 -0.4000000000000003 -0.40228542149471458
v 1.1999999999999995 -0.20000000000000034 -0.40276145520217171
v 1.1999999999999995 -3.8857805861880479e-16 -0.40323748890962891
v 1.1999999999999995 0.19999999999999957 -0.40371352261708604
v 1.1999999999999995 0.39999999999999952 -0.40418955632454323
v 1.1999999999999995 0.59999999999999942 -0.40466559003200042
v 1.1999999999999995 0.79999999999999938 -0.40514162373945756
v 1.1999999999999995 0.99999999999999933 -0.40561765744691475
v 1.1999999999999995 1.1999999999999991 -0.40609369115437188
v 1.1999999999999995 1.3999999999999992 -0.40656972486182907
v 1.1999999999999995 1.5999999999999994 -0.40993183274457812
v 1.1999999999999995 1.7999999999999992 -0.41938053948228482
v 1.1999999999999995 1.9999999999999989 -0.43189860608615849
v 1.1999999999999995 2.1999999999999993 -0.44025955244303266
v 1.1999999999999995 2.3999999999999995 -0.44584630110950102
v 1.1999999999999995 2.5999999999999992 -0.45143304977596937
v 1.1999999999999995 2.7999999999999989 -0.45701979844243773
v 1.1999999999999995 2.9999999999999991 -0.46260654710890609
v 1.1999999999999995 3.1999999999999993 -0.46819329577537444
v 1.0999000000000019 3.3000000000000038 -0.47237884900018723
v 1.0999000000000019 3.3500000000000036 -0.47377553616680429
v 1.0999292893218833 3.2999292893218852 -0.47237646643384945
v 1.1000000000000019 3.2999000000000036 -0.47237466483775048
v 1.0999292893218833 3.3500707106781222 -0.4737771040283334
v 1.1500000000000017 3.2999000000000036 -0.47167927078601296
v 1.1999999999999995 3.3999999999999986 -0.47378004444184274
v 1.1500707106781203 3.2999292893218852 -0.47167910551071363
v 1.1000000000000019 3.3501000000000039 -0.47377693875303406
v 1.1500000000000017 3.3501000000000039 -0.47308154470129654
v 1.1501000000000017 3.3000000000000038 -0.47168067337224273
v 1.1500707106781203 3.3500707106781222 -0.47307974310519757
v 1.1501000000000017 3.3500000000000036 -0.47307736053885985
v 1.199900000000002 3.5500000000000038 -0.47797149672979761
v 1.199900000000002 3.5999999999999988 -0.47936818389641456
v 1.1500999999999992 3.5999999999999988 -0.48006079637194515
v 1.0999292893218833 3.5999292893218859 -0.48075658943355204
v 1.0999000000000043 3.5999999999999988 -0.48075897199988954
v 1.1999999999999995 3.449900000000004 -0.47517393823412679
v 1.1500000000000021 3.5001000000000042 -0.47727160620114784
v 1.1999999999999995 3.5001000000000042 -0.47657621214941032
v 1.1999999999999995 3.5499000000000045 -0.47796731256736097
v 1.1999292893218834 3.5499292893218852 -0.47796911416345988
v 1.1000000000000019 3.5999000000000043 -0.48075478783745307
v 1.1500000000000021 3.449900000000004 -0.47586933228586425
v 1.1499292893218835 3.5000707106781226 -0.47727177147644717
v 1.1500707106781203 3.5999292893218859 -0.48005922851041616
v 1.1499292893218835 3.4499292893218856 -0.47587113388196323
v 1.1500000000000017 3.5999000000000043 -0.48005939378571555
v 1.1499000000000021 3.4500000000000042 -0.47587351644830095
v 1.1499000000000021 3.500000000000004 -0.47727020361491806
v 1.0999000000000019 3.750000000000004 -0.484949033499741
v 1.0999000000000019 3.7999999999999989 -0.48634572066635795
v 1.1999292893218834 3.6000707106781222 -0.47936975175794383
v 1.1999999999999995 3.600100000000003 -0.47936958648264449
v 1.1999999999999995 3.7999999999999989 -0.48495354177477951
v 1.1501000000000017 3.7999999999999989 -0.48564754503841351
v 1.1501000000000017 3.750000000000004 -0.48425085787179656
v 1.0999292893218833 3.7499292893218854 -0.48494665093340328
v 1.1501000000000017 3.6500000000000044 -0.48145748353856238
v 1.1500707106781203 3.7499292893218854 -0.48424929001026745
v 1.0999000000000019 3.6500000000000044 -0.48215565916650682
v 1.1500707106781203 3.6500707106781229 -0.4814598661049001
v 1.1500000000000017 3.7499000000000038 -0.48424945528556679
v 1.1000000000000019 3.7499000000000038 -0.48494484933730431
v 1.0999292893218833 3.6500707106781229 -0.48215722702803593
v 1.1500000000000017 3.6501000000000046 -0.48146166770099907
v 1.1000000000000019 3.6501000000000046 -0.48215706175273659
v 1.3999999999999992 -1.1000000000000001 -0.39647297793535713
v 1.3999999999999992 -1.0000000000000002 -0.39671099478908567
v 1.3999999999999992 -0.80000000000000027 -0.39718702849654286
v 1.3999999999999992 -0.60000000000000031 -0.39766306220400005
v 1.3999999999999992 -0.4000000000000003 -0.39813909591145719
v 1.3999999999999992 -0.20000000000000034 -0.39861512961891438
v 1.3999999999999992 -3.8857805861880479e-16 -0.39909116332637151
v 1.3999999999999992 0.19999999999999957 -0.3995671970338287
v 1.3999999999999992 0.39999999999999952 -0.40004323074128589
v 1.3999999999999992 0.59999999999999942 -0.40051926444874303
v 1.3999999999999992 0.79999999999999938 -0.40099529815620022
v 1.3999999999999992 0.99999999999999933 -0.40147133186365735
v 1.3999999999999992 1.1999999999999991 -0.40194736557111455
v 1.3999999999999992 1.3999999999999992 -0.40242339927857174
v 1.3999999999999992 1.5999999999999994 -0.40602489431117966
v 1.3999999999999992 1.7999999999999992 -0.41598472496345007
v 1.3999999999999992 1.9999999999999989 -0.4289750959440724
v 1.3999999999999992 2.1999999999999993 -0.43747797623608259
v 1.3999999999999992 2.3999999999999995 -0.443064724902551
v 1.3999999999999992 2.5999999999999992 -0.4486514735690193
v 1.3999999999999992 2.7999999999999989 -0.45423822223548765
v 1.3999999999999992 2.9999999999999991 -0.45982497090195601
v 1.3999999999999992 3.1999999999999993 -0.46541171956842442
v 1.2999292893218835 3.3999292893218849 -0.47238826456013361
v 1.2999000000000041 3.3999999999999986 -0.47239064712647116
v 1.3999999999999992 3.3999999999999986 -0.47099846823489272
v 1.3500999999999999 3.3999999999999986 -0.47169247149852678
v 1.300000000000002 3.3999000000000033 -0.47238646296403458
v 1.3500707106781205 3.3999292893218849 -0.47169090363699773
v 1.3500000000000019 3.3999000000000033 -0.47169106891229706
v 1.3999292893218835 3.5999292893218859 -0.47658422512312693
v 1.3999000000000046 3.5999999999999988 -0.47658660768946448
v 1.3001000000000016 3.5999999999999988 -0.4779746142167326
v 1.3999999999999992 3.5999000000000057 -0.47658242352702807
v 1.3001000000000016 3.5500000000000038 -0.47657792705011565
v 1.3000000000000016 3.5499000000000036 -0.47657652446388588
v 1.2000707106781205 3.4499292893218856 -0.4751737729588274
v 1.2999000000000021 3.4500000000000033 -0.47378733429308839
v 1.3501000000000019 3.4500000000000033 -0.47308915866514395
v 1.3000707106781202 3.5499292893218852 -0.47657635918858654
v 1.2001000000000019 3.4500000000000042 -0.47517534082035651
v 1.2999292893218835 3.4500707106781219 -0.4737889021546175
v 1.3500707106781205 3.4500707106781219 -0.47309154123148167
v 1.2000707106781205 3.5000707106781226 -0.47657441055331129
v 1.2001000000000019 3.500000000000004 -0.47657202798697357
v 1.3500000000000019 3.4501000000000035 -0.47309334282758064
v 1.300000000000002 3.4501000000000035 -0.47378873687931816
v 1.2499000000000018 3.750000000000004 -0.48286285134452844
v 1.2499000000000018 3.7999999999999989 -0.48425953851114545
v 1.2499000000000018 3.6001000000000039 -0.47867558321901044
v 1.2499000000000018 3.6500000000000044 -0.48006947701129432
v 1.3999000000000021 3.6499000000000041 -0.47798050148174853
v 1.3500000000000023 3.6499000000000041 -0.47867450474538253
v 1.3500000000000023 3.7001000000000044 -0.48007677866066611
v 1.3999999999999992 3.7001000000000044 -0.47938138460892865
v 1.3999999999999992 3.7999999999999989 -0.48217196556782943
v 1.3001000000000016 3.7999999999999989 -0.48356136288320095
v 1.3001000000000016 3.750000000000004 -0.482164675716584
v 1.2499292893218832 3.7499292893218854 -0.48286046877819072
v 1.3499292893218837 3.7000707106781228 -0.48007694393596545
v 1.3000707106781202 3.7499292893218854 -0.4821631078550549
v 1.3001000000000016 3.6500000000000044 -0.47937130138334982
v 1.3499292893218837 3.6499292893218858 -0.47867630634148151
v 1.2500000000000018 3.7499000000000038 -0.48285866718209175
v 1.3000707106781202 3.6500707106781229 -0.4793736839496876
v 1.3499000000000023 3.7000000000000042 -0.48007537607443634
v 1.2499292893218832 3.6500707106781229 -0.48007104487282337
v 1.3499000000000023 3.6500000000000044 -0.47867868890781928
v 1.3000000000000016 3.7499000000000038 -0.48216327313035423
v 1.3000000000000016 3.6501000000000046 -0.47937548554578657
v 1.2500000000000018 3.6501000000000046 -0.48007087959752404
v 1.5999999999999994 -1.1000000000000001 -0.39232665235209974
v 1.5999999999999994 -1.0000000000000002 -0.39256466920582833
v 1.5999999999999994 -0.80000000000000027 -0.39304070291328552
v 1.5999999999999994 -0.60000000000000031 -0.39351673662074266
v 1.5999999999999994 -0.4000000000000003 -0.39399277032819985
v 1.5999999999999994 -0.20000000000000034 -0.39446880403565698
v 1.5999999999999994 -3.8857805861880479e-16 -0.39494483774311417
v 1.5999999999999994 0.19999999999999957 -0.39542087145057137
v 1.5999999999999994 0.39999999999999952 -0.3958969051580285
v 1.5999999999999994 0.59999999999999942 -0.39637293886548569
v 1.5999999999999994 0.79999999999999938 -0.39684897257294283
v 1.5999999999999994 0.99999999999999933 -0.39732500628040002
v 1.5999999999999994 1.1999999999999991 -0.39780103998785721
v 1.5999999999999994 1.3999999999999992 -0.39827707369531434
v 1.5999999999999994 1.5999999999999994 -0.40211795587778132
v 1.5999999999999994 1.7999999999999992 -0.41258891044461532
v 1.5999999999999994 1.9999999999999989 -0.42605158580198643
v 1.5999999999999994 2.1999999999999993 -0.43469640002913257
v 1.5999999999999994 2.3999999999999995 -0.44028314869560092
v 1.5999999999999994 2.5999999999999992 -0.44586989736206928
v 1.5999999999999994 2.7999999999999989 -0.45145664602853763
v 1.5999999999999994 2.9999999999999991 -0.45704339469500599
v 1.5999999999999994 3.1999999999999993 -0.46263014336147434
v 1.5999999999999994 3.3999999999999986 -0.4682168920279427
v 1.449900000000002 3.4500000000000042 -0.47170115213787589
v 1.449900000000002 3.500000000000004 -0.47309783930449301
v 1.4499292893218834 3.4499292893218856 -0.47169876957153817
v 1.5999999999999994 3.5999999999999988 -0.47380364069441105
v 1.4500999999999995 3.5999999999999988 -0.47588843206152009
v 1.4499292893218834 3.5000707106781226 -0.47309940716602206
v 1.450000000000002 3.449900000000004 -0.4716969679754392
v 1.4500707106781205 3.5999292893218859 -0.4758868641999911
v 1.450000000000002 3.5999000000000043 -0.47588702947529044
v 1.5000000000000018 3.449900000000004 -0.47100157392370168
v 1.5000707106781204 3.4499292893218856 -0.47100140864840234
v 1.450000000000002 3.5001000000000042 -0.47309924189072272
v 1.5000000000000018 3.5001000000000042 -0.47240384783898526
v 1.5001000000000018 3.4500000000000042 -0.47100297650993145
v 1.5000707106781204 3.5000707106781226 -0.47240204624288629
v 1.5001000000000018 3.500000000000004 -0.47239966367654851
v 1.5999999999999994 3.7999999999999989 -0.47939038936087941
v 1.450000000000002 3.7001000000000044 -0.47868599055719108
v 1.4501000000000019 3.7000000000000042 -0.47868180639475438
v 1.4500707106781205 3.7000707106781228 -0.47868418896109211
v 1.7999999999999996 -1.1000000000000001 -0.3881803267688424
v 1.7999999999999996 -1.0000000000000002 -0.38841834362257099
v 1.7999999999999996 -0.80000000000000027 -0.38889437733002813
v 1.7999999999999996 -0.60000000000000031 -0.38937041103748532
v 1.7999999999999996 -0.4000000000000003 -0.38984644474494246
v 1.7999999999999996 -0.20000000000000034 -0.39032247845239965
v 1.7999999999999996 -3.8857805861880479e-16 -0.39079851215985684
v 1.7999999999999996 0.19999999999999957 -0.39127454586731397
v 1.7999999999999996 0.39999999999999952 -0.39175057957477116
v 1.7999999999999996 0.59999999999999942 -0.3922266132822283
v 1.7999999999999996 0.79999999999999938 -0.39270264698968549
v 1.7999999999999996 0.99999999999999933 -0.39317868069714268
v 1.7999999999999996 1.1999999999999991 -0.39365471440459981
v 1.7999999999999996 1.3999999999999992 -0.39413074811205701
v 1.7999999999999996 1.5999999999999994 -0.39821101744438281
v 1.7999999999999996 1.7999999999999992 -0.40919309592578057
v 1.7999999999999996 1.9999999999999989 -0.4231280756599004
v 1.7999999999999996 2.1999999999999993 -0.43191482382218249
v 1.7999999999999996 2.3999999999999995 -0.43750157248865085
v 1.7999999999999996 2.5999999999999992 -0.4430883211551192
v 1.7999999999999996 2.7999999999999989 -0.44867506982158756
v 1.7999999999999996 2.9999999999999991 -0.45426181848805591
v 1.7999999999999996 3.1999999999999993 -0.45984856715452427
v 1.7999999999999996 3.3999999999999986 -0.46543531582099262
v 1.7999999999999996 3.5999999999999988 -0.47102206448746098
v 1.7999292893218839 3.7500707106781226 -0.47521508463694495
v 1.7999999999999996 3.7501000000000029 -0.47521491936164562
v 1.7999999999999996 3.7999999999999989 -0.47660881315392933
v 1.7999999999999996 3.6999000000000053 -0.47381264544636209
v 1.7999000000000025 3.750000000000004 -0.47521351677541585
v 1.7999292893218839 3.6999292893218856 -0.47381444704246101
v 1.7999000000000025 3.7000000000000042 -0.47381682960879873
v 1.9999999999999993 -1.1000000000000001 -0.38403400118558506
v 1.9999999999999993 -1.0000000000000002 -0.3842720180393136
v 1.9999999999999993 -0.80000000000000027 -0.38474805174677079
v 1.9999999999999993 -0.60000000000000031 -0.38522408545422793
v 1.9999999999999993 -0.4000000000000003 -0.38570011916168512
v 1.9999999999999993 -0.20000000000000034 -0.38617615286914231
v 1.9999999999999993 -3.8857805861880479e-16 -0.38665218657659944
v 1.9999999999999993 0.19999999999999957 -0.38712822028405663
v 1.9999999999999993 0.39999999999999952 -0.38760425399151377
v 1.9999999999999993 0.59999999999999942 -0.38808028769897096
v 1.9999999999999993 0.79999999999999938 -0.38855632140642815
v 1.9999999999999993 0.99999999999999933 -0.38903235511388529
v 1.9999999999999993 1.1999999999999991 -0.38950838882134248
v 1.9999999999999993 1.3999999999999992 -0.38998442252879961
v 1.9999999999999993 1.5999999999999994 -0.39430407901098441
v 1.9999999999999993 1.7999999999999992 -0.40579728140694588
v 1.9999999999999993 1.9999999999999989 -0.42020456551781438
v 1.9999999999999993 2.1999999999999993 -0.42913324761523247
v 1.9999999999999993 2.3999999999999995 -0.43471999628170083
v 1.9999999999999993 2.5999999999999992 -0.44030674494816918
v 1.9999999999999993 2.7999999999999989 -0.44589349361463754
v 1.9999999999999993 2.9999999999999991 -0.45148024228110589
v 1.9999999999999993 3.1999999999999993 -0.45706699094757425
v 1.9999999999999993 3.3999999999999986 -0.46265373961404255
v 1.9999999999999993 3.5999999999999988 -0.4682404882805109
v 1.9999999999999993 3.7999999999999989 -0.47382723694697931
v 1.8500000000000023 3.699900000000004 -0.47311725139462452
v 1.8500707106781209 3.6999292893218856 -0.47311708611932518
v 1.8500000000000023 3.7501000000000042 -0.4745195253099081
v 1.8500707106781209 3.7500707106781226 -0.47451772371380913
v 1.8501000000000023 3.7000000000000042 -0.47311865398085429
v 1.8501000000000023 3.750000000000004 -0.4745153411474714
v 2.1999999999999993 -1.1000000000000001 -0.37885694022449323
v 2.1999999999999993 -1.0000000000000002 -0.37876825483723797
v 2.1999999999999993 -0.80000000000000027 -0.37859088406272745
v 2.1999999999999993 -0.60000000000000031 -0.37841351328821698
v 2.1999999999999993 -0.4000000000000003 -0.37823614251370641
v 2.1999999999999993 -0.20000000000000034 -0.37805877173919589
v 2.1999999999999993 -3.8857805861880479e-16 -0.37788140096468542
v 2.1999999999999993 0.19999999999999957 -0.3777040301901749
v 2.1999999999999993 0.39999999999999952 -0.37752665941566432
v 2.1999999999999993 0.59999999999999942 -0.37734928864115386
v 2.1999999999999993 0.79999999999999938 -0.37717191786664334
v 2.1999999999999993 0.99999999999999933 -0.37699454709213287
v 2.1999999999999993 1.1999999999999991 -0.37681717631762224
v 2.1999999999999993 1.3999999999999992 -0.37663980554311177
v 2.1999999999999993 1.5999999999999994 -0.38158680292740749
v 2.1999999999999993 1.7999999999999992 -0.39531139139984578
v 2.1999999999999993 1.9999999999999989 -0.41193145081119786
v 2.1999999999999993 2.1999999999999993 -0.42129608485239345
v 2.1999999999999993 2.3999999999999995 -0.4265026041731334
v 2.1999999999999993 2.5999999999999992 -0.43170912349387325
v 2.1999999999999993 2.7999999999999989 -0.43691564281461315
v 2.1999999999999993 2.9999999999999991 -0.44212216213535299
v 2.1999999999999993 3.1999999999999993 -0.44732868145609284
v 2.1999999999999993 3.3999999999999986 -0.45253520077683274
v 2.1999999999999993 3.5999999999999988 -0.45774172009757264
v 2.1999999999999993 3.7999999999999989 -0.46294823941831253
v 2.3999999999999995 -1.1000000000000001 -0.37488553894026261
v 2.3999999999999995 -1.0000000000000002 -0.37401779436296889
v 2.3999999999999995 -0.80000000000000027 -0.37228230520838163
v 2.3999999999999995 -0.60000000000000031 -0.3705468160537943
v 2.3999999999999995 -0.4000000000000003 -0.36881132689920698
v 2.3999999999999995 -0.20000000000000034 -0.36707583774461966
v 2.3999999999999995 -3.8857805861880479e-16 -0.36534034859003234
v 2.3999999999999995 0.19999999999999957 -0.36360485943544502
v 2.3999999999999995 0.39999999999999952 -0.36186937028085775
v 2.3999999999999995 0.59999999999999942 -0.36013388112627037
v 2.3999999999999995 0.79999999999999938 -0.35839839197168311
v 2.3999999999999995 0.99999999999999933 -0.35666290281709578
v 2.3999999999999995 1.1999999999999991 -0.35492741366250841
v 2.3999999999999995 1.3999999999999992 -0.35319192450792114
v 2.3999999999999995 1.5999999999999994 -0.35893004244057325
v 2.3999999999999995 1.7999999999999992 -0.37647068655461552
v 2.3999999999999995 1.9999999999999989 -0.39697672145155605
v 2.3999999999999995 2.1999999999999993 -0.40696302607207679
v 2.3999999999999995 2.3999999999999995 -0.41126284464531032
v 2.3999999999999995 2.5999999999999992 -0.41556266321854385
v 2.3999999999999995 2.7999999999999989 -0.41986248179177743
v 2.3999999999999995 2.9999999999999991 -0.4241623003650109
v 2.3999999999999995 3.1999999999999993 -0.42846211893824449
v 2.3999999999999995 3.3999999999999986 -0.43276193751147796
v 2.3999999999999995 3.5999999999999988 -0.43706175608471154
v 2.3999999999999995 3.7999999999999989 -0.44136157465794501
v 2.5999999999999996 -1.1000000000000001 -0.37486635792293321
v 2.5999999999999996 -1.0000000000000002 -0.37306876850591636
v 2.5999999999999996 -0.80000000000000027 -0.36947358967188254
v 2.5999999999999996 -0.60000000000000031 -0.36587841083784867
v 2.5999999999999996 -0.4000000000000003 -0.36228323200381485
v 2.5999999999999996 -0.20000000000000034 -0.35868805316978103
v 2.5999999999999996 -3.8857805861880479e-16 -0.35509287433574721
v 2.5999999999999996 0.19999999999999957 -0.35149769550171339
v 2.5999999999999996 0.39999999999999952 -0.34790251666767957
v 2.5999999999999996 0.59999999999999942 -0.34430733783364575
v 2.5999999999999996 0.79999999999999938 -0.34071215899961194
v 2.5999999999999996 0.99999999999999933 -0.33711698016557812
v 2.5999999999999996 1.1999999999999991 -0.33352180133154424
v 2.5999999999999996 1.3999999999999992 -0.32992662249751048
v 2.5999999999999996 1.5999999999999994 -0.3360069473636294
v 2.5999999999999996 1.7999999999999992 -0.35681681518348707
v 2.5999999999999996 1.9999999999999989 -0.38077315359315234
v 2.5999999999999996 2.1999999999999993 -0.39114450308350129
v 2.5999999999999996 2.3999999999999995 -0.39436213044196916
v 2.5999999999999996 2.5999999999999992 -0.39757975780043703
v 2.5999999999999996 2.7999999999999989 -0.4007973851589049
v 2.5999999999999996 2.9999999999999991 -0.40401501251737276
v 2.5999999999999996 3.1999999999999993 -0.40723263987584069
v 2.5999999999999996 3.3999999999999986 -0.41045026723430855
v 2.4999292893218845 3.5999292893218859 -0.42526588379773134
v 2.4999000000000051 3.5999999999999988 -0.42527068105847909
v 2.5999999999999996 3.5999999999999988 -0.41366789459277642
v 2.5501000000000009 3.5999999999999988 -0.4193714719409749
v 2.5000000000000031 3.5999000000000043 -0.42525696054814566
v 2.5500707106781215 3.5999292893218859 -0.41937364488100437
v 2.5500000000000029 3.5999000000000043 -0.41938135515974312
v 2.599900000000003 3.750000000000004 -0.41609271011533944
v 2.599900000000003 3.7999999999999989 -0.41689724857828903
v 2.5000000000000031 3.6501000000000046 -0.42620040001257409
v 2.5499000000000032 3.6501000000000046 -0.42026796145708584
v 2.5499000000000032 3.7000000000000042 -0.42113771248360732
v 2.5500000000000034 3.7001000000000044 -0.42112755715467082
v 2.5999999999999996 3.7001000000000044 -0.41527831708568969
v 2.5999999999999996 3.7499000000000051 -0.41607950629794821
v 2.5999292893218846 3.7499292893218854 -0.41608817616933325
v 2.4999292893218845 3.6500707106781229 -0.42620831957759758
v 2.5499292893218848 3.7000707106781228 -0.42113545998153906
v 2.4999000000000029 3.6500000000000044 -0.42621049890186791
v 2.5999999999999996 3.6499000000000041 -0.41447069261871428
v 2.5501000000000031 3.6499000000000041 -0.42024095204860701
v 2.7999999999999994 -1.1000000000000001 -0.37867377768420585
v 2.7999999999999994 -1.0000000000000002 -0.37609712907715054
v 2.7999999999999994 -0.80000000000000027 -0.37094383186303992
v 2.7999999999999994 -0.60000000000000031 -0.36579053464892924
v 2.7999999999999994 -0.4000000000000003 -0.36063723743481862
v 2.7999999999999994 -0.20000000000000034 -0.35548394022070806
v 2.7999999999999994 -3.8857805861880479e-16 -0.35033064300659739
v 2.7999999999999994 0.19999999999999957 -0.34517734579248677
v 2.7999999999999994 0.39999999999999952 -0.34002404857837615
v 2.7999999999999994 0.59999999999999942 -0.33487075136426558
v 2.7999999999999994 0.79999999999999938 -0.32971745415015491
v 2.7999999999999994 0.99999999999999933 -0.32456415693604423
v 2.7999999999999994 1.1999999999999991 -0.31941085972193367
v 2.7999999999999994 1.3999999999999992 -0.31425756250782305
v 2.7999999999999994 1.5999999999999994 -0.32002581879972053
v 2.7999999999999994 1.7999999999999992 -0.34229628440486726
v 2.7999999999999994 1.9999999999999989 -0.36796203597719701
v 2.7999999999999994 2.1999999999999993 -0.37830096925291024
v 2.7999999999999994 2.3999999999999995 -0.38061189586387173
v 2.7999999999999994 2.5999999999999992 -0.38292282247483328
v 2.7999999999999994 2.7999999999999989 -0.38523374908579477
v 2.7999999999999994 2.9999999999999991 -0.38754467569675632
v 2.7999999999999994 3.1999999999999993 -0.38985560230771782
v 2.7999999999999994 3.3999999999999986 -0.39216652891867931
v 2.6499000000000028 3.5500000000000038 -0.40748833455689903
v 2.6499000000000028 3.5999999999999988 -0.40822865676476011
v 2.7999999999999994 3.5999999999999988 -0.39447745552964081
v 2.7001000000000031 3.5999999999999988 -0.40312667136165792
v 2.7001000000000031 3.550100000000004 -0.40244804539620688
v 2.6999000000000031 3.500000000000004 -0.4017856945692293
v 2.6999000000000031 3.5499000000000036 -0.40246455040525264
v 2.650000000000003 3.5499000000000036 -0.40747641282090685
v 2.6499292893218844 3.5499292893218852 -0.40748422928606753
v 2.7500000000000031 3.550100000000004 -0.39789914356418599
v 2.6999292893218847 3.4999292893218854 -0.4017819504226402
v 2.7500707106781217 3.5500707106781224 -0.39789270458751019
v 2.7501000000000033 3.5500000000000038 -0.39788930514405541
v 2.7000000000000033 3.4999000000000038 -0.40177483591016117
v 2.7501000000000033 3.500000000000004 -0.39726391913262005
v 2.7500000000000031 3.4999000000000038 -0.39727115278472031
v 2.7500707106781217 3.4999292893218854 -0.39726551952183942
v 2.7999999999999994 3.7999999999999989 -0.39678838214060236
v 2.7001000000000031 3.7999999999999989 -0.40584661511096115
v 2.7000000000000028 3.7499000000000038 -0.40517534137003602
v 2.6000707106781218 3.6499292893218858 -0.41446315184642724
v 2.7001000000000031 3.750000000000004 -0.40516662917363538
v 2.7000707106781214 3.7499292893218854 -0.4051686174167784
v 2.6001000000000034 3.6500000000000044 -0.41446097074862776
v 2.7001000000000031 3.6500000000000044 -0.4038066572989838
v 2.6000707106781218 3.7000707106781228 -0.41526974056380894
v 2.6001000000000034 3.7000000000000042 -0.4152652459758801
v 2.7000707106781214 3.6500707106781229 -0.40381050147669989
v 2.6499000000000028 3.6500000000000044 -0.4089689789726213
v 2.6499292893218844 3.6500707106781229 -0.40896689445328205
v 2.7000000000000028 3.6501000000000046 -0.40381785959045402
v 2.650000000000003 3.6501000000000046 -0.40895976848441995
v 2.9999999999999991 -1.0000000000000002 -0.38040664780940209
v 2.9999999999999991 -0.80000000000000027 -0.37459994611332376
v 2.9999999999999991 -0.4000000000000003 -0.36298654272116715
v 2.9999999999999991 -0.20000000000000034 -0.35717984102508882
v 2.9999999999999991 -3.8857805861880479e-16 -0.35137313932901049
v 2.9999999999999991 0.19999999999999957 -0.34556643763293216
v 2.9999999999999991 0.59999999999999942 -0.33395303424077555
v 2.9999999999999991 0.79999999999999938 -0.32814633254469722
v 2.9999999999999991 0.99999999999999933 -0.32233963084861889
v 2.9999999999999991 1.1999999999999991 -0.31653292915254055
v 2.9999999999999991 1.5999999999999994 -0.31573010914198774
v 2.9999999999999991 1.7999999999999992 -0.33726046014333716
v 2.9999999999999991 1.9999999999999989 -0.3623931699318465
v 2.9999999999999991 2.1999999999999993 -0.37234289950357113
v 2.9999999999999991 2.3999999999999995 -0.37427359676880417
v 2.9999999999999991 2.5999999999999992 -0.37620429403403721
v 2.9999999999999991 2.7999999999999989 -0.37813499129927025
v 2.9999999999999991 2.9999999999999991 -0.38006568856450329
v 2.9999999999999991 3.1999999999999993 -0.38199638582973638
v 2.9999999999999991 3.3999999999999986 -0.38392708309496942
v 2.9999999999999991 3.5999999999999988 -0.38585778036020246
v 2.8500000000000032 3.7501000000000042 -0.39271056602563431
v 2.8999000000000033 3.7501000000000042 -0.39000019467770686
v 2.8999000000000033 3.7999999999999989 -0.39050749410034269
v 2.9999999999999991 3.6499000000000041 -0.38633948932787815
v 2.9499000000000035 3.6500000000000044 -0.38718612441334221
v 2.9499000000000035 3.699900000000004 -0.38767447274289096
v 2.9000000000000035 3.699900000000004 -0.38948531396846359
v 2.8499292893218846 3.7500707106781226 -0.39271466992510023
v 2.9500000000000037 3.6499000000000041 -0.38718247625926422
v 2.9499292893218851 3.6499292893218858 -0.3871846501233383
v 2.849900000000003 3.750000000000004 -0.39271573963641848
v 2.849900000000003 3.7000000000000042 -0.39217746909827844
v 2.8500000000000032 3.699900000000004 -0.39217021262628193
v 2.8499292893218846 3.6999292893218856 -0.39217489747519269
v 2.9501000000000035 3.7999999999999989 -0.38864861377033622
v 2.9501000000000035 3.7001000000000044 -0.38767104255053186
v 2.9999999999999991 3.7001000000000044 -0.38682409434145165
v 2.9999999999999991 3.7999999999999989 -0.3877884776254355
v 3.1999999999999993 1.3999999999999999 -0.31405953749388105
v 3.1999999999999993 1.5999999999999994 -0.31824204755755603
v 3.1999999999999993 1.7999999999999992 -0.33801865915008933
v 3.1999999999999993 1.9999999999999989 -0.36153082492792049
v 3.1999999999999993 2.1999999999999993 -0.37099355882520341
v 3.1999999999999993 2.3999999999999995 -0.37292425609043645
v 3.1999999999999993 2.5999999999999992 -0.37485495335566948
v 3.1999999999999993 2.7999999999999989 -0.37678565062090252
v 3.1999999999999993 2.9999999999999991 -0.37871634788613556
v 3.1999999999999993 3.1999999999999993 -0.3806470451513686
v 3.1999999999999993 3.3999999999999986 -0.38257774241660164
v 3.1999999999999993 3.5999999999999988 -0.38450843968183468
v 3.0500000000000034 3.6499000000000041 -0.3860021541582862
v 3.1999999999999993 3.7999999999999989 -0.38643913694706772
v 3.0500000000000034 3.7001000000000044 -0.38648675917185965
v 3.050070710678122 3.6499292893218858 -0.38600195983838254
v 3.050070710678122 3.7000707106781228 -0.3864859993638195
v 3.0501000000000036 3.6500000000000044 -0.38600244483657958
v 3.0501000000000036 3.7000000000000042 -0.38648511915288786
v 3.3999999999999995 1.3999999999999999 -0.31739284753129993
v 3.3999999999999995 1.5999999999999994 -0.32075398597312427
v 3.3999999999999995 1.7999999999999992 -0.33877685815684155
v 3.3999999999999995 1.9999999999999989 -0.36066847992399459
v 3.3999999999999995 2.1999999999999993 -0.36964421814683562
v 3.3999999999999995 2.3999999999999995 -0.37157491541206866
v 3.3999999999999995 2.5999999999999992 -0.3735056126773017
v 3.3999999999999995 2.7999999999999989 -0.37543630994253474
v 3.3999999999999995 2.9999999999999991 -0.37736700720776778
v 3.3999999999999995 3.1999999999999993 -0.37929770447300087
v 3.2499000000000033 3.3000000000000038 -0.38127573328473241
v 3.2499000000000033 3.3500000000000036 -0.38175840760104063
v 3.249929289321885 3.2999292893218852 -0.38127485307380077
v 3.3999999999999995 3.2499000000000038 -0.37977941344067656
v 3.3500000000000041 3.300100000000004 -0.38060135362384195
v 3.3999999999999995 3.300100000000004 -0.38026401845425001
v 3.3999999999999995 3.3999999999999986 -0.38122840173823391
v 3.2500000000000036 3.2999000000000036 -0.38127409326576056
v 3.3500000000000041 3.2499000000000038 -0.38011674861026845
v 3.3499292893218855 3.3000707106781224 -0.38060154794374557
v 3.249929289321885 3.3500707106781222 -0.38175889259923768
v 3.3000000000000034 3.2999000000000036 -0.38093675809616867
v 3.3499292893218855 3.2499292893218854 -0.3801175084183086
v 3.2500000000000036 3.3501000000000039 -0.38175869827933406
v 3.300070710678122 3.2999292893218852 -0.38093656377626506
v 3.3499000000000039 3.250000000000004 -0.38011838862924024
v 3.3000000000000034 3.3501000000000039 -0.38142136310974212
v 3.3001000000000036 3.3000000000000038 -0.38093704877446211
v 3.300070710678122 3.3500707106781222 -0.38142060330170197
v 3.3001000000000036 3.3500000000000036 -0.38141972309077032
v 3.3499000000000039 3.3000000000000038 -0.38060106294554852
v 3.3999999999999995 3.5999999999999988 -0.38315909900346695
v 3.3499000000000039 3.750000000000004 -0.38494513179232287
v 3.3499000000000039 3.7999999999999989 -0.38542780610863109
v 3.3999999999999995 3.7499000000000038 -0.38460615660375913
v 3.3500000000000041 3.7499000000000038 -0.38494349177335108
v 3.3499292893218855 3.7499292893218854 -0.38494425158139123
v 3.5999999999999988 1.3999999999999999 -0.32072615756871875
v 3.5999999999999988 1.5999999999999994 -0.32326592438869256
v 3.5999999999999988 1.7999999999999992 -0.33953505716359372
v 3.5999999999999988 1.9999999999999989 -0.35980613492006863
v 3.5999999999999988 2.1999999999999993 -0.3682948774684679
v 3.5999999999999988 2.3999999999999995 -0.37022557473370094
v 3.5999999999999988 2.5999999999999992 -0.37215627199893397
v 3.5999999999999988 2.7999999999999989 -0.37408696926416701
v 3.5999999999999988 2.9999999999999991 -0.37601766652940005
v 3.5999999999999988 3.1999999999999993 -0.37794836379463309
v 3.5999999999999988 3.3999999999999986 -0.37987906105986613
v 3.4000707106781225 3.2499292893218854 -0.37977921912077289
v 3.4001000000000041 3.250000000000004 -0.37977970411896994
v 3.4000707106781225 3.3000707106781224 -0.3802632586462098
v 3.4001000000000041 3.3000000000000038 -0.38026237843527821
v 3.5999292893218855 3.5500707106781224 -0.38132824367732715
v 3.5999999999999988 3.5501000000000018 -0.38132804935742354
v 3.5999999999999988 3.5999999999999988 -0.38180975832509917
v 3.5999999999999988 3.499900000000006 -0.38084344434385009
v 3.5999000000000039 3.5500000000000038 -0.3813277586791301
v 3.5999292893218855 3.4999292893218854 -0.38084420415189024
v 3.5999000000000039 3.500000000000004 -0.38084508436282183
v 3.4499000000000035 3.7000000000000042 -0.3837877871368307
v 3.4499000000000035 3.750000000000004 -0.38427046145313898
v 3.4499292893218851 3.6999292893218856 -0.38378690692589912
v 3.5999999999999988 3.7999999999999989 -0.38374045559033221
v 3.4001000000000041 3.7999999999999989 -0.38508912159836078
v 3.4001000000000041 3.750000000000004 -0.38460644728205257
v 3.4500000000000037 3.699900000000004 -0.38378614711785891
v 3.4000707106781225 3.7499292893218854 -0.38460596228385552
v 3.5000000000000036 3.699900000000004 -0.38344881194826697
v 3.5000707106781221 3.6999292893218856 -0.38344861762836335
v 3.4499292893218851 3.7500707106781226 -0.38427094645133603
v 3.4500000000000037 3.7501000000000042 -0.38427075213143241
v 3.5001000000000038 3.7000000000000042 -0.3834491026265604
v 3.5001000000000038 3.750000000000004 -0.38393177694286867
v 3.5000000000000036 3.7501000000000042 -0.38393341696184047
v 3.5000707106781221 3.7500707106781226 -0.38393265715380032
v 3.7999999999999989 1.3999999999999999 -0.32405946760613757
v 3.7999999999999989 1.5999999999999994 -0.3257778628042608
v 3.7999999999999989 1.7999999999999992 -0.34029325617034595
v 3.7999999999999989 1.9999999999999989 -0.35894378991614267
v 3.7999999999999989 2.1999999999999993 -0.36694553679010011
v 3.7999999999999989 2.3999999999999995 -0.36887623405533315
v 3.7999999999999989 2.5999999999999992 -0.37080693132056619
v 3.7999999999999989 2.7999999999999989 -0.37273762858579923
v 3.7999999999999989 2.9999999999999991 -0.37466832585103227
v 3.7999999999999989 3.1999999999999993 -0.37659902311626536
v 3.7999999999999989 3.3999999999999986 -0.3785297203814984
v 3.7999999999999989 3.5999999999999988 -0.38046041764673144
v 3.6500000000000039 3.4999000000000038 -0.38050610917425809
v 3.6500707106781225 3.4999292893218854 -0.38050591485435448
v 3.6500000000000039 3.550100000000004 -0.38099071418783159
v 3.6500707106781225 3.5500707106781224 -0.38098995437979144
v 3.6501000000000041 3.500000000000004 -0.38050639985255152
v 3.6501000000000041 3.5500000000000038 -0.3809890741688598
v 3.6499000000000037 3.750000000000004 -0.38292112077477125
v 3.6499000000000037 3.7999999999999989 -0.38340379509107941
v 3.7999999999999989 3.7499000000000038 -0.38190747524702362
v 3.7499000000000042 3.750000000000004 -0.38224645043558736
v 3.7499000000000042 3.7999999999999989 -0.38272912475189558
v 3.7001000000000039 3.7999999999999989 -0.38306511058080911
v 3.6499292893218853 3.7499292893218854 -0.38292024056383961
v 3.7500000000000044 3.7499000000000038 -0.38224481041661551
v 3.7499292893218859 3.7499292893218854 -0.38224557022465572
v 3.7001000000000039 3.750000000000004 -0.38258243626450089
v 3.6500000000000039 3.7499000000000038 -0.3829194807557994
v 3.7000707106781223 3.7499292893218854 -0.38258195126630384
v 3.7000000000000037 3.7499000000000038 -0.38258214558620746
v 3.9999999999999991 1.5999999999999994 -0.32828980121982904
v 3.9999999999999991 1.7999999999999992 -0.34105145517709812
v 3.9999999999999991 1.9999999999999989 -0.35808144491221672
v 3.9999999999999991 2.1999999999999993 -0.36559619611173233
v 3.9999999999999991 2.3999999999999995 -0.36752689337696542
v 3.9999999999999991 2.5999999999999992 -0.36945759064219846
v 3.9999999999999991 2.7999999999999989 -0.3713882879074315
v 3.9999999999999991 2.9999999999999991 -0.37331898517266454
v 3.9999999999999991 3.1999999999999993 -0.37524968243789758
v 3.9999999999999991 3.3999999999999986 -0.37718037970313062
v 3.9999999999999991 3.5999999999999988 -0.37911107696836366
v 3.9999999999999991 3.7999999999999989 -0.3810417742335967
v 3.8001000000000045 3.7999999999999989 -0.38239044024162522
v 3.8001000000000045 3.750000000000004 -0.38190776592531706
v 3.8000707106781229 3.7499292893218854 -0.38190728092712001
v 4.1999999999999993 1.3999999999999999 -0.33072608768097522
v 4.1999999999999993 1.5999999999999994 -0.33080173963539738
v 4.1999999999999993 1.7999999999999992 -0.34180965418385034
v 4.1999999999999993 1.9999999999999989 -0.35721909990829082
v 4.1999999999999993 2.1999999999999993 -0.3642468554333646
v 4.1999999999999993 2.3999999999999995 -0.36617755269859764
v 4.1999999999999993 2.5999999999999992 -0.36810824996383068
v 4.1999999999999993 2.7999999999999989 -0.37003894722906372
v 4.1999999999999993 2.9999999999999991 -0.37196964449429676
v 4.1999999999999993 3.1999999999999993 -0.3739003417595298
v 4.1999999999999993 3.3999999999999986 -0.37583103902476284
v 4.1999999999999993 3.5999999999999988 -0.37776173628999593
v 4.1999999999999993 3.7999999999999989 -0.37969243355522897
v 4.3999999999999995 1.3999999999999999 -0.33405939771839405
v 4.3999999999999995 1.5999999999999994 -0.33331367805096562
v 4.3999999999999995 1.7999999999999992 -0.34256785319060257
v 4.3999999999999995 1.9999999999999989 -0.35635675490436486
v 4.3999999999999995 2.1999999999999993 -0.36289751475499682
v 4.3999999999999995 2.3999999999999995 -0.36482821202022986
v 4.3999999999999995 2.5999999999999992 -0.36675890928546295
v 4.3999999999999995 2.7999999999999989 -0.36868960655069599
v 4.3999999999999995 2.9999999999999991 -0.37062030381592903
v 4.3999999999999995 3.1999999999999993 -0.37255100108116207
v 4.3999999999999995 3.3999999999999986 -0.37448169834639511
v 4.3999999999999995 3.5999999999999988 -0.37641239561162815
v 4.3999999999999995 3.7999999999999989 -0.37834309287686119
v 4.5999999999999988 1.3999999999999999 -0.33739270775581287
v 4.5999999999999988 1.5999999999999994 -0.33582561646653392
v 4.5999999999999988 1.7999999999999992 -0.34332605219735474
v 4.5999999999999988 1.9999999999999989 -0.3554944099004389
v 4.5999999999999988 2.1999999999999993 -0.36154817407662909
v 4.5999999999999988 2.3999999999999995 -0.36347887134186213
v 4.5999999999999988 2.5999999999999992 -0.36540956860709517
v 4.5999999999999988 2.7999999999999989 -0.36734026587232821
v 4.5999999999999988 2.9999999999999991 -0.36927096313756125
v 4.5999999999999988 3.1999999999999993 -0.37120166040279429
v 4.5999999999999988 3.3999999999999986 -0.37313235766802733
v 4.5999999999999988 3.5999999999999988 -0.37506305493326042
v 4.5999999999999988 3.7999999999999989 -0.37699375219849346
v 4.7999999999999989 1.3999999999999999 -0.34072601779323175
v 4.7999999999999989 1.5999999999999994 -0.33833755488210215
v 4.7999999999999989 1.7999999999999992 -0.34408425120410691
v 4.7999999999999989 1.9999999999999989 -0.35463206489651294
v 4.7999999999999989 2.1999999999999993 -0.36019883339826131
v 4.7999999999999989 2.3999999999999995 -0.36212953066349435
v 4.7999999999999989 2.5999999999999992 -0.36406022792872744
v 4.7999999999999989 2.7999999999999989 -0.36599092519396048
v 4.7999999999999989 2.9999999999999991 -0.36792162245919352
v 4.7999999999999989 3.1999999999999993 -0.36985231972442656
v 4.7999999999999989 3.3999999999999986 -0.3717830169896596
v 4.7999999999999989 3.5999999999999988 -0.37371371425489264
v 4.7999999999999989 3.7999999999999989 -0.37564441152012568
v 4.9999999999999991 1.5999999999999994 -0.34084949329767045
v 4.9999999999999991 1.7999999999999992 -0.34484245021085913
v 4.9999999999999991 1.9999999999999989 -0.35376971989258704
v 4.9999999999999991 2.1999999999999993 -0.35884949271989358
v 4.9999999999999991 2.3999999999999995 -0.36078018998512662
v 4.9999999999999991 2.5999999999999992 -0.36271088725035966
v 4.9999999999999991 2.7999999999999989 -0.3646415845155927
v 4.9999999999999991 2.9999999999999991 -0.36657228178082574
v 4.9999999999999991 3.1999999999999993 -0.36850297904605878
v 4.9999999999999991 3.3999999999999986 -0.37043367631129182
v 4.9999999999999991 3.5999999999999988 -0.37236437357652485
v 4.9999999999999991 3.7999999999999989 -0.37429507084175795
v 5.1999999999999984 1.3999999999999999 -0.3473926378680694
v 5.1999999999999984 1.5999999999999994 -0.34336143171323869
v 5.1999999999999984 1.7999999999999992 -0.3456006492176113
v 5.1999999999999984 1.9999999999999989 -0.35290737488866109
v 5.1999999999999984 2.1999999999999993 -0.3575001520415258
v 5.1999999999999984 2.3999999999999995 -0.35943084930675884
v 5.1999999999999984 2.5999999999999992 -0.36136154657199193
v 5.1999999999999984 2.7999999999999989 -0.36329224383722497
v 5.1999999999999984 2.9999999999999991 -0.36522294110245801
v 5.1999999999999984 3.1999999999999993 -0.36715363836769105
v 5.1999999999999984 3.3999999999999986 -0.36908433563292409
v 5.1999999999999984 3.5999999999999988 -0.37101503289815713
v 5.1999999999999984 3.7999999999999989 -0.37294573016339017
v 5.3999999999999986 1.3999999999999999 -0.35072594790548822
v 5.3999999999999986 1.5999999999999994 -0.34587337012880692
v 5.3999999999999986 1.7999999999999992 -0.34635884822436358
v 5.3999999999999986 1.9999999999999989 -0.35204502988473513
v 5.3999999999999986 2.1999999999999993 -0.35615081136315807
v 5.3999999999999986 2.3999999999999995 -0.35808150862839111
v 5.3999999999999986 2.5999999999999992 -0.36001220589362415
v 5.3999999999999986 2.7999999999999989 -0.36194290315885719
v 5.3999999999999986 2.9999999999999991 -0.36387360042409023
v 5.3999999999999986 3.1999999999999993 -0.36580429768932327
v 5.3999999999999986 3.3999999999999986 -0.3677349949545563
v 5.3999999999999986 3.5999999999999988 -0.36966569221978934
v 5.3999999999999986 3.7999999999999989 -0.37159638948502244
v 5.5999999999999988 1.3999999999999999 -0.35405925794290705
v 5.5999999999999988 1.5999999999999994 -0.34838530854437522
v 5.5999999999999988 1.7999999999999992 -0.34711704723111569
v 5.5999999999999988 1.9999999999999989 -0.35118268488080917
v 5.5999999999999988 2.1999999999999993 -0.35480147068479029
v 5.5999999999999988 2.3999999999999995 -0.35673216795002333
v 5.5999999999999988 2.5999999999999992 -0.35866286521525637
v 5.5999999999999988 2.7999999999999989 -0.3605935624804894
v 5.5999999999999988 2.9999999999999991 -0.3625242597457225
v 5.5999999999999988 3.1999999999999993 -0.36445495701095554
v 5.5999999999999988 3.3999999999999986 -0.36638565427618858
v 5.5999999999999988 3.5999999999999988 -0.36831635154142162
v 5.5999999999999988 3.7999999999999989 -0.37024704880665466
v 5.7999999999999989 1.3999999999999999 -0.35739256798032587
v 5.7999999999999989 1.5999999999999994 -0.35089724695994351
v 5.7999999999999989 1.7999999999999992 -0.34787524623786792
v 5.7999999999999989 1.9999999999999989 -0.35032033987688327
v 5.7999999999999989 2.1999999999999993 -0.35345213000642256
v 5.7999999999999989 2.3999999999999995 -0.3553828272716556
v 5.7999999999999989 2.5999999999999992 -0.35731352453688864
v 5.7999999999999989 2.7999999999999989 -0.35924422180212168
v 5.7999999999999989 2.9999999999999991 -0.36117491906735472
v 5.7999999999999989 3.1999999999999993 -0.36310561633258776
v 5.7999999999999989 3.3999999999999986 -0.36503631359782079
v 5.7999999999999989 3.5999999999999988 -0.36696701086305383
v 5.7999999999999989 3.7999999999999989 -0.36889770812828687
v 5.9999999999999991 1.5999999999999994 -0.3534091853755118
v 5.9999999999999991 1.7999999999999992 -0.34863344524462014
v 5.9999999999999991 1.9999999999999989 -0.34945799487295731
v 5.9999999999999991 2.1999999999999993 -0.35210278932805478
v 5.9999999999999991 2.3999999999999995 -0.35403348659328782
v 5.9999999999999991 2.5999999999999992 -0.35596418385852086
v 5.9999999999999991 2.7999999999999989 -0.35789488112375389
v 5.9999999999999991 2.9999999999999991 -0.35982557838898693
v 5.9999999999999991 3.1999999999999993 -0.36175627565422003
v 5.9999999999999991 3.3999999999999986 -0.36368697291945307
v 5.9999999999999991 3.5999999999999988 -0.36561767018468611
v 5.9999999999999991 3.7999999999999989 -0.36754836744991914
v 6.1999999999999984 1.3999999999999999 -0.36405918805516352
v 6.1999999999999984 1.5999999999999994 -0.35592112379108004
v 6.1999999999999984 1.7999999999999992 -0.34939164425137237
v 6.1999999999999984 1.9999999999999989 -0.34859564986903135
v 6.1999999999999984 2.1999999999999993 -0.35075344864968705
v 6.1999999999999984 2.3999999999999995 -0.35268414591492009
v 6.1999999999999984 2.5999999999999992 -0.35461484318015313
v 6.1999999999999984 2.7999999999999989 -0.35654554044538617
v 6.1999999999999984 2.9999999999999991 -0.35847623771061921
v 6.1999999999999984 3.1999999999999993 -0.36040693497585224
v 6.1999999999999984 3.3999999999999986 -0.36233763224108528
v 6.1999999999999984 3.5999999999999988 -0.36426832950631832
v 6.1999999999999984 3.7999999999999989 -0.36619902677155136
v 6.3999999999999986 1.3999999999999999 -0.36739249809258234
v 6.3999999999999986 1.5999999999999994 -0.35843306220664833
v 6.3999999999999986 1.7999999999999992 -0.35014984325812454
v 6.3999999999999986 1.9999999999999989 -0.3477333048651054
v 6.3999999999999986 2.1999999999999993 -0.34940410797131927
v 6.3999999999999986 2.3999999999999995 -0.35133480523655231
v 6.3999999999999986 2.5999999999999992 -0.35326550250178534
v 6.3999999999999986 2.7999999999999989 -0.35519619976701838
v 6.3999999999999986 2.9999999999999991 -0.35712689703225142
v 6.3999999999999986 3.1999999999999993 -0.35905759429748452
v 6.3999999999999986 3.3999999999999986 -0.36098829156271756
v 6.3999999999999986 3.5999999999999988 -0.36291898882795059
v 6.3999999999999986 3.7999999999999989 -0.36484968609318363
v 6.5999999999999988 1.3999999999999999 -0.37072580813000122
v 6.5999999999999988 1.5999999999999994 -0.36094500062221657
v 6.5999999999999988 1.7999999999999992 -0.35090804226487671
v 6.5999999999999988 1.9999999999999989 -0.34687095986117944
v 6.5999999999999988 2.1999999999999993 -0.34805476729295154
v 6.5999999999999988 2.3999999999999995 -0.34998546455818458
v 6.5999999999999988 2.5999999999999992 -0.35191616182341762
v 6.5999999999999988 2.7999999999999989 -0.35384685908865066
v 6.5999999999999988 2.9999999999999991 -0.35577755635388369
v 6.5999999999999988 3.1999999999999993 -0.35770825361911673
v 6.5999999999999988 3.3999999999999986 -0.35963895088434977
v 6.5999999999999988 3.5999999999999988 -0.36156964814958281
v 6.5999999999999988 3.7999999999999989 -0.36350034541481585
v 6.799999999999998 1.3999999999999999 -0.37405911816741999
v 6.799999999999998 1.5999999999999994 -0.36345693903778481
v 6.799999999999998 1.7999999999999992 -0.35166624127162893
v 6.799999999999998 1.9999999999999989 -0.34600861485725348
v 6.799999999999998 2.1999999999999993 -0.34670542661458376
v 6.799999999999998 2.3999999999999995 -0.34863612387981679
v 6.799999999999998 2.5999999999999992 -0.35056682114504983
v 6.799999999999998 2.7999999999999989 -0.35249751841028287
v 6.799999999999998 2.9999999999999991 -0.35442821567551597
v 6.799999999999998 3.1999999999999993 -0.35635891294074901
v 6.799999999999998 3.3999999999999986 -0.35828961020598205
v 6.799999999999998 3.5999999999999988 -0.36022030747121508
v 6.799999999999998 3.7999999999999989 -0.36215100473644812
v 6.9999999999999982 1.5999999999999994 -0.3659688774533531
v 6.9999999999999982 1.7999999999999992 -0.3524244402783811
v 6.9999999999999982 1.9999999999999989 -0.34514626985332753
v 6.9999999999999982 2.1999999999999993 -0.34535608593621603
v 6.9999999999999982 2.3999999999999995 -0.34728678320144907
v 6.9999999999999982 2.5999999999999992 -0.34921748046668211
v 6.9999999999999982 2.7999999999999989 -0.35114817773191515
v 6.9999999999999982 2.9999999999999991 -0.35307887499714818
v 6.9999999999999982 3.1999999999999993 -0.35500957226238122
v 6.9999999999999982 3.3999999999999986 -0.35694026952761426
v 6.9999999999999982 3.5999999999999988 -0.3588709667928473
v 6.9999999999999982 3.7999999999999989 -0.36080166405808034
v 7.1999999999999984 1.3999999999999999 -0.38072573824225769
v 7.1999999999999984 1.5999999999999994 -0.36848081586892145
v 7.1999999999999984 1.7999999999999992 -0.35318263928513333
v 7.1999999999999984 1.9999999999999989 -0.34428392484940162
v 7.1999999999999984 2.1999999999999993 -0.34400674525784825
v 7.1999999999999984 2.3999999999999995 -0.34593744252308128
v 7.1999999999999984 2.5999999999999992 -0.34786813978831432
v 7.1999999999999984 2.7999999999999989 -0.34979883705354736
v 7.1999999999999984 2.9999999999999991 -0.3517295343187804
v 7.1999999999999984 3.1999999999999993 -0.3536602315840135
v 7.1999999999999984 3.3999999999999986 -0.35559092884924653
v 7.1999999999999984 3.5999999999999988 -0.35752162611447957
v 7.1999999999999984 3.7999999999999989 -0.35945232337971261
v 7.3999999999999977 1.3999999999999999 -0.38405904827967652
v 7.3999999999999977 1.5999999999999994 -0.37099275428448958
v 7.3999999999999977 1.7999999999999992 -0.3539408382918855
v 7.3999999999999977 1.9999999999999989 -0.34342157984547567
v 7.3999999999999977 2.1999999999999993 -0.34265740457948052
v 7.3999999999999977 2.3999999999999995 -0.34458810184471356
v 7.3999999999999977 2.5999999999999992 -0.3465187991099466
v 7.3999999999999977 2.7999999999999989 -0.34844949637517963
v 7.3999999999999977 2.9999999999999991 -0.35038019364041267
v 7.3999999999999977 3.1999999999999993 -0.35231089090564571
v 7.3999999999999977 3.3999999999999986 -0.35424158817087875
v 7.3999999999999977 3.5999999999999988 -0.35617228543611179
v 7.3999999999999977 3.7999999999999989 -0.35810298270134483
v 7.5999999999999988 1.3999999999999999 -0.3873923583170954
v 7.5999999999999988 1.5999999999999994 -0.37350469270005793
v 7.5999999999999988 1.7999999999999992 -0.35469903729863772
v 7.5999999999999988 1.9999999999999989 -0.34255923484154976
v 7.5999999999999988 2.1999999999999993 -0.34130806390111273
v 7.5999999999999988 2.3999999999999995 -0.34323876116634577
v 7.5999999999999988 2.5999999999999992 -0.34516945843157881
v 7.5999999999999988 2.7999999999999989 -0.34710015569681185
v 7.5999999999999988 2.9999999999999991 -0.34903085296204489
v 7.5999999999999988 3.1999999999999993 -0.35096155022727793
v 7.5999999999999988 3.3999999999999986 -0.35289224749251097
v 7.5999999999999988 3.5999999999999988 -0.35482294475774406
v 7.5999999999999988 3.7999999999999989 -0.3567536420229771
v 7.799999999999998 1.3999999999999999 -0.39072566835451417
v 7.799999999999998 1.5999999999999994 -0.37601663111562622
v 7.799999999999998 1.7999999999999992 -0.35545723630538989
v 7.799999999999998 1.9999999999999989 -0.34169688983762375
v 7.799999999999998 2.1999999999999993 -0.33995872322274501
v 7.799999999999998 2.3999999999999995 -0.34188942048797805
v 7.799999999999998 2.5999999999999992 -0.34382011775321109
v 7.799999999999998 2.7999999999999989 -0.34575081501844412
v 7.799999999999998 2.9999999999999991 -0.34768151228367716
v 7.799999999999998 3.1999999999999993 -0.3496122095489102
v 7.799999999999998 3.3999999999999986 -0.35154290681414324
v 7.799999999999998 3.5999999999999988 -0.35347360407937628
v 7.799999999999998 3.7999999999999989 -0.35540430134460932
v 7.9999999999999973 1.5999999999999994 -0.37852856953119451
v 7.9999999999999973 1.7999999999999992 -0.35621543531214211
v 7.9999999999999973 1.9999999999999989 -0.34083454483369779
v 7.9999999999999973 2.1999999999999993 -0.33860938254437722
v 7.9999999999999973 2.3999999999999995 -0.34054007980961026
v 7.9999999999999973 2.5999999999999992 -0.3424707770748433
v 7.9999999999999973 2.7999999999999989 -0.34440147434007634
v 7.9999999999999973 2.9999999999999991 -0.34633217160530938
v 7.9999999999999973 3.1999999999999993 -0.34826286887054247
v 7.9999999999999973 3.3999999999999986 -0.35019356613577551
v 7.9999999999999973 3.5999999999999988 -0.35212426340100855
v 7.9999999999999973 3.7999999999999989 -0.35405496066624159
v 8 -1.0000000000000002 -0.46373939874487291
v 8 -1.1000000000000001 -0.46664274959291208
v 8.1999999999999975 -1.1000000000000001 -0.47148100063839676
v 8.1999999999999975 -1.0000000000000002 -0.46854219310392353
v 8.1999999999999975 -0.80000000000000027 -0.46266457803497713
v 8 -0.80000000000000027 -0.45793269704879458
v 8.1999999999999975 -0.60000000000000031 -0.45678696296603072
v 8.1999999999999975 -0.4000000000000003 -0.45090934789708437
v 8 -0.4000000000000003 -0.44631929365663792
v 8.1999999999999975 -0.20000000000000034 -0.44503173282813796
v 8 -0.20000000000000034 -0.44051259196055959
v 8.1999999999999975 -3.8857805861880479e-16 -0.43915411775919155
v 8 -3.8857805861880479e-16 -0.43470589026448125
v 8.1999999999999975 0.19999999999999957 -0.4332765026902452
v 8 0.19999999999999957 -0.42889918856840298
v 8.1999999999999975 0.39999999999999952 -0.42739888762129874
v 8.1999999999999975 0.59999999999999942 -0.42152127255235233
v 8 0.59999999999999942 -0.41728578517624637
v 8.1999999999999975 0.79999999999999938 -0.41564365748340593
v 8 0.79999999999999938 -0.41147908348016804
v 8.1999999999999975 0.99999999999999933 -0.40976604241445946
v 8 0.99999999999999933 -0.40567238178408971
v 8.1999999999999975 1.1999999999999991 -0.40388842734551311
v 8 1.1999999999999991 -0.39986568008801138
v 8.1999999999999975 1.3999999999999992 -0.39801081227656671
v 8.1999999999999975 1.5999999999999994 -0.38202348094015065
v 8.1999999999999975 1.7999999999999992 -0.3587963042305144
v 8.1999999999999975 1.9999999999999989 -0.3425401195917418
v 8.1999999999999975 2.1999999999999993 -0.33997355579686217
v 8.1999999999999975 2.3999999999999995 -0.34179888501282013
v 8.1999999999999975 2.5999999999999992 -0.34362421422877809
v 8.1999999999999975 2.7999999999999989 -0.34544954344473605
v 8.1999999999999975 2.9999999999999991 -0.34727487266069401
v 8.1999999999999975 3.1999999999999993 -0.34910020187665197
v 8.1999999999999975 3.3999999999999986 -0.35092553109260988
v 8.1999999999999975 3.5999999999999988 -0.35275086030856784
v 8.1999999999999975 3.7999999999999989 -0.35457618952452585
v 8.3999999999999968 -1.1000000000000001 -0.47647396979178369
v 8.3999999999999968 -1.0000000000000002 -0.47345061169735236
v 8.3999999999999968 -0.80000000000000027 -0.46740389550848982
v 8.3999999999999968 -0.60000000000000031 -0.46135717931962716
v 8.3999999999999968 -0.4000000000000003 -0.45531046313076451
v 8.3999999999999968 -0.20000000000000034 -0.44926374694190191
v 8.3999999999999968 -3.8857805861880479e-16 -0.44321703075303931
v 8.3999999999999968 0.19999999999999957 -0.43717031456417671
v 8.3999999999999968 0.39999999999999952 -0.43112359837531411
v 8.3999999999999968 0.59999999999999942 -0.42507688218645145
v 8.3999999999999968 0.79999999999999938 -0.41903016599758885
v 8.3999999999999968 0.99999999999999933 -0.41298344980872626
v 8.3999999999999968 1.1999999999999991 -0.40693673361986366
v 8.3999999999999968 1.3999999999999992 -0.40089001743100106
v 8.3999999999999968 1.5999999999999994 -0.38549457940723519
v 8.3999999999999968 1.7999999999999992 -0.36367794498102096
v 8.3999999999999968 1.9999999999999989 -0.34865203043427873
v 8.3999999999999968 2.1999999999999993 -0.34626831256110485
v 8.3999999999999968 2.3999999999999995 -0.34784237950571451
v 8.3999999999999968 2.5999999999999992 -0.34941644645032421
v 8.3999999999999968 2.7999999999999989 -0.35099051339493381
v 8.3999999999999968 2.9999999999999991 -0.35256458033954352
v 8.3999999999999968 3.1999999999999993 -0.35413864728415323
v 8.3999999999999968 3.3999999999999986 -0.35571271422876288
v 8.3999999999999968 3.5999999999999988 -0.35728678117337254
v 8.3999999999999968 3.7999999999999989 -0.35886084811798225
v 8.5999999999999979 -1.1000000000000001 -0.47891722185284091
v 8.5999999999999979 -1.0000000000000002 -0.47579294857394344
v 8.5999999999999979 -0.80000000000000027 -0.46954440201614867
v 8.5999999999999979 -0.60000000000000031 -0.46329585545835372
v 8.5999999999999979 -0.4000000000000003 -0.45704730890055895
v 8.5999999999999979 -0.20000000000000034 -0.45079876234276406
v 8.5999999999999979 -3.8857805861880479e-16 -0.44455021578496917
v 8.5999999999999979 0.19999999999999957 -0.43830166922717428
v 8.5999999999999979 0.39999999999999952 -0.43205312266937945
v 8.5999999999999979 0.59999999999999942 -0.42580457611158457
v 8.5999999999999979 0.79999999999999938 -0.41955602955378973
v 8.5999999999999979 0.99999999999999933 -0.41330748299599485
v 8.5999999999999979 1.1999999999999991 -0.40705893643819996
v 8.5999999999999979 1.3999999999999992 -0.40081038988040507
v 8.5999999999999979 1.5999999999999994 -0.38709028765225839
v 8.5999999999999979 1.7999999999999992 -0.36902589873310587
v 8.5999999999999979 1.9999999999999989 -0.35737995003118284
v 8.5999999999999979 2.1999999999999993 -0.35578892327667666
v 8.5999999999999979 2.3999999999999995 -0.35706309654258028
v 8.5999999999999979 2.5999999999999992 -0.35833726980848396
v 8.5999999999999979 2.7999999999999989 -0.35961144307438758
v 8.5999999999999979 2.9999999999999991 -0.36088561634029126
v 8.5999999999999979 3.1999999999999993 -0.36215978960619488
v 8.5999999999999979 3.3999999999999986 -0.36343396287209856
v 8.5999999999999979 3.5999999999999988 -0.36470813613800218
v 8.5999999999999979 3.7999999999999989 -0.3659823094039058
v 8.7999999999999972 -1.1000000000000001 -0.47821073583748697
v 8.7999999999999972 -1.0000000000000002 -0.47500191199863151
v 8.7999999999999972 -0.80000000000000027 -0.46858426432092043
v 8.7999999999999972 -0.60000000000000031 -0.46216661664320929
v 8.7999999999999972 -0.4000000000000003 -0.45574896896549827
v 8.7999999999999972 -0.20000000000000034 -0.44933132128778719
v 8.7999999999999972 -3.8857805861880479e-16 -0.44291367361007605
v 8.7999999999999972 0.19999999999999957 -0.43649602593236503
v 8.7999999999999972 0.39999999999999952 -0.43007837825465395
v 8.7999999999999972 0.59999999999999942 -0.42366073057694287
v 8.7999999999999972 0.79999999999999938 -0.41724308289923184
v 8.7999999999999972 0.99999999999999933 -0.41082543522152071
v 8.7999999999999972 1.1999999999999991 -0.40440778754380968
v 8.7999999999999972 1.3999999999999992 -0.3979901398660986
v 8.7999999999999972 1.5999999999999994 -0.38646977654540721
v 8.7999999999999972 1.7999999999999992 -0.37324889753101753
v 8.7999999999999972 1.9999999999999989 -0.36600545482438895
v 8.7999999999999972 2.1999999999999993 -0.36555057433580601
v 8.7999999999999972 2.3999999999999995 -0.36657348533036133
v 8.7999999999999972 2.5999999999999992 -0.3675963963249167
v 8.7999999999999972 2.7999999999999989 -0.36861930731947201
v 8.7999999999999972 2.9999999999999991 -0.36964221831402733
v 8.7999999999999972 3.1999999999999993 -0.37066512930858275
v 8.7999999999999972 3.3999999999999986 -0.37168804030313807
v 8.7999999999999972 3.5999999999999988 -0.37271095129769338
v 8.7999999999999972 3.7999999999999989 -0.37373386229224881
v 8.900100000000009 -1.0500000000000003 -0.47544563267392259
v 8.900100000000009 -1.1000000000000001 -0.4770630091220957
v 8.9999999999999964 -1.1000000000000001 -0.47585890497779104
v 8.8499000000000088 -1.1000000000000001 -0.47767318666270508
v 8.9000707106781274 -1.0499292893218817 -0.47544371451189071
v 8.8499000000000088 -1.0500000000000003 -0.47606141518314637
v 8.9999999999999964 -1.0000000000000002 -0.47261462445250146
v 8.8499292893218904 -1.0499292893218817 -0.47605879153961056
v 8.9000000000000092 -1.0499000000000003 -0.47544365827420132
v 8.8500000000000085 -1.0499000000000003 -0.47605701617816742
v 8.9999999999999964 -0.80000000000000027 -0.46612606340192231
v 8.9999999999999964 -0.60000000000000031 -0.45963750235134315
v 8.9999999999999964 -0.4000000000000003 -0.453148941300764
v 8.9999999999999964 -0.20000000000000034 -0.44666038025018484
v 8.9999999999999964 -3.8857805861880479e-16 -0.44017181919960563
v 8.9999999999999964 0.19999999999999957 -0.43368325814902647
v 8.9999999999999964 0.39999999999999952 -0.42719469709844732
v 8.9999999999999964 0.59999999999999942 -0.42070613604786816
v 8.9999999999999964 0.79999999999999938 -0.41421757499728895
v 8.9999999999999964 0.99999999999999933 -0.4077290139467098
v 8.9999999999999964 1.1999999999999991 -0.40124045289613064
v 8.9999999999999964 1.3999999999999992 -0.39475189184555148
v 8.9999999999999964 1.5999999999999994 -0.3848029651072446
v 8.9999999999999964 1.7999999999999992 -0.37499886429380858
v 8.9999999999999964 1.9999999999999989 -0.37088202502789291
v 8.9999999999999964 2.1999999999999993 -0.37128836808337873
v 8.9999999999999964 2.3999999999999995 -0.37220591102865896
v 8.9999999999999964 2.5999999999999992 -0.37312345397393926
v 8.9999999999999964 2.7999999999999989 -0.37404099691921949
v 8.9999999999999964 2.9999999999999991 -0.37495853986449978
v 8.9999999999999964 3.1999999999999993 -0.37587608280978002
v 8.9999999999999964 3.3999999999999986 -0.37679362575506026
v 8.9999999999999964 3.5999999999999988 -0.37771116870034055
v 8.9999999999999964 3.7999999999999989 -0.37862871164562079
v 9.1999999999999975 -1.1000000000000001 -0.47371196966065138
v 9.1999999999999975 -1.0000000000000002 -0.4704676891353618
v 9.1999999999999975 -0.80000000000000027 -0.46397912808478259
v 9.1999999999999975 -0.60000000000000031 -0.45749056703420343
v 9.1999999999999975 -0.4000000000000003 -0.45100200598362428
v 9.1999999999999975 -0.20000000000000034 -0.44451344493304512
v 9.1999999999999975 -3.8857805861880479e-16 -0.43802488388246597
v 9.1999999999999975 0.19999999999999957 -0.43153632283188681
v 9.1999999999999975 0.39999999999999952 -0.42504776178130765
v 9.1999999999999975 0.59999999999999942 -0.41855920073072844
v 9.1999999999999975 0.79999999999999938 -0.41207063968014929
v 9.1999999999999975 0.99999999999999933 -0.40558207862957013
v 9.1999999999999975 1.1999999999999991 -0.39909351757899098
v 9.1999999999999975 1.3999999999999992 -0.39260495652841176
v 9.1999999999999975 1.5999999999999994 -0.3833806635478747
v 9.1999999999999975 1.7999999999999992 -0.3751237537307579
v 9.1999999999999975 1.9999999999999989 -0.3724365972842259
v 9.1999999999999975 2.1999999999999993 -0.37327257961163268
v 9.1999999999999975 2.3999999999999995 -0.37419012255691292
v 9.1999999999999975 2.5999999999999992 -0.37510766550219321
v 9.1999999999999975 2.7999999999999989 -0.37602520844747345
v 9.1999999999999975 2.9999999999999991 -0.37694275139275368
v 9.1999999999999975 3.1999999999999993 -0.37786029433803398
v 9.1999999999999975 3.3999999999999986 -0.37877783728331421
v 9.1999999999999975 3.5999999999999988 -0.3796953802285945
v 9.1999999999999975 3.7999999999999989 -0.38061292317387474
v 9.3999292893218911 -1.0499292893218817 -0.46994135908436802
v 9.3999999999999968 -1.0499000000000054 -0.46993964980034175
v 9.3999999999999968 -1.0000000000000002 -0.46832075381822214
v 9.3999000000000095 -1.1000000000000001 -0.47156610781117014
v 9.3999000000000095 -1.0500000000000003 -0.46994396754852535
v 9.3999999999999968 -0.80000000000000027 -0.46183219276764298
v 9.3999999999999968 -0.60000000000000031 -0.45534363171706377
v 9.3999999999999968 -0.4000000000000003 -0.44885507066648461
v 9.3999999999999968 -0.20000000000000034 -0.44236650961590546
v 9.3999999999999968 -3.8857805861880479e-16 -0.4358779485653263
v 9.3999999999999968 0.19999999999999957 -0.42938938751474709
v 9.3999999999999968 0.39999999999999952 -0.42290082646416793
v 9.3999999999999968 0.59999999999999942 -0.41641226541358878
v 9.3999999999999968 0.79999999999999938 -0.40992370436300962
v 9.3999999999999968 0.99999999999999933 -0.40343514331243047
v 9.3999999999999968 1.1999999999999991 -0.39694658226185131
v 9.3999999999999968 1.3999999999999992 -0.39045802121127215
v 9.3999999999999968 1.5999999999999994 -0.3819583619885048
v 9.3999999999999968 1.7999999999999992 -0.37524864316770723
v 9.3999999999999968 1.9999999999999989 -0.37399116954055889
v 9.3999999999999968 2.1999999999999993 -0.37525679113988658
v 9.3999999999999968 2.3999999999999995 -0.37617433408516687
v 9.3999999999999968 2.5999999999999992 -0.37709187703044711
v 9.3999999999999968 2.7999999999999989 -0.37800941997572735
v 9.3999999999999968 2.9999999999999991 -0.37892696292100764
v 9.3999999999999968 3.1999999999999993 -0.37984450586628787
v 9.3999999999999968 3.3999999999999986 -0.38076204881156817
v 9.3999999999999968 3.5999999999999988 -0.3816795917568484
v 9.3999999999999968 3.7999999999999989 -0.38259713470212864
v 9.4501000000000097 -1.0500000000000003 -0.46940508678392329
v 9.4501000000000097 -1.1000000000000001 -0.47102722704656808
v 9.5999999999999979 -1.1000000000000001 -0.46941809902637199
v 9.5999999999999979 -1.0000000000000002 -0.46617381850108242
v 9.4500707106781281 -1.0499292893218817 -0.46940310714256162
v 9.4500000000000099 -1.0499000000000003 -0.46940291597105654
v 9.5999999999999979 -0.80000000000000027 -0.45968525745050326
v 9.5999999999999979 -0.60000000000000031 -0.4531966963999241
v 9.5999999999999979 -0.4000000000000003 -0.44670813534934495
v 9.5999999999999979 -0.20000000000000034 -0.44021957429876579
v 9.5999999999999979 -3.8857805861880479e-16 -0.43373101324818658
v 9.5999999999999979 0.19999999999999957 -0.42724245219760743
v 9.5999999999999979 0.39999999999999952 -0.42075389114702827
v 9.5999999999999979 0.59999999999999942 -0.41426533009644911
v 9.5999999999999979 0.79999999999999938 -0.4077767690458699
v 9.5999999999999979 0.99999999999999933 -0.40128820799529075
v 9.5999999999999979 1.1999999999999991 -0.39479964694471159
v 9.5999999999999979 1.3999999999999992 -0.38831108589413244
v 9.5999999999999979 1.5999999999999994 -0.3805360604291349
v 9.5999999999999979 1.7999999999999992 -0.37537353260465667
v 9.5999999999999979 1.9999999999999989 -0.37554574179689193
v 9.5999999999999979 2.1999999999999993 -0.37724100266814053
v 9.5999999999999979 2.3999999999999995 -0.37815854561342077
v 9.5999999999999979 2.5999999999999992 -0.37907608855870106
v 9.5999999999999979 2.7999999999999989 -0.3799936315039813
v 9.5999999999999979 2.9999999999999991 -0.38091117444926159
v 9.5999999999999979 3.1999999999999993 -0.38182871739454183
v 9.5999999999999979 3.3999999999999986 -0.38274626033982206
v 9.5999999999999979 3.5999999999999988 -0.38366380328510236
v 9.5999999999999979 3.7999999999999989 -0.38458134623038259
v 9.7999999999999972 -1.1000000000000001 -0.46727116370923233
v 9.7999999999999972 -1.0000000000000002 -0.46402688318394275
v 9.7999999999999972 -0.80000000000000027 -0.4575383221333636
v 9.7999999999999972 -0.60000000000000031 -0.45104976108278438
v 9.7999999999999972 -0.4000000000000003 -0.44456120003220523
v 9.7999999999999972 -0.20000000000000034 -0.43807263898162607
v 9.7999999999999972 -3.8857805861880479e-16 -0.43158407793104692
v 9.7999999999999972 0.19999999999999957 -0.42509551688046776
v 9.7999999999999972 0.39999999999999952 -0.41860695582988861
v 9.7999999999999972 0.59999999999999942 -0.41211839477930945
v 9.7999999999999972 0.79999999999999938 -0.40562983372873029
v 9.7999999999999972 0.99999999999999933 -0.39914127267815108
v 9.7999999999999972 1.1999999999999991 -0.39265271162757193
v 9.7999999999999972 1.3999999999999992 -0.38616415057699277
v 9.7999999999999972 1.5999999999999994 -0.37911375886976495
v 9.7999999999999972 1.7999999999999992 -0.37549842204160599
v 9.7999999999999972 1.9999999999999989 -0.37710031405322486
v 9.7999999999999972 2.1999999999999993 -0.37922521419639443
v 9.7999999999999972 2.3999999999999995 -0.38014275714167473
v 9.7999999999999972 2.5999999999999992 -0.38106030008695502
v 9.7999999999999972 2.7999999999999989 -0.38197784303223525
v 9.7999999999999972 2.9999999999999991 -0.38289538597751549
v 9.7999999999999972 3.1999999999999993 -0.38381292892279573
v 9.7999999999999972 3.3999999999999986 -0.38473047186807602
v 9.7999999999999972 3.5999999999999988 -0.38564801481335625
v 9.7999999999999972 3.7999999999999989 -0.38656555775863655
v 9.9999999999999964 -1.1000000000000001 -0.46512422839209266
v 9.9999999999999964 -1.0000000000000002 -0.46187994786680309
v 9.9999999999999964 -0.80000000000000027 -0.45539138681622393
v 9.9999999999999964 -0.60000000000000031 -0.44890282576564472
v 9.9999999999999964 -0.4000000000000003 -0.44241426471506556
v 9.9999999999999964 -0.20000000000000034 -0.43592570366448641
v 9.9999999999999964 -3.8857805861880479e-16 -0.42943714261390725
v 9.9999999999999964 0.19999999999999957 -0.42294858156332804
v 9.9999999999999964 0.39999999999999952 -0.41646002051274889
v 9.9999999999999964 0.59999999999999942 -0.40997145946216973
v 9.9999999999999964 0.79999999999999938 -0.40348289841159057
v 9.9999999999999964 0.99999999999999933 -0.39699433736101142
v 9.9999999999999964 1.1999999999999991 -0.39050577631043226
v 9.9999999999999964 1.3999999999999992 -0.38401721525985311
v 9.9999999999999964 1.5999999999999994 -0.37769145731039511
v 9.9999999999999964 1.7999999999999992 -0.37562331147855532
v 9.9999999999999964 1.9999999999999989 -0.37865488630955785
v 9.9999999999999964 2.1999999999999993 -0.38120942572464839
v 9.9999999999999964 2.3999999999999995 -0.38212696866992868
v 9.9999999999999964 2.5999999999999992 -0.38304451161520892
v 9.9999999999999964 2.7999999999999989 -0.38396205456048915
v 9.9999999999999964 2.9999999999999991 -0.38487959750576944
v 9.9999999999999964 3.1999999999999993 -0.38579714045104968
v 9.9999999999999964 3.3999999999999986 -0.38671468339632997
v 9.9999999999999964 3.5999999999999988 -0.38763222634161021
v 9.9999999999999964 3.7999999999999989 -0.38854976928689045
v 10.199999999999998 -1.1000000000000001 -0.46297729307495294
v 10.199999999999998 -1.0000000000000002 -0.45973301254966337
v 10.199999999999998 -0.80000000000000027 -0.45324445149908421
v 10.199999999999998 -0.60000000000000031 -0.44675589044850506
v 10.199999999999998 -0.4000000000000003 -0.4402673293979259
v 10.199999999999998 -0.20000000000000034 -0.43377876834734674
v 10.199999999999998 -3.8857805861880479e-16 -0.42729020729676759
v 10.199999999999998 0.19999999999999957 -0.42080164624618838
v 10.199999999999998 0.39999999999999952 -0.41431308519560922
v 10.199999999999998 0.59999999999999942 -0.40782452414503007
v 10.199999999999998 0.79999999999999938 -0.40133596309445091
v 10.199999999999998 0.99999999999999933 -0.3948474020438717
v 10.199999999999998 1.1999999999999991 -0.38835884099329254
v 10.199999999999998 1.3999999999999992 -0.38187027994271339
v 10.199999999999998 1.5999999999999994 -0.37626915575102521
v 10.199999999999998 1.7999999999999992 -0.37574820091550476
v 10.199999999999998 1.9999999999999989 -0.38020945856589083
v 10.199999999999998 2.1999999999999993 -0.38319363725290234
v 10.199999999999998 2.3999999999999995 -0.38411118019818258
v 10.199999999999998 2.5999999999999992 -0.38502872314346287
v 10.199999999999998 2.7999999999999989 -0.38594626608874311
v 10.199999999999998 2.9999999999999991 -0.3868638090340234
v 10.199999999999998 3.1999999999999993 -0.38778135197930363
v 10.199999999999998 3.3999999999999986 -0.38869889492458387
v 10.199999999999998 3.5999999999999988 -0.38961643786986411
v 10.199999999999998 3.7999999999999989 -0.3905339808151444
v 10.399999999999997 -1.1000000000000001 -0.46083035775781328
v 10.399999999999997 -1.0000000000000002 -0.4575860772325237
v 10.399999999999997 -0.80000000000000027 -0.45109751618194455
v 10.399999999999997 -0.60000000000000031 -0.44460895513136539
v 10.399999999999997 -0.4000000000000003 -0.43812039408078618
v 10.399999999999997 -0.20000000000000034 -0.43163183303020702
v 10.399999999999997 -3.8857805861880479e-16 -0.42514327197962787
v 10.399999999999997 0.19999999999999957 -0.41865471092904871
v 10.399999999999997 0.39999999999999952 -0.41216614987846956
v 10.399999999999997 0.59999999999999942 -0.4056775888278904
v 10.399999999999997 0.79999999999999938 -0.39918902777731124
v 10.399999999999997 0.99999999999999933 -0.39270046672673209
v 10.399999999999997 1.1999999999999991 -0.38621190567615293
v 10.399999999999997 1.3999999999999992 -0.37972334462557372
v 10.399999999999997 1.5999999999999994 -0.37484685419165525
v 10.399999999999997 1.7999999999999992 -0.37587309035245409
v 10.399999999999997 1.9999999999999989 -0.38176403082222388
v 10.399999999999997 2.1999999999999993 -0.38517784878115624
v 10.399999999999997 2.3999999999999995 -0.38609539172643653
v 10.399999999999997 2.5999999999999992 -0.38701293467171677
v 10.399999999999997 2.7999999999999989 -0.38793047761699706
v 10.399999999999997 2.9999999999999991 -0.3888480205622773
v 10.399999999999997 3.1999999999999993 -0.38976556350755753
v 10.399999999999997 3.3999999999999986 -0.39068310645283783
v 10.399999999999997 3.5999999999999988 -0.39160064939811806
v 10.399999999999997 3.7999999999999989 -0.39251819234339835
v 10.5 -1.1000000000000001 -0.45975689009924342
v 10.599999999999996 -1.0259495556791423 -0.45628101829668161
v 10.599999999999996 -1.0000000000000002 -0.45543914191538404
v 10.599999999999996 -0.80000000000000027 -0.44895058086480488
v 10.599999999999996 -0.60000000000000031 -0.44246201981422573
v 10.599999999999996 -0.4000000000000003 -0.43597345876364652
v 10.599999999999996 -0.20000000000000034 -0.42948489771306736
v 10.599999999999996 -3.8857805861880479e-16 -0.4229963366624882
v 10.599999999999996 0.19999999999999957 -0.41650777561190905
v 10.599999999999996 0.39999999999999952 -0.41001921456132984
v 10.599999999999996 0.59999999999999942 -0.40353065351075068
v 10.599999999999996 0.79999999999999938 -0.39704209246017153
v 10.599999999999996 0.99999999999999933 -0.39055353140959237
v 10.599999999999996 1.1999999999999991 -0.38406497035901321
v 10.599999999999996 1.3999999999999992 -0.37757640930843406
v 10.599999999999996 1.5999999999999994 -0.37342455263228547
v 10.599999999999996 1.7999999999999992 -0.37599797978940352
v 10.599999999999996 1.9999999999999989 -0.38331860307855681
v 10.599999999999996 2.1999999999999993 -0.38716206030941019
v 10.599999999999996 2.3999999999999995 -0.38807960325469043
v 10.599999999999996 2.5999999999999992 -0.38899714619997072
v 10.599999999999996 2.7999999999999989 -0.38991468914525096
v 10.599999999999996 2.9999999999999991 -0.3908322320905312
v 10.599999999999996 3.1999999999999993 -0.39174977503581149
v 10.599999999999996 3.3999999999999986 -0.39266731798109172
v 10.599999999999996 3.5999999999999988 -0.39358486092637202
v 10.599999999999996 3.76286288415114 -0.39433202937837636
v 10.500000000000002 3.7999999999999989 -0.39351029810752536
v 10.635043078967493 -1.0000000000000002 -0.45506296579610084
v 10.799999999999997 -0.87784866703742026 -0.4493292746915577
v 10.799999999999997 -0.80000000000000027 -0.44680364554766516
v 10.799999999999997 -0.60000000000000031 -0.44031508449708601
v 10.799999999999997 -0.4000000000000003 -0.43382652344650685
v 10.799999999999997 -0.20000000000000034 -0.4273379623959277
v 10.799999999999997 -3.8857805861880479e-16 -0.42084940134534854
v 10.799999999999997 0.19999999999999957 -0.41436084029476933
v 10.799999999999997 0.39999999999999952 -0.40787227924419017
v 10.799999999999997 0.59999999999999942 -0.40138371819361102
v 10.799999999999997 0.79999999999999938 -0.39489515714303186
v 10.799999999999997 0.99999999999999933 -0.38840659609245265
v 10.799999999999997 1.1999999999999991 -0.38191803504187349
v 10.799999999999997 1.3999999999999992 -0.37542947399129434
v 10.799999999999997 1.5999999999999994 -0.37200225107291551
v 10.799999999999997 1.7999999999999992 -0.37612286922635285
v 10.799999999999997 1.9999999999999989 -0.38487317533488979
v 10.799999999999997 2.1999999999999993 -0.38914627183766415
v 10.799999999999997 2.3999999999999995 -0.39006381478294438
v 10.799999999999997 2.5999999999999992 -0.39098135772822462
v 10.799999999999997 2.7999999999999989 -0.39189890067350491
v 10.799999999999997 2.9999999999999991 -0.39281644361878515
v 10.799999999999997 3.1999999999999993 -0.39373398656406544
v 10.799999999999997 3.3999999999999986 -0.39465152950934568
v 10.799999999999997 3.5999999999999988 -0.39556907245462591
v 10.799999999999997 3.6885886524534173 -0.39597549192007853
v 10.905129236902482 -0.80000000000000027 -0.44567511718981573
v 10.999999999999996 -0.72974777839569949 -0.44237753108643391
v 10.999999999999996 -0.60000000000000031 -0.43816814917994634
v 10.999999999999996 -0.4000000000000003 -0.43167958812936719
v 10.999999999999996 -0.20000000000000034 -0.42519102707878803
v 10.999999999999996 -3.8857805861880479e-16 -0.41870246602820882
v 10.999999999999996 0.19999999999999957 -0.41221390497762966
v 10.999999999999996 0.39999999999999952 -0.40572534392705051
v 10.999999999999996 0.59999999999999942 -0.39923678287647135
v 10.999999999999996 0.79999999999999938 -0.3927482218258922
v 10.999999999999996 0.99999999999999933 -0.38625966077531304
v 10.999999999999996 1.1999999999999991 -0.37977109972473388
v 10.999999999999996 1.3999999999999992 -0.37328253867415473
v 10.999999999999996 1.5999999999999994 -0.37057994951354561
v 10.999999999999996 1.7999999999999992 -0.37624775866330218
v 10.999999999999996 1.9999999999999989 -0.38642774759122278
v 10.999999999999996 2.1999999999999993 -0.39113048336591805
v 10.999999999999996 2.3999999999999995 -0.39204802631119828
v 10.999999999999996 2.5999999999999992 -0.39296556925647858
v 10.999999999999996 2.7999999999999989 -0.39388311220175881
v 10.999999999999996 2.9999999999999991 -0.3948006551470391
v 10.999999999999996 3.1999999999999993 -0.39571819809231934
v 10.999999999999996 3.3999999999999986 -0.39663574103759958
v 10.999999999999996 3.5999999999999988 -0.39755328398287987
v 10.999999999999996 3.614314420755695 -0.39761895446178064
v 11.175215394837469 -0.60000000000000031 -0.43628726858353062
v 11.199999999999996 -0.58164688975397871 -0.43542578748131006
v 11.199999999999996 -0.4000000000000003 -0.42953265281222752
v 11.199999999999996 -0.20000000000000034 -0.42304409176164837
v 11.199999999999996 -3.8857805861880479e-16 -0.41655553071106916
v 11.199999999999996 0.19999999999999957 -0.41006696966049
v 11.199999999999996 0.39999999999999952 -0.40357840860991084
v 11.199999999999996 0.59999999999999942 -0.39708984755933163
v 11.199999999999996 0.79999999999999938 -0.39060128650875248
v 11.199999999999996 0.99999999999999933 -0.38411272545817332
v 11.199999999999996 1.1999999999999991 -0.37762416440759417
v 11.199999999999996 1.3999999999999992 -0.37113560335701501
v 11.199999999999996 1.5999999999999994 -0.36915764795417572
v 11.199999999999996 1.7999999999999992 -0.37637264810025156
v 11.199999999999996 1.9999999999999989 -0.38798231984755582
v 11.199999999999996 2.1999999999999993 -0.39311469489417195
v 11.199999999999996 2.3999999999999995 -0.39403223783945224
v 11.199999999999996 2.5999999999999992 -0.39494978078473253
v 11.199999999999996 2.7999999999999989 -0.39586732373001277
v 11.199999999999996 2.9999999999999991 -0.396784866675293
v 11.199999999999996 3.1999999999999993 -0.39770240962057324
v 11.199999999999996 3.3999999999999986 -0.39861995256585353
v 11.199999999999996 3.5400401890579727 -0.39926241700348281
v 11.038544783105804 3.5999999999999988 -0.39793568899784282
v 11.399999999999997 -0.43354600111225661 -0.42847404387618615
v 11.399999999999997 -0.4000000000000003 -0.4273857174950878
v 11.399999999999997 -0.20000000000000034 -0.42089715644450865
v 11.399999999999997 -3.8857805861880479e-16 -0.41440859539392949
v 11.399999999999997 0.19999999999999957 -0.40792003434335034
v 11.399999999999997 0.39999999999999952 -0.40143147329277118
v 11.399999999999997 0.59999999999999942 -0.39494291224219197
v 11.399999999999997 0.79999999999999938 -0.38845435119161281
v 11.399999999999997 0.99999999999999933 -0.38196579014103366
v 11.399999999999997 1.1999999999999991 -0.3754772290904545
v 11.399999999999997 1.3999999999999992 -0.36898866803987529
v 11.399999999999997 1.5999999999999994 -0.36773534639480576
v 11.399999999999997 1.7999999999999992 -0.37649753753720089
v 11.399999999999997 1.9999999999999989 -0.38953689210388881
v 11.399999999999997 2.1999999999999993 -0.3950989064224259
v 11.399999999999997 2.3999999999999995 -0.39601644936770619
v 11.399999999999997 2.5999999999999992 -0.39693399231298643
v 11.399999999999997 2.7999999999999989 -0.39785153525826666
v 11.399999999999997 2.9999999999999991 -0.39876907820354696
v 11.399999999999997 3.1999999999999993 -0.39968662114882725
v 11.399999999999997 3.3999999999999986 -0.40060416409410748
v 11.399999999999997 3.4657659573602499 -0.40090587954518497
v 11.445301552772458 -0.4000000000000003 -0.42689941997724551
v 11.599999999999996 -0.28544511247053583 -0.42152230027106236
v 11.599999999999996 -0.20000000000000034 -0.41875022112736898
v 11.599999999999996 -3.8857805861880479e-16 -0.41226166007678983
v 11.599999999999996 0.19999999999999957 -0.40577309902621062
v 11.599999999999996 0.39999999999999952 -0.39928453797563146
v 11.599999999999996 0.59999999999999942 -0.3927959769250523
v 11.599999999999996 0.79999999999999938 -0.38630741587447315
v 11.599999999999996 0.99999999999999933 -0.37981885482389399
v 11.599999999999996 1.1999999999999991 -0.37333029377331484
v 11.599999999999996 1.3999999999999992 -0.36684173272273568
v 11.599999999999996 1.5999999999999994 -0.36631304483543592
v 11.599999999999996 1.7999999999999992 -0.37662242697415027
v 11.599999999999996 1.9999999999999989 -0.3910914643602218
v 11.599999999999996 2.1999999999999993 -0.39708311795067985
v 11.599999999999996 2.3999999999999995 -0.39800066089596009
v 11.599999999999996 2.5999999999999992 -0.39891820384124033
v 11.599999999999996 2.7999999999999989 -0.39983574678652062
v 11.599999999999996 2.9999999999999991 -0.40075328973180091
v 11.599999999999996 3.1999999999999993 -0.40167083267708115
v 11.599999999999996 3.3914917256625277 -0.40254934208688709
v 11.577089566211606 3.3999999999999986 -0.40236107988816028
v 11.715387710707445 -0.20000000000000034 -0.4175115713709604
v 11.799999999999997 -0.13734422382881376 -0.41457055666593845
v 11.799999999999997 -3.8857805861880479e-16 -0.41011472475965011
v 11.799999999999997 0.19999999999999957 -0.40362616370907095
v 11.799999999999997 0.39999999999999952 -0.3971376026584918
v 11.799999999999997 0.59999999999999942 -0.39064904160791258
v 11.799999999999997 0.79999999999999938 -0.38416048055733343
v 11.799999999999997 0.99999999999999933 -0.37767191950675427
v 11.799999999999997 1.1999999999999991 -0.37118335845617512
v 11.799999999999997 1.3999999999999992 -0.36469479740559596
v 11.799999999999997 1.5999999999999994 -0.36489074327606602
v 11.799999999999997 1.7999999999999992 -0.37674731641109965
v 11.799999999999997 1.9999999999999989 -0.39264603661655473
v 11.799999999999997 2.1999999999999993 -0.39906732947893375
v 11.799999999999997 2.3999999999999995 -0.39998487242421404
v 11.799999999999997 2.5999999999999992 -0.40090241536949434
v 11.799999999999997 2.7999999999999989 -0.40181995831477457
v 11.799999999999997 2.9999999999999991 -0.40273750126005481
v 11.799999999999997 3.1999999999999993 -0.40365504420533505
v 11.799999999999997 3.3172174939648049 -0.40419280462858931
v 11.985473868642433 -3.8857805861880479e-16 -0.40812372276467523
v 11.999999999999996 0.010756664812907001 -0.4076188130608146
v 11.999999999999996 0.19999999999999957 -0.40147922839193129
v 11.999999999999996 0.39999999999999952 -0.39499066734135213
v 11.999999999999996 0.59999999999999942 -0.38850210629077297
v 11.999999999999996 0.79999999999999938 -0.38201354524019382
v 11.999999999999996 0.99999999999999933 -0.37552498418961466
v 11.999999999999996 1.1999999999999991 -0.36903642313903551
v 11.999999999999996 1.3999999999999992 -0.3625478620884563
v 11.999999999999996 1.5999999999999994 -0.36346844171669612
v 11.999999999999996 1.7999999999999992 -0.37687220584804904
v 11.999999999999996 1.9999999999999989 -0.39420060887288771
v 11.999999999999996 2.1999999999999993 -0.40089631312764723
v 11.999999999999996 2.3999999999999995 -0.39963015730494406
v 11.999999999999996 2.5999999999999992 -0.39563762373162437
v 11.999999999999996 2.7999999999999989 -0.38890825629420622
v 11.999999999999996 2.9999999999999991 -0.40472171278830871
v 11.999999999999996 3.1999999999999993 -0.405639255733589
v 11.999999999999996 3.2429432622670826 -0.40583626717029142
v 12.199999999999996 0.15885755345462776 -0.40066706945569075
v 12.199999999999996 0.19999999999999957 -0.39933229307479157
v 12.199999999999996 0.39999999999999952 -0.39284373202421241
v 12.199999999999996 0.59999999999999942 -0.38635517097363326
v 12.199999999999996 0.79999999999999938 -0.3798666099230541
v 12.199999999999996 0.99999999999999933 -0.37337804887247494
v 12.199999999999996 1.1999999999999991 -0.36688948782189579
v 12.199999999999996 1.3999999999999992 -0.36040092677131663
v 12.199999999999996 1.5999999999999994 -0.36204614015732622
v 12.199999999999996 1.7999999999999992 -0.3767179303732342
v 12.199999999999996 1.9999999999999989 -0.39267270596557707
v 12.199999999999996 2.1999999999999993 -0.3941448347190038
v 12.199999999999996 2.3999999999999995 -0.38732060727455275
v 12.199999999999996 2.5999999999999992 -0.37827527854448828
v 12.199999999999996 2.7999999999999989 -0.3674320510931679
v 12.199999999999996 2.9999999999999991 -0.40670592431656266
v 12.199999999999996 3.1686690305693608 -0.40747972971199353
v 12.115634349317407 3.1999999999999993 -0.40678647077847774
v 12.255560026577422 0.19999999999999957 -0.39873587415839012
v 12.399999999999997 0.30695844209634987 -0.3937153258505669
v 12.399999999999997 0.39999999999999952 -0.39069679670707275
v 12.399999999999997 0.59999999999999942 -0.38420823565649354
v 12.399999999999997 0.79999999999999938 -0.37771967460591438
v 12.399999999999997 0.99999999999999933 -0.37123111355533522
v 12.399999999999997 1.1999999999999991 -0.36476142497925301
v 12.399999999999997 1.3999999999999992 -0.3586555315683817
v 12.399999999999997 1.5999999999999994 -0.36096636916260427
v 12.399999999999997 1.7999999999999992 -0.37298030225650758
v 12.399999999999997 1.9999999999999989 -0.38203002875791009
v 12.399999999999997 2.1999999999999993 -0.37775696960499816
v 12.399999999999997 2.3999999999999995 -0.36759651543139449
v 12.399999999999997 2.5999999999999992 -0.3565607331351377
v 12.399999999999997 2.7999999999999989 -0.34550648395842509
v 12.399999999999997 2.9999999999999991 -0.33550383931837569
v 12.399999999999997 3.0943947988716376 -0.40912319225369576
v 12.525646184512409 0.39999999999999952 -0.38934802555210501
v 12.599999999999996 0.45505933073807064 -0.38676358224544305
v 12.599999999999996 0.59999999999999942 -0.38206130033935393
v 12.599999999999996 0.79999999999999938 -0.37563442555753052
v 12.599999999999996 0.99999999999999933 -0.36953141228884301
v 12.599999999999996 1.1999999999999991 -0.3639447792357991
v 12.599999999999996 1.3999999999999992 -0.35898580637075483
v 12.599999999999996 1.5999999999999994 -0.36022469692688774
v 12.599999999999996 1.7999999999999992 -0.36593949134795822
v 12.599999999999996 1.9999999999999989 -0.36660798101710734
v 12.599999999999996 2.1999999999999993 -0.35878561591801511
v 12.599999999999996 2.3999999999999995 -0.34901463934274513
v 12.599999999999996 2.5999999999999992 -0.34055460450573993
v 12.599999999999996 2.7791481144209089 -0.33514273453927657
v 12.591576229060177 2.7999999999999989 -0.33475254579551761
v 12.51077997772963 2.9999999999999991 -0.33101006656236664
v 12.485468888039671 3.0626541189056105 -0.32983765786798847
v 12.795732342447398 0.59999999999999942 -0.37996017694581985
v 12.799999999999997 0.60316021937979269 -0.3798118386403192
v 12.799999999999997 0.79999999999999938 -0.37438519717819391
v 12.799999999999997 0.99999999999999933 -0.36914677397568069
v 12.799999999999997 1.1999999999999991 -0.36450694167949721
v 12.799999999999997 1.3999999999999992 -0.36042798967202183
v 12.799999999999997 1.5999999999999994 -0.35928844871679838
v 12.799999999999997 1.7999999999999992 -0.35816894373147495
v 12.799999999999997 1.9999999999999989 -0.35318736181806698
v 12.799999999999997 2.1999999999999993 -0.34657879058162089
v 12.799999999999997 2.2840756408681973 -0.34440672679515516
v 12.753168731721269 2.3999999999999995 -0.34223750426181959
v 12.672372480390722 2.5999999999999992 -0.33849502502866857
v 12.999999999999996 0.75126110802151347 -0.37286009503519535
v 12.999999999999996 0.79999999999999938 -0.37127886865449539
v 12.999999999999996 0.99999999999999933 -0.36935409933467961
v 12.999999999999996 1.1999999999999991 -0.36529820135912167
v 12.999999999999996 1.3999999999999992 -0.3614810342989529
v 12.999999999999996 1.5999999999999994 -0.35788109090206349
v 12.999999999999996 1.7890031673154898 -0.35367071905103364
v 12.995557485712908 1.7999999999999992 -0.35346494196127259
v 12.914761234382363 1.9999999999999989 -0.34972246272812157
v 12.833964983051816 2.1999999999999993 -0.34597998349497061
v 13.065818500382385 0.79999999999999938 -0.3705723283395348
v 13.199999999999996 0.89936199666323424 -0.3659083514300715
v 13.199999999999996 0.99999999999999933 -0.36918040044117029
v 13.199999999999996 1.1999999999999991 -0.36499423412799914
v 13.199999999999996 1.2939306937627826 -0.36293471130691213
v 13.157149988374002 1.3999999999999992 -0.36094990042757458
v 13.076353737043455 1.5999999999999994 -0.35720742119442361
v 13.32269435281129 0.99021771007660186 -0.36861790897833147
v 13.318742491035094 0.99999999999999933 -0.36843485889387662
v 13.237946239704549 1.1999999999999991 -0.36469237966072554
vn 0.022350374323273414 -0.027382875680492118 0.99937512420866081
vn 0.013917759591489177 -0.027930890977836093 0.99951296204558449
vn -0.0024096230314673435 -0.027933515438697532 0.99960687894395883
vn -0.005512495563611248 0.014150196119890138 0.99988468552250054
vn 0.015295545826377658 0.0058532854579853039 0.99986588367001528
vn 0.015294160313879888 -0.014676921508343058 0.99977531307555867
vn 0.015286335006030903 -0.035188584695248992 0.99926377472078343
vn 0.015272099508804073 -0.055655879172426266 0.99833320394051672
vn 0.023170580763021229 -0.029131495307671205 0.99930699995959371
vn 0.021399819893731891 -0.029132645482575624 0.9993464547771721
vn 0.017148017599536797 -0.064327666775408673 0.99778148749094264
vn -0.020727115434628796 0.0023796504657233792 0.99978233828639951
vn -0.020727115434628705 0.0023796504657234733 0.99978233828639951
vn -0.020727115434628796 0.0023796504657234729 0.99978233828639951
vn -0.020727115434628861 0.0023796504657233137 0.99978233828639951
vn -0.020727115434628844 0.0023796504657233788 0.99978233828639951
vn -0.020727115434628889 0.0023796504657233788 0.99978233828639951
vn -0.020727115434628848 0.002379650465723286 0.99978233828639951
vn -0.020727115434628799 0.0023796504657232855 0.99978233828639951
vn -0.020727115434628841 0.0023796504657233779 0.99978233828639951
vn -0.020727115434628889 0.0023796504657233783 0.99978233828639951
vn -0.020727115434628754 0.0023796504657234248 0.99978233828639951
vn -0.020727115434628709 0.0023796504657233779 0.99978233828639951
vn -0.020727115434628799 0.0023796504657233315 0.99978233828639951
vn -0.020727115434628799 0.0023796504657233783 0.99978233828639951
vn -0.020727115434628844 0.0023796504657233788 0.99978233828639951
vn -0.020727115434628889 0.0023796504657233788 0.99978233828639951
vn -0.020727115434628844 0.002379650465723286 0.99978233828639951
vn -0.020727115434628796 0.002379650465723286 0.99978233828639951
vn -0.020727115434628841 0.0023796504657233788 0.99978233828639951
vn -0.020727115434628889 0.0023796504657233788 0.99978233828639951
vn -0.020727115434628754 0.0023796504657234248 0.99978233828639951
vn -0.020727115434628709 0.0023796504657233779 0.99978233828639951
vn -0.020727115434628803 0.0023796504657233328 0.99978233828639951
vn -0.020727115434628796 0.0023796504657233796 0.99978233828639951
vn -0.020727115434628841 0.0023796504657233792 0.99978233828639951
vn -0.020727115434628886 0.0023796504657233775 0.99978233828639951
vn -0.020727068010676804 0.0031998023828846492 0.9997800507693636
vn -0.020328314431274051 0.0036210933648328884 0.99978680093069172
vn -0.019928622562344917 0.010453919149193884 0.99974675072099606
vn -0.018677508662252193 0.014816888162016571 0.9997157648528735
vn -0.017821401048651625 0.027435236346549315 0.99946470946765908
vn -0.016181714946989861 0.031553617225783821 0.99937106288972721
vn -0.015392050573313427 0.037521858273580067 0.99917725901405796
vn -0.014370656093375048 0.03508142711470174 0.99928113047082101
vn -0.014135583973265302 0.032429625965271755 0.99937405641005483
vn -0.013900302236042049 0.029938960521944231 0.9994550716468511
vn -0.013901114762691853 0.027920153389594662 0.999513493677327
vn -0.013901114762691718 0.027920153389594689 0.999513493677327
vn -0.013901114762691853 0.027920153389594707 0.999513493677327
vn -0.013901114762691716 0.027920153389594707 0.999513493677327
vn -0.013901114762691853 0.027920153389594683 0.999513493677327
vn -0.013901114762691718 0.027920153389594665 0.999513493677327
vn -0.013901114762691852 0.027920153389594592 0.999513493677327
vn -0.013901114762691728 0.027920153389594627 0.999513493677327
vn -0.013901114762691754 0.027920153389594683 0.999513493677327
vn -0.013901114762691581 0.027920153389594662 0.999513493677327
vn -0.013901114762691518 0.027920153389594277 0.99951349367732689
vn -0.013901114762691791 0.027920153389594655 0.999513493677327
vn -0.013901114762691848 0.027920153389594398 0.999513493677327
vn -0.013901114762827271 0.027920153389797926 0.99951349367731934
vn -0.013901114762690738 0.027920153389594426 0.999513493677327
vn -0.01390111476269087 0.027920153389594467 0.999513493677327
vn -0.013901114762691905 0.027920153389594773 0.999513493677327
vn -0.013901114762692166 0.027920153389594891 0.999513493677327
vn -0.013901114762691911 0.027920153389594752 0.999513493677327
vn -0.013901114762691716 0.027920153389596185 0.999513493677327
vn -0.01390111476269134 0.0279201533895947 0.999513493677327
vn -0.01390111476269165 0.027920153389594599 0.99951349367732689
vn -0.013901114762691701 0.027920153389594766 0.999513493677327
vn -0.013901114762691845 0.027920153389594624 0.999513493677327
vn -0.013901114762691213 0.027920153389595047 0.99951349367732689
vn -0.013901114762691326 0.027920153389594433 0.99951349367732711
vn -0.013901114762692955 0.027920153389595168 0.999513493677327
vn -0.013901114762693087 0.027920153389595234 0.99951349367732689
vn -0.013901114762691911 0.027920153389594679 0.99951349367732689
vn -0.013901114762691765 0.027920153389679903 0.99951349367732467
vn -0.013901114762690682 0.027920153389592042 0.99951349367732711
vn -0.013901114762689647 0.027920153389594117 0.999513493677327
vn -0.01390111476269161 0.027920153389594592 0.999513493677327
vn -0.013901114762776603 0.027920153389849711 0.99951349367731879
vn -0.013901114762691097 0.027920153389593971 0.999513493677327
vn -0.013901114762691291 0.027920153389594193 0.999513493677327
vn -0.01390111476269079 0.027920153389593975 0.99951349367732711
vn -0.013901114762694315 0.0279201533895964 0.99951349367732689
vn -0.013901114762306106 0.027920153389210861 0.99951349367734299
vn -0.0139011147626919 0.027920153389594658 0.999513493677327
vn -0.013901114762691716 0.027920153389595824 0.99951349367732689
vn -0.01390111476269134 0.0279201533895947 0.999513493677327
vn -0.013901114762690734 0.027920153389594624 0.999513493677327
vn -0.013901114762690866 0.027920153389594665 0.99951349367732689
vn -0.01390111476269207 0.027920153389595526 0.999513493677327
vn -0.013901114762691884 0.027920153389596612 0.999513493677327
vn -0.013901114762690094 0.027920153389592795 0.999513493677327
vn -0.013901114762691597 0.027920153389595644 0.99951349367732689
vn -0.013901114762942254 0.027920153389344539 0.99951349367733044
vn -0.013901114762691912 0.027920153389595529 0.99951349367732689
vn -0.013901114762691329 0.027920153389594193 0.99951349367732711
vn -0.013901114762690779 0.027920153389593923 0.99951349367732711
vn -0.01390111476268845 0.027920153389596188 0.99951349367732689
vn -0.013901114762691897 0.027920153389594814 0.99951349367732711
vn -0.020727115434628886 0.0023796504657234729 0.99978233828639951
vn -0.020727115434628792 0.0023796504657234096 0.99978233828639951
vn -0.020727115434628848 0.0023796504657233319 0.99978233828639951
vn -0.020727115434628841 0.0023796504657233311 0.99978233828639951
vn -0.020727115434628698 0.0023796504657234699 0.99978233828639951
vn -0.020727115434628848 0.0023796504657233319 0.99978233828639951
vn -0.020727115434628844 0.0023796504657233319 0.99978233828639951
vn -0.020727115434628848 0.0023796504657233319 0.99978233828639951
vn -0.020727115434628844 0.0023796504657233319 0.99978233828639951
vn -0.020727115434628702 0.0023796504657234707 0.99978233828639951
vn -0.020727115434628848 0.0023796504657233319 0.99978233828639951
vn -0.020727115434628841 0.0023796504657233328 0.99978233828639951
vn -0.020727115434628837 0.0023796504657233315 0.99978233828639951
vn -0.020527647194343541 0.0040087766954731074 0.99978124877898689
vn -0.019302500922727228 0.014909653558608606 0.99970251359536466
vn -0.016999809510413019 0.032799740663046688 0.99931735874498162
vn -0.014880099161080306 0.038619361515203655 0.99914319672663265
vn -0.014017698039607488 0.031774822579207905 0.99939675044084975
vn -0.013901114762691853 0.027920153389594669 0.999513493677327
vn -0.013901114762691942 0.027920153389594655 0.999513493677327
vn -0.013901114762691992 0.027920153389594665 0.999513493677327
vn -0.01390111476269199 0.027920153389594641 0.999513493677327
vn -0.013901114762691832 0.027920153389594648 0.999513493677327
vn -0.013901114762691799 0.027920153389594644 0.99951349367732711
vn -0.013901114762691779 0.027920153389594454 0.999513493677327
vn -0.013901114763161828 0.027920153389594835 0.99951349367732034
vn -0.013901114762691172 0.027920153389593971 0.999513493677327
vn -0.013901114762692377 0.027920153389594683 0.999513493677327
vn -0.013901114762584221 0.027920153389487112 0.99951349367733155
vn -0.013901114762691794 0.027920153389594839 0.999513493677327
vn -0.013901114762539616 0.027920153389594946 0.99951349367732911
vn -0.013901114762691872 0.02792015338959488 0.999513493677327
vn -0.01390111476269198 0.027920153389594554 0.999513493677327
vn -0.013901114762692894 0.027920153389596136 0.99951349367732689
vn -0.013901114762691512 0.027920153389897017 0.99951349367731845
vn -0.013901114762655459 0.027920153389613435 0.99951349367732689
vn -0.013901114762692953 0.02792015338959606 0.999513493677327
vn -0.013901114762691909 0.027920153389595123 0.99951349367732711
vn -0.013901114762691643 0.027920153389594644 0.99951349367732689
vn -0.013901114762691787 0.027920153389594835 0.999513493677327
vn -0.013901114762691878 0.027920153389594589 0.99951349367732689
vn -0.013901114762691931 0.0279201533895953 0.999513493677327
vn -0.013901114762692708 0.027920153389593978 0.99951349367732711
vn -0.01390111476239847 0.027920153389594506 0.99951349367733111
vn -0.013901114762692148 0.027920153389594728 0.99951349367732689
vn -0.013901114762691685 0.02792015338959462 0.999513493677327
vn -0.013901114762691388 0.027920153389596695 0.99951349367732689
vn -0.013901114762691676 0.027920153389595071 0.99951349367732689
vn -0.013901114762522234 0.027920153390103255 0.99951349367731512
vn -0.01390111476269206 0.027920153389594322 0.999513493677327
vn -0.013901114762690863 0.027920153389594391 0.999513493677327
vn -0.013901114762692901 0.027920153389594433 0.999513493677327
vn -0.013901114762692023 0.027920153389594679 0.999513493677327
vn -0.01390111476344333 0.027920153389845326 0.99951349367730957
vn -0.013901114762691992 0.027920153389594433 0.999513493677327
vn -0.020727115434628702 0.0023796504657234733 0.99978233828639951
vn -0.020727115434628858 0.0023796504657232864 0.99978233828639951
vn -0.020727115434628837 0.0023796504657233315 0.99978233828639951
vn -0.020727115434628705 0.0023796504657234707 0.99978233828639951
vn -0.020727115434628844 0.0023796504657233315 0.99978233828639951
vn -0.020727115434628837 0.0023796504657233315 0.99978233828639951
vn -0.020727115434628841 0.0023796504657233315 0.99978233828639951
vn -0.020727115434628837 0.0023796504657233315 0.99978233828639951
vn -0.020727115434628702 0.0023796504657234712 0.99978233828639951
vn -0.020727115434628841 0.0023796504657233319 0.99978233828639951
vn -0.020727115434628837 0.0023796504657233315 0.99978233828639951
vn -0.020727115434628844 0.0023796504657233332 0.99978233828639951
vn -0.020727115434628837 0.0023796504657233315 0.99978233828639951
vn -0.020527594282426762 0.0046071017792790603 0.99977867174998847
vn -0.019301927172018694 0.016784874121383148 0.99967279827360278
vn -0.016998388443449093 0.035253685857877234 0.99923382269805083
vn -0.014879200039309759 0.04015121532981674 0.99908282405100368
vn -0.014017539209306255 0.032129079314073196 0.99938542657822749
vn -0.013901114762691897 0.027920153389594578 0.999513493677327
vn -0.013901114762691897 0.02792015338959461 0.999513493677327
vn -0.013901114762691853 0.027920153389594672 0.999513493677327
vn -0.013901114762691808 0.027920153389594731 0.999513493677327
vn -0.013901114762691827 0.027920153389594689 0.999513493677327
vn -0.01390111476269181 0.027920153389594617 0.999513493677327
vn -0.013901114762691753 0.027920153389593968 0.999513493677327
vn -0.013901114762692115 0.027920153389594693 0.999513493677327
vn -0.013901114762692174 0.027920153389594981 0.99951349367732689
vn -0.013901114762692832 0.027920153389595161 0.999513493677327
vn -0.013901114762692653 0.027920153389595075 0.99951349367732689
vn -0.013901114762693857 0.027920153389596407 0.99951349367732689
vn -0.013901114762620575 0.027920153389450773 0.999513493677332
vn -0.013901114762691801 0.027920153389594613 0.999513493677327
vn -0.013901114762691753 0.027920153389593968 0.999513493677327
vn -0.013901114762692115 0.027920153389594693 0.999513493677327
vn -0.013901114762692833 0.027920153389594478 0.999513493677327
vn -0.013901114762691799 0.027920153389594346 0.999513493677327
vn -0.013901114762691787 0.027920153389593774 0.999513493677327
vn -0.013901114762691798 0.027920153389679864 0.99951349367732456
vn -0.013901114762691092 0.027920153389593944 0.999513493677327
vn -0.01390111476269241 0.027920153389595526 0.99951349367732689
vn -0.013901114762692068 0.027920153389595272 0.99951349367732689
vn -0.013901114762692948 0.027920153389595994 0.99951349367732689
vn -0.013901114762691775 0.027920153389594853 0.999513493677327
vn -0.013901114762690694 0.027920153389593815 0.99951349367732711
vn -0.013901114762692004 0.027920153389594821 0.99951349367732711
vn -0.013901114762692535 0.027920153389594204 0.99951349367732689
vn -0.013901114762690812 0.027920153389595064 0.99951349367732689
vn -0.013901114762691621 0.027920153389594901 0.999513493677327
vn -0.013901114762692056 0.027920153389594471 0.99951349367732711
vn -0.013901114762694707 0.027920153389592521 0.999513493677327
vn -0.013901114762693357 0.027920153389593871 0.99951349367732689
vn -0.013901114762694513 0.027920153389592705 0.99951349367732689
vn -0.013901114762691629 0.027920153389594683 0.999513493677327
vn -0.013901114762691543 0.027920153389594575 0.99951349367732689
vn -0.013901114762691562 0.027920153389595297 0.999513493677327
vn -0.01390111476269207 0.027920153389594714 0.99951349367732711
vn -0.013901114762691812 0.027920153389594242 0.999513493677327
vn -0.013901114762693139 0.027920153389593905 0.999513493677327
vn -0.013901114763029333 0.027920153389429356 0.99951349367732689
vn -0.013901114762690681 0.027920153389592858 0.999513493677327
vn -0.013901114762691414 0.027920153389594977 0.999513493677327
vn -0.020727115434628889 0.0023796504657231034 0.99978233828639951
vn -0.020727115434628834 0.0023796504657232868 0.99978233828639951
vn -0.020727115434628705 0.0023796504657234707 0.99978233828639951
vn -0.020727115434628841 0.0023796504657233315 0.99978233828639951
vn -0.020727115434628841 0.0023796504657233315 0.99978233828639951
vn -0.020727115434628848 0.0023796504657233319 0.99978233828639951
vn -0.020727115434628844 0.0023796504657233319 0.99978233828639951
vn -0.020727115434628705 0.0023796504657234707 0.99978233828639951
vn -0.020727115434628844 0.0023796504657233319 0.99978233828639951
vn -0.020727115434628844 0.0023796504657233319 0.99978233828639951
vn -0.020727115434628848 0.0023796504657233319 0.99978233828639951
vn -0.020727115434628841 0.0023796504657233332 0.99978233828639951
vn -0.020727115434628705 0.0023796504657234707 0.99978233828639951
vn -0.020527534021993296 0.0052054219150917203 0.99977573681784349
vn -0.01930128557249354 0.018659917581520701 0.99963956897028639
vn -0.016996865168885801 0.037706993549907954 0.99914427847626586
vn -0.014878266065344665 0.041682786086854232 0.99902011118041378
vn -0.014017378621715799 0.032483323940463257 0.99937397742904743
vn -0.01390111476269181 0.027920153389594624 0.999513493677327
vn -0.013901114762691716 0.027920153389594703 0.999513493677327
vn -0.013901114762691716 0.027920153389594672 0.999513493677327
vn -0.013901114762691761 0.027920153389594683 0.999513493677327
vn -0.013901114762691824 0.027920153389594644 0.999513493677327
vn -0.013901114762691874 0.027920153389594748 0.99951349367732689
vn -0.013901114762691711 0.027920153389595061 0.99951349367732689
vn -0.013901114762691546 0.027920153389594547 0.999513493677327
vn -0.013901114762861645 0.02792015338976404 0.99951349367732001
vn -0.01390111476269134 0.027920153389594006 0.999513493677327
vn -0.013901114762691687 0.027920153389594603 0.999513493677327
vn -0.013901114762691786 0.027920153389594509 0.99951349367732711
vn -0.013901114762691815 0.0279201533895947 0.999513493677327
vn -0.013901114762691924 0.027920153389594905 0.999513493677327
vn -0.013901114762664299 0.027920153389621366 0.99951349367732656
vn -0.013901114762691891 0.027920153389594943 0.99951349367732689
vn -0.013901114762691477 0.027920153389595307 0.99951349367732689
vn -0.013901114762691501 0.027920153389594547 0.99951349367732711
vn -0.013901114762693095 0.02792015338959395 0.99951349367732689
vn -0.013901114762692098 0.027920153389594464 0.999513493677327
vn -0.01390111476269164 0.027920153389595827 0.999513493677327
vn -0.013901114762692986 0.02792015338959504 0.999513493677327
vn -0.013901114762691352 0.027920153389594912 0.999513493677327
vn -0.013901114763079946 0.027920153388433618 0.99951349367735409
vn -0.020727115434628796 0.0023796504657232881 0.99978233828639951
vn -0.020727115434628709 0.002379650465723472 0.99978233828639951
vn -0.020727115434628848 0.0023796504657233319 0.99978233828639951
vn -0.020727115434628841 0.0023796504657233315 0.99978233828639951
vn -0.020727115434628844 0.0023796504657233315 0.99978233828639951
vn -0.020727115434628844 0.0023796504657233319 0.99978233828639951
vn -0.020727115434628705 0.0023796504657234707 0.99978233828639951
vn -0.020727115434628848 0.0023796504657233319 0.99978233828639951
vn -0.020727115434628844 0.0023796504657233319 0.99978233828639951
vn -0.020727115434628844 0.0023796504657233319 0.99978233828639951
vn -0.020727115434628844 0.0023796504657233319 0.99978233828639951
vn -0.020727115434628705 0.002379650465723472 0.99978233828639951
vn -0.020727115434628844 0.0023796504657233319 0.99978233828639951
vn -0.020527466413236672 0.0058037364603860204 0.99977244399200749
vn -0.019300576144455583 0.020534764181007577 0.99960282673696077
vn -0.016995239769272349 0.040159619619632346 0.99904873093217594
vn -0.014877297258913413 0.043214063062840549 0.99895505943954788
vn -0.014017216277017654 0.03283755632543512 0.99936240300624546
vn -0.013901114762691852 0.027920153389594672 0.999513493677327
vn -0.013901114762691852 0.027920153389594703 0.999513493677327
vn -0.013901114762691864 0.027920153389594651 0.99951349367732689
vn -0.013901114762691867 0.027920153389594565 0.999513493677327
vn -0.013901114762661485 0.027920153389594578 0.99951349367732734
vn -0.01390111476269147 0.027920153389594762 0.99951349367732711
vn -0.013901114762691812 0.027920153389594582 0.999513493677327
vn -0.013901114762691905 0.027920153389358604 0.99951349367733366
vn -0.013901114762691916 0.02792015338959453 0.99951349367732711
vn -0.013901114762691815 0.027920153389593621 0.99951349367732711
vn -0.013901114762691822 0.027920153389594839 0.99951349367732711
vn -0.013901114762692532 0.027920153389594457 0.999513493677327
vn -0.013901114762691865 0.027920153389594575 0.99951349367732689
vn -0.013901114762691522 0.027920153389594964 0.999513493677327
vn -0.01390111476269169 0.02792015338959411 0.99951349367732689
vn -0.013901114762691432 0.027920153389594374 0.99951349367732711
vn -0.013901114762691806 0.027920153389594572 0.99951349367732689
vn -0.013901114762692254 0.027920153389594408 0.99951349367732711
vn -0.013901114762691928 0.027920153389594846 0.999513493677327
vn -0.013901114762691815 0.027920153389594658 0.999513493677327
vn -0.013901114762691852 0.027920153389594676 0.99951349367732689
vn -0.013901114762692922 0.027920153389594873 0.99951349367732689
vn -0.013901114762691432 0.02792015338959385 0.99951349367732711
vn -0.013901114762691805 0.02792015338959504 0.999513493677327
vn -0.013901114762584316 0.027920153389488115 0.99951349367733144
vn -0.013901114762691579 0.027920153389594825 0.999513493677327
vn -0.01390111476269075 0.027920153389593104 0.999513493677327
vn -0.013901114762692244 0.027920153389594849 0.999513493677327
vn -0.013901114762692538 0.02792015338959419 0.999513493677327
vn -0.013901114762692511 0.027920153389594114 0.99951349367732689
vn -0.013901114762692254 0.027920153389594374 0.99951349367732689
vn -0.013901114762692337 0.027920153389594294 0.999513493677327
vn -0.013901114762692079 0.02792015338959446 0.999513493677327
vn -0.013901114762691992 0.027920153389595311 0.999513493677327
vn -0.01390111476269181 0.027920153389594773 0.999513493677327
vn -0.013901114762691848 0.027920153389594776 0.99951349367732689
vn -0.013901114762692171 0.02792015338959377 0.999513493677327
vn -0.013901114762692759 0.027920153389595064 0.99951349367732711
vn -0.013901114762690783 0.027920153389594207 0.999513493677327
vn -0.013901114762584351 0.02792015338948698 0.99951349367733155
vn -0.013901114762692159 0.027920153389594783 0.99951349367732689
vn -0.013901114762692927 0.027920153389594811 0.999513493677327
vn -0.013901114762691897 0.02792015338959479 0.99951349367732711
vn -0.013901114762691564 0.027920153389593614 0.999513493677327
vn -0.013901114762691839 0.027920153389594714 0.99951349367732689
vn -0.01390111476269159 0.027920153389594637 0.999513493677327
vn -0.01390111476269182 0.027920153389594558 0.999513493677327
vn -0.013901114762691628 0.027920153389594846 0.999513493677327
vn -0.013901114762692743 0.02792015338959538 0.99951349367732689
vn -0.013901114762691874 0.027920153389594488 0.999513493677327
vn -0.013901114762691754 0.027920153389594367 0.999513493677327
vn -0.013901114762690762 0.02792015338959368 0.999513493677327
vn -0.01390111476269203 0.0279201533895942 0.999513493677327
vn -0.013901114762690707 0.02792015338959368 0.99951349367732711
vn -0.013901114762690315 0.027920153389595064 0.999513493677327
vn -0.013901114762691496 0.027920153389594811 0.999513493677327
vn -0.020727115434628796 0.0023796504657234729 0.99978233828639951
vn -0.020727115434628896 0.0023796504657233489 0.99978233828639951
vn -0.020727115434628844 0.0023796504657233319 0.99978233828639951
vn -0.020727115434628841 0.0023796504657233315 0.99978233828639951
vn -0.020727115434628841 0.0023796504657233315 0.99978233828639951
vn -0.020727115434628705 0.0023796504657234707 0.99978233828639951
vn -0.020727115434628848 0.0023796504657233319 0.99978233828639951
vn -0.020727115434628844 0.0023796504657233319 0.99978233828639951
vn -0.020727115434628844 0.0023796504657233319 0.99978233828639951
vn -0.020727115434628844 0.0023796504657233319 0.99978233828639951
vn -0.020727115434628705 0.0023796504657234707 0.99978233828639951
vn -0.020727115434628844 0.0023796504657233332 0.99978233828639951
vn -0.020727115434628844 0.0023796504657233319 0.99978233828639951
vn -0.020527391456375142 0.0064020447726659884 0.99976879328308976
vn -0.019299798910350802 0.02240939417220951 0.9995625727361217
vn -0.016993512332647925 0.042611520009033822 0.9989471852411016
vn -0.014876293640473413 0.044745035544628567 0.9988876702020264
vn -0.014017052175395176 0.03319177633606897 0.99935070332289688
vn -0.013901114762691855 0.027920153389594672 0.999513493677327
vn -0.013901114762691855 0.027920153389594703 0.999513493677327
vn -0.013901114762691914 0.027920153389594613 0.99951349367732689
vn -0.013901114762693316 0.027920153389595057 0.99951349367732689
vn -0.013901114762692493 0.02792015338959478 0.999513493677327
vn -0.013901114762583665 0.027920153389485735 0.99951349367733155
vn -0.013901114762691817 0.027920153389593999 0.999513493677327
vn -0.013901114762691966 0.027920153389594717 0.999513493677327
vn -0.013901114762691872 0.027920153389593937 0.999513493677327
vn -0.013901114762691895 0.027920153389594686 0.999513493677327
vn -0.013901114762691964 0.027920153389594235 0.999513493677327
vn -0.013901114762691867 0.027920153389594509 0.999513493677327
vn -0.013901114762691817 0.027920153389594526 0.999513493677327
vn -0.013901114762692037 0.0279201533895942 0.999513493677327
vn -0.013901114762691775 0.027920153389594814 0.999513493677327
vn -0.01390111476269118 0.027920153389595064 0.99951349367732711
vn -0.013901114762691812 0.027920153389594651 0.99951349367732711
vn -0.013901114762692008 0.027920153389594558 0.999513493677327
vn -0.013901114762691322 0.027920153389593499 0.999513493677327
vn -0.013901114762691841 0.027920153389594658 0.99951349367732689
vn -0.013901114762691966 0.027920153389594249 0.99951349367732689
vn -0.013901114762691765 0.027920153389594849 0.999513493677327
vn -0.013901114762691649 0.027920153389595314 0.999513493677327
vn -0.013901114762692058 0.027920153389594485 0.999513493677327
vn -0.013901114762691824 0.027920153389595064 0.999513493677327
vn -0.013901114762691829 0.027920153389594627 0.99951349367732689
vn -0.013901114762692058 0.027920153389594016 0.999513493677327
vn -0.013901114762628243 0.027920153389855002 0.99951349367732067
vn -0.013901114762691883 0.027920153389409133 0.99951349367733222
vn -0.013901114762691765 0.027920153389594322 0.99951349367732711
vn -0.013901114762691897 0.027920153389594183 0.999513493677327
vn -0.013901114762692251 0.02792015338959488 0.99951349367732689
vn -0.013901114762692079 0.027920153389595061 0.99951349367732689
vn -0.013901114762691747 0.027920153389594592 0.99951349367732711
vn -0.013901114762692223 0.027920153389594783 0.999513493677327
vn -0.013901114762691964 0.027920153389595002 0.99951349367732711
vn -0.013901114762691789 0.027920153389595026 0.999513493677327
vn -0.013901114762691746 0.027920153389594832 0.999513493677327
vn -0.013901114762691322 0.027920153389594714 0.999513493677327
vn -0.013901114762692164 0.027920153389595331 0.999513493677327
vn -0.013901114762691499 0.027920153389594162 0.99951349367732689
vn -0.013901114762692054 0.027920153389595137 0.99951349367732689
vn -0.013901114762692138 0.027920153389594585 0.99951349367732689
vn -0.013901114762691555 0.027920153389595314 0.999513493677327
vn -0.013901114762692113 0.0279201533895942 0.999513493677327
vn -0.013901114762691687 0.027920153389595068 0.999513493677327
vn -0.013901114762692244 0.02792015338959395 0.999513493677327
vn -0.013901114762692091 0.027920153389594894 0.999513493677327
vn -0.013901114762691961 0.027920153389595019 0.99951349367732689
vn -0.013901114762691399 0.027920153389594755 0.999513493677327
vn -0.013901114762691779 0.027920153389594658 0.999513493677327
vn -0.013901114762691904 0.027920153389594856 0.99951349367732689
vn -0.01390111476269195 0.027920153389594728 0.99951349367732711
vn -0.013901114762692547 0.02792015338959446 0.999513493677327
vn -0.013901114762691728 0.027920153389594814 0.999513493677327
vn -0.013901114762691813 0.027920153389594991 0.99951349367732689
vn -0.013901114762691878 0.027920153389594995 0.99951349367732689
vn -0.020727115434628893 0.0023796504657234729 0.99978233828639951
vn -0.020727115434628799 0.00237965046572341 0.99978233828639951
vn -0.020727115434628754 0.0023796504657233779 0.99978233828639951
vn -0.020727115434628799 0.0023796504657232847 0.99978233828639951
vn -0.020727115434628709 0.0023796504657234703 0.99978233828639951
vn -0.020727115434628848 0.0023796504657233315 0.99978233828639951
vn -0.020727115434628844 0.0023796504657233311 0.99978233828639951
vn -0.020727115434628754 0.0023796504657233779 0.99978233828639951
vn -0.020727115434628799 0.0023796504657232855 0.99978233828639951
vn -0.020727115434628705 0.0023796504657234707 0.99978233828639951
vn -0.020727115434628848 0.0023796504657233315 0.99978233828639951
vn -0.020727115434628844 0.0023796504657233324 0.99978233828639951
vn -0.020727115434628754 0.0023796504657233779 0.99978233828639951
vn -0.020527309151649971 0.0070003462094693093 0.99976478470285202
vn -0.019298953894764766 0.024283787818910548 0.9995188082411125
vn -0.016991682952530056 0.045062650725517468 0.99883964690035743
vn -0.014875255231208747 0.046275692829772654 0.99881794489032427
vn -0.014016886317033472 0.03354598383946792 0.99933887839221858
vn -0.013901114762691853 0.027920153389594676 0.999513493677327
vn -0.013901114762691898 0.02792015338959461 0.999513493677327
vn -0.013901114762691857 0.027920153389594676 0.999513493677327
vn -0.013901114762691812 0.027920153389594742 0.999513493677327
vn -0.013901114762691881 0.027920153389594665 0.99951349367732689
vn -0.013901114762691864 0.02792015338959446 0.999513493677327
vn -0.013901114762692223 0.027920153389594519 0.999513493677327
vn -0.013901114762692035 0.027920153389594464 0.999513493677327
vn -0.01390111476269195 0.027920153389594207 0.999513493677327
vn -0.013901114762691883 0.027920153389594485 0.999513493677327
vn -0.01390111476269117 0.027920153389594499 0.99951349367732689
vn -0.013901114762691756 0.027920153389594513 0.999513493677327
vn -0.013901114762691852 0.027920153389594651 0.99951349367732711
vn -0.013901114762692037 0.027920153389594488 0.999513493677327
vn -0.013901114762692271 0.027920153389265488 0.99951349367733611
vn -0.013901114762691994 0.027920153389595602 0.999513493677327
vn -0.013901114762463754 0.027920153389594502 0.99951349367733011
vn -0.013901114762692082 0.02792015338959463 0.999513493677327
vn -0.013901114762691864 0.02792015338959445 0.999513493677327
vn -0.013901114762724936 0.027920153389726744 0.99951349367732278
vn -0.013901114762691957 0.027920153389595064 0.999513493677327
vn -0.013901114762692134 0.027920153389594898 0.999513493677327
vn -0.013901114762691905 0.027920153389594721 0.99951349367732689
vn -0.013901114762692133 0.027920153389595023 0.999513493677327
vn -0.013901114762692247 0.027920153389595141 0.999513493677327
vn -0.013901114762692615 0.027920153389594363 0.99951349367732689
vn -0.013901114762691933 0.027920153389594936 0.99951349367732689
vn -0.013901114762691692 0.02792015338959377 0.999513493677327
vn -0.013901114762691692 0.02792015338959377 0.999513493677327
vn -0.013901114762691692 0.02792015338959377 0.999513493677327
vn -0.013901114762691692 0.02792015338959377 0.999513493677327
vn -0.020727115434628709 0.0023796504657234733 0.99978233828639951
vn -0.020727115434628709 0.0023796504657234712 0.99978233828639951
vn -0.020727115434628803 0.0023796504657232855 0.99978233828639951
vn -0.020727115434628754 0.0023796504657233779 0.99978233828639951
vn -0.020727115434628851 0.0023796504657233315 0.99978233828639951
vn -0.020727115434628844 0.0023796504657233319 0.99978233828639951
vn -0.020727115434628709 0.0023796504657234707 0.99978233828639951
vn -0.020727115434628803 0.0023796504657232855 0.99978233828639951
vn -0.020727115434628754 0.0023796504657233783 0.99978233828639951
vn -0.020727115434628844 0.0023796504657233319 0.99978233828639951
vn -0.020727115434628844 0.0023796504657233319 0.99978233828639951
vn -0.020727115434628709 0.002379650465723472 0.99978233828639951
vn -0.020727115434628803 0.0023796504657232855 0.99978233828639951
vn -0.020527219499326448 0.0075986401283708056 0.99976041826420892
vn -0.019298041124422124 0.026157925397348649 0.9994715346360129
vn -0.016989751727898818 0.047512967845830811 0.99872612172842723
vn -0.014874182053030665 0.047806024226898419 0.99874588497568817
vn -0.014016718702120345 0.033900178702758493 0.99932692822756786
vn -0.013901114762691855 0.027920153389594669 0.999513493677327
vn -0.013901114762691812 0.027920153389594665 0.999513493677327
vn -0.013901114762691767 0.027920153389594721 0.999513493677327
vn -0.013901114762691855 0.027920153389594637 0.999513493677327
vn -0.013901114762691829 0.027920153389594693 0.999513493677327
vn -0.013901114762691791 0.027920153389594658 0.999513493677327
vn -0.013901114762691891 0.027920153389595061 0.99951349367732711
vn -0.013901114762691876 0.027920153389594655 0.999513493677327
vn -0.013901114762429143 0.027920153389594624 0.99951349367733067
vn -0.013901114762636326 0.027920153389594467 0.99951349367732789
vn -0.013901114762691846 0.027920153389594388 0.999513493677327
vn -0.013901114762691801 0.027920153389594488 0.999513493677327
vn -0.013901114762691791 0.027920153389594651 0.999513493677327
vn -0.013901114762419915 0.02792015338959479 0.99951349367733078
vn -0.013901114762691996 0.027920153389594905 0.999513493677327
vn -0.013901114762692068 0.027920153389471493 0.99951349367733044
vn -0.013901114762691945 0.027920153389594686 0.999513493677327
vn -0.013901114762691165 0.027920153389593954 0.999513493677327
vn -0.013901114762691283 0.027920153389594197 0.99951349367732711
vn -0.013901114762619857 0.027920153389451488 0.999513493677332
vn -0.013901114762691791 0.027920153389594651 0.999513493677327
vn -0.013901114762419915 0.02792015338959479 0.99951349367733078
vn -0.013901114762636326 0.027920153389594467 0.99951349367732789
vn -0.013901114762691742 0.027920153389594603 0.999513493677327
vn -0.013901114762691914 0.027920153389594731 0.99951349367732689
vn -0.013901114762691891 0.027920153389594471 0.999513493677327
vn -0.013901114762692164 0.027920153389595016 0.999513493677327
vn -0.013901114762691678 0.027920153389594624 0.999513493677327
vn -0.013901114762692908 0.027920153389597867 0.99951349367732678
vn -0.013901114762692058 0.027920153389594627 0.999513493677327
vn -0.013901114762691737 0.027920153389594728 0.999513493677327
vn -0.013901114762692009 0.027920153389595036 0.999513493677327
vn -0.013901114762691969 0.027920153389594967 0.999513493677327
vn -0.013901114762386963 0.027920153389898821 0.99951349367732267
vn -0.013901114762691862 0.027920153389594977 0.999513493677327
vn -0.013901114762691761 0.02792015338959529 0.99951349367732689
vn -0.013901114762692034 0.027920153389595179 0.999513493677327
vn -0.013901114762693333 0.027920153389593961 0.99951349367732689
vn -0.013901114762692521 0.027920153389594166 0.999513493677327
vn -0.020727115434628796 0.0023796504657234729 0.99978233828639951
vn -0.020727115434628896 0.0023796504657233489 0.99978233828639951
vn -0.020727115434628844 0.0023796504657233319 0.99978233828639951
vn -0.020727115434628841 0.0023796504657233315 0.99978233828639951
vn -0.020727115434628841 0.0023796504657233315 0.99978233828639951
vn -0.020727115434628705 0.0023796504657234707 0.99978233828639951
vn -0.020727115434628848 0.0023796504657233319 0.99978233828639951
vn -0.020727115434628844 0.0023796504657233319 0.99978233828639951
vn -0.020727115434628844 0.0023796504657233319 0.99978233828639951
vn -0.020727115434628844 0.0023796504657233319 0.99978233828639951
vn -0.020727115434628705 0.0023796504657234707 0.99978233828639951
vn -0.020727115434628844 0.0023796504657233332 0.99978233828639951
vn -0.020727115434628844 0.0023796504657233319 0.99978233828639951
vn -0.02052712249969342 0.0081969258869854043 0.99975569398122754
vn -0.019297060628182167 0.028031787197253039 0.99942075341551728
vn -0.016987718763184161 0.049962427519966053 0.9986066158640925
vn -0.014873074128575711 0.049336019056073627 0.99867149197805016
vn -0.014016549330844705 0.034254360793091521 0.99931485284244259
vn -0.013901114762691852 0.027920153389594672 0.999513493677327
vn -0.013901114762691852 0.027920153389594703 0.999513493677327
vn -0.013901114762691853 0.027920153389594672 0.999513493677327
vn -0.01390111476269185 0.027920153389594637 0.999513493677327
vn -0.013901114762691862 0.027920153389594693 0.99951349367732689
vn -0.013901114762691884 0.027920153389594738 0.99951349367732689
vn -0.013901114762691954 0.027920153389594648 0.99951349367732711
vn -0.013901114762691692 0.027920153389593968 0.999513493677327
vn -0.013901114762691652 0.027920153389594655 0.999513493677327
vn -0.013901114762691983 0.027920153389594478 0.999513493677327
vn -0.013901114762691864 0.027920153389594186 0.99951349367732689
vn -0.013901114762692093 0.027920153389593843 0.999513493677327
vn -0.013901114762691914 0.027920153389594266 0.999513493677327
vn -0.013901114762691964 0.027920153389594585 0.999513493677327
vn -0.013901114762691673 0.027920153389594551 0.999513493677327
vn -0.013901114762691435 0.02792015338959437 0.99951349367732689
vn -0.013901114762691477 0.027920153389594957 0.999513493677327
vn -0.013901114762690542 0.027920153389935507 0.99951349367731734
vn -0.0139011147626914 0.027920153389594558 0.99951349367732711
vn -0.013901114762690974 0.027920153389595082 0.99951349367732689
vn -0.013901114762691848 0.027920153389594946 0.999513493677327
vn -0.013901114762690786 0.027920153389680877 0.99951349367732456
vn -0.013901114762691806 0.027920153389594665 0.999513493677327
vn -0.013901114762691964 0.027920153389594585 0.999513493677327
vn -0.013901114762692067 0.027920153389395748 0.99951349367733255
vn -0.013901114762691366 0.02792015338959463 0.999513493677327
vn -0.013901114762691793 0.027920153389594884 0.99951349367732711
vn -0.013901114762692011 0.027920153389594662 0.99951349367732711
vn -0.013901114762691576 0.02792015338959463 0.999513493677327
vn -0.013901114762776395 0.027920153389849128 0.99951349367731879
vn -0.013901114762691728 0.027920153389594905 0.99951349367732689
vn -0.013901114762693073 0.027920153389594193 0.999513493677327
vn -0.020727115434628889 0.0023796504657234729 0.99978233828639951
vn -0.020727115434628799 0.0023796504657234104 0.99978233828639951
vn -0.020727115434628848 0.0023796504657233319 0.99978233828639951
vn -0.020727115434628841 0.0023796504657233315 0.99978233828639951
vn -0.020727115434628705 0.0023796504657234703 0.99978233828639951
vn -0.020727115434628848 0.0023796504657233319 0.99978233828639951
vn -0.020727115434628844 0.0023796504657233319 0.99978233828639951
vn -0.020727115434628848 0.0023796504657233319 0.99978233828639951
vn -0.020727115434628844 0.0023796504657233319 0.99978233828639951
vn -0.020727115434628702 0.0023796504657234707 0.99978233828639951
vn -0.020727115434628848 0.0023796504657233319 0.99978233828639951
vn -0.020727115434628841 0.0023796504657233332 0.99978233828639951
vn -0.020727115434628844 0.0023796504657233319 0.99978233828639951
vn -0.020527018153063275 0.0087952028429721558 0.9997506118691275
vn -0.019296012437038604 0.029905353522875901 0.99936646618480329
vn -0.01698558416824842 0.052410985975050721 0.99848113576551178
vn -0.014871931481203268 0.05086566664917791 0.99859476746593911
vn -0.014016378203398173 0.034608529977641349 0.99930265225048109
vn -0.013901114762691855 0.027920153389594672 0.999513493677327
vn -0.013901114762691855 0.027920153389594703 0.999513493677327
vn -0.013901114762691855 0.027920153389594672 0.999513493677327
vn -0.013901114762691855 0.027920153389594637 0.999513493677327
vn -0.013901114762691824 0.027920153389594672 0.999513493677327
vn -0.013901114762690613 0.027920153389593975 0.999513493677327
vn -0.013901114762692426 0.027920153389594651 0.99951349367732689
vn -0.013901114762918094 0.02792015338970762 0.99951349367732067
vn -0.013901114762691786 0.027920153389594221 0.999513493677327
vn -0.013901114762665076 0.027920153389621973 0.99951349367732656
vn -0.013901114762690734 0.027920153389593631 0.99951349367732711
vn -0.013901114762691961 0.027920153389595435 0.999513493677327
vn -0.013901114762692242 0.027920153389594637 0.99951349367732689
vn -0.013901114762691881 0.027920153389594745 0.99951349367732689
vn -0.013901114762691789 0.027920153389594995 0.99951349367732689
vn -0.01390111476269219 0.027920153389594186 0.999513493677327
vn -0.013901114762691839 0.027920153389594669 0.99951349367732711
vn -0.013901114762691421 0.027920153389595085 0.999513493677327
vn -0.013901114762691942 0.02792015338959461 0.999513493677327
vn -0.013901114762691935 0.027920153389594665 0.99951349367732689
vn -0.020727115434628712 0.0023796504657234733 0.99978233828639951
vn -0.020727115434628872 0.0023796504657232864 0.99978233828639951
vn -0.020727115434628858 0.0023796504657233324 0.99978233828639951
vn -0.020727115434628716 0.0023796504657234703 0.99978233828639951
vn -0.020727115434628855 0.0023796504657233315 0.99978233828639951
vn -0.020727115434628858 0.0023796504657233324 0.99978233828639951
vn -0.020727115434628861 0.0023796504657233324 0.99978233828639951
vn -0.020727115434628858 0.0023796504657233324 0.99978233828639951
vn -0.020727115434628716 0.0023796504657234712 0.99978233828639951
vn -0.020727115434628858 0.0023796504657233324 0.99978233828639951
vn -0.020727115434628858 0.0023796504657233324 0.99978233828639951
vn -0.020727115434628858 0.0023796504657233332 0.99978233828639951
vn -0.020727115434628851 0.0023796504657233319 0.99978233828639951
vn -0.020526906459772089 0.0093934703540372467 0.9997451719442807
vn -0.019294896584114946 0.031778604694025804 0.99930867465939133
vn -0.016983348058370571 0.054858599519220473 0.99834968820925574
vn -0.014870754134996153 0.052394956350269875 0.99851571305638942
vn -0.014016205319973881 0.034962686123607097 0.99929032646546234
vn -0.01390111476269177 0.027920153389594721 0.999513493677327
vn -0.013901114762691813 0.027920153389594658 0.999513493677327
vn -0.01390111476269186 0.027920153389594676 0.999513493677327
vn -0.01390111476269186 0.027920153389594644 0.999513493677327
vn -0.013901114762691812 0.027920153389594658 0.999513493677327
vn -0.013901114762691786 0.02792015338959505 0.999513493677327
vn -0.013901114762691614 0.027920153389594658 0.999513493677327
vn -0.013901114762861468 0.027920153389764214 0.9995134936773199
vn -0.013901114762691883 0.027920153389594811 0.999513493677327
vn -0.013901114762691966 0.02792015338959429 0.999513493677327
vn -0.013901114762691942 0.027920153389594821 0.99951349367732711
vn -0.013901114762691888 0.02792015338959461 0.999513493677327
vn -0.013901114762691694 0.027920153389594495 0.99951349367732711
vn -0.013901114762691938 0.027920153389594124 0.99951349367732711
vn -0.013901114762691879 0.027920153389594169 0.999513493677327
vn -0.013901114762690125 0.027920153389595328 0.99951349367732689
vn -0.013901114762584715 0.027920153389487501 0.99951349367733144
vn -0.013901114762692082 0.027920153389594596 0.999513493677327
vn -0.013901114762692049 0.02792015338959445 0.999513493677327
vn -0.01390111476269147 0.027920153389594814 0.999513493677327
vn -0.013901114762691747 0.027920153389594887 0.999513493677327
vn -0.013901114762692146 0.027920153389111604 0.99951349367734055
vn -0.013901114762691983 0.027920153389594502 0.99951349367732689
vn -0.013901114762691982 0.027920153389595279 0.999513493677327
vn -0.013901114762692618 0.02792015338959505 0.999513493677327
vn -0.013901114762692301 0.027920153389595262 0.99951349367732689
vn -0.013901114762692179 0.027920153389595082 0.99951349367732689
vn -0.013901114762692656 0.027920153389594148 0.999513493677327
vn -0.013901114762691704 0.027920153389594707 0.999513493677327
vn -0.013901114762691453 0.027920153389593576 0.999513493677327
vn -0.013901114762692126 0.027920153389594572 0.999513493677327
vn -0.013901114762861485 0.027920153389424815 0.99951349367732933
vn -0.013901114762637994 0.027920153389433058 0.99951349367733222
vn -0.013901114762692006 0.027920153389594655 0.99951349367732689
vn -0.013901114762692082 0.027920153389595043 0.999513493677327
vn -0.013901114762691886 0.027920153389594891 0.999513493677327
vn -0.01390111476269194 0.027920153389594457 0.999513493677327
vn -0.013901114762691803 0.027920153389594721 0.99951349367732689
vn -0.013901114762428467 0.027920153389594672 0.99951349367733067
vn -0.01390111476269195 0.027920153389594745 0.999513493677327
vn -0.013901114762691824 0.027920153389594748 0.999513493677327
vn -0.013901114762691756 0.027920153389594724 0.999513493677327
vn -0.013901114762691761 0.027920153389594731 0.99951349367732689
vn -0.013901114762691564 0.027920153389594755 0.99951349367732689
vn -0.013901114762692053 0.027920153389594724 0.99951349367732711
vn -0.013901114762691777 0.027920153389594849 0.99951349367732711
vn -0.013901114762691602 0.027920153389594842 0.999513493677327
vn -0.013901114762691628 0.027920153389594714 0.99951349367732711
vn -0.013901114762691775 0.027920153389594925 0.999513493677327
vn -0.013901114762691869 0.027920153389594974 0.99951349367732689
vn -0.01390111476269193 0.027920153389594929 0.999513493677327
vn -0.013901114762691881 0.027920153389594929 0.999513493677327
vn -0.013901114762691938 0.02792015338959488 0.999513493677327
vn -0.020727115434628896 0.0023796504657231034 0.99978233828639951
vn -0.020727115434628834 0.0023796504657232868 0.99978233828639951
vn -0.020727115434628702 0.0023796504657234703 0.99978233828639951
vn -0.020727115434628841 0.0023796504657233315 0.99978233828639951
vn -0.020727115434628841 0.0023796504657233315 0.99978233828639951
vn -0.020727115434628844 0.0023796504657233319 0.99978233828639951
vn -0.020727115434628841 0.0023796504657233319 0.99978233828639951
vn -0.020727115434628702 0.0023796504657234703 0.99978233828639951
vn -0.020727115434628844 0.0023796504657233324 0.99978233828639951
vn -0.020727115434628844 0.0023796504657233324 0.99978233828639951
vn -0.020727115434628844 0.0023796504657233319 0.99978233828639951
vn -0.020727115434628841 0.0023796504657233332 0.99978233828639951
vn -0.020727115434628705 0.0023796504657234707 0.99978233828639951
vn -0.020526787420180052 0.0099917277779370938 0.99973937422421177
vn -0.019293713104662477 0.033651521047097704 0.99924738066499408
vn -0.016981010554229299 0.05730522454547405 0.99821228028929287
vn -0.014869542114757125 0.053923877515955954 0.99843433041484586
vn -0.01401603068076691 0.035316829098212162 0.99927787550130598
vn -0.013901114762691855 0.027920153389594676 0.999513493677327
vn -0.013901114762691898 0.027920153389594613 0.999513493677327
vn -0.013901114762691855 0.027920153389594679 0.999513493677327
vn -0.013901114762691812 0.027920153389594738 0.999513493677327
vn -0.013901114762691806 0.027920153389594655 0.999513493677327
vn -0.013901114762690984 0.02792015338991179 0.99951349367731812
vn -0.013901114762691492 0.02792015338959394 0.999513493677327
vn -0.013901114762691884 0.02792015338959462 0.999513493677327
vn -0.013901114762691579 0.027920153389594658 0.99951349367732711
vn -0.013901114762691888 0.02792015338959453 0.99951349367732711
vn -0.013901114762220369 0.027920153389710722 0.99951349367733022
vn -0.01390111476269193 0.027920153389594325 0.999513493677327
vn -0.013901114762691612 0.027920153389594683 0.99951349367732711
vn -0.013901114762691697 0.027920153389594755 0.99951349367732689
vn -0.013901114762691921 0.027920153389594672 0.999513493677327
vn -0.013901114762691878 0.027920153389594804 0.99951349367732711
vn -0.013901114762691943 0.02792015338959462 0.999513493677327
vn -0.013901114762691954 0.02792015338959504 0.99951349367732689
vn -0.013901114762853687 0.027920153389595422 0.99951349367732478
vn -0.013901114762691498 0.027920153389594263 0.999513493677327
vn -0.013901114762692707 0.027920153389593992 0.999513493677327
vn -0.013901114762691732 0.027920153389594689 0.999513493677327
vn -0.013901114762691994 0.027920153389594738 0.999513493677327
vn -0.013901114762691971 0.027920153389594787 0.99951349367732689
vn -0.01390111476269157 0.027920153389594683 0.99951349367732689
vn -0.013901114762692308 0.027920153389596129 0.99951349367732689
vn -0.013901114762691749 0.027920153389594464 0.999513493677327
vn -0.013901114762691879 0.027920153389594752 0.999513493677327
vn -0.013901114762691808 0.027920153389594707 0.999513493677327
vn -0.013901114762691902 0.02792015338959556 0.999513493677327
vn -0.013901114762691626 0.027920153389595827 0.99951349367732678
vn -0.013901114762692127 0.027920153389594988 0.99951349367732689
vn -0.013901114762692431 0.027920153389594637 0.99951349367732689
vn -0.013901114762691198 0.027920153389594912 0.999513493677327
vn -0.013901114762691041 0.027920153389595071 0.999513493677327
vn -0.013901114762691633 0.027920153389594502 0.999513493677327
vn -0.013901114762692037 0.027920153389594544 0.99951349367732689
vn -0.013901114762691718 0.027920153389594679 0.999513493677327
vn -0.013901114762691898 0.027920153389594717 0.99951349367732711
vn -0.0139011147626919 0.027920153389594724 0.999513493677327
vn -0.013901114762692818 0.027920153389594211 0.999513493677327
vn -0.013901114762691794 0.02792015338959463 0.999513493677327
vn -0.013901114762691649 0.027920153389594572 0.999513493677327
vn -0.013901114762691425 0.027920153389595154 0.99951349367732689
vn -0.013901114762692183 0.027920153389594245 0.999513493677327
vn -0.013901114762692986 0.027920153389594974 0.99951349367732689
vn -0.013901114762692058 0.027920153389594565 0.99951349367732689
vn -0.013901114762692311 0.027920153389594218 0.999513493677327
vn -0.013901114762692944 0.02792015338959488 0.999513493677327
vn -0.013901114762690641 0.02792015338959505 0.99951349367732711
vn -0.01390111476269194 0.027920153389594929 0.999513493677327
vn -0.013901114762691834 0.027920153389594384 0.99951349367732689
vn -0.013901114762690832 0.027920153389594377 0.999513493677327
vn -0.020727115434628775 0.0023796504657232881 0.99978233828639951
vn -0.020727115434628681 0.0023796504657234716 0.99978233828639951
vn -0.02072711543462882 0.0023796504657233319 0.99978233828639951
vn -0.020727115434628816 0.0023796504657233315 0.99978233828639951
vn -0.02072711543462882 0.0023796504657233315 0.99978233828639951
vn -0.020727115434628816 0.0023796504657233319 0.99978233828639951
vn -0.020727115434628678 0.0023796504657234703 0.99978233828639951
vn -0.02072711543462882 0.0023796504657233319 0.99978233828639951
vn -0.02072711543462882 0.0023796504657233324 0.99978233828639951
vn -0.02072711543462882 0.0023796504657233324 0.99978233828639951
vn -0.020727115434628816 0.0023796504657233319 0.99978233828639951
vn -0.020727115434628681 0.002379650465723472 0.99978233828639951
vn -0.02072711543462882 0.0023796504657233324 0.99978233828639951
vn -0.020526661034670171 0.010589974472483204 0.99973321872759635
vn -0.019292462036057102 0.035524082936100286 0.99918258613735678
vn -0.016978571781884326 0.059750817535513277 0.99806891941593145
vn -0.014868295446008912 0.055452419515755476 0.99835062125506724
vn -0.014015854285974792 0.035670958768704276 0.99926529937207154
vn -0.013901114762691931 0.027920153389594627 0.999513493677327
vn -0.013901114762691836 0.027920153389594707 0.999513493677327
vn -0.013901114762691839 0.027920153389594679 0.999513493677327
vn -0.013901114762691888 0.027920153389594689 0.999513493677327
vn -0.013901114762691931 0.027920153389594658 0.999513493677327
vn -0.01390111476269186 0.027920153389594717 0.99951349367732711
vn -0.01390111476269224 0.02792015338959505 0.99951349367732689
vn -0.013901114762690308 0.027920153389594218 0.999513493677327
vn -0.013901114762584092 0.027920153389487237 0.99951349367733155
vn -0.013901114762691867 0.027920153389594637 0.99951349367732689
vn -0.013901114762691647 0.027920153389594679 0.99951349367732689
vn -0.01390111476269122 0.027920153389594179 0.999513493677327
vn -0.013901114762691879 0.027920153389595116 0.999513493677327
vn -0.013901114762570029 0.027920153389688795 0.99951349367732611
vn -0.013901114762692271 0.027920153389594551 0.99951349367732689
vn -0.013901114762691938 0.027920153389595075 0.999513493677327
vn -0.013901114762691669 0.027920153389594651 0.999513493677327
vn -0.013901114762690828 0.027920153389594683 0.999513493677327
vn -0.013901114762690771 0.027920153389594755 0.999513493677327
vn -0.013901114762691949 0.027920153389594218 0.999513493677327
vn -0.01390111476269202 0.027920153389594457 0.99951349367732689
vn -0.013901114762691113 0.02792015338959505 0.99951349367732689
vn -0.013901114762691838 0.027920153389594637 0.99951349367732689
vn -0.01390111476269219 0.027920153389594624 0.99951349367732711
vn -0.013901114762691808 0.027920153389594464 0.999513493677327
vn -0.013901114762691456 0.027920153389594773 0.99951349367732689
vn -0.020727115434628698 0.0023796504657234733 0.99978233828639951
vn -0.020727115434628858 0.0023796504657232864 0.99978233828639951
vn -0.020727115434628844 0.0023796504657233319 0.99978233828639951
vn -0.020727115434628844 0.0023796504657233319 0.99978233828639951
vn -0.020727115434628841 0.0023796504657233315 0.99978233828639951
vn -0.020727115434628705 0.0023796504657234707 0.99978233828639951
vn -0.020727115434628848 0.0023796504657233319 0.99978233828639951
vn -0.020727115434628844 0.0023796504657233319 0.99978233828639951
vn -0.020727115434628848 0.0023796504657233328 0.99978233828639951
vn -0.020727115434628844 0.0023796504657233319 0.99978233828639951
vn -0.020727115434628705 0.0023796504657234707 0.99978233828639951
vn -0.020727115434628848 0.0023796504657233337 0.99978233828639951
vn -0.020727115434628844 0.0023796504657233319 0.99978233828639951
vn -0.020526527303649945 0.011188209795543802 0.99972670547426279
vn -0.019291143417795985 0.037396270733682513 0.99911429312208677
vn -0.016976031872757997 0.062195335063561674 0.99791961331471302
vn -0.014867014154992775 0.056980571732466186 0.99826458733902645
vn -0.014015676135796462 0.036025075002356889 0.99925259809195943
vn -0.013901114762691855 0.027920153389594676 0.999513493677327
vn -0.013901114762691853 0.027920153389594703 0.999513493677327
vn -0.013901114762691855 0.027920153389594676 0.999513493677327
vn -0.013901114762691855 0.027920153389594644 0.999513493677327
vn -0.013901114762691855 0.027920153389594703 0.999513493677327
vn -0.013901114762691947 0.027920153389594658 0.999513493677327
vn -0.013901114762691969 0.027920153389594683 0.99951349367732711
vn -0.013901114762666365 0.027920153389594148 0.99951349367732722
vn -0.013901114762691775 0.027920153389594339 0.999513493677327
vn -0.013901114762691858 0.027920153389594481 0.999513493677327
vn -0.013901114762691957 0.027920153389594637 0.999513493677327
vn -0.013901114762691945 0.027920153389594752 0.99951349367732689
vn -0.013901114762693885 0.027920153389598485 0.99951349367732689
vn -0.013901114762692238 0.02792015338959505 0.99951349367732711
vn -0.022443801742496463 0.0023795622471431853 0.99974527428083182
vn -0.023560065222652884 0.0020166020259528004 0.9997203892303953
vn -0.025206175745769561 0.001835078471854865 0.99968058958413086
vn -0.026838024739376954 0.0018350004956312991 0.9996381111188537
vn -0.028469659203356989 0.001834917637093723 0.99959297295554739
vn -0.030101066136347849 0.0018348298982277878 0.99954517617599448
vn -0.031732232546069404 0.0018347372811358615 0.99949472192540934
vn -0.033363145449840037 0.0018346397880364298 0.99944161141236298
vn -0.034993791875090538 0.0018345374212640844 0.9993858459087025
vn -0.036624158859877291 0.0018344301832699242 0.99932742674946595
vn -0.038254233453396472 0.0018343180766197747 0.99926635533279462
vn -0.039884002716494088 0.0018342011039963286 0.99920263311983959
vn -0.041513453722178024 0.0018340792681970236 0.9991362616346654
vn -0.042941000991590317 0.011234149669381939 0.99901444649967208
vn -0.0415886986472025 0.039563653979520934 0.9983511894261563
vn -0.036067642121227261 0.066029432066751562 0.9971656027424719
vn -0.029650757158680596 0.059931192101132034 0.99776203817005094
vn -0.026882365209934408 0.036614039696946689 0.99896784259444016
vn -0.027160180477735031 0.02759617582591721 0.99925010666809633
vn -0.028109303167928392 0.027595451468590444 0.99922387788405953
vn -0.029058349838719865 0.027594702274018414 0.99919674975004746
vn -0.030007317932021153 0.027593928248275716 0.99916872248602517
vn -0.030956204890805212 0.027593129397637677 0.99913979631921568
vn -0.031905008159140186 0.027592305728579777 0.99910997148409331
vn -0.036640691580473859 0.027524565633825611 0.99894937709934728
vn -0.034963791972087196 0.027399594760033834 0.99901291055617414
vn -0.013901114762691498 0.027920153389594471 0.999513493677327
vn -0.013901114762691678 0.027920153389594613 0.99951349367732689
vn -0.013901114762691825 0.027920153389594658 0.99951349367732689
vn -0.013901114762638276 0.027920153389433554 0.99951349367733233
vn -0.01390111476269219 0.027920153389595328 0.999513493677327
vn -0.013901114762692093 0.027920153389595047 0.999513493677327
vn -0.024413096898768121 0.00020209334258404675 0.99970193550782538
vn -0.026129066403507654 -0.0010261192144100204 0.99965805101956684
vn -0.030396345258333728 -0.001640021747892244 0.99953657888223513
vn -0.035916009337100485 -0.0016397213008470365 0.99935346679108128
vn -0.041432388431141061 -0.0016393709909185011 0.99913996499571833
vn -0.046944981233199692 -0.0016389709140876391 0.99889613199339067
vn -0.052453288161928742 -0.001638521179837813 0.99862203451022691
vn -0.057956811586430984 -0.0016380219110710573 0.99831774745065693
vn -0.063455056048737607 -0.0016374732440143642 0.99798335384074754
vn -0.068947528483993728 -0.0016368753281190416 0.99761894476553981
vn -0.074433738438121233 -0.0016362283259460822 0.99722461930048178
vn -0.079913198282744791 -0.0016355324130454751 0.99680048443705549
vn -0.085385423427160573 -0.0016347877778237162 0.99634665500270836
vn -0.0897912549152768 0.010061527606952765 0.99590978316459677
vn -0.086815769878435617 0.045260250995102176 0.99519572536274226
vn -0.074225777112394489 0.076756359566378357 0.99428315648922572
vn -0.060692789446914815 0.067556432721655527 0.99586771898032567
vn -0.056132808054686248 0.037178245814656091 0.99773086847007031
vn -0.058086855467555959 0.02554229171269563 0.99798472360851032
vn -0.061285951811823683 0.025537397621880453 0.99779350240078268
vn -0.064483160540088194 0.025532243321488627 0.99759211432214789
vn -0.067678384780785958 0.025526829286322314 0.99738057792401935
vn -0.070871527966008277 0.025521156014559648 0.99715891267111678
vn -0.074062493845827262 0.025515224027626082 0.99692713893652074
vn -0.077251186502507063 0.025509033870063987 0.99668527799650519
vn -0.088204295677579092 0.024418513776782579 0.99580306206044333
vn -0.014566589655794576 -0.0060798242710920153 0.99987541734089669
vn -0.016516552906657558 -0.0079780216385461674 0.99983176317359335
vn -0.022535303719687472 -0.0089261319115902515 0.99970619896815593
vn -0.031070199847421407 -0.008924088709890636 0.99947736508744367
vn -0.039598305070539921 -0.0089213965720007626 0.99917585184928559
vn -0.048117765868367725 -0.00891805726049167 0.99880185665753329
vn -0.0566267381337172 -0.0089140729577056564 0.9983556239294894
vn -0.065123389152550851 -0.0089094462618060991 0.99783744465348334
vn -0.07360589955486832 -0.0089041801820904688 0.99724765586387998
vn -0.082072465232029768 -0.0088982781335816725 0.99658664003537323
vn -0.090521299215883547 -0.008891743930918003 0.99585482439868489
vn -0.098950633515232936 -0.0088845817815638075 0.99505268018005
vn -0.10735872090536663 -0.0088767962783595292 0.99418072176712224
vn -0.11382584039952737 0.0077466493615691917 0.99347051666418884
vn -0.11020985750503454 0.054881291931235532 0.99239197452653682
vn -0.094867196485887068 0.093757458421581216 0.99106495953657525
vn -0.079751417625277363 0.078096927690639931 0.99375076416173969
vn -0.076181682483355995 0.036660040332756647 0.99641978738722659
vn -0.079930104450939163 0.021279681117317564 0.99657330566998792
vn -0.084850654695327654 0.021270996964699942 0.99616660809620705
vn -0.089765004940297044 0.021261802232368156 0.99573599897457765
vn -0.094672807429635755 0.021252098923785653 0.99528157213158774
vn -0.099573716769156301 0.021241889148208404 0.99480342634823649
vn -0.10446739004367614 0.021231175119426203 0.99430166530108499
vn -0.10819834840776189 0.021626047890502972 0.99389407456452339
vn -0.11475379639240346 0.020367724356267318 0.99318513984960433
vn 0.0047314449875455692 -0.014874599014270943 0.99987817244527066
vn 0.0024596425197014756 -0.016772783058384231 0.99985630162896499
vn -0.003596904548714067 -0.017721686583834387 0.99983648868317054
vn -0.012139211585943313 -0.017720495429597725 0.99976928517723596
vn -0.020678861675081275 -0.017718011762073226 0.99962915960821286
vn -0.029213988252109167 -0.017714237211217398 0.99941620393629316
vn -0.037742729696590156 -0.017709174251822321 0.99913055778630289
vn -0.046263231356260592 -0.017702826199013536 0.99877240819370083
vn -0.054773647553905486 -0.017695197202232286 0.99834198926500861
vn -0.063272143571475425 -0.017686292237720037 0.99783958175387721
vn -0.071756897606508122 -0.017676117099537432 0.99726551255429097
vn -0.0802261026960394 -0.017664678389142794 0.99662015411269533
vn -0.088677968603342164 -0.017651983503572419 0.9959039237611097
vn -0.09531533144498229 0.0046081348518851551 0.99543646340925251
vn -0.093668575433127149 0.063827062541059229 0.99355538550385214
vn -0.082986048366585019 0.10921527422690261 0.99054799967091012
vn -0.07316708558326146 0.086364228265108423 0.99357324725629759
vn -0.072296275702810858 0.034734982854303181 0.99677817466355789
vn -0.076538324008313952 0.016184624944392764 0.99693527516755454
vn -0.081463413590288455 0.016178289380407079 0.99654501915314464
vn -0.086382542774042045 0.016171564513477926 0.9961307829823739
vn -0.091295362145421166 0.016164451811476199 0.99569265707263843
vn -0.096201524571493502 0.016156952823376799 0.99523073683723384
vn -0.10188481118835103 0.014796084860792877 0.99468616212446948
vn -0.11719374865465951 0.019040836968809222 0.99292651883399508
vn -0.11824899948361531 0.020806368296243875 0.99276596897730385
vn -0.11063418173338915 0.015990583698083562 0.99373254906195863
vn -0.11354517180591707 0.016246977302937376 0.99339998474334723
vn -0.1170359519922453 0.015006271404949431 0.99301429886975434
vn -0.11403289669328003 0.015857903117002813 0.99335040412760267
vn -0.11669263935750264 0.015179606581523085 0.99305206684433722
vn -0.12146192894770046 0.0159658344513098 0.9924676780362055
vn -0.12146100152913514 0.015969569263722599 0.99246773144776379
vn -0.1180379565164838 0.017305868534497774 0.99285827172647334
vn -0.11803749627610101 0.017305401917595754 0.99285833457615691
vn -0.11803790056786743 0.017305811374637135 0.99285827937435056
vn -0.11617959201003406 0.015979155096880131 0.99309967727452808
vn -0.11098176336515422 0.015985092260408892 0.9936938789314278
vn -0.11687234684177714 0.018659220910257516 0.99297164512322178
vn -0.12357379550723842 0.0074486654348490172 0.99230742940238781
vn -0.12061554142517573 0.019918561050105834 0.99249944185999661
vn -0.1205018385170064 0.020091884882104009 0.99250975968798705
vn -0.12248537749056161 0.01865365037655697 0.99229500332744991
vn -0.11485309800335415 0.015979605489184964 0.99325395447863274
vn -0.11420012372453101 0.016644333839590058 0.9933183265662312
vn 0.01911138100952714 -0.023159174972376153 0.9995491022108457
vn 0.016431970049448682 -0.024387694207677304 0.99956752184708697
vn 0.012057314938730938 -0.02500291956670567 0.99961466334263471
vn 0.0065309737064877171 -0.025004203935723515 0.99966601231010443
vn 0.0010040340119108503 -0.0250047246092144 0.9996868287933578
vn -0.00452299769445686 -0.025004481444043457 0.99967710706986301
vn -0.010049614919915843 -0.025003474507059458 0.99963684981223866
vn -0.015575311361654243 -0.025001704075044394 0.99956606808621284
vn -0.021099581138589042 -0.024999170634502452 0.99946478134217565
vn -0.026621919022756575 -0.024995874881288439 0.99933301740033831
vn -0.032141820670005442 -0.024991817720076984 0.99917081242951833
vn -0.037658782849746865 -0.024987000263673068 0.99897821091958694
vn -0.043172303673519798 -0.024981423832166515 0.99875526564761552
vn -0.047662274133785071 0.0012515261534016197 0.99886272395494036
vn -0.048666891381451111 0.068003633356378712 0.9964973856130267
vn -0.046477619346581664 0.11686392052984272 0.99205980413393879
vn -0.045304548712383777 0.089145452350650786 0.99498773167872034
vn -0.047357708175117016 0.032003491492493041 0.99836517567906502
vn -0.050591548050933785 0.011977139490469935 0.998647607214595
vn -0.053795500859140422 0.011975131298359303 0.99848016520995608
vn -0.056997793041440946 0.011973000599826839 0.99830250868413706
vn -0.060198326997401921 0.011970747591714716 0.99811465404972854
vn -0.063397005396584633 0.011968372481960915 0.9979166186445031
vn -0.058825308130556378 0.010508641798358221 0.99821297906353568
vn -0.10835182203425744 0.01471499216515855 0.99400369801497024
vn -0.1089752511076867 0.015350668010001917 0.99392592864743368
vn -0.05869520120310831 0.0089268033304735258 0.99823603698625596
vn -0.086248141993209848 0.013547789138363615 0.99618156749268438
vn -0.087752869618455923 0.016588600165335941 0.9960041426712446
vn -0.099929322298765208 0.013531798336475864 0.99490251832965548
vn -0.09992617050977097 0.013534981289618511 0.99490279159762229
vn -0.099935565108735191 0.013525496371874453 0.99490197696772731
vn -0.10348475948004712 0.014786184055224246 0.99452112763703604
vn -0.090747302152823922 0.022658863047509376 0.99561614243511454
vn -0.099882256844365469 0.013574810586555974 0.99490665857919325
vn -0.08309521658850727 0.014937718789532881 0.99642965107300663
vn -0.079125383770265553 0.011708500881275657 0.99679590922631767
vn -0.08972275888802507 0.0033221477189083739 0.99596123914139101
vn -0.07686153815733808 0.012465230282532821 0.99696385189538927
vn -0.089697378592142218 0.0032901712025466042 0.99596363138779109
vn -0.091030991047673773 0.005323398506879698 0.99583383156890948
vn -0.079672063349454605 0.012415310749065434 0.99674380980302291
vn -0.089487247977536988 0.011914799000346483 0.99591669833083341
vn -0.10838021269340752 0.015981020382132331 0.99398105438890416
vn -0.11257204309528164 0.015983805614753717 0.99351499891618344
vn -0.08626041794674337 0.013539545595573086 0.99618061665579416
vn -0.09734607647411031 0.014633936302011142 0.99514299942440698
vn -0.10834535878145336 0.015985775335111897 0.99398477765881987
vn -0.086244706270033181 0.013554691693925321 0.99618177105058403
vn -0.11019551968116875 0.019694032279812469 0.99371479436242616
vn -0.10910994912882996 0.016231547823560448 0.99389715557312852
vn -0.086257792606810546 0.013551901829444943 0.9961806759676709
vn -0.11086257238641219 0.014716261139541668 0.99372678423294014
vn -0.10877970693705118 0.016814749705237848 0.99392365881441802
vn -0.10228316125220313 0.013530916130330839 0.99466329440315115
vn -0.10229426030452361 0.013533422574602253 0.9946621189037852
vn 0.020228868758337858 -0.027710376549505072 0.99941129066077827
vn 0.017182318358491658 -0.027929472782930322 0.99946221163478466
vn 0.010652755699724153 -0.027932011519948865 0.99955306088694029
vn 0.0073874110515120333 -0.027932834301758889 0.99958250431158835
vn 0.00412183006965792 -0.027933359244309602 0.99960128949406879
vn 0.00085611721476529809 -0.027933586297220186 0.99960941463148012
vn -0.0056752861829599379 -0.027933146675543339 0.99959368267488768
vn -0.0089407677659647296 -0.027932480043150631 0.9995698270908312
vn -0.012205963335776761 -0.027931515605495678 0.99953531448119715
vn -0.015470768493431696 -0.027930253455121037 0.99949014815762705
vn -0.0085787383437464435 0.075123262213203437 0.99713735298747874
vn -0.0096123102142800527 0.11486955395661327 0.99333407727015643
vn -0.014993995941307675 0.086346465661457872 0.99615233170107409
vn -0.01816858931098262 0.029594234910428473 0.99939685992228089
vn -0.019531259919063439 0.0099679468053963001 0.99975955605458389
vn -0.020481215317944865 0.0099677572901386308 0.99974054815922353
vn -0.021431115249125027 0.0099675587841257119 0.99972063851411186
vn -0.022380957144686252 0.0099673512889697242 0.9996998272809543
vn -0.023330738437496151 0.0099671348063557364 0.99967811462876033
vn -0.024280456561242447 0.0099669093380415266 0.99965550073384024
vn -0.0194952782082152 0.0096512019851683339 0.99976336621613893
vn -0.054244494726017174 0.010162042158332985 0.99847597251565912
vn -0.054233319076153176 0.010150834672893943 0.9984766935975159
vn -0.059909675449862886 0.015842036279747122 0.99807808345539939
vn -0.032648231041181801 -0.0078695519037359375 0.99943592248963919
vn -0.036269406997467439 0.0097740179081648761 0.99929425030367447
vn -0.036263797476515758 0.0097796342775169111 0.9992943989365598
vn -0.047905313505737582 0.0013760373974679543 0.99885093355264865
vn -0.062744448918007109 0.018674282526325012 0.99785490192818238
vn -0.016856328390714138 -0.094841797631252167 0.99534963586433145
vn -0.047939577663470324 -0.0019358602456353428 0.99884836153370016
vn -0.070643184700829018 0.010742741968364791 0.99744379989567611
vn -0.070658532164741272 0.010732613611672707 0.99744282183861899
vn -0.053635786877420578 0.0037826235875302754 0.9985534007377046
vn -0.069069291315181899 0.011522168061539804 0.99754532360208081
vn -0.017101744340373603 0.0097176115853776345 0.99980653046756607
vn -0.016969653535161146 0.0097836202248218328 0.99980813741147012
vn -0.013645748057627555 0.0096961019305364018 0.99985987976681023
vn -0.0076183346279800005 0.0096527564239113888 0.99992438977700548
vn 0.016660594184144069 0.020905076953461738 0.99964263732545999
vn 0.01246020863174602 0.055491190939073579 0.9983814255729202
vn 0.0038793567811386612 0.10748382428241336 0.99419926478980647
vn -0.003355957348195856 0.081222910341898089 0.99669031117286833
vn -0.0063382483763090572 0.028066123258630633 0.99958597395759397
vn -0.0067462355303013226 0.0096528168888575273 0.99993065331165831
vn -0.0067462355303013226 0.0096528168888575377 0.99993065331165831
vn -0.0067462355303013243 0.0096528168888575273 0.99993065331165831
vn -0.0067462355303013711 0.0096528168888575638 0.99993065331165842
vn -0.0067462355303013789 0.0096528168888575724 0.99993065331165831
vn -0.0067462355303013971 0.0096528168888575568 0.99993065331165831
vn -0.0067462355303013017 0.0096528168888575083 0.99993065331165831
vn -0.0067462355303019514 0.009652816888858419 0.99993065331165831
vn -0.0067462355303012627 0.0096528168888575395 0.99993065331165831
vn -0.0067462355303012575 0.0096528168888578882 0.99993065331165831
vn -0.0067462355303017302 0.0096528168888571266 0.99993065331165842
vn -0.0067462355303010198 0.009652816888857902 0.99993065331165831
vn -0.0067462355303011387 0.0096528168888578257 0.99993065331165831
vn -0.0067462355303007805 0.0096528168888583756 0.99993065331165831
vn 0.015293282831335126 0.018169518794829503 0.99971795226804094
vn 0.011764612501611588 0.054153654107663526 0.99846330710721376
vn 0.0038827217388931684 0.099183005919687345 0.99506163417581006
vn -0.0033573433650852802 0.076002875756963836 0.9971019462031957
vn -0.0063384601828406504 0.02685003536785022 0.99961937732481743
vn -0.0067462355303013382 0.0096528168888575256 0.99993065331165831
vn -0.0067462355303013373 0.009652816888857536 0.99993065331165842
vn -0.0067462355303013364 0.0096528168888575256 0.99993065331165831
vn -0.0067462355303012905 0.0096528168888576071 0.99993065331165831
vn -0.0067462355303013243 0.0096528168888576227 0.99993065331165831
vn -0.0067462355303002574 0.0096528168888572637 0.99993065331165842
vn -0.0067462355303011838 0.0096528168888573903 0.99993065331165831
vn -0.0067462355306027412 0.0096528168890081083 0.99993065331165487
vn -0.0067462355303012349 0.009652816888857366 0.99993065331165831
vn -0.0067462355303020399 0.009652816888858046 0.99993065331165831
vn -0.0067462355303015654 0.0096528168888579784 0.99993065331165842
vn -0.0067462355303013659 0.0096528168888576106 0.99993065331165831
vn -0.0067462355303007492 0.0096528168888570555 0.99993065331165831
vn -0.006746235530300241 0.0096528168888544881 0.99993065331165831
vn -0.006746235530301195 0.0096528168888576418 0.99993065331165831
vn -0.0067462355302909489 0.0096528168888678767 0.9999306533116582
vn -0.006746235530300332 0.009652816888856823 0.99993065331165831
vn -0.0067462355302757258 0.0096528168887802662 0.99993065331165931
vn -0.0067462355303012349 0.0096528168888582091 0.99993065331165831
vn -0.0067462355303014527 0.0096528168888579645 0.99993065331165831
vn -0.0067462355303015246 0.0096528168888581102 0.99993065331165831
vn -0.006746235530300751 0.0096528168888574545 0.99993065331165842
vn -0.0067462355303027424 0.0096528168888567172 0.99993065331165831
vn -0.0067462355303007293 0.0096528168888574666 0.99993065331165842
vn -0.0067462355303016574 0.0096528168888572619 0.99993065331165842
vn -0.0067462355303010554 0.0096528168888578257 0.99993065331165831
vn -0.0067462355303013286 0.0096528168888575031 0.99993065331165842
vn -0.0067462355303009288 0.0096528168888582039 0.99993065331165831
vn -0.0067462355303011083 0.0096528168888576679 0.99993065331165831
vn -0.0067462355303014405 0.0096528168888573053 0.99993065331165831
vn -0.006746235530301398 0.0096528168888573591 0.99993065331165842
vn -0.0067462355303530008 0.0096528168887028473 0.99993065331165942
vn 0.015294294891432853 0.014064749713742398 0.99978411037546688
vn 0.011768466535741217 0.047741404165400125 0.9987903991948025
vn 0.0038858212065831744 0.090861430258856762 0.99585596392493703
vn -0.0033586383265538093 0.070776584675355553 0.99748653856093894
vn -0.0063386626214656204 0.025633828256370648 0.99965130330785545
vn -0.0067462355303013364 0.0096528168888575256 0.99993065331165831
vn -0.0067462355303013382 0.0096528168888575377 0.99993065331165842
vn -0.0067462355303013382 0.0096528168888575256 0.99993065331165831
vn -0.0067462355303013859 0.009652816888857562 0.99993065331165831
vn -0.0067462355303013624 0.0096528168888575881 0.99993065331165831
vn -0.0067462355303012644 0.0096528168888575083 0.99993065331165831
vn -0.006746235530536028 0.0096528168888573868 0.99993065331165676
vn -0.0067462355303012861 0.0096528168888574475 0.99993065331165831
vn -0.0067462355301672865 0.0096528168885892263 0.99993065331166187
vn -0.0067462355303012905 0.0096528168888572637 0.99993065331165842
vn -0.006746235530426142 0.0096528168888578066 0.99993065331165742
vn -0.0067462355303012358 0.0096528168888578899 0.99993065331165831
vn -0.0067462355303013902 0.0096528168888575117 0.99993065331165842
vn -0.0067462355303015654 0.0096528168888575447 0.99993065331165842
vn -0.0067462355303016851 0.009652816888857732 0.99993065331165831
vn -0.0067462355302727109 0.0096528168888004341 0.99993065331165909
vn -0.0067462355303014735 0.0096528168888572619 0.99993065331165842
vn -0.0067462355303015394 0.0096528168888572637 0.99993065331165842
vn -0.0067462355303019843 0.0096528168888575985 0.99993065331165842
vn -0.0067462355302326908 0.0096528168888231538 0.99993065331165909
vn -0.0067462355303014605 0.0096528168888574978 0.99993065331165831
vn -0.0067462355303015333 0.0096528168888576696 0.99993065331165842
vn -0.0067462355303015316 0.0096528168888576609 0.99993065331165853
vn -0.0067462355303018577 0.0096528168888575239 0.99993065331165831
vn -0.006746235530301248 0.009652816888857732 0.99993065331165831
vn -0.0067462355303014422 0.0096528168888572897 0.99993065331165831
vn -0.0067462355303014795 0.0096528168888573521 0.99993065331165831
vn -0.0067462355303018169 0.0096528168888790535 0.9999306533116582
vn -0.0067462355303016001 0.0096528168888580582 0.99993065331165831
vn -0.0067462355303010268 0.009652816888857824 0.99993065331165831
vn -0.0067462355303002123 0.0096528168888583721 0.99993065331165831
vn -0.0067462355303007501 0.0096528168888562211 0.99993065331165842
vn -0.0067462355303014752 0.0096528168888574649 0.99993065331165842
vn 0.015295049261258442 0.0099592694354314164 0.99983342333631164
vn 0.01177183734698554 0.041323246450402647 0.99907648012966221
vn 0.0038886532470761488 0.082520778079830603 0.99658175758992473
vn -0.0033598419137182136 0.065544458327526631 0.99784399354050635
vn -0.0063388556894887309 0.024417507309906036 0.99968175148159955
vn -0.0067462355303013694 0.0096528168888575724 0.99993065331165831
vn -0.0067462355303013226 0.0096528168888575377 0.99993065331165831
vn -0.0067462355303013226 0.0096528168888575273 0.99993065331165831
vn -0.0067462355303012774 0.0096528168888576089 0.99993065331165842
vn -0.0067462355303012774 0.0096528168888576297 0.99993065331165831
vn -0.0067462355303013512 0.009652816888857543 0.99993065331165842
vn -0.0067462355303013156 0.0096528168888574996 0.99993065331165831
vn -0.0067462355303014041 0.0096528168888573573 0.99993065331165831
vn -0.0067462355303006677 0.0096528168888570104 0.99993065331165831
vn -0.0067462355303004613 0.0096528168888557198 0.99993065331165831
vn -0.0067462355302755307 0.0096528168887804067 0.99993065331165931
vn -0.0067462355303012263 0.0096528168888578257 0.99993065331165831
vn -0.0067462355303014102 0.0096528168888583687 0.99993065331165831
vn -0.0067462355303009123 0.0096528168888570971 0.99993065331165831
vn -0.0067462355303014518 0.0096528168888565594 0.99993065331165831
vn -0.0067462355303010146 0.0096528168888572827 0.99993065331165831
vn -0.0067462355302999686 0.0096528168888582056 0.99993065331165842
vn -0.0067462355303005072 0.0096528168888576696 0.99993065331165842
vn -0.0067462355303005072 0.0096528168888579367 0.99993065331165842
vn -0.0067462355303011708 0.0096528168888577424 0.99993065331165831
vn -0.00674623553030147 0.0096528168888575655 0.99993065331165842
vn -0.0067462355303011924 0.0096528168888577754 0.99993065331165831
vn -0.006746235530301045 0.0096528168888576574 0.99993065331165831
vn -0.0067462355303018594 0.0096528168888576679 0.99993065331165842
vn -0.0067462355303010025 0.0096528168888572324 0.99993065331165842
vn -0.0067462355303014414 0.0096528168888575117 0.99993065331165831
vn 0.011774723684972054 0.034899969318637612 0.99932144379258703
vn 0.0038912160831350477 0.074162749961511551 0.99723855970150921
vn -0.0033609538296059715 0.060306920333048658 0.9981742229437196
vn -0.0063390393843382829 0.023201077916696389 0.99971072144055118
vn -0.0067462355303012774 0.0096528168888576193 0.99993065331165831
vn -0.0067462355303013226 0.0096528168888575377 0.99993065331165831
vn -0.0067462355303013243 0.0096528168888575273 0.99993065331165831
vn -0.0067462355303013711 0.0096528168888575638 0.99993065331165842
vn -0.0067462355303014613 0.0096528168888575377 0.99993065331165831
vn -0.0067462355303014613 0.0096528168888575377 0.99993065331165831
vn -0.006746235530301352 0.009652816888857569 0.99993065331165831
vn -0.0067462355303013191 0.0096528168888574632 0.99993065331165831
vn -0.0067462355303012566 0.0096528168888565611 0.99993065331165842
vn -0.0067462355303014466 0.0096528168888573122 0.99993065331165842
vn -0.006746235529921046 0.0096528168888574076 0.99993065331166087
vn 0.015295784511447325 0.0017470054068443916 0.99988148645141328
vn 0.011777124477519153 0.028472364289554287 0.99952519918749627
vn 0.0038935081004840325 0.065789064605203881 0.99782595655406947
vn -0.0033619737993585549 0.055064396532490401 0.99847714513987995
vn -0.0063392137035680942 0.021984545467387571 0.99973821279883712
vn -0.0067462355303014613 0.0096528168888575273 0.99993065331165831
vn -0.0067462355303013694 0.0096528168888575828 0.99993065331165831
vn -0.0067462355303013226 0.0096528168888575273 0.99993065331165831
vn -0.0067462355303013243 0.0096528168888575169 0.99993065331165842
vn -0.0067462355303013234 0.0096528168888575377 0.99993065331165831
vn -0.0067462355303012774 0.0096528168888576297 0.99993065331165831
vn -0.0067462355303012792 0.0096528168888576089 0.99993065331165842
vn -0.0067462355303013694 0.0096528168888575135 0.99993065331165842
vn 0.015295765280246842 -0.0023593630176787024 0.9998802293128124
vn 0.011779038831741136 0.02204122556135469 0.99968767053512952
vn 0.00389552785060886 0.057401457114344495 0.99834357692325304
vn -0.0033629015704183438 0.04981731481718342 0.99875268512151361
vn -0.0063393786448555662 0.020767915354913017 0.99976422519022368
vn -0.0067462355303012913 0.0096528168888576175 0.99993065331165831
vn -0.0067462355303012905 0.0096528168888576297 0.99993065331165842
vn -0.0067462355303013382 0.0096528168888575256 0.99993065331165831
vn -0.0067462355303013382 0.0096528168888575152 0.99993065331165831
vn -0.006746235530301339 0.009652816888857536 0.99993065331165842
vn -0.006746235530301385 0.0096528168888575846 0.99993065331165842
vn -0.0067462355303013833 0.0096528168888575603 0.99993065331165831
vn -0.0067462355303012983 0.0096528168888575169 0.99993065331165842
vn 0.015295488135695404 -0.0064656120929199347 0.99986211244498835
vn 0.011780466034969005 0.015607349522400388 0.99980879735121586
vn 0.003897274053282327 0.04900167723445676 0.99879109271316779
vn -0.0033637369127010744 0.044566104957029423 0.99900077455572633
vn -0.0063395342060030948 0.019551192974373927 0.9997887582681303
vn -0.0067462355303013833 0.0096528168888575724 0.99993065331165831
vn -0.006746235530301385 0.0096528168888575828 0.99993065331165842
vn -0.0067462355303013364 0.0096528168888575256 0.99993065331165831
vn -0.0067462355303013382 0.0096528168888575152 0.99993065331165831
vn -0.006746235530301339 0.0096528168888575377 0.99993065331165842
vn -0.0067462355303012922 0.0096528168888576297 0.99993065331165842
vn -0.0067462355303012931 0.0096528168888576071 0.99993065331165831
vn -0.0067462355303013807 0.0096528168888575152 0.99993065331165842
vn 0.015294953119847866 -0.010571534126400462 0.99982713859710559
vn 0.011781405555486199 0.0091715342594577039 0.99988853450895454
vn 0.0038987455988062731 0.040591487557397235 0.99916821953094248
vn -0.0033644796187550299 0.039311198426507467 0.99922135183109784
vn -0.0063396803849378432 0.018334383722919664 0.99981181170564182
vn -0.0067462355303012774 0.0096528168888576193 0.99993065331165831
vn -0.0067462355303012757 0.0096528168888576297 0.99993065331165831
vn -0.0067462355303013243 0.0096528168888575273 0.99993065331165831
vn -0.0067462355303013243 0.0096528168888575169 0.99993065331165842
vn -0.0067462355303013243 0.0096528168888575377 0.99993065331165831
vn -0.0067462355303013694 0.0096528168888575846 0.99993065331165831
vn -0.0067462355303014639 0.0096528168888575169 0.99993065331165842
vn -0.0067462355303013685 0.0096528168888576089 0.99993065331165842
vn 0.011781857043079243 0.0027345790634852392 0.9999268522856869
vn 0.0038999415499615026 0.032172661694118657 0.99947471718669445
vn -0.0033651295039030219 0.034053028229046448 0.99941436210005197
vn -0.0063398171797116546 0.01711749299962886 0.99983338519552112
vn -0.0067462355303013833 0.0096528168888575724 0.99993065331165831
vn -0.0067462355303013841 0.0096528168888575811 0.99993065331165842
vn -0.0067462355303013364 0.0096528168888575256 0.99993065331165831
vn -0.0067462355303013382 0.0096528168888575152 0.99993065331165831
vn -0.0067462355303013382 0.009652816888857536 0.99993065331165842
vn -0.0067462355303013399 0.0096528168888575377 0.99993065331165842
vn -0.0067462355303012905 0.0096528168888576071 0.99993065331165831
vn -0.0067462355303012974 0.0096528168888577008 0.99993065331165842
vn 0.015293109838051521 -0.018781566764142634 0.99970664374173557
vn 0.01178182032939915 -0.0037027160663230816 0.99992373639366006
vn 0.0039008611436621636 0.023746982420316705 0.99971039011719143
vn -0.0033656864063694261 0.028792028719924756 0.99957975731664606
vn -0.0063399445885012323 0.015900526205389471 0.99985347845022099
vn -0.0067462355303012913 0.0096528168888576175 0.99993065331165831
vn -0.0067462355303012913 0.0096528168888576297 0.99993065331165842
vn -0.0067462355303013382 0.0096528168888575256 0.99993065331165831
vn -0.0067462355303013382 0.0096528168888575152 0.99993065331165831
vn -0.0067462355303013399 0.0096528168888575377 0.99993065331165842
vn -0.006746235530301339 0.009652816888857536 0.99993065331165842
vn -0.0067462355303013859 0.009652816888857562 0.99993065331165831
vn -0.0067462355303013798 0.0096528168888576089 0.99993065331165842
vn 0.015291801851657797 -0.022885262606754241 0.99962114100870703
vn 0.01178129542813738 -0.010139550919518805 0.99987918799482245
vn 0.0039015037923045707 0.015316239799440806 0.99987508773174494
vn -0.0033661501873921158 0.02352863542786706 0.99971749626973039
vn -0.0063400626096080503 0.014683488742779001 0.99987209120189313
vn -0.0067462355303013694 0.0096528168888575742 0.99993065331165831
vn -0.0067462355303014596 0.0096528168888575377 0.99993065331165831
vn -0.0067462355303014613 0.0096528168888575273 0.99993065331165831
vn -0.0067462355303013694 0.009652816888857562 0.99993065331165842
vn -0.0067462355303013234 0.0096528168888575377 0.99993065331165831
vn -0.0067462355303013243 0.0096528168888575377 0.99993065331165831
vn -0.0067462355303012774 0.0096528168888576089 0.99993065331165842
vn -0.0067462355303012766 0.0096528168888577008 0.99993065331165842
vn 0.015290236552961413 -0.026987801988971761 0.99951881783684215
vn 0.011780282535009628 -0.016575125571689747 0.99979322369961987
vn 0.0039018690848092795 0.0068822292876554621 0.99996870467914001
vn -0.0033665207313180539 0.018263284875506953 0.9998275446114302
vn -0.0063401712414588602 0.013466386015944708 0.99988922320239992
vn -0.0067462355303013243 0.0096528168888575273 0.99993065331165831
vn -0.0067462355303013226 0.0096528168888575377 0.99993065331165831
vn -0.0067462355303012774 0.0096528168888576193 0.99993065331165831
vn -0.0067462355303012792 0.0096528168888576089 0.99993065331165842
vn -0.0067462355303013243 0.0096528168888575377 0.99993065331165831
vn -0.0067462355303013243 0.0096528168888575377 0.99993065331165831
vn -0.0067462355303013711 0.0096528168888575638 0.99993065331165842
vn -0.0067462355303014622 0.0096528168888575135 0.99993065331165842
vn 0.015288414179108712 -0.031088978155565859 0.99939968972835425
vn 0.011778782027555104 -0.023008640881332292 0.99966587554979647
vn 0.0039019567873509933 -0.0015532501745853218 0.99999118103467532
vn -0.0033667979456841516 0.012996414398887541 0.99990987488091421
vn -0.006340270482605226 0.012249223430484055 0.99990487422332197
vn -0.0067462355303013226 0.0096528168888575273 0.99993065331165831
vn -0.0067462355303013226 0.0096528168888575377 0.99993065331165831
vn -0.0067462355303013694 0.0096528168888575742 0.99993065331165831
vn -0.0067462355303014639 0.0096528168888575169 0.99993065331165842
vn -0.0067462355303013694 0.0096528168888575828 0.99993065331165831
vn -0.0067462355303013243 0.0096528168888575377 0.99993065331165831
vn -0.0067462355303013243 0.0096528168888575169 0.99993065331165842
vn -0.0067462355303012774 0.0096528168888575135 0.99993065331165842
vn 0.011776794464744323 -0.02943929898559183 0.99949719098523349
vn 0.0039017668437728316 -0.0099883980796269412 0.99994250240666327
vn -0.0033669817612805215 0.0077284619661754546 0.99996446652341431
vn -0.0063403603317239232 0.011032006393324502 0.99991904405596821
vn -0.0067462355303013382 0.0096528168888575256 0.99993065331165831
vn -0.0067462355303013373 0.009652816888857536 0.99993065331165842
vn -0.0067462355303013364 0.0096528168888575256 0.99993065331165831
vn -0.0067462355303012905 0.0096528168888576071 0.99993065331165831
vn -0.0067462355303012922 0.0096528168888576297 0.99993065331165842
vn -0.0067462355303013399 0.0096528168888575377 0.99993065331165842
vn -0.0067462355303013382 0.0096528168888575152 0.99993065331165831
vn -0.0067462355303013902 0.0096528168888575169 0.99993065331165842
vn 0.015283999348327351 -0.039286415592438909 0.99911109337941917
vn 0.01177432058640215 -0.035866303794151053 0.99928723279489273
vn 0.0039012993756881794 -0.018421414273600899 0.99982269996201911
vn -0.0033670721321982337 0.0024598659957605165 0.99999130590447605
vn -0.0063404407876166396 0.0098147403126034941 0.99993173251138245
vn -0.0067462355303013364 0.0096528168888575256 0.99993065331165831
vn -0.0067462355303013382 0.0096528168888575377 0.99993065331165842
vn -0.0067462355303013382 0.0096528168888575256 0.99993065331165831
vn -0.0067462355303013859 0.009652816888857562 0.99993065331165831
vn -0.006746235530301385 0.0096528168888575828 0.99993065331165842
vn -0.006746235530301339 0.009652816888857536 0.99993065331165842
vn -0.0067462355303013382 0.0096528168888575152 0.99993065331165831
vn -0.0067462355303012887 0.0096528168888575152 0.99993065331165842
vn 0.015281407559134288 -0.043382265278788461 0.99894166878866975
vn 0.011771361312443022 -0.042288861480554427 0.99903607905196823
vn 0.0039005546822629845 -0.026850500876532107 0.99963185037085023
vn -0.0033670690358621152 -0.0028089348260816106 0.99999038631941373
vn -0.0063405118492105925 0.0085974305975483351 0.99994293942035029
vn -0.0067462355303013243 0.0096528168888575273 0.99993065331165831
vn -0.0067462355303013226 0.0096528168888575377 0.99993065331165831
vn -0.0067462355303013226 0.0096528168888575273 0.99993065331165831
vn -0.0067462355303012774 0.0096528168888576089 0.99993065331165842
vn -0.0067462355303012774 0.0096528168888576297 0.99993065331165831
vn -0.0067462355303013243 0.0096528168888575377 0.99993065331165831
vn -0.0067462355303013243 0.0096528168888575169 0.99993065331165842
vn -0.0067462355303013694 0.0096528168888575135 0.99993065331165842
vn 0.015278560029975703 -0.04747592868445534 0.99875552654238609
vn 0.011767917741922452 -0.048706180970264176 0.99874382303336984
vn 0.0038995332396852128 -0.035273864196789281 0.99937007567023894
vn -0.0033669724730455482 -0.0080775017277863216 0.99996170799796302
vn -0.0063405735155578945 0.0073800826583563222 0.99995266463340637
vn -0.0067462355303013364 0.0096528168888575256 0.99993065331165831
vn -0.0067462355303013373 0.009652816888857536 0.99993065331165842
vn -0.0067462355303013382 0.0096528168888575256 0.99993065331165831
vn -0.0067462355303012905 0.0096528168888576071 0.99993065331165831
vn -0.0067462355303013382 0.009652816888857536 0.99993065331165842
vn -0.0067462355303013399 0.0096528168888575377 0.99993065331165842
vn -0.0067462355303013382 0.0096528168888575152 0.99993065331165831
vn -0.0067462355303012983 0.0096528168888575169 0.99993065331165842
vn 0.015275457190600994 -0.05156720128907688 0.99855269473314723
vn 0.011763991151906345 -0.055117474424750131 0.99841057312370984
vn 0.0038982357003187382 -0.043689716635128314 0.99903754304769099
vn -0.0033667824678707378 -0.013345396035180082 0.99990527810412044
vn -0.0063406257858362085 0.0061627019060742031 0.99996090802083903
vn -0.0067462355303013382 0.0096528168888575256 0.99993065331165831
vn -0.0067462355303013382 0.0096528168888575377 0.99993065331165842
vn -0.0067462355303012913 0.0096528168888576175 0.99993065331165831
vn -0.0067462355303012931 0.0096528168888576071 0.99993065331165831
vn -0.0067462355303013399 0.0096528168888575377 0.99993065331165842
vn -0.006746235530301339 0.009652816888857536 0.99993065331165842
vn -0.0067462355303013382 0.0096528168888575152 0.99993065331165831
vn -0.0067462355303013807 0.0096528168888575152 0.99993065331165842
vn 0.011759582996157762 -0.061521957720928722 0.99803645270397856
vn 0.0038966628915488395 -0.052096278573621979 0.99863446454500515
vn -0.0033664990677907494 -0.018612179354065249 0.99982111073117408
vn -0.006340668659348102 0.0049452937524782879 0.99996766947269555
vn -0.0067462355303013226 0.0096528168888575273 0.99993065331165831
vn -0.0067462355303013226 0.0096528168888575377 0.99993065331165831
vn -0.0067462355303013694 0.0096528168888575742 0.99993065331165831
vn -0.0067462355303014639 0.0096528168888575169 0.99993065331165842
vn -0.0067462355303013694 0.0096528168888575828 0.99993065331165831
vn -0.0067462355303013243 0.0096528168888575377 0.99993065331165831
vn -0.0067462355303013243 0.0096528168888575169 0.99993065331165842
vn -0.0067462355303012774 0.0096528168888575135 0.99993065331165842
vn 0.015268487490228114 -0.059741759064716488 0.99809708721827961
vn 0.011754694903648681 -0.067918850925272528 0.99762160002513611
vn 0.0038948158143196233 -0.060491780244841684 0.99816109668358755
vn -0.0033661223435584083 -0.023877413752534705 0.99970922689192898
vn -0.0063407021355220633 0.0037278636099538692 0.99997294889878596
vn -0.0067462355303013382 0.0096528168888575256 0.99993065331165831
vn -0.0067462355303013373 0.009652816888857536 0.99993065331165842
vn -0.0067462355303013364 0.0096528168888575256 0.99993065331165831
vn -0.0067462355303012905 0.0096528168888576071 0.99993065331165831
vn -0.0067462355303012922 0.0096528168888576297 0.99993065331165842
vn -0.0067462355303013399 0.0096528168888575377 0.99993065331165842
vn -0.0067462355303013382 0.0096528168888575152 0.99993065331165831
vn -0.0067462355303013902 0.0096528168888575169 0.99993065331165842
vn 0.01526462167815529 -0.063824638396526481 0.99784438008066934
vn 0.011749328676896334 -0.07430737876193326 0.99716616806687375
vn 0.0038926956413713448 -0.068874463576741277 0.99761774001250592
vn -0.0033656523891751355 -0.02914066194283553 0.99956965450414148
vn -0.0063407262139111142 0.0025104168913753417 0.99997674622868693
vn -0.0067462355303013199 0.0096528168888575239 0.99993065331165831
vn -0.0067462355303013226 0.0096528168888575377 0.99993065331165831
vn -0.0067462355303013234 0.0096528168888575256 0.99993065331165831
vn -0.0067462355303013694 0.0096528168888575603 0.99993065331165831
vn -0.0067462355303014605 0.009652816888857536 0.99993065331165831
vn -0.0067462355303014605 0.009652816888857536 0.99993065331165831
vn -0.0067462355303013677 0.0096528168888575586 0.99993065331165831
vn -0.0067462355303012662 0.0096528168888575117 0.99993065331165831
vn 0.015260502653282007 -0.067904315348317229 0.99757512048759789
vn 0.011743486290126347 -0.080686771074231528 0.99667032438182301
vn 0.0038903037151800826 -0.077242584008799783 0.99700473858083893
vn -0.0033650893218278976 -0.034401487462609757 0.99940242837118221
vn -0.0063407408941945215 0.0012929590099853866 0.99997906141174331
vn -0.0067462355303013226 0.0096528168888575256 0.99993065331165831
vn -0.0067462355303013217 0.009652816888857536 0.99993065331165831
vn -0.0067462355303013208 0.0096528168888575256 0.99993065331165831
vn -0.0067462355303013234 0.0096528168888575152 0.99993065331165842
vn -0.0067462355303013234 0.0096528168888575377 0.99993065331165831
vn -0.0067462355303012766 0.009652816888857628 0.99993065331165831
vn -0.0067462355303012783 0.0096528168888576089 0.99993065331165842
vn -0.0067462355303013781 0.0096528168888575135 0.99993065331165831
vn 0.015256131033474818 -0.071980588899516737 0.9972893488288983
vn 0.011737169887269194 -0.087056263278883828 0.9961342509255241
vn 0.0038876415456117969 -0.085594412275109 0.99632247933612916
vn -0.0033644332818061977 -0.039659454855334862 0.99920759015795613
vn -0.0063407461761760013 7.5495379275087595e-05 0.99997989441707125
vn -0.0067462355303013503 0.0096528168888575239 0.99993065331165831
vn -0.0067462355303013512 0.009652816888857536 0.99993065331165831
vn -0.006746235530301352 0.0096528168888575239 0.99993065331165831
vn -0.0067462355303013538 0.0096528168888575152 0.99993065331165842
vn -0.006746235530301261 0.0096528168888575828 0.99993065331165831
vn -0.0067462355303012592 0.0096528168888575828 0.99993065331165831
vn -0.0067462355303013538 0.0096528168888575152 0.99993065331165842
vn -0.0067462355303013069 0.0096528168888575152 0.99993065331165842
vn 0.013874550492581654 -0.093112807924474225 0.99555888919191959
vn 0.0077248887641918236 -0.093235587835698949 0.9956141076011894
vn 0.0024292625844652858 -0.044295064229745253 0.99901553840177004
vn 0.00032158250579218309 -0.0010206632304350697 0.9999994274154671
vn -0.00013852564127905001 0.0095652419162002445 0.99995424243198816
vn -0.00040193368239263571 0.0095652412353399285 0.99995417125457542
vn -0.00066534163984318263 0.00956523989080715 0.99995403069657829
vn -0.0009287494588019941 0.0095652378826028631 0.99995382075808481
vn -0.0011921570844406655 0.0095652352107281693 0.99995354143922588
vn -0.0014555644619310038 0.0095652318751846318 0.9999531927401758
vn -0.0017189715364447123 0.0095652278759746669 0.99995277466115251
vn -0.00033584308453350471 0.0094774467058849256 0.99995503159560117
vn 0.023908293220731007 -0.029189991358295374 0.99928791542766793
vn 0.024173999199520031 -0.029012798392065553 0.99928668323567826
vn 0.024372341238466478 -0.029248665413723843 0.99927498945689208
vn 0.024358313015508594 -0.029487270786755244 0.99926831904578428
vn 0.023860850877160583 -0.029448723110436396 0.99928145810006042
vn 0.02352470730285568 -0.029131254317495903 0.99929873319653739
vn 0.023261574422500708 -0.029449139150914058 0.9992955755724412
vn 0.022662272891279343 -0.029449544620544367 0.99930933434499836
vn 0.02281644550112763 -0.029131732646468331 0.99931514146825018
vn 0.022062946928213232 -0.02944993951801643 0.99932273437324937
vn 0.02246230165020114 -0.029131966333619037 0.99932315771331559
vn 0.021463597178150533 -0.029450323842053268 0.99933577561386855
vn 0.02210814934328471 -0.029132196368859442 0.99933104868574019
vn 0.020864224286067455 -0.029450697591412459 0.99934845802468719
vn 0.021753988713436884 -0.029132422751930363 0.99933881437661498
vn 0.020264828897065143 -0.029451060764885351 0.99936078156469388
vn 0.019665411656365709 -0.029451413361297165 0.99937274619403516
vn 0.021045643017259769 -0.029132864560544047 0.99935396987878489
vn 0.019065973209309344 -0.029451755379507925 0.99938435187401631
vn 0.02069145821712531 -0.029133079985588329 0.99936135967296746
vn 0.018466514201350308 -0.029452086818411112 0.99939559856709992
vn 0.020337265626448216 -0.029133291757464749 0.99936862415137573
vn 0.017867035278053615 -0.029452407676934831 0.99940648623690875
vn 0.019983065378363189 -0.029133499875934683 0.99937576330580624
vn 0.017280881256520737 -0.050722534312937488 0.99856326572524723
vn 0.01608284266660295 -0.096318766696151414 0.9952205973320154
vn 0.016671152550538856 -0.096339742866145897 0.99520888592150425
vn 0.018211916549710438 -0.045691770648202144 0.99878956151464582
vn 0.018903743593209517 -0.001612617827224687 0.9998200077723518
vn 0.01837348059458262 0.0090031824139547283 0.99979065704639469
vn 0.017482370819738736 0.0090033262939672159 0.99980663471801667
vn 0.016591219383196319 0.009003463026500038 0.99982181867216169
vn 0.015700028406229166 0.0090035926105762228 0.99983620880029467
vn 0.014808800010581805 0.0090037150452689368 0.99984980499954601
vn 0.013917536318444614 0.0090038303297032118 0.99986260717271491
vn 0.013026239452428508 0.0090039384630549325 0.99987461522827026
vn 0.015567203655221698 0.0087064903520797897 0.99984091694434363
vn 0.020560829764376003 -0.029931990968492139 0.99934044659268262
vn 0.018696093054354147 -0.030138845157338667 0.99937085514691926
vn 0.017216400191080703 -0.030242526595134718 0.99939430914409511
vn 0.01628988606456367 -0.030242996155887363 0.99940982624522878
vn 0.015363329973916403 -0.03024343976090544 0.99942448561336594
vn 0.014436734303703784 -0.030243857406761766 0.99943828713523075
vn 0.013510101439000338 -0.030244249090228641 0.99945123070416808
vn 0.012583433765360003 -0.03024461480827919 0.99946331622014606
vn 0.011656733668785037 -0.03024495455808662 0.99947454358975762
vn 0.010730003535694853 -0.030245268337025018 0.99948491272622286
vn 0.0098032457528962821 -0.030245556142668762 0.99949442354939078
vn 0.008876462707551885 -0.030245817972793285 0.99950307598574106
vn 0.0079496567871498343 -0.030246053825374476 0.99951086996838567
vn 0.0076489020194994012 -0.054185507978543691 0.99850158989508042
vn 0.012392143727736275 -0.092405275392367731 0.99564436414489477
vn 0.023371455220651843 -0.08961788310613511 0.99570196851690729
vn 0.034386252698037745 -0.040801605251699159 0.99857539256396222
vn 0.038639554725596242 -0.0011533034792669094 0.99925254800860652
vn 0.038172043311591852 0.0078238622237931238 0.99924055276460888
vn 0.036797098984489962 0.0078242660373738157 0.99929212664130507
vn 0.035421945651118343 0.0078246550772565638 0.99934181366497987
vn 0.034046591082282869 0.0078250293368175936 0.9993896129896257
vn 0.032671043054495655 0.0078253888096821642 0.99943552380116474
vn 0.031295309349757008 0.0078257334897270606 0.99947954531748717
vn 0.029919397755335621 0.007826063371079009 0.99952167678848758
vn 0.031362836385251482 0.0073666860213907259 0.99948091749214218
vn 0.006795103338653824 -0.030890885304058761 0.99949966472017815
vn 0.0045690902526299756 -0.031097050063559561 0.99950592639143854
vn 0.0029222118118615802 -0.031200128058253916 0.99950888574703278
vn 0.0019953430614312764 -0.03120019916274783 0.99951116360862724
vn 0.001068469168441253 -0.031200243463549389 0.99951258280296373
vn 0.00014159252169002227 -0.031200260960316806 0.99951314331906915
vn -0.00078528448998787116 -0.031200251652914134 0.99951284515260963
vn -0.0017121594777531229 -0.031200215541413303 0.99951168830589077
vn -0.0026390300527929359 -0.031200152626094029 0.99950967278785696
vn -0.0035658938263511864 -0.031200062907442341 0.99950679861409186
vn -0.0044927484097593978 -0.031199946386152057 0.9995030658068178
vn -0.0054195914144677011 -0.03119980306312432 0.99949847439489492
vn -0.0063464204520749081 -0.031199632939466645 0.9994930244138216
vn -0.0057050217478394867 -0.051389820343613113 0.99866237492553411
vn 0.0037196137551940684 -0.080492391007564001 0.99674828289964845
vn 0.022641599003475947 -0.072843364209319167 0.99708635648334609
vn 0.040324298498938919 -0.030046196614877101 0.99873478812923533
vn 0.046957095400324257 0.00040411992517689835 0.99889682544227298
vn 0.046735154171448329 0.0064042552492482524 0.99888678581672774
vn 0.045361673162156398 0.0064046611705238865 0.99895009831483605
vn 0.043987934857867471 0.0064050550324765724 0.99901152989190822
vn 0.042613946989154265 0.0064054368284122611 0.99907107950387741
vn 0.041239717293651348 0.0064058065518401118 0.99912874613833436
vn 0.039865253515837515 0.0064061641964722332 0.99918452881457576
vn 0.038490563406819951 0.0064065097562247082 0.99923842658365025
vn 0.03809802786959525 0.0059476693405338997 0.99925630621070549
vn -0.0045210678781907468 -0.031696116507619124 0.99948732665480855
vn -0.0070284951219342189 -0.031923187746611147 0.99946561238514631
vn -0.0086229333153740664 -0.031988844663717451 0.99945102873433433
vn -0.0092225907942159457 -0.031988673490987538 0.99944568065869865
vn -0.0098222383233485481 -0.031988490816648257 0.9994399732298046
vn -0.010421875256089334 -0.031988296641290735 0.99943390646612318
vn -0.011021500945813133 -0.031988090965542941 0.99942748038728724
vn -0.011621114745955462 -0.031987873790070551 0.99942069501409259
vn -0.012220716010016012 -0.031987645115576807 0.99941355036849611
vn -0.012820304091561735 -0.031987404942801043 0.99940604647361686
vn -0.013419878344231289 -0.03198715327252101 0.99939818335373531
vn -0.0140194381217371 -0.031986890105550468 0.99938996103429323
vn -0.014618982777870155 -0.031986615442741013 0.99938137954189377
vn -0.013238422464029349 -0.046682184308689229 0.99882206515416627
vn -0.0029853464644809917 -0.064445299323747429 0.99791677563891046
vn 0.015730665434154995 -0.051905730809681201 0.99852808737366605
vn 0.032074998307391973 -0.017575326632500998 0.99933092735957174
vn 0.037794414264338216 0.0023454643642507175 0.99928278332378551
vn 0.037708103190161019 0.0052323378078243743 0.99927509805601833
vn 0.036818396025163062 0.0052325115216331789 0.99930827402624367
vn 0.035928601298890354 0.0052326810987262549 0.9993406599639707
vn 0.035038721116370145 0.0052328465378951149 0.99937225563832821
vn 0.034148757583643836 0.0052330078379597385 0.99940306082404085
vn 0.033258712807742674 0.0052331649977697958 0.99943307530143222
vn 0.032368588896663483 0.005233318016205071 0.99946229885643023
vn 0.029397962343053793 0.004936746669087274 0.99955559542348704
vn -0.012045758473409019 -0.032327951289340698 0.99940472445763151
vn -0.012045919476427471 -0.032328272871351961 0.99940471211472826
vn -0.011306562371417615 -0.032410033737818984 0.99941070204418692
vn -0.010864601988845684 -0.032118823350659381 0.99942500549575664
vn -0.012093831349929234 -0.032422777613946518 0.99940107201016948
vn -0.011061479896769949 -0.032217123650169988 0.99941968191856367
vn -0.011494048682613741 -0.03237759341817896 0.99940961486736191
vn -0.011404469056287734 -0.032559394986203881 0.99940473477149205
vn -0.012260253180910782 -0.032090955475894932 0.9994097541892335
vn -0.011995046437358227 -0.032885660345124502 0.9993871383025853
vn -0.01156509856229841 -0.032364579021528311 0.9994092167475761
vn -0.011742253013180397 -0.03236451219583044 0.99940715318857931
vn -0.011919406358370917 -0.032364444354561088 0.9994050582690106
vn -0.012096558581197811 -0.032364375497739288 0.99940293198946184
vn -0.012273709664989692 -0.032364305625384185 0.99940077435053365
vn -0.012450859593075791 -0.03236423473751579 0.99939858535283532
vn -0.012628008348785613 -0.03236416283415413 0.99939636499698525
vn -0.012805155915449581 -0.032364089915319548 0.9993941132836105
vn -0.012982302276398178 -0.032364015981032501 0.99939183021334721
vn -0.013159447414962621 -0.032363941031313709 0.99938951578683999
vn -0.013336591314475186 -0.032363865066184758 0.99938717000474275
vn -0.012141621371420644 -0.042362057180865706 0.99902854671019192
vn -0.0054719595511959233 -0.051556589889753833 0.99865508344853959
vn 0.0059992975904945879 -0.036094341520920663 0.99933037927333701
vn 0.015601636430816886 -0.008801112114206134 0.99983955181130624
vn 0.018855687918850388 0.0037548602781407661 0.99981516494670075
vn 0.018950175684894301 0.0046746307528589747 0.99980950118951961
vn 0.018686898359625476 0.0046746539215521271 0.99981445650701151
vn 0.018423617147097667 0.0046746767663302987 0.99981934254561577
vn 0.018160332102003698 0.0046746992871794313 0.99982415930228419
vn 0.017897043279040618 0.0046747214840851198 0.99982890677401115
vn 0.017633750732909632 0.0046747433570339062 0.99983358495783459
vn 0.017370454518315152 0.0046747649060120472 0.99983819385083539
vn 0.014770353791628586 0.0045871659904174189 0.9998803901252622
vn -0.010728414259175107 -0.03242387897801452 0.99941662643739448
vn -0.010728414259175156 -0.032423878978014638 0.9994166264373946
vn -0.010728414259175144 -0.032423878978014582 0.9994166264373946
vn -0.010728414259175192 -0.032423878978014534 0.9994166264373946
vn -0.010728414259175237 -0.032423878978014492 0.9994166264373946
vn -0.010728414259175192 -0.032423878978014541 0.9994166264373946
vn -0.010728414259175098 -0.032423878978014499 0.9994166264373946
vn -0.01072841425917519 -0.032423878978014541 0.9994166264373946
vn -0.010728414259175281 -0.032423878978014582 0.9994166264373946
vn -0.010728414259175234 -0.032423878978014638 0.9994166264373946
vn -0.010728414259175098 -0.032423878978014499 0.9994166264373946
vn -0.010728414259175097 -0.032423878978014506 0.99941662643739448
vn -0.010728414259175142 -0.032423878978014575 0.9994166264373946
vn -0.010122247601255439 -0.039852265391210485 0.99915431092834073
vn -0.0064195897543350934 -0.044343892006489319 0.99899569974505031
vn 0.0005263280759985852 -0.027252112991353293 0.99962845363478059
vn 0.0069392746180639833 -0.0037944469954493305 0.99996872383078761
vn 0.0095624801721937158 0.0047415757966224759 0.99994303659354578
vn 0.0099204650376141564 0.0045874406934690113 0.99994026809671055
vn 0.0099204650376141096 0.0045874406934689228 0.99994026809671044
vn 0.0099204650376140176 0.0045874406934688717 0.99994026809671055
vn 0.0099204650376140679 0.0045874406934689601 0.99994026809671055
vn 0.0099204650376141113 0.0045874406934689228 0.99994026809671044
vn 0.0099204650376141564 0.0045874406934690156 0.99994026809671044
vn 0.0099204650376141113 0.0045874406934689133 0.99994026809671055
vn 0.0099204650376140315 0.0045874406934688205 0.99994026809671055
vn -0.010728414259623037 -0.032423878978013111 0.99941662643738971
vn -0.01072841425917522 -0.032423878978013486 0.99941662643739448
vn -0.010728414259175145 -0.032423878978014513 0.99941662643739448
vn -0.010728414259175163 -0.032423878978014589 0.99941662643739448
vn -0.010728414259175249 -0.032423878978014492 0.9994166264373946
vn -0.010728414259175142 -0.032423878978014582 0.9994166264373946
vn -0.010728414259175142 -0.032423878978014575 0.9994166264373946
vn -0.010728414259175098 -0.032423878978014492 0.9994166264373946
vn -0.010728414259175097 -0.032423878978014492 0.9994166264373946
vn -0.010728414259175234 -0.032423878978014631 0.9994166264373946
vn -0.010728414259175282 -0.032423878978014582 0.9994166264373946
vn -0.010728414259175189 -0.032423878978014541 0.9994166264373946
vn -0.010728414259175097 -0.032423878978014492 0.9994166264373946
vn -0.010728414259175189 -0.032423878978014534 0.9994166264373946
vn -0.010728414259175234 -0.032423878978014506 0.9994166264373946
vn -0.010728414259175189 -0.032423878978014541 0.9994166264373946
vn -0.010122961260176743 -0.038044895162009727 0.99922475530154709
vn -0.0064211021315968477 -0.038679144296390119 0.99923105098066023
vn 0.00052642024309995856 -0.019816163036930859 0.99980350197637402
vn 0.0069393220450309264 0.00085371868639252978 0.99997555818827888
vn 0.0095624259590765762 0.0058155798213465728 0.99993736755914797
vn 0.0099204650376140627 0.0045874406934689627 0.99994026809671044
vn 0.0099204650376140176 0.0045874406934688769 0.99994026809671044
vn 0.0099204650376141131 0.0045874406934689194 0.99994026809671055
vn 0.0099204650376141582 0.0045874406934690044 0.99994026809671055
vn 0.0099204650376141113 0.0045874406934689237 0.99994026809671044
vn 0.0099204650376140645 0.0045874406934689688 0.99994026809671044
vn 0.0099204650376140194 0.0045874406934688665 0.99994026809671055
vn 0.0099204650376140957 0.0045874406934688196 0.99994026809671055
vn -0.010728414259175201 -0.032423878978014256 0.99941662643739448
vn -0.010728414259175312 -0.032423878978014589 0.99941662643739448
vn -0.010728414259175225 -0.032423878978014499 0.99941662643739448
vn -0.010728414259175246 -0.032423878978014506 0.99941662643739448
vn -0.010728414259275792 -0.03242387897831514 0.99941662643738371
vn -0.010728414259175055 -0.032423878978014235 0.9994166264373946
vn -0.010728414259175192 -0.032423878978014541 0.9994166264373946
vn -0.010728414259175189 -0.032423878978014534 0.9994166264373946
vn -0.010728414259175239 -0.032423878978014492 0.9994166264373946
vn -0.010728414259175282 -0.032423878978014582 0.9994166264373946
vn -0.010728414259175237 -0.032423878978014638 0.9994166264373946
vn -0.010728414259175098 -0.032423878978014499 0.9994166264373946
vn -0.010728414259175095 -0.032423878978014499 0.9994166264373946
vn -0.010728414259175142 -0.032423878978014582 0.9994166264373946
vn -0.010728414259175144 -0.032423878978014582 0.9994166264373946
vn -0.010728414259175189 -0.032423878978014554 0.99941662643739448
vn -0.010728414259175235 -0.032423878978014492 0.9994166264373946
vn -0.010123641892783574 -0.036237151484647401 0.99929193968885066
vn -0.0064224086321996833 -0.03301066501296996 0.99943436435954247
vn 0.00052648330082777969 -0.012376923275672459 0.9999232643486009
vn 0.0069392195459465917 0.0055018290342372031 0.99996078778588671
vn 0.0095623607164243164 0.0068895637212267446 0.99993054517264357
vn 0.0099204650376140645 0.0045874406934689645 0.99994026809671055
vn 0.0099204650376142033 0.0045874406934689688 0.99994026809671044
vn 0.0099204650376142033 0.0045874406934689645 0.99994026809671055
vn 0.0099204650376141113 0.0045874406934689133 0.99994026809671055
vn 0.0099204650376140176 0.0045874406934688769 0.99994026809671044
vn 0.0099204650376140645 0.0045874406934689697 0.99994026809671044
vn 0.0099204650376141113 0.0045874406934689133 0.99994026809671055
vn 0.0099204650376141252 0.0045874406934689133 0.99994026809671055
vn -0.010728414259175144 -0.032423878978014527 0.9994166264373946
vn -0.010728414259175145 -0.032423878978014506 0.99941662643739448
vn -0.010728414259175192 -0.032423878978014582 0.9994166264373946
vn -0.010728414259175284 -0.032423878978014624 0.9994166264373946
vn -0.010728414259175284 -0.032423878978014485 0.9994166264373946
vn -0.010728414259175239 -0.032423878978014541 0.9994166264373946
vn -0.010728414259175145 -0.032423878978014499 0.9994166264373946
vn -0.010728414259175237 -0.032423878978014541 0.9994166264373946
vn -0.010728414259175284 -0.032423878978014499 0.9994166264373946
vn -0.010728414259175235 -0.032423878978014541 0.9994166264373946
vn -0.01072841425917519 -0.032423878978014582 0.9994166264373946
vn -0.010728414259175189 -0.032423878978014603 0.99941662643739448
vn -0.010728414259175144 -0.032423878978014485 0.9994166264373946
vn -0.010124289479048466 -0.034429052008236281 0.9993558621133708
vn -0.0064235088781922555 -0.027338998430605197 0.99960558106610398
vn 0.00052651721777585182 -0.0049356277583328112 0.99998768110324765
vn 0.0069389671407406464 0.010149582800680543 0.99992441549548716
vn 0.0095622844449146892 0.0079635237803871457 0.99992256950485614
vn 0.0099204650376142484 0.0045874406934691032 0.99994026809671055
vn 0.009920465037614153 0.0045874406934689228 0.99994026809671044
vn 0.009920465037614061 0.0045874406934688725 0.99994026809671055
vn 0.0099204650376140645 0.0045874406934688665 0.99994026809671055
vn 0.0099204650376141564 0.0045874406934689237 0.99994026809671044
vn 0.0099204650376142015 0.0045874406934690148 0.99994026809671044
vn 0.0099204650376141564 0.0045874406934689133 0.99994026809671055
vn 0.0099204650376141564 0.0045874406934690052 0.99994026809671055
vn -0.010728414259175202 -0.03242387897801452 0.99941662643739448
vn -0.010728414259175225 -0.032423878978014506 0.99941662643739448
vn -0.010728414259175234 -0.032423878978014631 0.9994166264373946
vn -0.010728414259175142 -0.032423878978014575 0.9994166264373946
vn -0.010728414259175098 -0.032423878978014492 0.9994166264373946
vn -0.010728414259175097 -0.032423878978014492 0.9994166264373946
vn -0.010728414259175144 -0.032423878978014582 0.9994166264373946
vn -0.010728414259175235 -0.032423878978014631 0.9994166264373946
vn -0.010728414259175234 -0.032423878978014492 0.9994166264373946
vn -0.010728414259175235 -0.032423878978014492 0.9994166264373946
vn -0.01072841425917519 -0.032423878978014541 0.9994166264373946
vn -0.010728414259175187 -0.032423878978014548 0.9994166264373946
vn -0.010728414259175235 -0.032423878978014492 0.9994166264373946
vn -0.010124903999909767 -0.032620614399325468 0.99941652069355102
vn -0.0064244025509709391 -0.021664690359995638 0.99974465152031133
vn 0.00052652197704392814 0.0025064877577344012 0.99999672014148522
vn 0.0069385648784829604 0.014796678853857813 0.99986644838814487
vn 0.0095621971453390842 0.0090374562833639063 0.99991344063857845
vn 0.0099204650376140627 0.0045874406934689627 0.99994026809671044
vn 0.0099204650376140176 0.0045874406934688769 0.99994026809671044
vn 0.0099204650376141131 0.0045874406934689194 0.99994026809671055
vn 0.0099204650376142033 0.0045874406934689584 0.99994026809671055
vn 0.0099204650376142033 0.0045874406934689697 0.99994026809671044
vn 0.0099204650376141096 0.0045874406934689228 0.99994026809671044
vn 0.0099204650376140176 0.0045874406934688665 0.99994026809671055
vn 0.0099204650376140038 0.0045874406934689133 0.99994026809671055
vn -0.010728414259175261 -0.03242387897801452 0.99941662643739448
vn -0.010728414259175246 -0.032423878978014506 0.99941662643739448
vn -0.010728414259175192 -0.032423878978014541 0.9994166264373946
vn -0.010728414259175097 -0.032423878978014492 0.9994166264373946
vn -0.010728414259175192 -0.032423878978014534 0.9994166264373946
vn -0.010728414259175237 -0.032423878978014499 0.9994166264373946
vn -0.010728414259175235 -0.032423878978014631 0.9994166264373946
vn -0.010728414259175145 -0.032423878978014582 0.9994166264373946
vn -0.010728414259175095 -0.032423878978014499 0.9994166264373946
vn -0.010728414259175097 -0.032423878978014499 0.9994166264373946
vn -0.010728414259175145 -0.032423878978014582 0.9994166264373946
vn -0.01072841425917514 -0.032423878978014596 0.99941662643739448
vn -0.010728414259175097 -0.032423878978014492 0.9994166264373946
vn -0.010125485437272994 -0.030811856341042047 0.99947391364331206
vn -0.0064250893915365525 -0.015988287886532015 0.99985153541751792
vn 0.00052649757625940923 0.0099481868341555046 0.99995037695828437
vn 0.0069380128373563556 0.019442816274965299 0.99978689773029461
vn 0.0095620988186036274 0.010111357515169807 0.99990315866857016
vn 0.0099204650376140645 0.0045874406934689645 0.99994026809671055
vn 0.0099204650376141096 0.0045874406934689228 0.99994026809671044
vn 0.0099204650376141564 0.0045874406934690113 0.99994026809671055
vn 0.0099204650376141113 0.0045874406934689133 0.99994026809671055
vn 0.0099204650376140176 0.0045874406934688769 0.99994026809671044
vn 0.0099204650376140194 0.0045874406934688769 0.99994026809671044
vn 0.0099204650376141131 0.0045874406934689142 0.99994026809671055
vn 0.0099204650376142189 0.004587440693469098 0.99994026809671055
vn -0.010728414259175152 -0.032423878978014575 0.99941662643739448
vn -0.010728414259175152 -0.032423878978014485 0.99941662643739448
vn -0.010728414259175145 -0.032423878978014499 0.9994166264373946
vn -0.010728414259175192 -0.032423878978014575 0.9994166264373946
vn -0.010728414259175284 -0.032423878978014624 0.9994166264373946
vn -0.010728414259175284 -0.032423878978014499 0.9994166264373946
vn -0.010728414259175239 -0.032423878978014541 0.9994166264373946
vn -0.010728414259175145 -0.032423878978014499 0.9994166264373946
vn -0.010728414259175237 -0.032423878978014541 0.9994166264373946
vn -0.010728414259175282 -0.032423878978014499 0.9994166264373946
vn -0.010728414259175237 -0.032423878978014541 0.9994166264373946
vn -0.010728414259175142 -0.032423878978014506 0.99941662643739448
vn -0.01072841425917519 -0.032423878978014575 0.9994166264373946
vn -0.010126033774012623 -0.029002795532230445 0.99952803927219724
vn -0.006425569200701798 -0.010310339107229978 0.99992620176088043
vn 0.00052644402758282507 0.017388233378436115 0.99984867464865046
vn 0.0069373111246158947 0.024087694455620805 0.99968577897766098
vn 0.0095619894657291548 0.01118522376135922 0.99989172370155444
vn 0.0099204650376141078 0.0045874406934689645 0.99994026809671055
vn 0.0099204650376141078 0.0045874406934689688 0.99994026809671044
vn 0.0099204650376141078 0.0045874406934689645 0.99994026809671055
vn 0.0099204650376139691 0.0045874406934688205 0.99994026809671055
vn 0.0099204650376141096 0.0045874406934689697 0.99994026809671044
vn 0.009920465037614153 0.0045874406934689228 0.99994026809671044
vn 0.0099204650376141859 0.0045874406934689931 0.99994026809671044
vn 0.0099204650376141634 0.004587440693469098 0.99994026809671055
vn -0.010728414259175039 -0.032423878978014992 0.9994166264373946
vn -0.010728414259175185 -0.032423878978014541 0.9994166264373946
vn -0.010728414259175242 -0.032423878978014437 0.9994166264373946
vn -0.010728414259175232 -0.032423878978014485 0.9994166264373946
vn -0.010728414259175235 -0.032423878978014624 0.9994166264373946
vn -0.010728414259175145 -0.032423878978014582 0.9994166264373946
vn -0.010728414259175097 -0.032423878978014492 0.9994166264373946
vn -0.010728414259175097 -0.032423878978014492 0.9994166264373946
vn -0.010728414259175234 -0.032423878978014631 0.9994166264373946
vn -0.010728414259175281 -0.032423878978014589 0.9994166264373946
vn -0.010728414259175235 -0.032423878978014492 0.9994166264373946
vn -0.010728414259175235 -0.032423878978014492 0.9994166264373946
vn -0.010728414259175326 -0.032423878978014548 0.9994166264373946
vn -0.010728414259175327 -0.032423878978014541 0.9994166264373946
vn -0.01012654899397278 -0.027193449686589176 0.99957889598551231
vn -0.0064258418392524209 -0.0046313928665239739 0.99996862888631299
vn 0.00052636135768883529 0.024825392670190162 0.99969166387566322
vn 0.0069364598765299891 0.028731013194989333 0.99956311176692114
vn 0.0095618690878506076 0.012259051308091341 0.99987913585621546
vn 0.0099204650376141096 0.0045874406934689176 0.99994026809671044
vn 0.0099204650376140627 0.0045874406934689697 0.99994026809671044
vn 0.0099204650376140211 0.0045874406934688725 0.99994026809671055
vn 0.0099204650376141113 0.0045874406934689133 0.99994026809671055
vn 0.0099204650376141564 0.0045874406934690148 0.99994026809671044
vn 0.0099204650376141113 0.0045874406934689237 0.99994026809671044
vn 0.0099204650376140645 0.0045874406934689315 0.99994026809671055
vn 0.0099204650376139378 0.00458744069346883 0.99994026809671055
vn 0.0099204650376140714 0.0045874406934689506 0.99994026809671055
vn -0.010728414259175935 -0.032423878978013625 0.9994166264373946
vn -0.010728414259175353 -0.032423878978014402 0.9994166264373946
vn -0.010728414259175232 -0.032423878978014471 0.99941662643739448
vn -0.010728414259175178 -0.032423878978014554 0.9994166264373946
vn -0.010728414259175097 -0.032423878978014492 0.9994166264373946
vn -0.010728414259175098 -0.032423878978014499 0.9994166264373946
vn -0.010728414259175235 -0.032423878978014631 0.9994166264373946
vn -0.010728414259175237 -0.032423878978014638 0.9994166264373946
vn -0.010728414259175095 -0.032423878978014499 0.9994166264373946
vn -0.010728414259175097 -0.032423878978014499 0.9994166264373946
vn -0.010728414259175145 -0.032423878978014582 0.9994166264373946
vn -0.01072841425917514 -0.032423878978014596 0.99941662643739448
vn -0.010728414259175097 -0.032423878978014492 0.9994166264373946
vn -0.010127031081969599 -0.025383836531808382 0.99962648228445372
vn -0.0064259072280592076 0.0010480015087805032 0.99997880447994192
vn 0.00052624960773166448 0.032258432384712751 0.99947942280040525
vn 0.0069354592583078471 0.033372472796601639 0.99941891990511977
vn 0.0095617376862171654 0.013332836442194386 0.99986539526319518
vn 0.0099204650376140176 0.0045874406934688717 0.99994026809671055
vn 0.0099204650376140645 0.0045874406934689697 0.99994026809671044
vn 0.0099204650376141096 0.0045874406934689176 0.99994026809671055
vn 0.0099204650376141599 0.0045874406934690061 0.99994026809671055
vn 0.0099204650376141113 0.0045874406934689228 0.99994026809671044
vn 0.0099204650376140176 0.0045874406934688769 0.99994026809671044
vn 0.0099204650376140454 0.0045874406934689211 0.99994026809671044
vn 0.0099204650376141339 0.0045874406934689055 0.99994026809671055
vn -0.010728414259175074 -0.032423878978014437 0.99941662643739448
vn -0.010728414259175121 -0.032423878978014548 0.99941662643739448
vn -0.010728414259175175 -0.03242387897801452 0.9994166264373946
vn -0.010728414259175161 -0.032423878978014471 0.99941662643739448
vn -0.010728414259175192 -0.032423878978014582 0.9994166264373946
vn -0.010728414259175237 -0.032423878978014679 0.9994166264373946
vn -0.010728414259175145 -0.032423878978014499 0.9994166264373946
vn -0.010728414259175144 -0.032423878978014499 0.9994166264373946
vn -0.010728414259175235 -0.032423878978014541 0.9994166264373946
vn -0.010728414259175237 -0.032423878978014541 0.9994166264373946
vn -0.010728414259175142 -0.032423878978014506 0.99941662643739448
vn -0.010728414259175144 -0.032423878978014485 0.9994166264373946
vn -0.010127480023791768 -0.02357397380870287 0.99967079676623249
vn -0.0064257653481408954 0.0067272944750996532 0.99995672558803061
vn 0.00052610883328651061 0.039686123611915848 0.99921205697397142
vn 0.0069343094640092846 0.038011774164791311 0.99925323135684796
vn 0.0095615952621925654 0.014406575451230533 0.99985050206508874
vn 0.0099204650376141078 0.0045874406934689645 0.99994026809671055
vn 0.0099204650376141998 0.0045874406934690148 0.99994026809671044
vn 0.0099204650376141547 0.0045874406934689185 0.99994026809671055
vn 0.0099204650376141096 0.0045874406934689593 0.99994026809671055
vn 0.0099204650376139691 0.00458744069346883 0.99994026809671044
vn 0.0099204650376141044 0.0045874406934689653 0.99994026809671055
vn 0.0099204650376141564 0.0045874406934689549 0.99994026809671055
vn 0.0099204650376130427 0.0045874406934660137 0.99994026809671055
vn -0.010728414259175218 -0.03242387897801461 0.99941662643739448
vn -0.010728414259175239 -0.032423878978014423 0.99941662643739448
vn -0.010728414259175223 -0.032423878978014437 0.99941662643739448
vn -0.010728414259175234 -0.032423878978014631 0.9994166264373946
vn -0.010728414259175144 -0.032423878978014582 0.9994166264373946
vn -0.010728414259175097 -0.032423878978014492 0.9994166264373946
vn -0.010728414259175142 -0.032423878978014582 0.9994166264373946
vn -0.010728414259175234 -0.032423878978014631 0.9994166264373946
vn -0.010728414259175235 -0.032423878978014492 0.9994166264373946
vn -0.010728414259175234 -0.032423878978014506 0.9994166264373946
vn -0.010728414259175235 -0.032423878978014492 0.9994166264373946
vn -0.010127895806201628 -0.02176387927034491 0.99971183812418896
vn -0.0064254162406807468 0.012405936537908354 0.99990239861936092
vn 0.00052593910427306404 0.047107241868669235 0.99888969919185044
vn 0.0069330107164409672 0.04264861890068114 0.99906607822919813
vn 0.0095614418172548232 0.015480264623559652 0.99983445641644086
vn 0.0099204650376142015 0.0045874406934691024 0.99994026809671044
vn 0.0099204650376141113 0.0045874406934689228 0.99994026809671044
vn 0.0099204650376140194 0.0045874406934688725 0.99994026809671055
vn 0.0099204650376140194 0.0045874406934688665 0.99994026809671055
vn 0.0099204650376142015 0.0045874406934689697 0.99994026809671044
vn 0.0099204650376142293 0.0045874406934689853 0.99994026809671055
vn 0.0099204650376140784 0.0045874406934688083 0.99994026809671044
vn 0.0099204650376141339 0.004587440693468961 0.99994026809671044
vn -0.010728414259175326 -0.032423878978014353 0.99941662643739448
vn -0.01072841425917522 -0.032423878978014506 0.9994166264373946
vn -0.010728414259175182 -0.032423878978014554 0.99941662643739448
vn -0.010728414259175098 -0.032423878978014499 0.9994166264373946
vn -0.01072841425917519 -0.032423878978014541 0.9994166264373946
vn -0.010728414259175234 -0.032423878978014631 0.9994166264373946
vn -0.010728414259175142 -0.032423878978014582 0.9994166264373946
vn -0.010728414259175098 -0.032423878978014499 0.9994166264373946
vn -0.010728414259175097 -0.032423878978014506 0.99941662643739448
vn -0.010728414259175142 -0.032423878978014575 0.9994166264373946
vn -0.010128278416936361 -0.019953570681196329 0.9997496051478989
vn -0.0064248600069924762 0.018083378517521054 0.99981583934006701
vn 0.00052574050485998316 0.05452056810260511 0.9985125093110705
vn 0.0069315632670372178 0.047282709397644514 0.99885749675451352
vn 0.0095612773529960334 0.016553900248403204 0.99981725848374159
vn 0.0099204650376140645 0.0045874406934689636 0.99994026809671055
vn 0.0099204650376139257 0.0045874406934688309 0.99994026809671044
vn 0.0099204650376140645 0.0045874406934689645 0.99994026809671055
vn 0.0099204650376142518 0.0045874406934690521 0.99994026809671055
vn 0.0099204650376141738 0.0045874406934689515 0.99994026809671066
vn 0.0099204650376140784 0.0045874406934688135 0.99994026809671055
vn 0.0099204650376140124 0.0045874406934686947 0.99994026809671055
vn -0.010728414259174663 -0.032423878978014985 0.99941662643739448
vn -0.010728414259175071 -0.032423878978014596 0.99941662643739448
vn -0.010728414259175161 -0.032423878978014527 0.9994166264373946
vn -0.010728414259175258 -0.032423878978014603 0.99941662643739448
vn -0.010728414259175282 -0.032423878978014582 0.9994166264373946
vn -0.010728414259175189 -0.032423878978014541 0.9994166264373946
vn -0.010728414259175187 -0.032423878978014541 0.9994166264373946
vn -0.010728414259175235 -0.032423878978014492 0.9994166264373946
vn -0.010728414259175234 -0.032423878978014506 0.9994166264373946
vn -0.010728414259175189 -0.032423878978014541 0.9994166264373946
vn -0.010128627844709663 -0.01814306581623825 0.99978409672327317
vn -0.006424096808439291 0.023759071814518484 0.99969707286092835
vn 0.00052551313334865516 0.06192488968547865 0.99808067403060563
vn 0.006929967395724144 0.051913748936171671 0.99862752727094717
vn 0.0095611018711222028 0.017627478615908344 0.99979890844542119
vn 0.0099204650376140176 0.0045874406934688708 0.99994026809671044
vn 0.0099204650376142033 0.0045874406934689705 0.99994026809671044
vn 0.0099204650376142518 0.0045874406934690573 0.99994026809671055
vn 0.0099204650376140645 0.0045874406934689584 0.99994026809671055
vn 0.0099204650376138997 0.0045874406934688031 0.99994026809671055
vn 0.0099204650376141044 0.0045874406934690165 0.99994026809671066
vn 0.0099204650376139222 0.0045874406934688118 0.99994026809671044
vn -0.010728414259175133 -0.032423878978014686 0.9994166264373946
vn -0.010728414259175248 -0.032423878978014589 0.99941662643739448
vn -0.010728414259175222 -0.032423878978014589 0.99941662643739448
vn -0.010728414259175107 -0.032423878978014478 0.99941662643739448
vn -0.010728414259175142 -0.032423878978014582 0.9994166264373946
vn -0.010728414259175142 -0.032423878978014582 0.9994166264373946
vn -0.010728414259175098 -0.032423878978014499 0.9994166264373946
vn -0.010728414259175095 -0.032423878978014506 0.99941662643739448
vn -0.010728414259175097 -0.032423878978014492 0.9994166264373946
vn -0.010128944079211775 -0.016332382460100017 0.99981531183264905
vn -0.0064231268663032838 0.029432468674520165 0.99954613361714462
vn 0.00052525710203868675 0.069319001394210697 0.99759440663562571
vn 0.0069282234107704349 0.056541441778070828 0.99837621420085298
vn 0.0093023044251671731 0.018571758054514761 0.99978425519466252
vn 0.005893365072913632 0.0027679070811888491 0.99997880324460242
vn -0.0041096846306621212 0.00049598004474610854 0.99999143221131237
vn -0.020941674017593268 -0.0017843163621789704 0.99977910685533955
vn -0.0024918358264451185 0.016998466852354507 0.99985241054811858
vn 0.0099204650376140992 0.00458744069346902 0.99994026809671055
vn 0.0099204650376143854 0.0045874406934694753 0.99994026809671055
vn -0.010728414259175248 -0.032423878978014575 0.99941662643739448
vn -0.010728414259175232 -0.032423878978014437 0.99941662643739448
vn -0.010728414259175248 -0.032423878978014478 0.99941662643739448
vn -0.010728414259175237 -0.032423878978014541 0.9994166264373946
vn -0.010728414259175145 -0.032423878978014499 0.9994166264373946
vn -0.010728414259175147 -0.032423878978014499 0.9994166264373946
vn -0.010728414259175142 -0.032423878978014506 0.99941662643739448
vn -0.01072841425917519 -0.032423878978014575 0.9994166264373946
vn -0.010129227111110575 -0.014521538406187121 0.99984324955487358
vn -0.0064219504616074598 0.035103022452002704 0.99936306534062125
vn 6.1069501810644301e-05 0.076471123170521085 0.99707179460235207
vn 0.00143756410486349 0.058586038964153521 0.99828132780691392
vn -0.0097719440999792778 0.011039440506237846 0.99989131402458742
vn -0.031102697551569213 -0.013678816552342177 0.99942258938986517
vn -0.058610849263169118 -0.02459315993951311 0.99797792802889163
vn -0.069954836760174832 0.0068517557143952072 0.99752662834507211
vn -0.0078981687522262679 0.05629524004212997 0.99838292497365977
vn 0.0099204650376141842 0.0045874406934692099 0.99994026809671055
vn 0.0099204650376140541 0.0045874406934691683 0.99994026809671066
vn -0.010728414259175326 -0.032423878978014499 0.9994166264373946
vn -0.010728414259175227 -0.032423878978014541 0.99941662643739448
vn -0.01072841425917523 -0.032423878978014506 0.99941662643739437
vn -0.010728414259175327 -0.032423878978014541 0.9994166264373946
vn -0.010728414259175376 -0.032423878978014492 0.9994166264373946
vn -0.010728414259175371 -0.032423878978014506 0.9994166264373946
vn -0.010696987537096567 -0.032408188516880924 0.99941747221803434
vn -0.0094447079271507087 -0.012391836530700216 0.99987861257232979
vn -0.0057484208801528713 0.040257179755932737 0.9991728154506021
vn -0.0086346722776583593 0.075279179871240415 0.99712511126366232
vn -0.028987267477853785 0.042110894480078424 0.99869235047148275
vn -0.057591396935226843 -0.013512472258331533 0.99824878867570732
vn -0.081186147119293992 -0.038089329789680201 0.99597088936981359
vn -0.098860900643934754 -0.047662215987624962 0.99395917194370664
vn -0.088314979223540105 0.051082464570282336 0.99478190889167839
vn -0.14106216702000593 0.067028041922500128 0.98772906539782224
vn -0.090804557711461814 0.21728100646582485 0.97187627634798457
vn 0.0099204650376141183 0.0045874406934690087 0.99994026809671066
vn -0.010728414259174521 -0.03242387897801513 0.9994166264373946
vn -0.010728414259174974 -0.032423878978014631 0.9994166264373946
vn -0.010728414259175154 -0.032423878978014686 0.9994166264373946
vn -0.010728414259175152 -0.032423878978014575 0.99941662643739448
vn -0.01062569313141545 -0.032372593140688646 0.99941938637332051
vn -0.0099165617546823851 -0.03207197427028359 0.9994363662932082
vn -0.0077747860809730006 -0.031006111484588508 0.99948895629316503
vn -0.0039386881335400732 -0.0090861136866196776 0.99995096343463785
vn -0.005871052157750069 0.037107303685285691 0.99929404019025803
vn -0.02740201742969469 0.053069165994219208 0.99821480306668497
vn -0.062837687163152342 0.0097252407849584433 0.99797637485246127
vn -0.087821895165021799 -0.036097518215373652 0.99548193550074771
vn -0.097159422621152097 -0.050700079465800178 0.99397663379884638
vn -0.090562790540096597 -0.049671906787674913 0.99465123668835154
vn -0.12788241330510214 -0.0052958816824606458 0.99177519731261099
vn -0.17056737379734579 0.15483748180871118 0.97310437529743621
vn 0.004885485225113304 0.52260325503850924 0.85256200352658829
vn -0.010728414259175182 -0.032423878978014659 0.99941662643739448
vn -0.010728414259175149 -0.032423878978014561 0.99941662643739448
vn -0.010660285293083969 -0.03228548882196744 0.99942183562747766
vn -0.0087659337294720054 -0.030877922734991542 0.99948472339171957
vn -0.0051931715366477166 -0.02922661844316075 0.99955932077279386
vn -0.00046927657819467126 -0.026521446017695408 0.99964813443562406
vn 0.0028044117519650906 -0.0076733097711507142 0.99996662723907004
vn -0.0074602587596714429 0.020646491498392715 0.99975900442458909
vn -0.038283726916962746 0.017232118065402709 0.99911831649726424
vn -0.070169084182101285 -0.019583152983926551 0.99734286970141484
vn -0.074466869486246895 -0.041871688580324959 0.99634404050225056
vn -0.070032082085259906 -0.046239429713369966 0.9964724896446393
vn -0.06613661444292751 -0.036945572700875 0.99712635753340306
vn -0.028433570386318451 -0.030182930970232284 0.9991398914832359
vn -0.063683771332225775 -0.042573271561068445 0.99706162989932179
vn -0.11151733825984168 0.044122882276595214 0.99278248097307087
vn -0.7063414561960909 -0.29736919626726183 0.64238096825026536
vn -0.010728414259175461 -0.032423878978013881 0.9994166264373946
vn -0.010441274158346319 -0.029110234199407153 0.99952167263086689
vn -0.0091575780281062096 -0.027821764219390862 0.99957095205912205
vn -0.0024150295300784295 -0.022717330625293696 0.99973901120323894
vn 0.0036293884814219742 -0.022038200551999745 0.99975054151307208
vn 0.0040376190451649422 -0.01084532572981514 0.9999330360290436
vn -0.011541947429098637 -0.004890696020562804 0.9999214291843026
vn -0.037798899449853644 -0.013503619173761465 0.99919412301593824
vn -0.053835760695873626 -0.031139236662642927 0.99806415565852502
vn -0.054620250470021336 -0.033713033746126386 0.99793790367648871
vn -0.017621513572428856 -0.02582201137138114 0.99951123354775395
vn -0.049533406538098852 -0.039453474577274515 0.99799291830178416
vn -0.036736862539199708 -0.036537889559894093 0.9986567906729944
vn -0.014336472126845448 -0.028760793828996926 0.99948350777052941
vn -0.012317940729909549 -0.017559836999104877 0.99976993376513346
vn -0.0031519836883660544 -0.0121094077309812 0.99992171055699819
vn 0.00097448958366774037 -0.020113725587140485 0.99979722364740375
vn -0.001046852927216871 -0.016235166471024923 0.99986765297643609
vn -0.0075285658565778513 -0.020119220808078094 0.99976924220052843
vn -0.0088204774345786614 -0.022270334660854731 0.99971307452284508
vn -0.018223486173460899 -0.01879919773697172 0.99965718859823727
vn -0.027347429999206405 -0.028126805572586407 0.99923020414753294
vn -0.026452435786049385 -0.030883930735811829 0.99917288367093449
vn -0.010728414259175 -0.032423878978014908 0.9994166264373946
vn -0.01250161043994508 0.0054133422004950648 0.99990719842524789
vn -0.0027717106469500128 -0.0088476914484551684 0.99995701706429485
vn -0.0025454830061896073 -0.020844397736726573 0.99977949148762724
vn -0.0079526296821286306 -0.021920021545573768 0.99972809720272471
vn -0.0028554261828803115 -0.020027296476916583 0.9997953560289925
vn -0.0060231381387221145 -0.020073358009694679 0.99978036693324623
vn 0.027653196452053361 -0.0075333358807124651 0.99958919040598515
vn -0.0048579938547448336 -0.0034313947377537144 0.9999823125565076
vn -0.0068125890430209895 -0.021243561263783517 0.99975111889677959
f 12//12 13//13 14//14
f 14//14 15//15 12//12
f 16//16 17//17 12//12
f 12//12 15//15 16//16
f 18//18 19//19 17//17
f 17//17 16//16 18//18
f 20//20 21//21 19//19
f 19//19 18//18 20//20
f 22//22 23//23 21//21
f 21//21 20//20 22//22
f 24//24 25//25 23//23
f 23//23 22//22 24//24
f 26//26 27//27 25//25
f 25//25 24//24 26//26
f 28//28 29//29 27//27
f 27//27 26//26 28//28
f 30//30 31//31 29//29
f 29//29 28//28 30//30
f 32//32 33//33 31//31
f 31//31 30//30 32//32
f 34//34 35//35 33//33
f 33//33 32//32 34//34
f 36//36 37//37 35//35
f 35//35 34//34 36//36
f 38//38 39//39 37//37
f 37//37 36//36 38//38
f 40//40 41//41 39//39
f 39//39 38//38 40//40
f 42//42 43//43 41//41
f 41//41 40//40 42//42
f 44//44 45//45 43//43
f 43//43 42//42 44//44
f 46//46 47//47 45//45
f 45//45 44//44 46//46
f 48//48 49//49 47//47
f 47//47 46//46 48//48
f 50//50 51//51 49//49
f 49//49 48//48 50//50
f 52//52 53//53 51//51
f 51//51 50//50 52//52
f 54//54 55//55 53//53
f 53//53 52//52 54//54
f 56//56 57//57 55//55
f 55//55 54//54 58//58
f 59//59 56//56 55//55
f 55//55 58//58 60//60
f 61//61 59//59 55//55
f 55//55 60//60 61//61
f 62//62 63//63 57//57
f 64//64 65//65 66//66
f 66//66 67//67 68//68
f 69//69 62//62 57//57
f 57//57 56//56 70//70
f 70//70 64//64 66//66
f 66//66 68//68 69//69
f 69//69 57//57 70//70
f 70//70 66//66 69//69
f 71//71 72//72 73//73
f 74//74 75//75 76//76
f 77//77 67//67 66//66
f 71//71 73//73 78//78
f 79//79 74//74 76//76
f 80//80 77//77 66//66
f 71//71 78//78 81//81
f 79//79 76//76 80//80
f 80//80 66//66 71//71
f 71//71 81//81 82//82
f 83//83 79//79 80//80
f 71//71 82//82 83//83
f 83//83 80//80 71//71
f 72//72 84//84 85//85
f 86//86 84//84 72//72
f 87//87 88//88 89//89
f 90//90 91//91 72//72
f 72//72 85//85 92//92
f 93//93 86//86 72//72
f 87//87 89//89 94//94
f 94//94 90//90 72//72
f 95//95 93//93 72//72
f 94//94 72//72 92//92
f 95//95 72//72 71//71
f 87//87 94//94 92//92
f 96//96 95//95 71//71
f 87//87 92//92 97//97
f 98//98 96//96 71//71
f 87//87 97//97 99//99
f 100//100 98//98 71//71
f 87//87 99//99 101//101
f 101//101 100//100 71//71
f 71//71 87//87 101//101
f 15//15 14//14 102//102
f 102//102 103//103 15//15
f 16//16 15//15 103//103
f 103//103 104//104 16//16
f 18//18 16//16 104//104
f 104//104 105//105 18//18
f 20//20 18//18 105//105
f 105//105 106//106 20//20
f 22//22 20//20 106//106
f 106//106 107//107 22//22
f 24//24 22//22 107//107
f 107//107 108//108 24//24
f 26//26 24//24 108//108
f 108//108 109//109 26//26
f 28//28 26//26 109//109
f 109//109 110//110 28//28
f 30//30 28//28 110//110
f 110//110 111//111 30//30
f 32//32 30//30 111//111
f 111//111 112//112 32//32
f 34//34 32//32 112//112
f 112//112 113//113 34//34
f 36//36 34//34 113//113
f 113//113 114//114 36//36
f 38//38 36//36 114//114
f 114//114 115//115 38//38
f 40//40 38//38 115//115
f 115//115 116//116 40//40
f 42//42 40//40 116//116
f 116//116 117//117 42//42
f 44//44 42//42 117//117
f 117//117 118//118 44//44
f 46//46 44//44 118//118
f 118//118 119//119 46//46
f 48//48 46//46 119//119
f 119//119 120//120 48//48
f 50//50 48//48 120//120
f 120//120 121//121 50//50
f 52//52 50//50 121//121
f 121//121 122//122 52//52
f 54//54 52//52 122//122
f 122//122 123//123 54//54
f 54//54 123//123 124//124
f 124//124 125//125 126//126
f 127//127 58//58 54//54
f 54//54 124//124 126//126
f 126//126 127//127 54//54
f 65//65 128//128 129//129
f 130//130 128//128 65//65
f 124//124 131//131 132//132
f 133//133 134//134 66//66
f 66//66 65//65 129//129
f 135//135 130//130 65//65
f 136//136 125//125 124//124
f 124//124 132//132 133//133
f 66//66 129//129 137//137
f 138//138 135//135 65//65
f 65//65 136//136 124//124
f 66//66 137//137 139//139
f 140//140 138//138 65//65
f 133//133 66//66 139//139
f 133//133 139//139 141//141
f 140//140 65//65 124//124
f 133//133 141//141 142//142
f 143//143 140//140 124//124
f 124//124 133//133 142//142
f 144//144 143//143 124//124
f 124//124 142//142 144//144
f 145//145 146//146 147//147
f 148//148 149//149 71//71
f 71//71 66//66 134//134
f 134//134 145//145 147//147
f 150//150 148//148 71//71
f 134//134 147//147 151//151
f 151//151 150//150 71//71
f 71//71 134//134 151//151
f 152//152 153//153 154//154
f 154//154 87//87 71//71
f 155//155 152//152 154//154
f 156//156 155//155 154//154
f 71//71 149//149 156//156
f 156//156 154//154 71//71
f 103//103 102//102 157//157
f 157//157 158//158 103//103
f 104//104 103//103 158//158
f 158//158 159//159 104//104
f 105//105 104//104 159//159
f 159//159 160//160 105//105
f 106//106 105//105 160//160
f 160//160 161//161 106//106
f 107//107 106//106 161//161
f 161//161 162//162 107//107
f 108//108 107//107 162//162
f 162//162 163//163 108//108
f 109//109 108//108 163//163
f 163//163 164//164 109//109
f 110//110 109//109 164//164
f 164//164 165//165 110//110
f 111//111 110//110 165//165
f 165//165 166//166 111//111
f 112//112 111//111 166//166
f 166//166 167//167 112//112
f 113//113 112//112 167//167
f 167//167 168//168 113//113
f 114//114 113//113 168//168
f 168//168 169//169 114//114
f 115//115 114//114 169//169
f 169//169 170//170 115//115
f 116//116 115//115 170//170
f 170//170 171//171 116//116
f 117//117 116//116 171//171
f 171//171 172//172 117//117
f 118//118 117//117 172//172
f 172//172 173//173 118//118
f 119//119 118//118 173//173
f 173//173 174//174 119//119
f 120//120 119//119 174//174
f 174//174 175//175 120//120
f 121//121 120//120 175//175
f 175//175 176//176 121//121
f 122//122 121//121 176//176
f 176//176 177//177 122//122
f 123//123 122//122 177//177
f 177//177 178//178 123//123
f 124//124 123//123 178//178
f 178//178 179//179 124//124
f 180//180 181//181 182//182
f 124//124 179//179 180//180
f 180//180 182//182 183//183
f 184//184 131//131 124//124
f 124//124 180//180 183//183
f 183//183 184//184 124//124
f 146//146 185//185 186//186
f 187//187 185//185 146//146
f 188//188 189//189 190//190
f 191//191 147//147 146//146
f 146//146 186//186 192//192
f 193//193 187//187 146//146
f 194//194 181//181 180//180
f 188//188 190//190 195//195
f 195//195 191//191 146//146
f 196//196 193//193 146//146
f 197//197 194//194 180//180
f 195//195 146//146 192//192
f 188//188 195//195 192//192
f 196//196 146//146 197//197
f 188//188 192//192 198//198
f 199//199 196//196 197//197
f 188//188 198//198 200//200
f 199//199 197//197 180//180
f 188//188 200//200 201//201
f 202//202 199//199 180//180
f 180//180 188//188 201//201
f 203//203 202//202 180//180
f 180//180 201//201 203//203
f 204//204 205//205 154//154
f 206//206 207//207 208//208
f 188//188 209//209 210//210
f 211//211 204//204 154//154
f 154//154 153//153 212//212
f 212//212 206//206 208//208
f 213//213 189//189 188//188
f 188//188 210//210 214//214
f 211//211 154//154 212//212
f 212//212 208//208 213//213
f 188//188 214//214 215//215
f 216//216 211//211 212//212
f 212//212 213//213 188//188
f 188//188 215//215 217//217
f 217//217 216//216 212//212
f 212//212 188//188 217//217
f 158//158 157//157 218//218
f 218//218 219//219 158//158
f 159//159 158//158 219//219
f 219//219 220//220 159//159
f 160//160 159//159 220//220
f 220//220 221//221 160//160
f 161//161 160//160 221//221
f 221//221 222//222 161//161
f 162//162 161//161 222//222
f 222//222 223//223 162//162
f 163//163 162//162 223//223
f 223//223 224//224 163//163
f 164//164 163//163 224//224
f 224//224 225//225 164//164
f 165//165 164//164 225//225
f 225//225 226//226 165//165
f 166//166 165//165 226//226
f 226//226 227//227 166//166
f 167//167 166//166 227//227
f 227//227 228//228 167//167
f 168//168 167//167 228//228
f 228//228 229//229 168//168
f 169//169 168//168 229//229
f 229//229 230//230 169//169
f 170//170 169//169 230//230
f 230//230 231//231 170//170
f 171//171 170//170 231//231
f 231//231 232//232 171//171
f 172//172 171//171 232//232
f 232//232 233//233 172//172
f 173//173 172//172 233//233
f 233//233 234//234 173//173
f 174//174 173//173 234//234
f 234//234 235//235 174//174
f 175//175 174//174 235//235
f 235//235 236//236 175//175
f 176//176 175//175 236//236
f 236//236 237//237 176//176
f 177//177 176//176 237//237
f 237//237 238//238 177//177
f 178//178 177//177 238//238
f 238//238 239//239 178//178
f 179//179 178//178 239//239
f 239//239 240//240 179//179
f 180//180 179//179 240//240
f 240//240 241//241 180//180
f 180//180 242//242 243//243
f 244//244 242//242 180//180
f 188//188 180//180 243//243
f 245//245 244//244 180//180
f 188//188 243//243 246//246
f 247//247 245//245 180//180
f 248//248 188//188 246//246
f 247//247 180//180 241//241
f 248//248 246//246 249//249
f 250//250 247//247 241//241
f 248//248 249//249 251//251
f 252//252 250//250 241//241
f 248//248 251//251 253//253
f 254//254 252//252 241//241
f 241//241 248//248 253//253
f 253//253 254//254 241//241
f 255//255 256//256 209//209
f 209//209 188//188 248//248
f 248//248 257//257 258//258
f 259//259 255//255 209//209
f 209//209 248//248 258//258
f 258//258 259//259 209//209
f 219//219 218//218 260//260
f 260//260 261//261 219//219
f 220//220 219//219 261//261
f 261//261 262//262 220//220
f 221//221 220//220 262//262
f 262//262 263//263 221//221
f 222//222 221//221 263//263
f 263//263 264//264 222//222
f 223//223 222//222 264//264
f 264//264 265//265 223//223
f 224//224 223//223 265//265
f 265//265 266//266 224//224
f 225//225 224//224 266//266
f 266//266 267//267 225//225
f 226//226 225//225 267//267
f 267//267 268//268 226//226
f 227//227 226//226 268//268
f 268//268 269//269 227//227
f 228//228 227//227 269//269
f 269//269 270//270 228//228
f 229//229 228//228 270//270
f 270//270 271//271 229//229
f 230//230 229//229 271//271
f 271//271 272//272 230//230
f 231//231 230//230 272//272
f 272//272 273//273 231//231
f 232//232 231//231 273//273
f 273//273 274//274 232//232
f 233//233 232//232 274//274
f 274//274 275//275 233//233
f 234//234 233//233 275//275
f 275//275 276//276 234//234
f 235//235 234//234 276//276
f 276//276 277//277 235//235
f 236//236 235//235 277//277
f 277//277 278//278 236//236
f 237//237 236//236 278//278
f 278//278 279//279 237//237
f 238//238 237//237 279//279
f 279//279 280//280 238//238
f 239//239 238//238 280//280
f 280//280 281//281 239//239
f 282//282 283//283 284//284
f 285//285 286//286 240//240
f 240//240 239//239 281//281
f 281//281 287//287 288//288
f 289//289 282//282 284//284
f 290//290 285//285 240//240
f 240//240 281//281 288//288
f 289//289 284//284 290//290
f 240//240 288//288 291//291
f 291//291 289//289 290//290
f 290//290 240//240 291//291
f 292//292 293//293 294//294
f 286//286 295//295 296//296
f 297//297 292//292 294//294
f 240//240 286//286 296//296
f 297//297 294//294 298//298
f 299//299 297//297 298//298
f 300//300 299//299 298//298
f 240//240 296//296 301//301
f 240//240 301//301 302//302
f 240//240 302//302 303//303
f 304//304 300//300 298//298
f 241//241 240//240 303//303
f 305//305 304//304 298//298
f 241//241 303//303 306//306
f 305//305 298//298 241//241
f 241//241 306//306 305//305
f 307//307 308//308 309//309
f 310//310 311//311 248//248
f 248//248 241//241 298//298
f 298//298 312//312 313//313
f 313//313 307//307 309//309
f 314//314 310//310 248//248
f 248//248 298//298 313//313
f 313//313 309//309 314//314
f 314//314 248//248 313//313
f 248//248 315//315 316//316
f 317//317 315//315 248//248
f 318//318 319//319 320//320
f 320//320 321//321 322//322
f 248//248 316//316 323//323
f 324//324 317//317 248//248
f 248//248 311//311 325//325
f 325//325 318//318 320//320
f 320//320 322//322 326//326
f 326//326 257//257 248//248
f 327//327 324//324 248//248
f 326//326 248//248 323//323
f 328//328 327//327 248//248
f 320//320 326//326 323//323
f 328//328 248//248 325//325
f 320//320 323//323 329//329
f 330//330 328//328 325//325
f 320//320 329//329 331//331
f 332//332 330//330 325//325
f 320//320 331//331 333//333
f 333//333 332//332 325//325
f 325//325 320//320 333//333
f 261//261 260//260 334//334
f 334//334 335//335 261//261
f 262//262 261//261 335//335
f 335//335 336//336 262//262
f 263//263 262//262 336//336
f 336//336 337//337 263//263
f 264//264 263//263 337//337
f 337//337 338//338 264//264
f 265//265 264//264 338//338
f 338//338 339//339 265//265
f 266//266 265//265 339//339
f 339//339 340//340 266//266
f 267//267 266//266 340//340
f 340//340 341//341 267//267
f 268//268 267//267 341//341
f 341//341 342//342 268//268
f 269//269 268//268 342//342
f 342//342 343//343 269//269
f 270//270 269//269 343//343
f 343//343 344//344 270//270
f 271//271 270//270 344//344
f 344//344 345//345 271//271
f 272//272 271//271 345//345
f 345//345 346//346 272//272
f 273//273 272//272 346//346
f 346//346 347//347 273//273
f 274//274 273//273 347//347
f 347//347 348//348 274//274
f 275//275 274//274 348//348
f 348//348 349//349 275//275
f 276//276 275//275 349//349
f 349//349 350//350 276//276
f 277//277 276//276 350//350
f 350//350 351//351 277//277
f 278//278 277//277 351//351
f 351//351 352//352 278//278
f 279//279 278//278 352//352
f 352//352 353//353 279//279
f 280//280 279//279 353//353
f 353//353 354//354 280//280
f 280//280 355//355 356//356
f 357//357 355//355 280//280
f 281//281 280//280 356//356
f 358//358 357//357 280//280
f 281//281 356//356 359//359
f 360//360 358//358 280//280
f 361//361 281//281 359//359
f 362//362 360//360 280//280
f 361//361 359//359 363//363
f 362//362 280//280 354//354
f 361//361 363//363 364//364
f 365//365 362//362 354//354
f 361//361 364//364 366//366
f 367//367 365//365 354//354
f 354//354 361//361 366//366
f 366//366 367//367 354//354
f 361//361 368//368 369//369
f 370//370 287//287 281//281
f 361//361 369//369 371//371
f 371//371 284//284 283//283
f 372//372 370//370 281//281
f 372//372 281//281 361//361
f 371//371 283//283 373//373
f 374//374 372//372 361//361
f 371//371 373//373 375//375
f 376//376 374//374 361//361
f 361//361 371//371 375//375
f 375//375 376//376 361//361
f 368//368 377//377 298//298
f 378//378 369//369 368//368
f 368//368 298//298 294//294
f 379//379 378//378 368//368
f 368//368 294//294 379//379
f 380//380 381//381 382//382
f 382//382 383//383 384//384
f 298//298 377//377 385//385
f 386//386 387//387 388//388
f 388//388 380//380 382//382
f 382//382 384//384 389//389
f 390//390 312//312 298//298
f 298//298 385//385 391//391
f 392//392 386//386 388//388
f 388//388 382//382 389//389
f 393//393 390//390 298//298
f 298//298 391//391 394//394
f 392//392 388//388 389//389
f 393//393 298//298 394//394
f 395//395 392//392 389//389
f 396//396 393//393 394//394
f 397//397 395//395 389//389
f 398//398 396//396 394//394
f 394//394 397//397 389//389
f 389//389 398//398 394//394
f 399//399 400//400 320//320
f 381//381 401//401 402//402
f 403//403 399//399 320//320
f 320//320 319//319 404//404
f 404//404 382//382 381//381
f 381//381 402//402 405//405
f 403//403 320//320 404//404
f 381//381 405//405 406//406
f 407//407 403//403 404//404
f 404//404 381//381 406//406
f 408//408 407//407 404//404
f 404//404 406//406 408//408
f 335//335 334//334 409//409
f 409//409 410//410 335//335
f 336//336 335//335 410//410
f 410//410 411//411 336//336
f 337//337 336//336 411//411
f 411//411 412//412 337//337
f 338//338 337//337 412//412
f 412//412 413//413 338//338
f 339//339 338//338 413//413
f 413//413 414//414 339//339
f 340//340 339//339 414//414
f 414//414 415//415 340//340
f 341//341 340//340 415//415
f 415//415 416//416 341//341
f 342//342 341//341 416//416
f 416//416 417//417 342//342
f 343//343 342//342 417//417
f 417//417 418//418 343//343
f 344//344 343//343 418//418
f 418//418 419//419 344//344
f 345//345 344//344 419//419
f 419//419 420//420 345//345
f 346//346 345//345 420//420
f 420//420 421//421 346//346
f 347//347 346//346 421//421
f 421//421 422//422 347//347
f 348//348 347//347 422//422
f 422//422 423//423 348//348
f 349//349 348//348 423//423
f 423//423 424//424 349//349
f 350//350 349//349 424//424
f 424//424 425//425 350//350
f 351//351 350//350 425//425
f 425//425 426//426 351//351
f 352//352 351//351 426//426
f 426//426 427//427 352//352
f 353//353 352//352 427//427
f 427//427 428//428 353//353
f 354//354 353//353 428//428
f 428//428 429//429 354//354
f 361//361 354//354 429//429
f 429//429 430//430 361//361
f 368//368 361//361 430//430
f 430//430 431//431 368//368
f 431//431 432//432 433//433
f 434//434 435//435 377//377
f 377//377 368//368 431//431
f 431//431 433//433 436//436
f 436//436 434//434 377//377
f 377//377 431//431 436//436
f 437//437 438//438 439//439
f 439//439 440//440 441//441
f 442//442 388//388 387//387
f 443//443 385//385 377//377
f 377//377 435//435 444//444
f 444//444 437//437 439//439
f 439//439 441//441 442//442
f 445//445 443//443 377//377
f 377//377 444//444 439//439
f 439//439 442//442 387//387
f 445//445 377//377 439//439
f 439//439 387//387 446//446
f 447//447 445//445 439//439
f 439//439 446//446 447//447
f 439//439 448//448 449//449
f 450//450 451//451 440//440
f 439//439 449//449 452//452
f 453//453 450//450 440//440
f 439//439 452//452 453//453
f 453//453 440//440 439//439
f 454//454 455//455 456//456
f 456//456 457//457 454//454
f 410//410 409//409 458//458
f 458//458 459//459 410//410
f 411//411 410//410 459//459
f 459//459 460//460 411//411
f 412//412 411//411 460//460
f 460//460 461//461 412//412
f 413//413 412//412 461//461
f 461//461 462//462 413//413
f 414//414 413//413 462//462
f 462//462 463//463 414//414
f 415//415 414//414 463//463
f 463//463 464//464 415//415
f 416//416 415//415 464//464
f 464//464 465//465 416//416
f 417//417 416//416 465//465
f 465//465 466//466 417//417
f 418//418 417//417 466//466
f 466//466 467//467 418//418
f 419//419 418//418 467//467
f 467//467 468//468 419//419
f 420//420 419//419 468//468
f 468//468 469//469 420//420
f 421//421 420//420 469//469
f 469//469 470//470 421//421
f 422//422 421//421 470//470
f 470//470 471//471 422//422
f 423//423 422//422 471//471
f 471//471 472//472 423//423
f 424//424 423//423 472//472
f 472//472 473//473 424//424
f 425//425 424//424 473//473
f 473//473 474//474 425//425
f 426//426 425//425 474//474
f 474//474 475//475 426//426
f 427//427 426//426 475//475
f 475//475 476//476 427//427
f 428//428 427//427 476//476
f 476//476 477//477 428//428
f 429//429 428//428 477//477
f 477//477 478//478 429//429
f 430//430 429//429 478//478
f 478//478 479//479 430//430
f 431//431 430//430 479//479
f 479//479 480//480 431//431
f 431//431 480//480 481//481
f 481//481 482//482 483//483
f 484//484 432//432 431//431
f 431//431 481//481 483//483
f 483//483 484//484 431//431
f 485//485 486//486 487//487
f 487//487 439//439 438//438
f 481//481 488//488 489//489
f 490//490 485//485 487//487
f 491//491 482//482 481//481
f 481//481 489//489 492//492
f 490//490 487//487 438//438
f 438//438 491//491 481//481
f 492//492 490//490 438//438
f 438//438 481//481 492//492
f 439//439 493//493 494//494
f 495//495 493//493 439//439
f 487//487 496//496 497//497
f 498//498 499//499 500//500
f 500//500 501//501 502//502
f 439//439 494//494 503//503
f 504//504 495//495 439//439
f 487//487 497//497 505//505
f 506//506 498//498 500//500
f 500//500 502//502 507//507
f 507//507 448//448 439//439
f 508//508 504//504 439//439
f 506//506 500//500 507//507
f 507//507 439//439 503//503
f 508//508 439//439 487//487
f 506//506 507//507 503//503
f 509//509 508//508 487//487
f 506//506 503//503 510//510
f 511//511 509//509 487//487
f 506//506 510//510 512//512
f 513//513 511//511 487//487
f 505//505 506//506 512//512
f 514//514 513//513 487//487
f 505//505 512//512 514//514
f 514//514 487//487 505//505
f 459//459 458//458 515//515
f 515//515 516//516 459//459
f 460//460 459//459 516//516
f 516//516 517//517 460//460
f 461//461 460//460 517//517
f 517//517 518//518 461//461
f 462//462 461//461 518//518
f 518//518 519//519 462//462
f 463//463 462//462 519//519
f 519//519 520//520 463//463
f 464//464 463//463 520//520
f 520//520 521//521 464//464
f 465//465 464//464 521//521
f 521//521 522//522 465//465
f 466//466 465//465 522//522
f 522//522 523//523 466//466
f 467//467 466//466 523//523
f 523//523 524//524 467//467
f 468//468 467//467 524//524
f 524//524 525//525 468//468
f 469//469 468//468 525//525
f 525//525 526//526 469//469
f 470//470 469//469 526//526
f 526//526 527//527 470//470
f 471//471 470//470 527//527
f 527//527 528//528 471//471
f 472//472 471//471 528//528
f 528//528 529//529 472//472
f 473//473 472//472 529//529
f 529//529 530//530 473//473
f 474//474 473//473 530//530
f 530//530 531//531 474//474
f 475//475 474//474 531//531
f 531//531 532//532 475//475
f 476//476 475//475 532//532
f 532//532 533//533 476//476
f 477//477 476//476 533//533
f 533//533 534//534 477//477
f 478//478 477//477 534//534
f 534//534 535//535 478//478
f 479//479 478//478 535//535
f 535//535 536//536 479//479
f 480//480 479//479 536//536
f 536//536 537//537 480//480
f 481//481 480//480 537//537
f 537//537 538//538 481//481
f 539//539 540//540 541//541
f 542//542 543//543 487//487
f 538//538 539//539 541//541
f 544//544 542//542 487//487
f 487//487 486//486 545//545
f 546//546 488//488 481//481
f 538//538 541//541 547//547
f 544//544 487//487 545//545
f 548//548 546//546 481//481
f 481//481 538//538 547//547
f 549//549 544//544 545//545
f 548//548 481//481 547//547
f 549//549 545//545 550//550
f 551//551 548//548 547//547
f 549//549 550//550 552//552
f 551//551 547//547 553//553
f 549//549 552//552 551//551
f 551//551 553//553 549//549
f 554//554 540//540 539//539
f 555//555 500//500 499//499
f 556//556 496//496 487//487
f 487//487 543//543 557//557
f 558//558 554//554 539//539
f 555//555 499//499 559//559
f 560//560 556//556 487//487
f 487//487 557//557 561//561
f 558//558 539//539 555//555
f 555//555 559//559 562//562
f 560//560 487//487 561//561
f 561//561 558//558 555//555
f 555//555 562//562 563//563
f 564//564 560//560 561//561
f 561//561 555//555 563//563
f 563//563 564//564 561//561
f 516//516 515//515 565//565
f 565//565 566//566 516//516
f 517//517 516//516 566//566
f 566//566 567//567 517//517
f 518//518 517//517 567//567
f 567//567 568//568 518//518
f 519//519 518//518 568//568
f 568//568 569//569 519//519
f 520//520 519//519 569//569
f 569//569 570//570 520//520
f 521//521 520//520 570//570
f 570//570 571//571 521//521
f 522//522 521//521 571//571
f 571//571 572//572 522//522
f 523//523 522//522 572//572
f 572//572 573//573 523//523
f 524//524 523//523 573//573
f 573//573 574//574 524//524
f 525//525 524//524 574//574
f 574//574 575//575 525//525
f 526//526 525//525 575//575
f 575//575 576//576 526//526
f 527//527 526//526 576//576
f 576//576 577//577 527//527
f 528//528 527//527 577//577
f 577//577 578//578 528//528
f 529//529 528//528 578//578
f 578//578 579//579 529//529
f 530//530 529//529 579//579
f 579//579 580//580 530//530
f 531//531 530//530 580//580
f 580//580 581//581 531//531
f 532//532 531//531 581//581
f 581//581 582//582 532//532
f 533//533 532//532 582//582
f 582//582 583//583 533//533
f 534//534 533//533 583//583
f 583//583 584//584 534//534
f 535//535 534//534 584//584
f 584//584 585//585 535//535
f 536//536 535//535 585//585
f 585//585 586//586 536//536
f 537//537 536//536 586//586
f 586//586 587//587 537//537
f 537//537 588//588 589//589
f 590//590 588//588 537//537
f 538//538 537//537 589//589
f 591//591 590//590 537//537
f 538//538 589//589 592//592
f 593//593 591//591 537//537
f 538//538 592//592 594//594
f 595//595 593//593 537//537
f 596//596 538//538 594//594
f 595//595 537//537 587//587
f 596//596 594//594 597//597
f 598//598 595//595 587//587
f 596//596 597//597 599//599
f 600//600 598//598 587//587
f 587//587 596//596 599//599
f 599//599 600//600 587//587
f 539//539 538//538 596//596
f 596//596 601//601 539//539
f 555//555 539//539 601//601
f 601//601 602//602 555//555
f 566//566 565//565 603//603
f 603//603 604//604 566//566
f 567//567 566//566 604//604
f 604//604 605//605 567//567
f 568//568 567//567 605//605
f 605//605 606//606 568//568
f 569//569 568//568 606//606
f 606//606 607//607 569//569
f 570//570 569//569 607//607
f 607//607 608//608 570//570
f 571//571 570//570 608//608
f 608//608 609//609 571//571
f 572//572 571//571 609//609
f 609//609 610//610 572//572
f 573//573 572//572 610//610
f 610//610 611//611 573//573
f 574//574 573//573 611//611
f 611//611 612//612 574//574
f 575//575 574//574 612//612
f 612//612 613//613 575//575
f 576//576 575//575 613//613
f 613//613 614//614 576//576
f 577//577 576//576 614//614
f 614//614 615//615 577//577
f 578//578 577//577 615//615
f 615//615 616//616 578//578
f 579//579 578//578 616//616
f 616//616 617//617 579//579
f 580//580 579//579 617//617
f 617//617 618//618 580//580
f 581//581 580//580 618//618
f 618//618 619//619 581//581
f 582//582 581//581 619//619
f 619//619 620//620 582//582
f 583//583 582//582 620//620
f 620//620 621//621 583//583
f 584//584 583//583 621//621
f 621//621 622//622 584//584
f 585//585 584//584 622//622
f 622//622 623//623 585//585
f 586//586 585//585 623//623
f 623//623 624//624 586//586
f 587//587 586//586 624//624
f 624//624 625//625 587//587
f 587//587 626//626 627//627
f 628//628 626//626 587//587
f 596//596 587//587 627//627
f 629//629 628//628 587//587
f 596//596 627//627 630//630
f 631//631 629//629 587//587
f 632//632 596//596 630//630
f 633//633 631//631 587//587
f 632//632 630//630 634//634
f 633//633 587//587 625//625
f 632//632 634//634 635//635
f 636//636 633//633 625//625
f 632//632 635//635 637//637
f 638//638 636//636 625//625
f 632//632 637//637 638//638
f 638//638 625//625 632//632
f 639//639 640//640 641//641
f 642//642 643//643 601//601
f 596//596 632//632 644//644
f 645//645 646//646 647//647
f 648//648 639//639 641//641
f 649//649 642//642 601//601
f 596//596 644//644 650//650
f 651//651 645//645 647//647
f 648//648 641//641 652//652
f 649//649 601//601 596//596
f 596//596 650//650 653//653
f 651//651 647//647 648//648
f 648//648 652//652 654//654
f 654//654 649//649 596//596
f 596//596 653//653 655//655
f 651//651 648//648 654//654
f 596//596 655//655 656//656
f 656//656 651//651 654//654
f 654//654 596//596 656//656
f 657//657 658//658 602//602
f 602//602 601//601 643//643
f 659//659 660//660 661//661
f 661//661 662//662 663//663
f 664//664 657//657 602//602
f 665//665 641//641 640//640
f 640//640 659//659 661//661
f 661//661 663//663 666//666
f 602//602 643//643 667//667
f 668//668 665//665 640//640
f 640//640 661//661 666//666
f 664//664 602//602 667//667
f 640//640 666//666 669//669
f 670//670 664//664 667//667
f 668//668 640//640 669//669
f 670//670 667//667 671//671
f 672//672 668//668 669//669
f 669//669 670//670 671//671
f 673//673 672//672 669//669
f 669//669 671//671 673//673
f 604//604 603//603 674//674
f 674//674 675//675 604//604
f 605//605 604//604 675//675
f 675//675 676//676 605//605
f 606//606 605//605 676//676
f 676//676 677//677 606//606
f 607//607 606//606 677//677
f 677//677 678//678 607//607
f 608//608 607//607 678//678
f 678//678 679//679 608//608
f 609//609 608//608 679//679
f 679//679 680//680 609//609
f 610//610 609//609 680//680
f 680//680 681//681 610//610
f 611//611 610//610 681//681
f 681//681 682//682 611//611
f 612//612 611//611 682//682
f 682//682 683//683 612//612
f 613//613 612//612 683//683
f 683//683 684//684 613//613
f 614//614 613//613 684//684
f 684//684 685//685 614//614
f 615//615 614//614 685//685
f 685//685 686//686 615//615
f 616//616 615//615 686//686
f 686//686 687//687 616//616
f 617//617 616//616 687//687
f 687//687 688//688 617//617
f 618//618 617//617 688//688
f 688//688 689//689 618//618
f 619//619 618//618 689//689
f 689//689 690//690 619//619
f 620//620 619//619 690//690
f 690//690 691//691 620//620
f 621//621 620//620 691//691
f 691//691 692//692 621//621
f 622//622 621//621 692//692
f 692//692 693//693 622//622
f 623//623 622//622 693//693
f 693//693 694//694 623//623
f 624//624 623//623 694//694
f 694//694 695//695 624//624
f 625//625 624//624 695//695
f 695//695 696//696 625//625
f 697//697 698//698 632//632
f 632//632 625//625 696//696
f 696//696 699//699 700//700
f 701//701 697//697 632//632
f 696//696 700//700 702//702
f 701//701 632//632 696//696
f 696//696 702//702 703//703
f 703//703 701//701 696//696
f 704//704 705//705 706//706
f 699//699 707//707 704//704
f 704//704 706//706 708//708
f 709//709 647//647 646//646
f 710//710 644//644 632//632
f 632//632 698//698 711//711
f 712//712 700//700 699//699
f 699//699 704//704 708//708
f 713//713 709//709 646//646
f 714//714 710//710 632//632
f 632//632 711//711 715//715
f 716//716 712//712 699//699
f 699//699 708//708 713//713
f 714//714 632//632 715//715
f 716//716 699//699 713//713
f 713//713 646//646 717//717
f 718//718 714//714 715//715
f 719//719 716//716 713//713
f 713//713 717//717 718//718
f 718//718 715//715 720//720
f 720//720 719//719 713//713
f 713//713 718//718 720//720
f 721//721 722//722 661//661
f 660//660 723//723 724//724
f 705//705 725//725 726//726
f 727//727 728//728 729//729
f 729//729 730//730 731//731
f 732//732 721//721 661//661
f 661//661 660//660 724//724
f 733//733 727//727 729//729
f 729//729 731//731 734//734
f 732//732 661//661 724//724
f 735//735 706//706 705//705
f 705//705 726//726 736//736
f 733//733 729//729 734//734
f 737//737 732//732 724//724
f 738//738 735//735 705//705
f 739//739 733//733 734//734
f 737//737 724//724 740//740
f 738//738 705//705 736//736
f 741//741 739//739 734//734
f 742//742 737//737 740//740
f 743//743 738//738 736//736
f 736//736 741//741 734//734
f 734//734 742//742 740//740
f 743//743 736//736 734//734
f 734//734 740//740 744//744
f 744//744 743//743 734//734
f 675//675 674//674 745//745
f 745//745 746//746 675//675
f 676//676 675//675 746//746
f 746//746 747//747 676//676
f 677//677 676//676 747//747
f 747//747 748//748 677//677
f 678//678 677//677 748//748
f 748//748 749//749 678//678
f 679//679 678//678 749//749
f 749//749 750//750 679//679
f 680//680 679//679 750//750
f 750//750 751//751 680//680
f 681//681 680//680 751//751
f 751//751 752//752 681//681
f 682//682 681//681 752//752
f 752//752 753//753 682//682
f 683//683 682//682 753//753
f 753//753 754//754 683//683
f 684//684 683//683 754//754
f 754//754 755//755 684//684
f 685//685 684//684 755//755
f 755//755 756//756 685//685
f 686//686 685//685 756//756
f 756//756 757//757 686//686
f 687//687 686//686 757//757
f 757//757 758//758 687//687
f 688//688 687//687 758//758
f 758//758 759//759 688//688
f 689//689 688//688 759//759
f 759//759 760//760 689//689
f 690//690 689//689 760//760
f 760//760 761//761 690//690
f 691//691 690//690 761//761
f 761//761 762//762 691//691
f 692//692 691//691 762//762
f 762//762 763//763 692//692
f 693//693 692//692 763//763
f 763//763 764//764 693//693
f 694//694 693//693 764//764
f 764//764 765//765 694//694
f 695//695 694//694 765//765
f 765//765 766//766 695//695
f 696//696 695//695 766//766
f 766//766 767//767 696//696
f 699//699 696//696 767//767
f 767//767 768//768 699//699
f 699//699 769//769 770//770
f 771//771 769//769 699//699
f 768//768 772//772 773//773
f 699//699 770//770 774//774
f 775//775 771//771 699//699
f 768//768 773//773 776//776
f 777//777 707//707 699//699
f 778//778 775//775 699//699
f 768//768 776//776 777//777
f 777//777 699//699 774//774
f 779//779 778//778 699//699
f 777//777 774//774 780//780
f 779//779 699//699 768//768
f 777//777 780//780 781//781
f 782//782 779//779 768//768
f 777//777 781//781 783//783
f 784//784 782//782 768//768
f 768//768 777//777 783//783
f 783//783 784//784 768//768
f 772//772 785//785 729//729
f 729//729 728//728 786//786
f 787//787 773//773 772//772
f 729//729 786//786 788//788
f 788//788 787//787 772//772
f 772//772 729//729 788//788
f 746//746 745//745 789//789
f 789//789 790//790 746//746
f 747//747 746//746 790//790
f 790//790 791//791 747//747
f 748//748 747//747 791//791
f 791//791 792//792 748//748
f 749//749 748//748 792//792
f 792//792 793//793 749//749
f 750//750 749//749 793//793
f 793//793 794//794 750//750
f 751//751 750//750 794//794
f 794//794 795//795 751//751
f 752//752 751//751 795//795
f 795//795 796//796 752//752
f 753//753 752//752 796//796
f 796//796 797//797 753//753
f 754//754 753//753 797//797
f 797//797 798//798 754//754
f 755//755 754//754 798//798
f 798//798 799//799 755//755
f 756//756 755//755 799//799
f 799//799 800//800 756//756
f 757//757 756//756 800//800
f 800//800 801//801 757//757
f 758//758 757//757 801//801
f 801//801 802//802 758//758
f 759//759 758//758 802//802
f 802//802 803//803 759//759
f 760//760 759//759 803//803
f 803//803 804//804 760//760
f 761//761 760//760 804//804
f 804//804 805//805 761//761
f 762//762 761//761 805//805
f 805//805 806//806 762//762
f 763//763 762//762 806//806
f 806//806 807//807 763//763
f 764//764 763//763 807//807
f 807//807 808//808 764//764
f 765//765 764//764 808//808
f 808//808 809//809 765//765
f 766//766 765//765 809//809
f 809//809 810//810 766//766
f 767//767 766//766 810//810
f 810//810 811//811 767//767
f 768//768 767//767 811//811
f 811//811 812//812 768//768
f 772//772 768//768 812//812
f 812//812 813//813 772//772
f 814//814 815//815 816//816
f 816//816 785//785 772//772
f 772//772 813//813 817//817
f 818//818 814//814 816//816
f 772//772 817//817 819//819
f 818//818 816//816 772//772
f 772//772 819//819 820//820
f 820//820 818//818 772//772
f 790//790 789//789 821//821
f 821//821 822//822 790//790
f 791//791 790//790 822//822
f 822//822 823//823 791//791
f 792//792 791//791 823//823
f 823//823 824//824 792//792
f 793//793 792//792 824//824
f 824//824 825//825 793//793
f 794//794 793//793 825//825
f 825//825 826//826 794//794
f 795//795 794//794 826//826
f 826//826 827//827 795//795
f 796//796 795//795 827//827
f 827//827 828//828 796//796
f 797//797 796//796 828//828
f 828//828 829//829 797//797
f 798//798 797//797 829//829
f 829//829 830//830 798//798
f 799//799 798//798 830//830
f 830//830 831//831 799//799
f 800//800 799//799 831//831
f 831//831 832//832 800//800
f 801//801 800//800 832//832
f 832//832 833//833 801//801
f 802//802 801//801 833//833
f 833//833 834//834 802//802
f 803//803 802//802 834//834
f 834//834 835//835 803//803
f 804//804 803//803 835//835
f 835//835 836//836 804//804
f 805//805 804//804 836//836
f 836//836 837//837 805//805
f 806//806 805//805 837//837
f 837//837 838//838 806//806
f 807//807 806//806 838//838
f 838//838 839//839 807//807
f 808//808 807//807 839//839
f 839//839 840//840 808//808
f 809//809 808//808 840//840
f 840//840 841//841 809//809
f 810//810 809//809 841//841
f 841//841 842//842 810//810
f 811//811 810//810 842//842
f 842//842 843//843 811//811
f 812//812 811//811 843//843
f 843//843 844//844 812//812
f 813//813 812//812 844//844
f 844//844 845//845 813//813
f 813//813 845//845 846//846
f 847//847 817//817 813//813
f 846//846 816//816 815//815
f 848//848 847//847 813//813
f 846//846 815//815 849//849
f 848//848 813//813 846//846
f 846//846 849//849 850//850
f 851//851 848//848 846//846
f 846//846 850//850 852//852
f 852//852 851//851 846//846
f 822//822 821//821 853//853
f 853//853 854//854 822//822
f 823//823 822//822 854//854
f 854//854 855//855 823//823
f 824//824 823//823 855//855
f 855//855 856//856 824//824
f 825//825 824//824 856//856
f 856//856 857//857 825//825
f 826//826 825//825 857//857
f 857//857 858//858 826//826
f 827//827 826//826 858//858
f 858//858 859//859 827//827
f 828//828 827//827 859//859
f 859//859 860//860 828//828
f 829//829 828//828 860//860
f 860//860 861//861 829//829
f 830//830 829//829 861//861
f 861//861 862//862 830//830
f 831//831 830//830 862//862
f 862//862 863//863 831//831
f 832//832 831//831 863//863
f 863//863 864//864 832//832
f 833//833 832//832 864//864
f 864//864 865//865 833//833
f 834//834 833//833 865//865
f 865//865 866//866 834//834
f 835//835 834//834 866//866
f 866//866 867//867 835//835
f 836//836 835//835 867//867
f 867//867 868//868 836//836
f 837//837 836//836 868//868
f 868//868 869//869 837//837
f 838//838 837//837 869//869
f 869//869 870//870 838//838
f 839//839 838//838 870//870
f 870//870 871//871 839//839
f 840//840 839//839 871//871
f 871//871 872//872 840//840
f 841//841 840//840 872//872
f 872//872 873//873 841//841
f 842//842 841//841 873//873
f 873//873 874//874 842//842
f 843//843 842//842 874//874
f 874//874 875//875 843//843
f 844//844 843//843 875//875
f 875//875 876//876 844//844
f 845//845 844//844 876//876
f 876//876 877//877 845//845
f 846//846 845//845 877//877
f 877//877 878//878 846//846
f 854//854 853//853 879//879
f 879//879 880//880 854//854
f 855//855 854//854 880//880
f 880//880 881//881 855//855
f 856//856 855//855 881//881
f 881//881 882//882 856//856
f 857//857 856//856 882//882
f 882//882 883//883 857//857
f 858//858 857//857 883//883
f 883//883 884//884 858//858
f 859//859 858//858 884//884
f 884//884 885//885 859//859
f 860//860 859//859 885//885
f 885//885 886//886 860//860
f 861//861 860//860 886//886
f 886//886 887//887 861//861
f 862//862 861//861 887//887
f 887//887 888//888 862//862
f 863//863 862//862 888//888
f 888//888 889//889 863//863
f 864//864 863//863 889//889
f 889//889 890//890 864//864
f 865//865 864//864 890//890
f 890//890 891//891 865//865
f 866//866 865//865 891//891
f 891//891 892//892 866//866
f 867//867 866//866 892//892
f 892//892 893//893 867//867
f 868//868 867//867 893//893
f 893//893 894//894 868//868
f 869//869 868//868 894//894
f 894//894 895//895 869//869
f 870//870 869//869 895//895
f 895//895 896//896 870//870
f 871//871 870//870 896//896
f 896//896 897//897 871//871
f 872//872 871//871 897//897
f 897//897 898//898 872//872
f 873//873 872//872 898//898
f 898//898 899//899 873//873
f 874//874 873//873 899//899
f 899//899 900//900 874//874
f 875//875 874//874 900//900
f 900//900 901//901 875//875
f 876//876 875//875 901//901
f 901//901 902//902 876//876
f 877//877 876//876 902//902
f 902//902 903//903 877//877
f 878//878 877//877 903//903
f 903//903 904//904 878//878
f 880//880 879//879 905//905
f 905//905 906//906 880//880
f 881//881 880//880 906//906
f 906//906 907//907 881//881
f 882//882 881//881 907//907
f 907//907 908//908 882//882
f 883//883 882//882 908//908
f 908//908 909//909 883//883
f 884//884 883//883 909//909
f 909//909 910//910 884//884
f 885//885 884//884 910//910
f 910//910 911//911 885//885
f 886//886 885//885 911//911
f 911//911 912//912 886//886
f 887//887 886//886 912//912
f 912//912 913//913 887//887
f 888//888 887//887 913//913
f 913//913 914//914 888//888
f 889//889 888//888 914//914
f 914//914 915//915 889//889
f 890//890 889//889 915//915
f 915//915 916//916 890//890
f 891//891 890//890 916//916
f 916//916 917//917 891//891
f 892//892 891//891 917//917
f 917//917 918//918 892//892
f 893//893 892//892 918//918
f 918//918 919//919 893//893
f 894//894 893//893 919//919
f 919//919 920//920 894//894
f 895//895 894//894 920//920
f 920//920 921//921 895//895
f 896//896 895//895 921//921
f 921//921 922//922 896//896
f 897//897 896//896 922//922
f 922//922 923//923 897//897
f 898//898 897//897 923//923
f 923//923 924//924 898//898
f 899//899 898//898 924//924
f 924//924 925//925 899//899
f 900//900 899//899 925//925
f 925//925 926//926 900//900
f 901//901 900//900 926//926
f 926//926 927//927 901//901
f 902//902 901//901 927//927
f 927//927 928//928 902//902
f 929//929 930//930 903//903
f 903//903 902//902 928//928
f 928//928 931//931 932//932
f 933//933 929//929 903//903
f 928//928 932//932 934//934
f 933//933 903//903 928//928
f 928//928 934//934 935//935
f 935//935 933//933 928//928
f 936//936 937//937 904//904
f 904//904 903//903 930//930
f 938//938 939//939 940//940
f 941//941 942//942 943//943
f 944//944 936//936 904//904
f 945//945 938//938 940//940
f 946//946 941//941 943//943
f 943//943 944//944 904//904
f 904//904 930//930 947//947
f 945//945 940//940 946//946
f 946//946 943//943 904//904
f 904//904 947//947 945//945
f 945//945 946//946 904//904
f 931//931 948//948 949//949
f 949//949 932//932 931//931
f 906//906 905//905 950//950
f 950//950 951//951 906//906
f 907//907 906//906 951//951
f 951//951 952//952 907//907
f 908//908 907//907 952//952
f 952//952 953//953 908//908
f 909//909 908//908 953//953
f 953//953 954//954 909//909
f 910//910 909//909 954//954
f 954//954 955//955 910//910
f 911//911 910//910 955//955
f 955//955 956//956 911//911
f 912//912 911//911 956//956
f 956//956 957//957 912//912
f 913//913 912//912 957//957
f 957//957 958//958 913//913
f 914//914 913//913 958//958
f 958//958 959//959 914//914
f 915//915 914//914 959//959
f 959//959 960//960 915//915
f 916//916 915//915 960//960
f 960//960 961//961 916//916
f 917//917 916//916 961//961
f 961//961 962//962 917//917
f 918//918 917//917 962//962
f 962//962 963//963 918//918
f 919//919 918//918 963//963
f 963//963 964//964 919//919
f 920//920 919//919 964//964
f 964//964 965//965 920//920
f 921//921 920//920 965//965
f 965//965 966//966 921//921
f 922//922 921//921 966//966
f 966//966 967//967 922//922
f 923//923 922//922 967//967
f 967//967 968//968 923//923
f 924//924 923//923 968//968
f 968//968 969//969 924//924
f 925//925 924//924 969//969
f 969//969 970//970 925//925
f 926//926 925//925 970//970
f 970//970 971//971 926//926
f 927//927 926//926 971//971
f 971//971 972//972 927//927
f 928//928 927//927 972//972
f 972//972 973//973 928//928
f 974//974 975//975 931//931
f 976//976 977//977 978//978
f 979//979 980//980 981//981
f 982//982 974//974 931//931
f 976//976 978//978 983//983
f 984//984 979//979 981//981
f 982//982 931//931 928//928
f 976//976 983//983 985//985
f 984//984 981//981 982//982
f 976//976 985//985 986//986
f 984//984 982//982 928//928
f 973//973 976//976 986//986
f 987//987 984//984 928//928
f 973//973 986//986 988//988
f 989//989 987//987 928//928
f 973//973 988//988 990//990
f 990//990 989//989 928//928
f 928//928 973//973 990//990
f 976//976 991//991 992//992
f 993//993 943//943 942//942
f 994//994 948//948 931//931
f 976//976 992//992 995//995
f 996//996 993//993 942//942
f 997//997 994//994 931//931
f 976//976 995//995 996//996
f 997//997 931//931 975//975
f 998//998 977//977 976//976
f 996//996 942//942 999//999
f 1000//1000 997//997 975//975
f 1001//1001 998//998 976//976
f 996//996 999//999 1000//1000
f 1000//1000 975//975 1002//1002
f 1001//1001 976//976 996//996
f 1000//1000 1002//1002 1003//1003
f 1004//1004 1001//1001 996//996
f 996//996 1000//1000 1003//1003
f 1005//1005 1004//1004 996//996
f 996//996 1003//1003 1005//1005
f 951//951 950//950 1//1
f 1//1 1006//1006 951//951
f 952//952 951//951 1006//1006
f 1006//1006 1007//1007 952//952
f 953//953 952//952 1007//1007
f 1007//1007 2//2 953//953
f 954//954 953//953 2//2
f 2//2 1008//1008 954//954
f 955//955 954//954 1008//1008
f 1008//1008 1009//1009 955//955
f 956//956 955//955 1009//1009
f 1009//1009 1010//1010 956//956
f 957//957 956//956 1010//1010
f 1010//1010 1011//1011 957//957
f 958//958 957//957 1011//1011
f 1011//1011 3//3 958//958
f 959//959 958//958 3//3
f 3//3 1012//1012 959//959
f 960//960 959//959 1012//1012
f 1012//1012 1013//1013 960//960
f 961//961 960//960 1013//1013
f 1013//1013 1014//1014 961//961
f 962//962 961//961 1014//1014
f 1014//1014 1015//1015 962//962
f 963//963 962//962 1015//1015
f 1015//1015 4//4 963//963
f 964//964 963//963 4//4
f 4//4 1016//1016 964//964
f 965//965 964//964 1016//1016
f 1016//1016 1017//1017 965//965
f 966//966 965//965 1017//1017
f 1017//1017 1018//1018 966//966
f 967//967 966//966 1018//1018
f 1018//1018 1019//1019 967//967
f 968//968 967//967 1019//1019
f 1019//1019 1020//1020 968//968
f 969//969 968//968 1020//1020
f 1020//1020 1021//1021 969//969
f 970//970 969//969 1021//1021
f 1021//1021 1022//1022 970//970
f 971//971 970//970 1022//1022
f 1022//1022 1023//1023 971//971
f 972//972 971//971 1023//1023
f 1023//1023 1024//1024 972//972
f 973//973 972//972 1024//1024
f 1024//1024 1025//1025 973//973
f 976//976 973//973 1025//1025
f 1025//1025 1026//1026 976//976
f 1027//1027 1028//1028 1029//1029
f 976//976 1026//1026 1030//1030
f 1031//1031 1032//1032 1033//1033
f 1034//1034 1027//1027 1029//1029
f 976//976 1030//1030 1035//1035
f 1036//1036 1031//1031 1033//1033
f 1034//1034 1029//1029 991//991
f 976//976 1035//1035 1036//1036
f 1037//1037 1034//1034 991//991
f 976//976 1036//1036 1033//1033
f 1038//1038 1037//1037 991//991
f 976//976 1033//1033 1039//1039
f 1040//1040 1038//1038 991//991
f 976//976 1039//1039 1040//1040
f 1040//1040 991//991 976//976
f 1041//1041 1042//1042 1043//1043
f 1043//1043 1044//1044 1041//1041
f 4//4 1045//1045 1046//1046
f 1046//1046 1016//1016 4//4
f 1017//1017 1016//1016 1046//1046
f 1046//1046 1047//1047 1017//1017
f 1018//1018 1017//1017 1047//1047
f 1047//1047 1048//1048 1018//1018
f 1019//1019 1018//1018 1048//1048
f 1048//1048 1049//1049 1019//1019
f 1020//1020 1019//1019 1049//1049
f 1049//1049 1050//1050 1020//1020
f 1021//1021 1020//1020 1050//1050
f 1050//1050 1051//1051 1021//1021
f 1022//1022 1021//1021 1051//1051
f 1051//1051 1052//1052 1022//1022
f 1023//1023 1022//1022 1052//1052
f 1052//1052 1053//1053 1023//1023
f 1024//1024 1023//1023 1053//1053
f 1053//1053 1054//1054 1024//1024
f 1025//1025 1024//1024 1054//1054
f 1054//1054 1055//1055 1025//1025
f 1026//1026 1025//1025 1055//1055
f 1055//1055 1056//1056 1026//1026
f 1057//1057 1030//1030 1026//1026
f 1056//1056 1058//1058 1044//1044
f 1044//1044 1043//1043 1059//1059
f 1060//1060 1057//1057 1026//1026
f 1044//1044 1059//1059 1061//1061
f 1060//1060 1026//1026 1056//1056
f 1056//1056 1044//1044 1061//1061
f 1062//1062 1060//1060 1056//1056
f 1056//1056 1061//1061 1063//1063
f 1063//1063 1062//1062 1056//1056
f 1046//1046 1045//1045 1064//1064
f 1064//1064 1065//1065 1046//1046
f 1047//1047 1046//1046 1065//1065
f 1065//1065 1066//1066 1047//1047
f 1048//1048 1047//1047 1066//1066
f 1066//1066 1067//1067 1048//1048
f 1049//1049 1048//1048 1067//1067
f 1067//1067 1068//1068 1049//1049
f 1050//1050 1049//1049 1068//1068
f 1068//1068 1069//1069 1050//1050
f 1051//1051 1050//1050 1069//1069
f 1069//1069 1070//1070 1051//1051
f 1052//1052 1051//1051 1070//1070
f 1070//1070 1071//1071 1052//1052
f 1053//1053 1052//1052 1071//1071
f 1071//1071 1072//1072 1053//1053
f 1054//1054 1053//1053 1072//1072
f 1072//1072 1073//1073 1054//1054
f 1054//1054 1074//1074 1075//1075
f 1076//1076 1074//1074 1054//1054
f 1054//1054 1073//1073 1077//1077
f 1078//1078 1079//1079 1080//1080
f 1055//1055 1054//1054 1075//1075
f 1081//1081 1076//1076 1054//1054
f 1054//1054 1077//1077 1082//1082
f 1083//1083 1078//1078 1080//1080
f 1055//1055 1075//1075 1084//1084
f 1085//1085 1081//1081 1054//1054
f 1054//1054 1082//1082 1086//1086
f 1055//1055 1084//1084 1087//1087
f 1088//1088 1085//1085 1054//1054
f 1054//1054 1086//1086 1089//1089
f 1080//1080 1055//1055 1087//1087
f 1088//1088 1054//1054 1089//1089
f 1080//1080 1087//1087 1090//1090
f 1091//1091 1088//1088 1089//1089
f 1080//1080 1090//1090 1092//1092
f 1093//1093 1091//1091 1089//1089
f 1083//1083 1080//1080 1092//1092
f 1092//1092 1093//1093 1089//1089
f 1094//1094 1083//1083 1092//1092
f 1092//1092 1089//1089 1094//1094
f 1056//1056 1055//1055 1080//1080
f 1080//1080 1095//1095 1056//1056
f 1096//1096 1097//1097 1058//1058
f 1058//1058 1056//1056 1095//1095
f 1095//1095 1098//1098 1099//1099
f 1100//1100 1096//1096 1058//1058
f 1058//1058 1095//1095 1099//1099
f 1099//1099 1100//1100 1058//1058
f 1065//1065 1064//1064 1101//1101
f 1101//1101 1102//1102 1065//1065
f 1066//1066 1065//1065 1102//1102
f 1102//1102 1103//1103 1066//1066
f 1067//1067 1066//1066 1103//1103
f 1103//1103 1104//1104 1067//1067
f 1068//1068 1067//1067 1104//1104
f 1104//1104 1105//1105 1068//1068
f 1069//1069 1068//1068 1105//1105
f 1105//1105 1106//1106 1069//1069
f 1070//1070 1069//1069 1106//1106
f 1106//1106 1107//1107 1070//1070
f 1071//1071 1070//1070 1107//1107
f 1107//1107 1108//1108 1071//1071
f 1072//1072 1071//1071 1108//1108
f 1108//1108 1109//1109 1072//1072
f 1073//1073 1072//1072 1109//1109
f 1109//1109 1110//1110 1073//1073
f 1073//1073 1110//1110 1111//1111
f 1111//1111 1080//1080 1079//1079
f 1112//1112 1077//1077 1073//1073
f 1113//1113 1112//1112 1073//1073
f 1111//1111 1079//1079 1114//1114
f 1113//1113 1073//1073 1111//1111
f 1111//1111 1114//1114 1115//1115
f 1115//1115 1113//1113 1111//1111
f 1116//1116 1117//1117 1118//1118
f 1118//1118 1095//1095 1080//1080
f 1080//1080 1111//1111 1119//1119
f 1120//1120 1116//1116 1118//1118
f 1080//1080 1119//1119 1121//1121
f 1120//1120 1118//1118 1080//1080
f 1080//1080 1121//1121 1122//1122
f 1122//1122 1120//1120 1080//1080
f 1095//1095 1123//1123 1124//1124
f 1125//1125 1123//1123 1095//1095
f 1126//1126 1127//1127 1128//1128
f 1129//1129 1125//1125 1095//1095
f 1126//1126 1128//1128 1130//1130
f 1130//1130 1098//1098 1095//1095
f 1131//1131 1129//1129 1095//1095
f 1130//1130 1095//1095 1124//1124
f 1132//1132 1131//1131 1095//1095
f 1130//1130 1124//1124 1133//1133
f 1132//1132 1095//1095 1118//1118
f 1130//1130 1133//1133 1134//1134
f 1135//1135 1132//1132 1118//1118
f 1126//1126 1130//1130 1134//1134
f 1136//1136 1135//1135 1118//1118
f 1126//1126 1134//1134 1137//1137
f 1138//1138 1136//1136 1118//1118
f 1126//1126 1137//1137 1138//1138
f 1138//1138 1118//1118 1126//1126
f 1102//1102 1101//1101 1139//1139
f 1139//1139 1140//1140 1102//1102
f 1103//1103 1102//1102 1140//1140
f 1140//1140 1141//1141 1103//1103
f 1104//1104 1103//1103 1141//1141
f 1141//1141 1142//1142 1104//1104
f 1105//1105 1104//1104 1142//1142
f 1142//1142 1143//1143 1105//1105
f 1106//1106 1105//1105 1143//1143
f 1143//1143 1144//1144 1106//1106
f 1107//1107 1106//1106 1144//1144
f 1144//1144 1145//1145 1107//1107
f 1108//1108 1107//1107 1145//1145
f 1145//1145 1146//1146 1108//1108
f 1109//1109 1108//1108 1146//1146
f 1146//1146 1147//1147 1109//1109
f 1110//1110 1109//1109 1147//1147
f 1147//1147 1148//1148 1110//1110
f 1111//1111 1110//1110 1148//1148
f 1148//1148 1149//1149 1111//1111
f 1111//1111 1149//1149 1150//1150
f 1151//1151 1119//1119 1111//1111
f 1150//1150 1118//1118 1117//1117
f 1152//1152 1151//1151 1111//1111
f 1150//1150 1117//1117 1153//1153
f 1152//1152 1111//1111 1150//1150
f 1150//1150 1153//1153 1154//1154
f 1155//1155 1152//1152 1150//1150
f 1150//1150 1154//1154 1156//1156
f 1156//1156 1155//1155 1150//1150
f 1157//1157 1158//1158 1126//1126
f 1118//1118 1150//1150 1159//1159
f 1160//1160 1161//1161 1162//1162
f 1163//1163 1157//1157 1126//1126
f 1118//1118 1159//1159 1164//1164
f 1165//1165 1160//1160 1162//1162
f 1163//1163 1126//1126 1118//1118
f 1118//1118 1164//1164 1165//1165
f 1165//1165 1162//1162 1166//1166
f 1167//1167 1163//1163 1118//1118
f 1165//1165 1166//1166 1168//1168
f 1169//1169 1167//1167 1118//1118
f 1118//1118 1165//1165 1168//1168
f 1168//1168 1169//1169 1118//1118
f 1140//1140 1139//1139 5//5
f 5//5 1170//1170 1140//1140
f 1141//1141 1140//1140 1170//1170
f 1170//1170 1171//1171 1141//1141
f 1142//1142 1141//1141 1171//1171
f 1171//1171 1172//1172 1142//1142
f 1143//1143 1142//1142 1172//1172
f 1172//1172 1173//1173 1143//1143
f 1144//1144 1143//1143 1173//1173
f 1173//1173 1174//1174 1144//1144
f 1145//1145 1144//1144 1174//1174
f 1174//1174 1175//1175 1145//1145
f 1146//1146 1145//1145 1175//1175
f 1175//1175 1176//1176 1146//1146
f 1147//1147 1146//1146 1176//1176
f 1176//1176 1177//1177 1147//1147
f 1148//1148 1147//1147 1177//1177
f 1177//1177 1178//1178 1148//1148
f 1149//1149 1148//1148 1178//1178
f 1178//1178 1179//1179 1149//1149
f 1150//1150 1149//1149 1179//1179
f 1179//1179 1180//1180 1150//1150
f 1150//1150 1180//1180 1181//1181
f 1181//1181 1182//1182 1183//1183
f 1184//1184 1159//1159 1150//1150
f 1150//1150 1181//1181 1183//1183
f 1183//1183 1184//1184 1150//1150
f 1170//1170 5//5 1185//1185
f 1185//1185 1186//1186 1170//1170
f 1171//1171 1170//1170 1186//1186
f 1186//1186 1187//1187 1171//1171
f 1172//1172 1171//1171 1187//1187
f 1187//1187 1188//1188 1172//1172
f 1173//1173 1172//1172 1188//1188
f 1188//1188 1189//1189 1173//1173
f 1174//1174 1173//1173 1189//1189
f 1189//1189 1190//1190 1174//1174
f 1175//1175 1174//1174 1190//1190
f 1190//1190 1191//1191 1175//1175
f 1176//1176 1175//1175 1191//1191
f 1191//1191 1192//1192 1176//1176
f 1177//1177 1176//1176 1192//1192
f 1192//1192 1193//1193 1177//1177
f 1178//1178 1177//1177 1193//1193
f 1193//1193 1194//1194 1178//1178
f 1179//1179 1178//1178 1194//1194
f 1194//1194 1195//1195 1179//1179
f 1180//1180 1179//1179 1195//1195
f 1195//1195 1196//1196 1180//1180
f 1181//1181 1180//1180 1196//1196
f 1196//1196 1197//1197 1181//1181
f 1186//1186 1185//1185 1198//1198
f 1198//1198 1199//1199 1186//1186
f 1187//1187 1186//1186 1199//1199
f 1199//1199 1200//1200 1187//1187
f 1188//1188 1187//1187 1200//1200
f 1200//1200 1201//1201 1188//1188
f 1189//1189 1188//1188 1201//1201
f 1201//1201 1202//1202 1189//1189
f 1190//1190 1189//1189 1202//1202
f 1202//1202 1203//1203 1190//1190
f 1191//1191 1190//1190 1203//1203
f 1203//1203 1204//1204 1191//1191
f 1192//1192 1191//1191 1204//1204
f 1204//1204 1205//1205 1192//1192
f 1193//1193 1192//1192 1205//1205
f 1205//1205 1206//1206 1193//1193
f 1194//1194 1193//1193 1206//1206
f 1206//1206 1207//1207 1194//1194
f 1195//1195 1194//1194 1207//1207
f 1207//1207 1208//1208 1195//1195
f 1196//1196 1195//1195 1208//1208
f 1208//1208 1209//1209 1196//1196
f 1197//1197 1196//1196 1209//1209
f 1209//1209 1210//1210 1197//1197
f 1199//1199 1198//1198 1211//1211
f 1211//1211 1212//1212 1199//1199
f 1200//1200 1199//1199 1212//1212
f 1212//1212 1213//1213 1200//1200
f 1201//1201 1200//1200 1213//1213
f 1213//1213 1214//1214 1201//1201
f 1202//1202 1201//1201 1214//1214
f 1214//1214 1215//1215 1202//1202
f 1203//1203 1202//1202 1215//1215
f 1215//1215 1216//1216 1203//1203
f 1204//1204 1203//1203 1216//1216
f 1216//1216 1217//1217 1204//1204
f 1205//1205 1204//1204 1217//1217
f 1217//1217 1218//1218 1205//1205
f 1206//1206 1205//1205 1218//1218
f 1218//1218 1219//1219 1206//1206
f 1207//1207 1206//1206 1219//1219
f 1219//1219 1220//1220 1207//1207
f 1208//1208 1207//1207 1220//1220
f 1220//1220 1221//1221 1208//1208
f 1209//1209 1208//1208 1221//1221
f 1221//1221 1222//1222 1209//1209
f 1210//1210 1209//1209 1222//1222
f 1222//1222 1223//1223 1210//1210
f 1212//1212 1211//1211 1224//1224
f 1224//1224 1225//1225 1212//1212
f 1213//1213 1212//1212 1225//1225
f 1225//1225 1226//1226 1213//1213
f 1214//1214 1213//1213 1226//1226
f 1226//1226 1227//1227 1214//1214
f 1215//1215 1214//1214 1227//1227
f 1227//1227 1228//1228 1215//1215
f 1216//1216 1215//1215 1228//1228
f 1228//1228 1229//1229 1216//1216
f 1217//1217 1216//1216 1229//1229
f 1229//1229 1230//1230 1217//1217
f 1218//1218 1217//1217 1230//1230
f 1230//1230 1231//1231 1218//1218
f 1219//1219 1218//1218 1231//1231
f 1231//1231 1232//1232 1219//1219
f 1220//1220 1219//1219 1232//1232
f 1232//1232 1233//1233 1220//1220
f 1221//1221 1220//1220 1233//1233
f 1233//1233 1234//1234 1221//1221
f 1222//1222 1221//1221 1234//1234
f 1234//1234 1235//1235 1222//1222
f 1223//1223 1222//1222 1235//1235
f 1235//1235 1236//1236 1223//1223
f 1225//1225 1224//1224 6//6
f 6//6 1237//1237 1225//1225
f 1226//1226 1225//1225 1237//1237
f 1237//1237 1238//1238 1226//1226
f 1227//1227 1226//1226 1238//1238
f 1238//1238 1239//1239 1227//1227
f 1228//1228 1227//1227 1239//1239
f 1239//1239 1240//1240 1228//1228
f 1229//1229 1228//1228 1240//1240
f 1240//1240 1241//1241 1229//1229
f 1230//1230 1229//1229 1241//1241
f 1241//1241 1242//1242 1230//1230
f 1231//1231 1230//1230 1242//1242
f 1242//1242 1243//1243 1231//1231
f 1232//1232 1231//1231 1243//1243
f 1243//1243 1244//1244 1232//1232
f 1233//1233 1232//1232 1244//1244
f 1244//1244 1245//1245 1233//1233
f 1234//1234 1233//1233 1245//1245
f 1245//1245 1246//1246 1234//1234
f 1235//1235 1234//1234 1246//1246
f 1246//1246 1247//1247 1235//1235
f 1236//1236 1235//1235 1247//1247
f 1247//1247 1248//1248 1236//1236
f 1237//1237 6//6 1249//1249
f 1249//1249 1250//1250 1237//1237
f 1238//1238 1237//1237 1250//1250
f 1250//1250 1251//1251 1238//1238
f 1239//1239 1238//1238 1251//1251
f 1251//1251 1252//1252 1239//1239
f 1240//1240 1239//1239 1252//1252
f 1252//1252 1253//1253 1240//1240
f 1241//1241 1240//1240 1253//1253
f 1253//1253 1254//1254 1241//1241
f 1242//1242 1241//1241 1254//1254
f 1254//1254 1255//1255 1242//1242
f 1243//1243 1242//1242 1255//1255
f 1255//1255 1256//1256 1243//1243
f 1244//1244 1243//1243 1256//1256
f 1256//1256 1257//1257 1244//1244
f 1245//1245 1244//1244 1257//1257
f 1257//1257 1258//1258 1245//1245
f 1246//1246 1245//1245 1258//1258
f 1258//1258 1259//1259 1246//1246
f 1247//1247 1246//1246 1259//1259
f 1259//1259 1260//1260 1247//1247
f 1248//1248 1247//1247 1260//1260
f 1260//1260 1261//1261 1248//1248
f 1250//1250 1249//1249 1262//1262
f 1262//1262 1263//1263 1250//1250
f 1251//1251 1250//1250 1263//1263
f 1263//1263 1264//1264 1251//1251
f 1252//1252 1251//1251 1264//1264
f 1264//1264 1265//1265 1252//1252
f 1253//1253 1252//1252 1265//1265
f 1265//1265 1266//1266 1253//1253
f 1254//1254 1253//1253 1266//1266
f 1266//1266 1267//1267 1254//1254
f 1255//1255 1254//1254 1267//1267
f 1267//1267 1268//1268 1255//1255
f 1256//1256 1255//1255 1268//1268
f 1268//1268 1269//1269 1256//1256
f 1257//1257 1256//1256 1269//1269
f 1269//1269 1270//1270 1257//1257
f 1258//1258 1257//1257 1270//1270
f 1270//1270 1271//1271 1258//1258
f 1259//1259 1258//1258 1271//1271
f 1271//1271 1272//1272 1259//1259
f 1260//1260 1259//1259 1272//1272
f 1272//1272 1273//1273 1260//1260
f 1261//1261 1260//1260 1273//1273
f 1273//1273 1274//1274 1261//1261
f 1263//1263 1262//1262 1275//1275
f 1275//1275 1276//1276 1263//1263
f 1264//1264 1263//1263 1276//1276
f 1276//1276 1277//1277 1264//1264
f 1265//1265 1264//1264 1277//1277
f 1277//1277 1278//1278 1265//1265
f 1266//1266 1265//1265 1278//1278
f 1278//1278 1279//1279 1266//1266
f 1267//1267 1266//1266 1279//1279
f 1279//1279 1280//1280 1267//1267
f 1268//1268 1267//1267 1280//1280
f 1280//1280 1281//1281 1268//1268
f 1269//1269 1268//1268 1281//1281
f 1281//1281 1282//1282 1269//1269
f 1270//1270 1269//1269 1282//1282
f 1282//1282 1283//1283 1270//1270
f 1271//1271 1270//1270 1283//1283
f 1283//1283 1284//1284 1271//1271
f 1272//1272 1271//1271 1284//1284
f 1284//1284 1285//1285 1272//1272
f 1273//1273 1272//1272 1285//1285
f 1285//1285 1286//1286 1273//1273
f 1274//1274 1273//1273 1286//1286
f 1286//1286 1287//1287 1274//1274
f 1276//1276 1275//1275 1288//1288
f 1288//1288 1289//1289 1276//1276
f 1277//1277 1276//1276 1289//1289
f 1289//1289 1290//1290 1277//1277
f 1278//1278 1277//1277 1290//1290
f 1290//1290 1291//1291 1278//1278
f 1279//1279 1278//1278 1291//1291
f 1291//1291 1292//1292 1279//1279
f 1280//1280 1279//1279 1292//1292
f 1292//1292 1293//1293 1280//1280
f 1281//1281 1280//1280 1293//1293
f 1293//1293 1294//1294 1281//1281
f 1282//1282 1281//1281 1294//1294
f 1294//1294 1295//1295 1282//1282
f 1283//1283 1282//1282 1295//1295
f 1295//1295 1296//1296 1283//1283
f 1284//1284 1283//1283 1296//1296
f 1296//1296 1297//1297 1284//1284
f 1285//1285 1284//1284 1297//1297
f 1297//1297 1298//1298 1285//1285
f 1286//1286 1285//1285 1298//1298
f 1298//1298 1299//1299 1286//1286
f 1287//1287 1286//1286 1299//1299
f 1299//1299 1300//1300 1287//1287
f 1289//1289 1288//1288 7//7
f 7//7 1301//1301 1289//1289
f 1290//1290 1289//1289 1301//1301
f 1301//1301 1302//1302 1290//1290
f 1291//1291 1290//1290 1302//1302
f 1302//1302 1303//1303 1291//1291
f 1292//1292 1291//1291 1303//1303
f 1303//1303 1304//1304 1292//1292
f 1293//1293 1292//1292 1304//1304
f 1304//1304 1305//1305 1293//1293
f 1294//1294 1293//1293 1305//1305
f 1305//1305 1306//1306 1294//1294
f 1295//1295 1294//1294 1306//1306
f 1306//1306 1307//1307 1295//1295
f 1296//1296 1295//1295 1307//1307
f 1307//1307 1308//1308 1296//1296
f 1297//1297 1296//1296 1308//1308
f 1308//1308 1309//1309 1297//1297
f 1298//1298 1297//1297 1309//1309
f 1309//1309 1310//1310 1298//1298
f 1299//1299 1298//1298 1310//1310
f 1310//1310 1311//1311 1299//1299
f 1300//1300 1299//1299 1311//1311
f 1311//1311 1312//1312 1300//1300
f 1301//1301 7//7 1313//1313
f 1313//1313 1314//1314 1301//1301
f 1302//1302 1301//1301 1314//1314
f 1314//1314 1315//1315 1302//1302
f 1303//1303 1302//1302 1315//1315
f 1315//1315 1316//1316 1303//1303
f 1304//1304 1303//1303 1316//1316
f 1316//1316 1317//1317 1304//1304
f 1305//1305 1304//1304 1317//1317
f 1317//1317 1318//1318 1305//1305
f 1306//1306 1305//1305 1318//1318
f 1318//1318 1319//1319 1306//1306
f 1307//1307 1306//1306 1319//1319
f 1319//1319 1320//1320 1307//1307
f 1308//1308 1307//1307 1320//1320
f 1320//1320 1321//1321 1308//1308
f 1309//1309 1308//1308 1321//1321
f 1321//1321 1322//1322 1309//1309
f 1310//1310 1309//1309 1322//1322
f 1322//1322 1323//1323 1310//1310
f 1311//1311 1310//1310 1323//1323
f 1323//1323 1324//1324 1311//1311
f 1312//1312 1311//1311 1324//1324
f 1324//1324 1325//1325 1312//1312
f 1314//1314 1313//1313 1326//1326
f 1326//1326 1327//1327 1314//1314
f 1315//1315 1314//1314 1327//1327
f 1327//1327 1328//1328 1315//1315
f 1316//1316 1315//1315 1328//1328
f 1328//1328 1329//1329 1316//1316
f 1317//1317 1316//1316 1329//1329
f 1329//1329 1330//1330 1317//1317
f 1318//1318 1317//1317 1330//1330
f 1330//1330 1331//1331 1318//1318
f 1319//1319 1318//1318 1331//1331
f 1331//1331 1332//1332 1319//1319
f 1320//1320 1319//1319 1332//1332
f 1332//1332 1333//1333 1320//1320
f 1321//1321 1320//1320 1333//1333
f 1333//1333 1334//1334 1321//1321
f 1322//1322 1321//1321 1334//1334
f 1334//1334 1335//1335 1322//1322
f 1323//1323 1322//1322 1335//1335
f 1335//1335 1336//1336 1323//1323
f 1324//1324 1323//1323 1336//1336
f 1336//1336 1337//1337 1324//1324
f 1325//1325 1324//1324 1337//1337
f 1337//1337 1338//1338 1325//1325
f 1327//1327 1326//1326 1339//1339
f 1339//1339 1340//1340 1327//1327
f 1328//1328 1327//1327 1340//1340
f 1340//1340 1341//1341 1328//1328
f 1329//1329 1328//1328 1341//1341
f 1341//1341 1342//1342 1329//1329
f 1330//1330 1329//1329 1342//1342
f 1342//1342 1343//1343 1330//1330
f 1331//1331 1330//1330 1343//1343
f 1343//1343 1344//1344 1331//1331
f 1332//1332 1331//1331 1344//1344
f 1344//1344 1345//1345 1332//1332
f 1333//1333 1332//1332 1345//1345
f 1345//1345 1346//1346 1333//1333
f 1334//1334 1333//1333 1346//1346
f 1346//1346 1347//1347 1334//1334
f 1335//1335 1334//1334 1347//1347
f 1347//1347 1348//1348 1335//1335
f 1336//1336 1335//1335 1348//1348
f 1348//1348 1349//1349 1336//1336
f 1337//1337 1336//1336 1349//1349
f 1349//1349 1350//1350 1337//1337
f 1338//1338 1337//1337 1350//1350
f 1350//1350 1351//1351 1338//1338
f 1340//1340 1339//1339 1352//1352
f 1352//1352 1353//1353 1340//1340
f 1341//1341 1340//1340 1353//1353
f 1353//1353 1354//1354 1341//1341
f 1342//1342 1341//1341 1354//1354
f 1354//1354 1355//1355 1342//1342
f 1343//1343 1342//1342 1355//1355
f 1355//1355 1356//1356 1343//1343
f 1344//1344 1343//1343 1356//1356
f 1356//1356 1357//1357 1344//1344
f 1345//1345 1344//1344 1357//1357
f 1357//1357 1358//1358 1345//1345
f 1346//1346 1345//1345 1358//1358
f 1358//1358 1359//1359 1346//1346
f 1347//1347 1346//1346 1359//1359
f 1359//1359 1360//1360 1347//1347
f 1348//1348 1347//1347 1360//1360
f 1360//1360 1361//1361 1348//1348
f 1349//1349 1348//1348 1361//1361
f 1361//1361 1362//1362 1349//1349
f 1350//1350 1349//1349 1362//1362
f 1362//1362 1363//1363 1350//1350
f 1351//1351 1350//1350 1363//1363
f 1363//1363 1364//1364 1351//1351
f 1353//1353 1352//1352 8//8
f 8//8 1365//1365 1353//1353
f 1354//1354 1353//1353 1365//1365
f 1365//1365 1366//1366 1354//1354
f 1355//1355 1354//1354 1366//1366
f 1366//1366 1367//1367 1355//1355
f 1356//1356 1355//1355 1367//1367
f 1367//1367 1368//1368 1356//1356
f 1357//1357 1356//1356 1368//1368
f 1368//1368 1369//1369 1357//1357
f 1358//1358 1357//1357 1369//1369
f 1369//1369 1370//1370 1358//1358
f 1359//1359 1358//1358 1370//1370
f 1370//1370 1371//1371 1359//1359
f 1360//1360 1359//1359 1371//1371
f 1371//1371 1372//1372 1360//1360
f 1361//1361 1360//1360 1372//1372
f 1372//1372 1373//1373 1361//1361
f 1362//1362 1361//1361 1373//1373
f 1373//1373 1374//1374 1362//1362
f 1363//1363 1362//1362 1374//1374
f 1374//1374 1375//1375 1363//1363
f 1364//1364 1363//1363 1375//1375
f 1375//1375 1376//1376 1364//1364
f 1365//1365 8//8 1377//1377
f 1377//1377 1378//1378 1365//1365
f 1366//1366 1365//1365 1378//1378
f 1378//1378 1379//1379 1366//1366
f 1367//1367 1366//1366 1379//1379
f 1379//1379 1380//1380 1367//1367
f 1368//1368 1367//1367 1380//1380
f 1380//1380 1381//1381 1368//1368
f 1369//1369 1368//1368 1381//1381
f 1381//1381 1382//1382 1369//1369
f 1370//1370 1369//1369 1382//1382
f 1382//1382 1383//1383 1370//1370
f 1371//1371 1370//1370 1383//1383
f 1383//1383 1384//1384 1371//1371
f 1372//1372 1371//1371 1384//1384
f 1384//1384 1385//1385 1372//1372
f 1373//1373 1372//1372 1385//1385
f 1385//1385 1386//1386 1373//1373
f 1374//1374 1373//1373 1386//1386
f 1386//1386 1387//1387 1374//1374
f 1375//1375 1374//1374 1387//1387
f 1387//1387 1388//1388 1375//1375
f 1376//1376 1375//1375 1388//1388
f 1388//1388 1389//1389 1376//1376
f 1378//1378 1377//1377 1390//1390
f 1390//1390 1391//1391 1378//1378
f 1379//1379 1378//1378 1391//1391
f 1391//1391 1392//1392 1379//1379
f 1380//1380 1379//1379 1392//1392
f 1392//1392 1393//1393 1380//1380
f 1381//1381 1380//1380 1393//1393
f 1393//1393 1394//1394 1381//1381
f 1382//1382 1381//1381 1394//1394
f 1394//1394 1395//1395 1382//1382
f 1383//1383 1382//1382 1395//1395
f 1395//1395 1396//1396 1383//1383
f 1384//1384 1383//1383 1396//1396
f 1396//1396 1397//1397 1384//1384
f 1385//1385 1384//1384 1397//1397
f 1397//1397 1398//1398 1385//1385
f 1386//1386 1385//1385 1398//1398
f 1398//1398 1399//1399 1386//1386
f 1387//1387 1386//1386 1399//1399
f 1399//1399 1400//1400 1387//1387
f 1388//1388 1387//1387 1400//1400
f 1400//1400 1401//1401 1388//1388
f 1389//1389 1388//1388 1401//1401
f 1401//1401 1402//1402 1389//1389
f 1391//1391 1390//1390 1403//1403
f 1403//1403 1404//1404 1391//1391
f 1392//1392 1391//1391 1404//1404
f 1404//1404 1405//1405 1392//1392
f 1393//1393 1392//1392 1405//1405
f 1405//1405 1406//1406 1393//1393
f 1394//1394 1393//1393 1406//1406
f 1406//1406 1407//1407 1394//1394
f 1395//1395 1394//1394 1407//1407
f 1407//1407 1408//1408 1395//1395
f 1396//1396 1395//1395 1408//1408
f 1408//1408 1409//1409 1396//1396
f 1397//1397 1396//1396 1409//1409
f 1409//1409 1410//1410 1397//1397
f 1398//1398 1397//1397 1410//1410
f 1410//1410 1411//1411 1398//1398
f 1399//1399 1398//1398 1411//1411
f 1411//1411 1412//1412 1399//1399
f 1400//1400 1399//1399 1412//1412
f 1412//1412 1413//1413 1400//1400
f 1401//1401 1400//1400 1413//1413
f 1413//1413 1414//1414 1401//1401
f 1402//1402 1401//1401 1414//1414
f 1414//1414 1415//1415 1402//1402
f 1404//1404 1403//1403 1416//1416
f 1416//1416 1417//1417 1404//1404
f 1405//1405 1404//1404 1417//1417
f 1417//1417 1418//1418 1405//1405
f 1406//1406 1405//1405 1418//1418
f 1418//1418 1419//1419 1406//1406
f 1407//1407 1406//1406 1419//1419
f 1419//1419 1420//1420 1407//1407
f 1408//1408 1407//1407 1420//1420
f 1420//1420 1421//1421 1408//1408
f 1409//1409 1408//1408 1421//1421
f 1421//1421 1422//1422 1409//1409
f 1410//1410 1409//1409 1422//1422
f 1422//1422 1423//1423 1410//1410
f 1411//1411 1410//1410 1423//1423
f 1423//1423 1424//1424 1411//1411
f 1412//1412 1411//1411 1424//1424
f 1424//1424 1425//1425 1412//1412
f 1413//1413 1412//1412 1425//1425
f 1425//1425 1426//1426 1413//1413
f 1414//1414 1413//1413 1426//1426
f 1426//1426 1427//1427 1414//1414
f 1415//1415 1414//1414 1427//1427
f 1427//1427 1428//1428 1415//1415
f 1417//1417 1416//1416 11//11
f 11//11 1429//1429 1417//1417
f 1418//1418 1417//1417 1429//1429
f 1429//1429 1430//1430 1418//1418
f 1419//1419 1418//1418 1430//1430
f 1430//1430 1431//1431 1419//1419
f 1420//1420 1419//1419 1431//1431
f 1431//1431 1432//1432 1420//1420
f 1421//1421 1420//1420 1432//1432
f 1432//1432 1433//1433 1421//1421
f 1422//1422 1421//1421 1433//1433
f 1433//1433 1434//1434 1422//1422
f 1423//1423 1422//1422 1434//1434
f 1434//1434 1435//1435 1423//1423
f 1424//1424 1423//1423 1435//1435
f 1435//1435 1436//1436 1424//1424
f 1425//1425 1424//1424 1436//1436
f 1436//1436 1437//1437 1425//1425
f 1426//1426 1425//1425 1437//1437
f 1437//1437 1438//1438 1426//1426
f 1427//1427 1426//1426 1438//1438
f 1438//1438 1439//1439 1427//1427
f 1428//1428 1427//1427 1439//1439
f 1439//1439 1440//1440 1428//1428
f 1441//1441 1442//1442 1443//1443
f 1443//1443 1444//1444 1441//1441
f 1445//1445 1446//1446 1441//1441
f 1441//1441 1444//1444 1445//1445
f 1447//1447 9//9 1446//1446
f 1446//1446 1445//1445 1447//1447
f 1448//1448 1449//1449 9//9
f 9//9 1447//1447 1448//1448
f 1450//1450 1451//1451 1449//1449
f 1449//1449 1448//1448 1450//1450
f 1452//1452 1453//1453 1451//1451
f 1451//1451 1450//1450 1452//1452
f 1454//1454 1455//1455 1453//1453
f 1453//1453 1452//1452 1454//1454
f 1456//1456 10//10 1455//1455
f 1455//1455 1454//1454 1456//1456
f 1457//1457 1458//1458 10//10
f 10//10 1456//1456 1457//1457
f 1459//1459 1460//1460 1458//1458
f 1458//1458 1457//1457 1459//1459
f 1461//1461 1462//1462 1460//1460
f 1460//1460 1459//1459 1461//1461
f 1463//1463 1464//1464 1462//1462
f 1462//1462 1461//1461 1463//1463
f 1465//1465 11//11 1464//1464
f 1464//1464 1463//1463 1465//1465
f 1465//1465 1466//1466 1429//1429
f 11//11 1465//1465 1429//1429
f 1430//1430 1429//1429 1466//1466
f 1466//1466 1467//1467 1430//1430
f 1431//1431 1430//1430 1467//1467
f 1467//1467 1468//1468 1431//1431
f 1432//1432 1431//1431 1468//1468
f 1468//1468 1469//1469 1432//1432
f 1433//1433 1432//1432 1469//1469
f 1469//1469 1470//1470 1433//1433
f 1434//1434 1433//1433 1470//1470
f 1470//1470 1471//1471 1434//1434
f 1435//1435 1434//1434 1471//1471
f 1471//1471 1472//1472 1435//1435
f 1436//1436 1435//1435 1472//1472
f 1472//1472 1473//1473 1436//1436
f 1437//1437 1436//1436 1473//1473
f 1473//1473 1474//1474 1437//1437
f 1438//1438 1437//1437 1474//1474
f 1474//1474 1475//1475 1438//1438
f 1439//1439 1438//1438 1475//1475
f 1475//1475 1476//1476 1439//1439
f 1440//1440 1439//1439 1476//1476
f 1476//1476 1477//1477 1440//1440
f 1444//1444 1443//1443 1478//1478
f 1478//1478 1479//1479 1444//1444
f 1445//1445 1444//1444 1479//1479
f 1479//1479 1480//1480 1445//1445
f 1447//1447 1445//1445 1480//1480
f 1480//1480 1481//1481 1447//1447
f 1448//1448 1447//1447 1481//1481
f 1481//1481 1482//1482 1448//1448
f 1450//1450 1448//1448 1482//1482
f 1482//1482 1483//1483 1450//1450
f 1452//1452 1450//1450 1483//1483
f 1483//1483 1484//1484 1452//1452
f 1454//1454 1452//1452 1484//1484
f 1484//1484 1485//1485 1454//1454
f 1456//1456 1454//1454 1485//1485
f 1485//1485 1486//1486 1456//1456
f 1457//1457 1456//1456 1486//1486
f 1486//1486 1487//1487 1457//1457
f 1459//1459 1457//1457 1487//1487
f 1487//1487 1488//1488 1459//1459
f 1461//1461 1459//1459 1488//1488
f 1488//1488 1489//1489 1461//1461
f 1463//1463 1461//1461 1489//1489
f 1489//1489 1490//1490 1463//1463
f 1465//1465 1463//1463 1490//1490
f 1490//1490 1491//1491 1465//1465
f 1466//1466 1465//1465 1491//1491
f 1491//1491 1492//1492 1466//1466
f 1467//1467 1466//1466 1492//1492
f 1492//1492 1493//1493 1467//1467
f 1468//1468 1467//1467 1493//1493
f 1493//1493 1494//1494 1468//1468
f 1469//1469 1468//1468 1494//1494
f 1494//1494 1495//1495 1469//1469
f 1470//1470 1469//1469 1495//1495
f 1495//1495 1496//1496 1470//1470
f 1471//1471 1470//1470 1496//1496
f 1496//1496 1497//1497 1471//1471
f 1472//1472 1471//1471 1497//1497
f 1497//1497 1498//1498 1472//1472
f 1473//1473 1472//1472 1498//1498
f 1498//1498 1499//1499 1473//1473
f 1474//1474 1473//1473 1499//1499
f 1499//1499 1500//1500 1474//1474
f 1475//1475 1474//1474 1500//1500
f 1500//1500 1501//1501 1475//1475
f 1476//1476 1475//1475 1501//1501
f 1501//1501 1502//1502 1476//1476
f 1477//1477 1476//1476 1502//1502
f 1502//1502 1503//1503 1477//1477
f 1479//1479 1478//1478 1504//1504
f 1504//1504 1505//1505 1479//1479
f 1480//1480 1479//1479 1505//1505
f 1505//1505 1506//1506 1480//1480
f 1481//1481 1480//1480 1506//1506
f 1506//1506 1507//1507 1481//1481
f 1482//1482 1481//1481 1507//1507
f 1507//1507 1508//1508 1482//1482
f 1483//1483 1482//1482 1508//1508
f 1508//1508 1509//1509 1483//1483
f 1484//1484 1483//1483 1509//1509
f 1509//1509 1510//1510 1484//1484
f 1485//1485 1484//1484 1510//1510
f 1510//1510 1511//1511 1485//1485
f 1486//1486 1485//1485 1511//1511
f 1511//1511 1512//1512 1486//1486
f 1487//1487 1486//1486 1512//1512
f 1512//1512 1513//1513 1487//1487
f 1488//1488 1487//1487 1513//1513
f 1513//1513 1514//1514 1488//1488
f 1489//1489 1488//1488 1514//1514
f 1514//1514 1515//1515 1489//1489
f 1490//1490 1489//1489 1515//1515
f 1515//1515 1516//1516 1490//1490
f 1491//1491 1490//1490 1516//1516
f 1516//1516 1517//1517 1491//1491
f 1492//1492 1491//1491 1517//1517
f 1517//1517 1518//1518 1492//1492
f 1493//1493 1492//1492 1518//1518
f 1518//1518 1519//1519 1493//1493
f 1494//1494 1493//1493 1519//1519
f 1519//1519 1520//1520 1494//1494
f 1495//1495 1494//1494 1520//1520
f 1520//1520 1521//1521 1495//1495
f 1496//1496 1495//1495 1521//1521
f 1521//1521 1522//1522 1496//1496
f 1497//1497 1496//1496 1522//1522
f 1522//1522 1523//1523 1497//1497
f 1498//1498 1497//1497 1523//1523
f 1523//1523 1524//1524 1498//1498
f 1499//1499 1498//1498 1524//1524
f 1524//1524 1525//1525 1499//1499
f 1500//1500 1499//1499 1525//1525
f 1525//1525 1526//1526 1500//1500
f 1501//1501 1500//1500 1526//1526
f 1526//1526 1527//1527 1501//1501
f 1502//1502 1501//1501 1527//1527
f 1527//1527 1528//1528 1502//1502
f 1503//1503 1502//1502 1528//1528
f 1528//1528 1529//1529 1503//1503
f 1505//1505 1504//1504 1530//1530
f 1530//1530 1531//1531 1505//1505
f 1506//1506 1505//1505 1531//1531
f 1531//1531 1532//1532 1506//1506
f 1507//1507 1506//1506 1532//1532
f 1532//1532 1533//1533 1507//1507
f 1508//1508 1507//1507 1533//1533
f 1533//1533 1534//1534 1508//1508
f 1509//1509 1508//1508 1534//1534
f 1534//1534 1535//1535 1509//1509
f 1510//1510 1509//1509 1535//1535
f 1535//1535 1536//1536 1510//1510
f 1511//1511 1510//1510 1536//1536
f 1536//1536 1537//1537 1511//1511
f 1512//1512 1511//1511 1537//1537
f 1537//1537 1538//1538 1512//1512
f 1513//1513 1512//1512 1538//1538
f 1538//1538 1539//1539 1513//1513
f 1514//1514 1513//1513 1539//1539
f 1539//1539 1540//1540 1514//1514
f 1515//1515 1514//1514 1540//1540
f 1540//1540 1541//1541 1515//1515
f 1516//1516 1515//1515 1541//1541
f 1541//1541 1542//1542 1516//1516
f 1517//1517 1516//1516 1542//1542
f 1542//1542 1543//1543 1517//1517
f 1518//1518 1517//1517 1543//1543
f 1543//1543 1544//1544 1518//1518
f 1519//1519 1518//1518 1544//1544
f 1544//1544 1545//1545 1519//1519
f 1520//1520 1519//1519 1545//1545
f 1545//1545 1546//1546 1520//1520
f 1521//1521 1520//1520 1546//1546
f 1546//1546 1547//1547 1521//1521
f 1522//1522 1521//1521 1547//1547
f 1547//1547 1548//1548 1522//1522
f 1523//1523 1522//1522 1548//1548
f 1548//1548 1549//1549 1523//1523
f 1524//1524 1523//1523 1549//1549
f 1549//1549 1550//1550 1524//1524
f 1525//1525 1524//1524 1550//1550
f 1550//1550 1551//1551 1525//1525
f 1526//1526 1525//1525 1551//1551
f 1551//1551 1552//1552 1526//1526
f 1527//1527 1526//1526 1552//1552
f 1552//1552 1553//1553 1527//1527
f 1528//1528 1527//1527 1553//1553
f 1553//1553 1554//1554 1528//1528
f 1529//1529 1528//1528 1554//1554
f 1554//1554 1555//1555 1529//1529
f 1556//1556 1557//1557 1558//1558
f 1531//1531 1530//1530 1559//1559
f 1560//1560 1556//1556 1558//1558
f 1531//1531 1559//1559 1561//1561
f 1560//1560 1558//1558 1562//1562
f 1531//1531 1561//1561 1563//1563
f 1564//1564 1560//1560 1562//1562
f 1531//1531 1563//1563 1565//1565
f 1565//1565 1564//1564 1562//1562
f 1562//1562 1531//1531 1565//1565
f 1532//1532 1531//1531 1562//1562
f 1562//1562 1566//1566 1532//1532
f 1533//1533 1532//1532 1566//1566
f 1566//1566 1567//1567 1533//1533
f 1534//1534 1533//1533 1567//1567
f 1567//1567 1568//1568 1534//1534
f 1535//1535 1534//1534 1568//1568
f 1568//1568 1569//1569 1535//1535
f 1536//1536 1535//1535 1569//1569
f 1569//1569 1570//1570 1536//1536
f 1537//1537 1536//1536 1570//1570
f 1570//1570 1571//1571 1537//1537
f 1538//1538 1537//1537 1571//1571
f 1571//1571 1572//1572 1538//1538
f 1539//1539 1538//1538 1572//1572
f 1572//1572 1573//1573 1539//1539
f 1540//1540 1539//1539 1573//1573
f 1573//1573 1574//1574 1540//1540
f 1541//1541 1540//1540 1574//1574
f 1574//1574 1575//1575 1541//1541
f 1542//1542 1541//1541 1575//1575
f 1575//1575 1576//1576 1542//1542
f 1543//1543 1542//1542 1576//1576
f 1576//1576 1577//1577 1543//1543
f 1544//1544 1543//1543 1577//1577
f 1577//1577 1578//1578 1544//1544
f 1545//1545 1544//1544 1578//1578
f 1578//1578 1579//1579 1545//1545
f 1546//1546 1545//1545 1579//1579
f 1579//1579 1580//1580 1546//1546
f 1547//1547 1546//1546 1580//1580
f 1580//1580 1581//1581 1547//1547
f 1548//1548 1547//1547 1581//1581
f 1581//1581 1582//1582 1548//1548
f 1549//1549 1548//1548 1582//1582
f 1582//1582 1583//1583 1549//1549
f 1550//1550 1549//1549 1583//1583
f 1583//1583 1584//1584 1550//1550
f 1551//1551 1550//1550 1584//1584
f 1584//1584 1585//1585 1551//1551
f 1552//1552 1551//1551 1585//1585
f 1585//1585 1586//1586 1552//1552
f 1553//1553 1552//1552 1586//1586
f 1586//1586 1587//1587 1553//1553
f 1554//1554 1553//1553 1587//1587
f 1587//1587 1588//1588 1554//1554
f 1555//1555 1554//1554 1588//1588
f 1588//1588 1589//1589 1555//1555
f 1562//1562 1558//1558 1590//1590
f 1590//1590 1591//1591 1562//1562
f 1566//1566 1562//1562 1591//1591
f 1591//1591 1592//1592 1566//1566
f 1567//1567 1566//1566 1592//1592
f 1592//1592 1593//1593 1567//1567
f 1568//1568 1567//1567 1593//1593
f 1593//1593 1594//1594 1568//1568
f 1569//1569 1568//1568 1594//1594
f 1594//1594 1595//1595 1569//1569
f 1570//1570 1569//1569 1595//1595
f 1595//1595 1596//1596 1570//1570
f 1571//1571 1570//1570 1596//1596
f 1596//1596 1597//1597 1571//1571
f 1572//1572 1571//1571 1597//1597
f 1597//1597 1598//1598 1572//1572
f 1573//1573 1572//1572 1598//1598
f 1598//1598 1599//1599 1573//1573
f 1574//1574 1573//1573 1599//1599
f 1599//1599 1600//1600 1574//1574
f 1575//1575 1574//1574 1600//1600
f 1600//1600 1601//1601 1575//1575
f 1576//1576 1575//1575 1601//1601
f 1601//1601 1602//1602 1576//1576
f 1577//1577 1576//1576 1602//1602
f 1602//1602 1603//1603 1577//1577
f 1578//1578 1577//1577 1603//1603
f 1603//1603 1604//1604 1578//1578
f 1579//1579 1578//1578 1604//1604
f 1604//1604 1605//1605 1579//1579
f 1580//1580 1579//1579 1605//1605
f 1605//1605 1606//1606 1580//1580
f 1581//1581 1580//1580 1606//1606
f 1606//1606 1607//1607 1581//1581
f 1582//1582 1581//1581 1607//1607
f 1607//1607 1608//1608 1582//1582
f 1583//1583 1582//1582 1608//1608
f 1608//1608 1609//1609 1583//1583
f 1584//1584 1583//1583 1609//1609
f 1609//1609 1610//1610 1584//1584
f 1585//1585 1584//1584 1610//1610
f 1610//1610 1611//1611 1585//1585
f 1586//1586 1585//1585 1611//1611
f 1611//1611 1612//1612 1586//1586
f 1587//1587 1586//1586 1612//1612
f 1612//1612 1613//1613 1587//1587
f 1588//1588 1587//1587 1613//1613
f 1613//1613 1614//1614 1588//1588
f 1589//1589 1588//1588 1614//1614
f 1614//1614 1615//1615 1589//1589
f 1616//1616 1617//1617 1618//1618
f 1618//1618 1591//1591 1590//1590
f 1590//1590 1619//1619 1620//1620
f 1620//1620 1616//1616 1618//1618
f 1618//1618 1590//1590 1620//1620
f 1592//1592 1591//1591 1618//1618
f 1618//1618 1621//1621 1592//1592
f 1593//1593 1592//1592 1621//1621
f 1621//1621 1622//1622 1593//1593
f 1594//1594 1593//1593 1622//1622
f 1622//1622 1623//1623 1594//1594
f 1595//1595 1594//1594 1623//1623
f 1623//1623 1624//1624 1595//1595
f 1596//1596 1595//1595 1624//1624
f 1624//1624 1625//1625 1596//1596
f 1597//1597 1596//1596 1625//1625
f 1625//1625 1626//1626 1597//1597
f 1598//1598 1597//1597 1626//1626
f 1626//1626 1627//1627 1598//1598
f 1599//1599 1598//1598 1627//1627
f 1627//1627 1628//1628 1599//1599
f 1600//1600 1599//1599 1628//1628
f 1628//1628 1629//1629 1600//1600
f 1601//1601 1600//1600 1629//1629
f 1629//1629 1630//1630 1601//1601
f 1602//1602 1601//1601 1630//1630
f 1630//1630 1631//1631 1602//1602
f 1603//1603 1602//1602 1631//1631
f 1631//1631 1632//1632 1603//1603
f 1604//1604 1603//1603 1632//1632
f 1632//1632 1633//1633 1604//1604
f 1605//1605 1604//1604 1633//1633
f 1633//1633 1634//1634 1605//1605
f 1606//1606 1605//1605 1634//1634
f 1634//1634 1635//1635 1606//1606
f 1607//1607 1606//1606 1635//1635
f 1635//1635 1636//1636 1607//1607
f 1608//1608 1607//1607 1636//1636
f 1636//1636 1637//1637 1608//1608
f 1609//1609 1608//1608 1637//1637
f 1637//1637 1638//1638 1609//1609
f 1610//1610 1609//1609 1638//1638
f 1638//1638 1639//1639 1610//1610
f 1611//1611 1610//1610 1639//1639
f 1639//1639 1640//1640 1611//1611
f 1612//1612 1611//1611 1640//1640
f 1640//1640 1641//1641 1612//1612
f 1613//1613 1612//1612 1641//1641
f 1641//1641 1642//1642 1613//1613
f 1614//1614 1613//1613 1642//1642
f 1642//1642 1643//1643 1614//1614
f 1615//1615 1614//1614 1643//1643
f 1643//1643 1644//1644 1615//1615
f 1645//1645 1646//1646 1647//1647
f 1647//1647 1648//1648 1618//1618
f 1649//1649 1645//1645 1647//1647
f 1618//1618 1617//1617 1650//1650
f 1650//1650 1649//1649 1647//1647
f 1647//1647 1618//1618 1650//1650
f 1621//1621 1618//1618 1648//1648
f 1648//1648 1651//1651 1621//1621
f 1622//1622 1621//1621 1651//1651
f 1651//1651 1652//1652 1622//1622
f 1623//1623 1622//1622 1652//1652
f 1652//1652 1653//1653 1623//1623
f 1624//1624 1623//1623 1653//1653
f 1653//1653 1654//1654 1624//1624
f 1625//1625 1624//1624 1654//1654
f 1654//1654 1655//1655 1625//1625
f 1626//1626 1625//1625 1655//1655
f 1655//1655 1656//1656 1626//1626
f 1627//1627 1626//1626 1656//1656
f 1656//1656 1657//1657 1627//1627
f 1628//1628 1627//1627 1657//1657
f 1657//1657 1658//1658 1628//1628
f 1629//1629 1628//1628 1658//1658
f 1658//1658 1659//1659 1629//1629
f 1630//1630 1629//1629 1659//1659
f 1659//1659 1660//1660 1630//1630
f 1631//1631 1630//1630 1660//1660
f 1660//1660 1661//1661 1631//1631
f 1632//1632 1631//1631 1661//1661
f 1661//1661 1662//1662 1632//1632
f 1633//1633 1632//1632 1662//1662
f 1662//1662 1663//1663 1633//1633
f 1634//1634 1633//1633 1663//1663
f 1663//1663 1664//1664 1634//1634
f 1635//1635 1634//1634 1664//1664
f 1664//1664 1665//1665 1635//1635
f 1636//1636 1635//1635 1665//1665
f 1665//1665 1666//1666 1636//1636
f 1637//1637 1636//1636 1666//1666
f 1666//1666 1667//1667 1637//1637
f 1638//1638 1637//1637 1667//1667
f 1667//1667 1668//1668 1638//1638
f 1639//1639 1638//1638 1668//1668
f 1668//1668 1669//1669 1639//1639
f 1640//1640 1639//1639 1669//1669
f 1669//1669 1670//1670 1640//1640
f 1641//1641 1640//1640 1670//1670
f 1670//1670 1671//1671 1641//1641
f 1642//1642 1641//1641 1671//1671
f 1671//1671 1672//1672 1642//1642
f 1643//1643 1642//1642 1672//1672
f 1672//1672 1673//1673 1643//1643
f 1644//1644 1643//1643 1673//1673
f 1673//1673 1674//1674 1644//1644
f 1648//1648 1647//1647 1675//1675
f 1675//1675 1676//1676 1648//1648
f 1651//1651 1648//1648 1676//1676
f 1676//1676 1677//1677 1651//1651
f 1652//1652 1651//1651 1677//1677
f 1677//1677 1678//1678 1652//1652
f 1653//1653 1652//1652 1678//1678
f 1678//1678 1679//1679 1653//1653
f 1654//1654 1653//1653 1679//1679
f 1679//1679 1680//1680 1654//1654
f 1655//1655 1654//1654 1680//1680
f 1680//1680 1681//1681 1655//1655
f 1656//1656 1655//1655 1681//1681
f 1681//1681 1682//1682 1656//1656
f 1657//1657 1656//1656 1682//1682
f 1682//1682 1683//1683 1657//1657
f 1658//1658 1657//1657 1683//1683
f 1683//1683 1684//1684 1658//1658
f 1659//1659 1658//1658 1684//1684
f 1684//1684 1685//1685 1659//1659
f 1660//1660 1659//1659 1685//1685
f 1685//1685 1686//1686 1660//1660
f 1661//1661 1660//1660 1686//1686
f 1686//1686 1687//1687 1661//1661
f 1662//1662 1661//1661 1687//1687
f 1687//1687 1688//1688 1662//1662
f 1663//1663 1662//1662 1688//1688
f 1688//1688 1689//1689 1663//1663
f 1664//1664 1663//1663 1689//1689
f 1689//1689 1690//1690 1664//1664
f 1665//1665 1664//1664 1690//1690
f 1690//1690 1691//1691 1665//1665
f 1666//1666 1665//1665 1691//1691
f 1691//1691 1692//1692 1666//1666
f 1667//1667 1666//1666 1692//1692
f 1692//1692 1693//1693 1667//1667
f 1668//1668 1667//1667 1693//1693
f 1693//1693 1694//1694 1668//1668
f 1669//1669 1668//1668 1694//1694
f 1694//1694 1695//1695 1669//1669
f 1670//1670 1669//1669 1695//1695
f 1695//1695 1696//1696 1670//1670
f 1671//1671 1670//1670 1696//1696
f 1696//1696 1697//1697 1671//1671
f 1672//1672 1671//1671 1697//1697
f 1697//1697 1698//1698 1672//1672
f 1673//1673 1672//1672 1698//1698
f 1698//1698 1699//1699 1673//1673
f 1674//1674 1673//1673 1699//1699
f 1699//1699 1700//1700 1674//1674
f 1676//1676 1675//1675 1701//1701
f 1701//1701 1702//1702 1676//1676
f 1677//1677 1676//1676 1702//1702
f 1702//1702 1703//1703 1677//1677
f 1678//1678 1677//1677 1703//1703
f 1703//1703 1704//1704 1678//1678
f 1679//1679 1678//1678 1704//1704
f 1704//1704 1705//1705 1679//1679
f 1680//1680 1679//1679 1705//1705
f 1705//1705 1706//1706 1680//1680
f 1681//1681 1680//1680 1706//1706
f 1706//1706 1707//1707 1681//1681
f 1682//1682 1681//1681 1707//1707
f 1707//1707 1708//1708 1682//1682
f 1683//1683 1682//1682 1708//1708
f 1708//1708 1709//1709 1683//1683
f 1684//1684 1683//1683 1709//1709
f 1709//1709 1710//1710 1684//1684
f 1685//1685 1684//1684 1710//1710
f 1710//1710 1711//1711 1685//1685
f 1686//1686 1685//1685 1711//1711
f 1711//1711 1712//1712 1686//1686
f 1687//1687 1686//1686 1712//1712
f 1712//1712 1713//1713 1687//1687
f 1688//1688 1687//1687 1713//1713
f 1713//1713 1714//1714 1688//1688
f 1689//1689 1688//1688 1714//1714
f 1714//1714 1715//1715 1689//1689
f 1690//1690 1689//1689 1715//1715
f 1715//1715 1716//1716 1690//1690
f 1691//1691 1690//1690 1716//1716
f 1716//1716 1717//1717 1691//1691
f 1692//1692 1691//1691 1717//1717
f 1717//1717 1718//1718 1692//1692
f 1693//1693 1692//1692 1718//1718
f 1718//1718 1719//1719 1693//1693
f 1694//1694 1693//1693 1719//1719
f 1719//1719 1720//1720 1694//1694
f 1695//1695 1694//1694 1720//1720
f 1720//1720 1721//1721 1695//1695
f 1696//1696 1695//1695 1721//1721
f 1721//1721 1722//1722 1696//1696
f 1697//1697 1696//1696 1722//1722
f 1722//1722 1723//1723 1697//1697
f 1698//1698 1697//1697 1723//1723
f 1723//1723 1724//1724 1698//1698
f 1699//1699 1698//1698 1724//1724
f 1724//1724 1725//1725 1699//1699
f 1700//1700 1699//1699 1725//1725
f 1725//1725 1726//1726 1700//1700
f 1702//1702 1701//1701 1727//1727
f 1727//1727 1728//1728 1702//1702
f 1703//1703 1702//1702 1728//1728
f 1728//1728 1729//1729 1703//1703
f 1704//1704 1703//1703 1729//1729
f 1729//1729 1730//1730 1704//1704
f 1705//1705 1704//1704 1730//1730
f 1730//1730 1731//1731 1705//1705
f 1706//1706 1705//1705 1731//1731
f 1731//1731 1732//1732 1706//1706
f 1707//1707 1706//1706 1732//1732
f 1732//1732 1733//1733 1707//1707
f 1708//1708 1707//1707 1733//1733
f 1733//1733 1734//1734 1708//1708
f 1709//1709 1708//1708 1734//1734
f 1734//1734 1735//1735 1709//1709
f 1710//1710 1709//1709 1735//1735
f 1735//1735 1736//1736 1710//1710
f 1711//1711 1710//1710 1736//1736
f 1736//1736 1737//1737 1711//1711
f 1712//1712 1711//1711 1737//1737
f 1737//1737 1738//1738 1712//1712
f 1713//1713 1712//1712 1738//1738
f 1738//1738 1739//1739 1713//1713
f 1714//1714 1713//1713 1739//1739
f 1739//1739 1740//1740 1714//1714
f 1715//1715 1714//1714 1740//1740
f 1740//1740 1741//1741 1715//1715
f 1716//1716 1715//1715 1741//1741
f 1741//1741 1742//1742 1716//1716
f 1717//1717 1716//1716 1742//1742
f 1742//1742 1743//1743 1717//1717
f 1718//1718 1717//1717 1743//1743
f 1743//1743 1744//1744 1718//1718
f 1719//1719 1718//1718 1744//1744
f 1744//1744 1745//1745 1719//1719
f 1720//1720 1719//1719 1745//1745
f 1745//1745 1746//1746 1720//1720
f 1721//1721 1720//1720 1746//1746
f 1746//1746 1747//1747 1721//1721
f 1722//1722 1721//1721 1747//1747
f 1747//1747 1748//1748 1722//1722
f 1723//1723 1722//1722 1748//1748
f 1748//1748 1749//1749 1723//1723
f 1724//1724 1723//1723 1749//1749
f 1749//1749 1750//1750 1724//1724
f 1725//1725 1724//1724 1750//1750
f 1750//1750 1751//1751 1725//1725
f 1726//1726 1725//1725 1751//1751
f 1751//1751 1752//1752 1726//1726
f 1728//1728 1727//1727 1753//1753
f 1753//1753 1754//1754 1728//1728
f 1729//1729 1728//1728 1754//1754
f 1754//1754 1755//1755 1729//1729
f 1730//1730 1729//1729 1755//1755
f 1755//1755 1756//1756 1730//1730
f 1731//1731 1730//1730 1756//1756
f 1756//1756 1757//1757 1731//1731
f 1732//1732 1731//1731 1757//1757
f 1757//1757 1758//1758 1732//1732
f 1733//1733 1732//1732 1758//1758
f 1758//1758 1759//1759 1733//1733
f 1734//1734 1733//1733 1759//1759
f 1759//1759 1760//1760 1734//1734
f 1735//1735 1734//1734 1760//1760
f 1760//1760 1761//1761 1735//1735
f 1736//1736 1735//1735 1761//1761
f 1761//1761 1762//1762 1736//1736
f 1737//1737 1736//1736 1762//1762
f 1762//1762 1763//1763 1737//1737
f 1738//1738 1737//1737 1763//1763
f 1763//1763 1764//1764 1738//1738
f 1739//1739 1738//1738 1764//1764
f 1764//1764 1765//1765 1739//1739
f 1740//1740 1739//1739 1765//1765
f 1765//1765 1766//1766 1740//1740
f 1741//1741 1740//1740 1766//1766
f 1766//1766 1767//1767 1741//1741
f 1742//1742 1741//1741 1767//1767
f 1767//1767 1768//1768 1742//1742
f 1743//1743 1742//1742 1768//1768
f 1768//1768 1769//1769 1743//1743
f 1744//1744 1743//1743 1769//1769
f 1769//1769 1770//1770 1744//1744
f 1745//1745 1744//1744 1770//1770
f 1770//1770 1771//1771 1745//1745
f 1746//1746 1745//1745 1771//1771
f 1771//1771 1772//1772 1746//1746
f 1747//1747 1746//1746 1772//1772
f 1772//1772 1773//1773 1747//1747
f 1748//1748 1747//1747 1773//1773
f 1773//1773 1774//1774 1748//1748
f 1749//1749 1748//1748 1774//1774
f 1774//1774 1775//1775 1749//1749
f 1750//1750 1749//1749 1775//1775
f 1775//1775 1776//1776 1750//1750
f 1751//1751 1750//1750 1776//1776
f 1776//1776 1777//1777 1751//1751
f 1752//1752 1751//1751 1777//1777
f 1777//1777 1778//1778 1752//1752
f 1753//1753 1779//1779 1780//1780
f 1780//1780 1781//1781 1754//1754
f 1754//1754 1753//1753 1780//1780
f 1755//1755 1754//1754 1781//1781
f 1781//1781 1782//1782 1755//1755
f 1756//1756 1755//1755 1782//1782
f 1782//1782 1783//1783 1756//1756
f 1757//1757 1756//1756 1783//1783
f 1783//1783 1784//1784 1757//1757
f 1758//1758 1757//1757 1784//1784
f 1784//1784 1785//1785 1758//1758
f 1759//1759 1758//1758 1785//1785
f 1785//1785 1786//1786 1759//1759
f 1760//1760 1759//1759 1786//1786
f 1786//1786 1787//1787 1760//1760
f 1761//1761 1760//1760 1787//1787
f 1787//1787 1788//1788 1761//1761
f 1762//1762 1761//1761 1788//1788
f 1788//1788 1789//1789 1762//1762
f 1763//1763 1762//1762 1789//1789
f 1789//1789 1790//1790 1763//1763
f 1764//1764 1763//1763 1790//1790
f 1790//1790 1791//1791 1764//1764
f 1765//1765 1764//1764 1791//1791
f 1791//1791 1792//1792 1765//1765
f 1766//1766 1765//1765 1792//1792
f 1792//1792 1793//1793 1766//1766
f 1767//1767 1766//1766 1793//1793
f 1793//1793 1794//1794 1767//1767
f 1768//1768 1767//1767 1794//1794
f 1794//1794 1795//1795 1768//1768
f 1769//1769 1768//1768 1795//1795
f 1795//1795 1796//1796 1769//1769
f 1770//1770 1769//1769 1796//1796
f 1796//1796 1797//1797 1770//1770
f 1771//1771 1770//1770 1797//1797
f 1797//1797 1798//1798 1771//1771
f 1772//1772 1771//1771 1798//1798
f 1798//1798 1799//1799 1772//1772
f 1773//1773 1772//1772 1799//1799
f 1799//1799 1800//1800 1773//1773
f 1774//1774 1773//1773 1800//1800
f 1800//1800 1801//1801 1774//1774
f 1775//1775 1774//1774 1801//1801
f 1801//1801 1802//1802 1775//1775
f 1776//1776 1775//1775 1802//1802
f 1802//1802 1803//1803 1776//1776
f 1777//1777 1776//1776 1803//1803
f 1803//1803 1804//1804 1777//1777
f 1804//1804 1805//1805 1806//1806
f 1806//1806 1778//1778 1777//1777
f 1777//1777 1804//1804 1806//1806
f 1781//1781 1780//1780 1807//1807
f 1781//1781 1807//1807 1808//1808
f 1808//1808 1809//1809 1782//1782
f 1782//1782 1781//1781 1808//1808
f 1783//1783 1782//1782 1809//1809
f 1809//1809 1810//1810 1783//1783
f 1784//1784 1783//1783 1810//1810
f 1810//1810 1811//1811 1784//1784
f 1785//1785 1784//1784 1811//1811
f 1811//1811 1812//1812 1785//1785
f 1786//1786 1785//1785 1812//1812
f 1812//1812 1813//1813 1786//1786
f 1787//1787 1786//1786 1813//1813
f 1813//1813 1814//1814 1787//1787
f 1788//1788 1787//1787 1814//1814
f 1814//1814 1815//1815 1788//1788
f 1789//1789 1788//1788 1815//1815
f 1815//1815 1816//1816 1789//1789
f 1790//1790 1789//1789 1816//1816
f 1816//1816 1817//1817 1790//1790
f 1791//1791 1790//1790 1817//1817
f 1817//1817 1818//1818 1791//1791
f 1792//1792 1791//1791 1818//1818
f 1818//1818 1819//1819 1792//1792
f 1793//1793 1792//1792 1819//1819
f 1819//1819 1820//1820 1793//1793
f 1794//1794 1793//1793 1820//1820
f 1820//1820 1821//1821 1794//1794
f 1795//1795 1794//1794 1821//1821
f 1821//1821 1822//1822 1795//1795
f 1796//1796 1795//1795 1822//1822
f 1822//1822 1823//1823 1796//1796
f 1797//1797 1796//1796 1823//1823
f 1823//1823 1824//1824 1797//1797
f 1798//1798 1797//1797 1824//1824
f 1824//1824 1825//1825 1798//1798
f 1799//1799 1798//1798 1825//1825
f 1825//1825 1826//1826 1799//1799
f 1800//1800 1799//1799 1826//1826
f 1826//1826 1827//1827 1800//1800
f 1801//1801 1800//1800 1827//1827
f 1827//1827 1828//1828 1801//1801
f 1802//1802 1801//1801 1828//1828
f 1828//1828 1829//1829 1802//1802
f 1803//1803 1802//1802 1829//1829
f 1829//1829 1830//1830 1803//1803
f 1804//1804 1803//1803 1830//1830
f 1830//1830 1831//1831 1804//1804
f 1831//1831 1832//1832 1805//1805
f 1805//1805 1804//1804 1831//1831
f 1809//1809 1808//1808 1833//1833
f 1809//1809 1833//1833 1834//1834
f 1834//1834 1835//1835 1810//1810
f 1810//1810 1809//1809 1834//1834
f 1811//1811 1810//1810 1835//1835
f 1835//1835 1836//1836 1811//1811
f 1812//1812 1811//1811 1836//1836
f 1836//1836 1837//1837 1812//1812
f 1813//1813 1812//1812 1837//1837
f 1837//1837 1838//1838 1813//1813
f 1814//1814 1813//1813 1838//1838
f 1838//1838 1839//1839 1814//1814
f 1815//1815 1814//1814 1839//1839
f 1839//1839 1840//1840 1815//1815
f 1816//1816 1815//1815 1840//1840
f 1840//1840 1841//1841 1816//1816
f 1817//1817 1816//1816 1841//1841
f 1841//1841 1842//1842 1817//1817
f 1818//1818 1817//1817 1842//1842
f 1842//1842 1843//1843 1818//1818
f 1819//1819 1818//1818 1843//1843
f 1843//1843 1844//1844 1819//1819
f 1820//1820 1819//1819 1844//1844
f 1844//1844 1845//1845 1820//1820
f 1821//1821 1820//1820 1845//1845
f 1845//1845 1846//1846 1821//1821
f 1822//1822 1821//1821 1846//1846
f 1846//1846 1847//1847 1822//1822
f 1823//1823 1822//1822 1847//1847
f 1847//1847 1848//1848 1823//1823
f 1824//1824 1823//1823 1848//1848
f 1848//1848 1849//1849 1824//1824
f 1825//1825 1824//1824 1849//1849
f 1849//1849 1850//1850 1825//1825
f 1826//1826 1825//1825 1850//1850
f 1850//1850 1851//1851 1826//1826
f 1827//1827 1826//1826 1851//1851
f 1851//1851 1852//1852 1827//1827
f 1828//1828 1827//1827 1852//1852
f 1852//1852 1853//1853 1828//1828
f 1829//1829 1828//1828 1853//1853
f 1853//1853 1854//1854 1829//1829
f 1830//1830 1829//1829 1854//1854
f 1854//1854 1855//1855 1830//1830
f 1831//1831 1830//1830 1855//1855
f 1855//1855 1856//1856 1831//1831
f 1856//1856 1857//1857 1832//1832
f 1832//1832 1831//1831 1856//1856
f 1835//1835 1834//1834 1858//1858
f 1835//1835 1858//1858 1859//1859
f 1859//1859 1860//1860 1836//1836
f 1836//1836 1835//1835 1859//1859
f 1837//1837 1836//1836 1860//1860
f 1860//1860 1861//1861 1837//1837
f 1838//1838 1837//1837 1861//1861
f 1861//1861 1862//1862 1838//1838
f 1839//1839 1838//1838 1862//1862
f 1862//1862 1863//1863 1839//1839
f 1840//1840 1839//1839 1863//1863
f 1863//1863 1864//1864 1840//1840
f 1841//1841 1840//1840 1864//1864
f 1864//1864 1865//1865 1841//1841
f 1842//1842 1841//1841 1865//1865
f 1865//1865 1866//1866 1842//1842
f 1843//1843 1842//1842 1866//1866
f 1866//1866 1867//1867 1843//1843
f 1844//1844 1843//1843 1867//1867
f 1867//1867 1868//1868 1844//1844
f 1845//1845 1844//1844 1868//1868
f 1868//1868 1869//1869 1845//1845
f 1846//1846 1845//1845 1869//1869
f 1869//1869 1870//1870 1846//1846
f 1847//1847 1846//1846 1870//1870
f 1870//1870 1871//1871 1847//1847
f 1848//1848 1847//1847 1871//1871
f 1871//1871 1872//1872 1848//1848
f 1849//1849 1848//1848 1872//1872
f 1872//1872 1873//1873 1849//1849
f 1850//1850 1849//1849 1873//1873
f 1873//1873 1874//1874 1850//1850
f 1851//1851 1850//1850 1874//1874
f 1874//1874 1875//1875 1851//1851
f 1852//1852 1851//1851 1875//1875
f 1875//1875 1876//1876 1852//1852
f 1853//1853 1852//1852 1876//1876
f 1876//1876 1877//1877 1853//1853
f 1854//1854 1853//1853 1877//1877
f 1877//1877 1878//1878 1854//1854
f 1855//1855 1854//1854 1878//1878
f 1878//1878 1879//1879 1855//1855
f 1879//1879 1880//1880 1881//1881
f 1881//1881 1856//1856 1855//1855
f 1855//1855 1879//1879 1881//1881
f 1856//1856 1881//1881 1857//1857
f 1860//1860 1859//1859 1882//1882
f 1882//1882 1883//1883 1860//1860
f 1861//1861 1860//1860 1883//1883
f 1883//1883 1884//1884 1861//1861
f 1862//1862 1861//1861 1884//1884
f 1884//1884 1885//1885 1862//1862
f 1863//1863 1862//1862 1885//1885
f 1885//1885 1886//1886 1863//1863
f 1864//1864 1863//1863 1886//1886
f 1886//1886 1887//1887 1864//1864
f 1865//1865 1864//1864 1887//1887
f 1887//1887 1888//1888 1865//1865
f 1866//1866 1865//1865 1888//1888
f 1888//1888 1889//1889 1866//1866
f 1867//1867 1866//1866 1889//1889
f 1889//1889 1890//1890 1867//1867
f 1868//1868 1867//1867 1890//1890
f 1890//1890 1891//1891 1868//1868
f 1869//1869 1868//1868 1891//1891
f 1891//1891 1892//1892 1869//1869
f 1870//1870 1869//1869 1892//1892
f 1892//1892 1893//1893 1870//1870
f 1871//1871 1870//1870 1893//1893
f 1893//1893 1894//1894 1871//1871
f 1872//1872 1871//1871 1894//1894
f 1894//1894 1895//1895 1872//1872
f 1873//1873 1872//1872 1895//1895
f 1895//1895 1896//1896 1873//1873
f 1874//1874 1873//1873 1896//1896
f 1896//1896 1897//1897 1874//1874
f 1875//1875 1874//1874 1897//1897
f 1897//1897 1898//1898 1875//1875
f 1876//1876 1875//1875 1898//1898
f 1898//1898 1899//1899 1876//1876
f 1877//1877 1876//1876 1899//1899
f 1899//1899 1900//1900 1877//1877
f 1878//1878 1877//1877 1900//1900
f 1900//1900 1901//1901 1878//1878
f 1879//1879 1878//1878 1901//1901
f 1901//1901 1902//1902 1879//1879
f 1902//1902 1903//1903 1880//1880
f 1880//1880 1879//1879 1902//1902
f 1883//1883 1882//1882 1904//1904
f 1883//1883 1904//1904 1905//1905
f 1905//1905 1906//1906 1884//1884
f 1884//1884 1883//1883 1905//1905
f 1885//1885 1884//1884 1906//1906
f 1906//1906 1907//1907 1885//1885
f 1886//1886 1885//1885 1907//1907
f 1907//1907 1908//1908 1886//1886
f 1887//1887 1886//1886 1908//1908
f 1908//1908 1909//1909 1887//1887
f 1888//1888 1887//1887 1909//1909
f 1909//1909 1910//1910 1888//1888
f 1889//1889 1888//1888 1910//1910
f 1910//1910 1911//1911 1889//1889
f 1890//1890 1889//1889 1911//1911
f 1911//1911 1912//1912 1890//1890
f 1891//1891 1890//1890 1912//1912
f 1912//1912 1913//1913 1891//1891
f 1892//1892 1891//1891 1913//1913
f 1913//1913 1914//1914 1892//1892
f 1893//1893 1892//1892 1914//1914
f 1914//1914 1915//1915 1893//1893
f 1894//1894 1893//1893 1915//1915
f 1915//1915 1916//1916 1894//1894
f 1895//1895 1894//1894 1916//1916
f 1916//1916 1917//1917 1895//1895
f 1896//1896 1895//1895 1917//1917
f 1917//1917 1918//1918 1896//1896
f 1897//1897 1896//1896 1918//1918
f 1918//1918 1919//1919 1897//1897
f 1898//1898 1897//1897 1919//1919
f 1919//1919 1920//1920 1898//1898
f 1899//1899 1898//1898 1920//1920
f 1920//1920 1921//1921 1899//1899
f 1900//1900 1899//1899 1921//1921
f 1921//1921 1922//1922 1900//1900
f 1901//1901 1900//1900 1922//1922
f 1922//1922 1923//1923 1901//1901
f 1923//1923 1924//1924 1925//1925
f 1925//1925 1902//1902 1901//1901
f 1901//1901 1923//1923 1925//1925
f 1902//1902 1925//1925 1903//1903
f 1906//1906 1905//1905 1926//1926
f 1906//1906 1926//1926 1927//1927
f 1927//1927 1928//1928 1907//1907
f 1907//1907 1906//1906 1927//1927
f 1908//1908 1907//1907 1928//1928
f 1928//1928 1929//1929 1908//1908
f 1909//1909 1908//1908 1929//1929
f 1929//1929 1930//1930 1909//1909
f 1910//1910 1909//1909 1930//1930
f 1930//1930 1931//1931 1910//1910
f 1911//1911 1910//1910 1931//1931
f 1931//1931 1932//1932 1911//1911
f 1912//1912 1911//1911 1932//1932
f 1932//1932 1933//1933 1912//1912
f 1913//1913 1912//1912 1933//1933
f 1933//1933 1934//1934 1913//1913
f 1914//1914 1913//1913 1934//1934
f 1934//1934 1935//1935 1914//1914
f 1915//1915 1914//1914 1935//1935
f 1935//1935 1936//1936 1915//1915
f 1916//1916 1915//1915 1936//1936
f 1936//1936 1937//1937 1916//1916
f 1917//1917 1916//1916 1937//1937
f 1937//1937 1938//1938 1917//1917
f 1918//1918 1917//1917 1938//1938
f 1938//1938 1939//1939 1918//1918
f 1919//1919 1918//1918 1939//1939
f 1939//1939 1940//1940 1919//1919
f 1920//1920 1919//1919 1940//1940
f 1940//1940 1941//1941 1920//1920
f 1921//1921 1920//1920 1941//1941
f 1941//1941 1942//1942 1921//1921
f 1922//1922 1921//1921 1942//1942
f 1942//1942 1943//1943 1922//1922
f 1923//1923 1922//1922 1943//1943
f 1943//1943 1944//1944 1923//1923
f 1944//1944 1945//1945 1924//1924
f 1924//1924 1923//1923 1944//1944
f 1928//1928 1927//1927 1946//1946
f 1928//1928 1946//1946 1947//1947
f 1947//1947 1948//1948 1929//1929
f 1929//1929 1928//1928 1947//1947
f 1930//1930 1929//1929 1948//1948
f 1948//1948 1949//1949 1930//1930
f 1931//1931 1930//1930 1949//1949
f 1949//1949 1950//1950 1931//1931
f 1932//1932 1931//1931 1950//1950
f 1950//1950 1951//1951 1932//1932
f 1933//1933 1932//1932 1951//1951
f 1951//1951 1952//1952 1933//1933
f 1934//1934 1933//1933 1952//1952
f 1952//1952 1953//1953 1934//1934
f 1935//1935 1934//1934 1953//1953
f 1953//1953 1954//1954 1935//1935
f 1936//1936 1935//1935 1954//1954
f 1954//1954 1955//1955 1936//1936
f 1937//1937 1936//1936 1955//1955
f 1955//1955 1956//1956 1937//1937
f 1938//1938 1937//1937 1956//1956
f 1956//1956 1957//1957 1938//1938
f 1939//1939 1938//1938 1957//1957
f 1957//1957 1958//1958 1939//1939
f 1940//1940 1939//1939 1958//1958
f 1958//1958 1959//1959 1940//1940
f 1941//1941 1940//1940 1959//1959
f 1959//1959 1960//1960 1941//1941
f 1942//1942 1941//1941 1960//1960
f 1960//1960 1961//1961 1942//1942
f 1943//1943 1942//1942 1961//1961
f 1961//1961 1962//1962 1943//1943
f 1944//1944 1943//1943 1962//1962
f 1962//1962 1963//1963 1944//1944
f 1963//1963 1964//1964 1945//1945
f 1945//1945 1944//1944 1963//1963
f 1948//1948 1947//1947 1965//1965
f 1965//1965 1966//1966 1948//1948
f 1949//1949 1948//1948 1966//1966
f 1966//1966 1967//1967 1949//1949
f 1950//1950 1949//1949 1967//1967
f 1967//1967 1968//1968 1950//1950
f 1951//1951 1950//1950 1968//1968
f 1968//1968 1969//1969 1951//1951
f 1952//1952 1951//1951 1969//1969
f 1969//1969 1970//1970 1952//1952
f 1953//1953 1952//1952 1970//1970
f 1970//1970 1971//1971 1953//1953
f 1954//1954 1953//1953 1971//1971
f 1971//1971 1972//1972 1954//1954
f 1955//1955 1954//1954 1972//1972
f 1972//1972 1973//1973 1955//1955
f 1956//1956 1955//1955 1973//1973
f 1973//1973 1974//1974 1956//1956
f 1957//1957 1956//1956 1974//1974
f 1974//1974 1975//1975 1957//1957
f 1958//1958 1957//1957 1975//1975
f 1975//1975 1976//1976 1958//1958
f 1959//1959 1958//1958 1976//1976
f 1976//1976 1977//1977 1959//1959
f 1960//1960 1959//1959 1977//1977
f 1977//1977 1978//1978 1960//1960
f 1961//1961 1960//1960 1978//1978
f 1978//1978 1979//1979 1961//1961
f 1962//1962 1961//1961 1979//1979
f 1979//1979 1980//1980 1962//1962
f 1980//1980 1981//1981 1982//1982
f 1982//1982 1963//1963 1962//1962
f 1962//1962 1980//1980 1982//1982
f 1963//1963 1982//1982 1964//1964
f 1966//1966 1965//1965 1983//1983
f 1966//1966 1983//1983 1984//1984
f 1984//1984 1985//1985 1967//1967
f 1967//1967 1966//1966 1984//1984
f 1968//1968 1967//1967 1985//1985
f 1985//1985 1986//1986 1968//1968
f 1969//1969 1968//1968 1986//1986
f 1986//1986 1987//1987 1969//1969
f 1970//1970 1969//1969 1987//1987
f 1987//1987 1988//1988 1970//1970
f 1971//1971 1970//1970 1988//1988
f 1988//1988 1989//1989 1971//1971
f 1972//1972 1971//1971 1989//1989
f 1989//1989 1990//1990 1972//1972
f 1973//1973 1972//1972 1990//1990
f 1990//1990 1991//1991 1973//1973
f 1974//1974 1973//1973 1991//1991
f 1991//1991 1992//1992 1974//1974
f 1975//1975 1974//1974 1992//1992
f 1992//1992 1993//1993 1975//1975
f 1976//1976 1975//1975 1993//1993
f 1993//1993 1994//1994 1976//1976
f 1977//1977 1976//1976 1994//1994
f 1994//1994 1995//1995 1977//1977
f 1978//1978 1977//1977 1995//1995
f 1995//1995 1996//1996 1978//1978
f 1979//1979 1978//1978 1996//1996
f 1996//1996 1997//1997 1979//1979
f 1980//1980 1979//1979 1997//1997
f 1997//1997 1998//1998 1980//1980
f 1998//1998 1999//1999 1981//1981
f 1981//1981 1980//1980 1998//1998
f 1985//1985 1984//1984 2000//2000
f 1985//1985 2000//2000 2001//2001
f 2001//2001 2002//2002 1986//1986
f 1986//1986 1985//1985 2001//2001
f 1987//1987 1986//1986 2002//2002
f 2002//2002 2003//2003 1987//1987
f 1988//1988 1987//1987 2003//2003
f 2003//2003 2004//2004 1988//1988
f 1989//1989 1988//1988 2004//2004
f 2004//2004 2005//2005 1989//1989
f 1990//1990 1989//1989 2005//2005
f 2005//2005 2006//2006 1990//1990
f 1991//1991 1990//1990 2006//2006
f 2006//2006 2007//2007 1991//1991
f 1992//1992 1991//1991 2007//2007
f 2007//2007 2008//2008 1992//1992
f 1993//1993 1992//1992 2008//2008
f 2008//2008 2009//2009 1993//1993
f 1994//1994 1993//1993 2009//2009
f 2009//2009 2010//2010 1994//1994
f 1995//1995 1994//1994 2010//2010
f 2010//2010 2011//2011 1995//1995
f 1996//1996 1995//1995 2011//2011
f 2011//2011 2012//2012 1996//1996
f 2012//2012 2013//2013 2014//2014
f 2014//2014 1997//1997 1996//1996
f 1996//1996 2012//2012 2014//2014
f 1997//1997 2014//2014 2015//2015
f 2015//2015 1998//1998 1997//1997
f 2015//2015 2016//2016 1999//1999
f 1999//1999 1998//1998 2015//2015
f 2002//2002 2001//2001 2017//2017
f 2002//2002 2017//2017 2018//2018
f 2018//2018 2019//2019 2003//2003
f 2003//2003 2002//2002 2018//2018
f 2004//2004 2003//2003 2019//2019
f 2019//2019 2020//2020 2004//2004
f 2005//2005 2004//2004 2020//2020
f 2020//2020 2021//2021 2005//2005
f 2006//2006 2005//2005 2021//2021
f 2021//2021 2022//2022 2006//2006
f 2007//2007 2006//2006 2022//2022
f 2022//2022 2023//2023 2007//2007
f 2008//2008 2007//2007 2023//2023
f 2023//2023 2024//2024 2008//2008
f 2009//2009 2008//2008 2024//2024
f 2024//2024 2025//2025 2009//2009
f 2010//2010 2009//2009 2025//2025
f 2025//2025 2026//2026 2010//2010
f 2026//2026 2027//2027 2028//2028
f 2028//2028 2011//2011 2010//2010
f 2010//2010 2026//2026 2028//2028
f 2011//2011 2028//2028 2029//2029
f 2029//2029 2012//2012 2011//2011
f 2012//2012 2029//2029 2013//2013
f 2019//2019 2018//2018 2030//2030
f 2030//2030 2031//2031 2019//2019
f 2020//2020 2019//2019 2031//2031
f 2031//2031 2032//2032 2020//2020
f 2021//2021 2020//2020 2032//2032
f 2032//2032 2033//2033 2021//2021
f 2022//2022 2021//2021 2033//2033
f 2033//2033 2034//2034 2022//2022
f 2023//2023 2022//2022 2034//2034
f 2034//2034 2035//2035 2023//2023
f 2035//2035 2036//2036 2037//2037
f 2037//2037 2024//2024 2023//2023
f 2023//2023 2035//2035 2037//2037
f 2024//2024 2037//2037 2038//2038
f 2038//2038 2025//2025 2024//2024
f 2025//2025 2038//2038 2039//2039
f 2039//2039 2026//2026 2025//2025
f 2026//2026 2039//2039 2027//2027
f 2031//2031 2030//2030 2040//2040
f 2031//2031 2040//2040 2041//2041
f 2041//2041 2042//2042 2032//2032
f 2032//2032 2031//2031 2041//2041
f 2033//2033 2032//2032 2042//2042
f 2042//2042 2043//2043 2033//2033
f 2043//2043 2044//2044 2045//2045
f 2045//2045 2034//2034 2033//2033
f 2033//2033 2043//2043 2045//2045
f 2034//2034 2045//2045 2046//2046
f 2046//2046 2035//2035 2034//2034
f 2035//2035 2046//2046 2036//2036
f 2041//2041 2047//2047 2048//2048
f 2048//2048 2042//2042 2041//2041
f 2042//2042 2048//2048 2049//2049
f 2049//2049 2043//2043 2042//2042
f 2043//2043 2049//2049 2044//2044
