# Start sample in unchanged v3 map coordinates, metres. Float64 round-trip precision.
v 3 -0.85000000000000009 -0.37605162153734334
v 3 -1.1000000000000001 -0.38330999865744125
v 3.25 -1.1000000000000001 -0.3874766362042148
v 3.25 -0.85000000000000009 -0.38021825908411688
v 3.25 -0.60000000000000009 -0.37295988196401897
v 3 -0.60000000000000009 -0.36879324441724548
v 3.25 -0.35000000000000009 -0.36570150484392111
v 3 -0.35000000000000009 -0.36153486729714757
v 3.25 -0.10000000000000009 -0.3584431277238232
v 3 -0.10000000000000009 -0.35427649017704965
v 3.25 0.14999999999999991 -0.35118475060372528
v 3 0.14999999999999991 -0.34701811305695174
v 3.25 0.39999999999999991 -0.34392637348362742
v 3 0.39999999999999991 -0.33975973593685382
v 3.25 0.64999999999999991 -0.33666799636352951
v 3 0.64999999999999991 -0.33250135881675597
v 3.25 0.89999999999999991 -0.3294096192434316
v 3 0.89999999999999991 -0.32524298169665805
v 3.25 1.1499999999999999 -0.32215124212333368
v 3 1.1499999999999999 -0.31798460457656014
v 3.25 1.3999999999999999 -0.31489286500323577
v 3 1.3999999999999999 -0.31072622745646222
v 3.5 -1.1000000000000001 -0.39164327375098834
v 3.5 -0.85000000000000009 -0.38438489663089043
v 3.5 -0.60000000000000009 -0.37712651951079251
v 3.5 -0.35000000000000009 -0.36986814239069465
v 3.5 -0.10000000000000009 -0.36260976527059674
v 3.5 0.14999999999999991 -0.35535138815049883
v 3.5 0.39999999999999991 -0.34809301103040091
v 3.5 0.64999999999999991 -0.34083463391030305
v 3.5 0.89999999999999991 -0.33357625679020514
v 3.5 1.1499999999999999 -0.32631787967010722
v 3.5 1.3999999999999999 -0.31905950255000931
v 3.75 -1.1000000000000001 -0.39580991129776188
v 3.75 -0.85000000000000009 -0.38855153417766397
v 3.75 -0.60000000000000009 -0.38129315705756606
v 3.75 -0.35000000000000009 -0.37403477993746814
v 3.75 -0.10000000000000009 -0.36677640281737028
v 3.75 0.14999999999999991 -0.35951802569727237
v 3.75 0.39999999999999991 -0.35225964857717446
v 3.75 0.64999999999999991 -0.3450012714570766
v 3.75 0.89999999999999991 -0.33774289433697868
v 3.75 1.1499999999999999 -0.33048451721688077
v 3.75 1.3999999999999999 -0.32322614009678285
v 4 -1.1000000000000001 -0.39997654884453543
v 4 -0.85000000000000009 -0.39271817172443751
v 4 -0.60000000000000009 -0.3854597946043396
v 4 -0.35000000000000009 -0.37820141748424174
v 4 -0.10000000000000009 -0.37094304036414383
v 4 0.14999999999999991 -0.36368466324404591
v 4 0.39999999999999991 -0.356426286123948
v 4 0.64999999999999991 -0.34916790900385009
v 4 0.89999999999999991 -0.34190953188375223
v 4 1.1499999999999999 -0.33465115476365431
v 4 1.3999999999999999 -0.3273927776435564
v 4.25 -1.1000000000000001 -0.40414318639130897
v 4.25 -0.85000000000000009 -0.39688480927121106
v 4.25 -0.60000000000000009 -0.38962643215111314
v 4.25 -0.35000000000000009 -0.38236805503101523
v 4.25 -0.10000000000000009 -0.37510967791091737
v 4.25 0.14999999999999991 -0.36785130079081946
v 4.25 0.39999999999999991 -0.36059292367072154
v 4.25 0.64999999999999991 -0.35333454655062368
v 4.25 0.89999999999999991 -0.34607616943052577
v 4.25 1.1499999999999999 -0.33881779231042786
v 4.25 1.3999999999999999 -0.33155941519032994
v 4.5 -1.1000000000000001 -0.40830982393808246
v 4.5 -0.85000000000000009 -0.4010514468179846
v 4.5 -0.60000000000000009 -0.39379306969788669
v 4.5 -0.35000000000000009 -0.38653469257778877
v 4.5 -0.10000000000000009 -0.37927631545769092
v 4.5 0.14999999999999991 -0.372017938337593
v 4.5 0.39999999999999991 -0.36475956121749509
v 4.5 0.64999999999999991 -0.35750118409739717
v 4.5 0.89999999999999991 -0.35024280697729926
v 4.5 1.1499999999999999 -0.3429844298572014
v 4.5 1.3999999999999999 -0.33572605273710349
v 4.7430419269392612 -1.0356755963472424 -0.41049293129203529
v 4.75 -1.0280933188748538 -0.41038875824861226
v 4.75 -0.85000000000000009 -0.40521808436475815
v 4.7166019542411259 -1.0667822112455476 -0.41095540232756267
v 4.6901619815429916 -1.0999999999999943 -0.41147916814714586
v 4.75 -0.60000000000000009 -0.39795970724466023
v 4.75 -0.35000000000000009 -0.39070133012456232
v 4.75 -0.10000000000000009 -0.3834429530044644
v 4.75 0.14999999999999991 -0.37618457588436655
v 4.75 0.39999999999999991 -0.36892619876426863
v 4.75 0.64999999999999991 -0.36166782164417072
v 4.75 0.89999999999999991 -0.35440944452407286
v 4.75 1.1499999999999999 -0.34715106740397494
v 4.75 1.3999999999999999 -0.33989269028387703
v 4.9810016812224713 -0.86516838250172856 -0.40950847684015335
v 5 -0.8589993701900136 -0.40964600520226163
v 5 -0.85000000000000009 -0.40938472191153169
v 4.7694818996373955 -1.0068637101239111 -0.41009708428095298
v 4.9545617085243361 -0.87536093698043294 -0.40936373932512876
v 4.7959218723355299 -0.98053010739438196 -0.40977319053470479
v 4.9281217358262017 -0.88734418227800604 -0.40927099184717963
v 4.8223618450336643 -0.95685516803362569 -0.40952648711392037
v 4.8488018177317986 -0.93587361127225832 -0.40935798203967622
v 4.9016817631280674 -0.90130167321328003 -0.409235563646695
v 4.875241790429933 -0.91741696460508682 -0.40926278396406418
v 5 -0.60000000000000009 -0.40212634479143378
v 5 -0.35000000000000009 -0.39486796767133586
v 5 -0.10000000000000009 -0.387609590551238
v 5 0.14999999999999991 -0.38035121343114009
v 5 0.39999999999999991 -0.37309283631104218
v 5 0.64999999999999991 -0.36583445919094426
v 5 0.89999999999999991 -0.35857608207084635
v 5 1.1499999999999999 -0.35131770495074849
v 5 1.3999999999999999 -0.34405932783065057
v 5.0074416539206057 -0.85658296402306167 -0.40969987515186412
v 5.0317445502045306 -0.85000000000000009 -0.40991379405068218
v 5.2454014082038167 -0.82140772141268992 -0.41264458263450576
v 5.25 -0.82100375122577873 -0.41270949662361933
v 5.25 -0.60000000000000009 -0.40629298233820732
v 5.0338816266187401 -0.84942112672560022 -0.40993260501987194
v 5.2189614355056824 -0.82373038043227764 -0.41227135444292917
v 5.192521462807548 -0.82606623789156242 -0.41189850944836348
v 5.0603215993168753 -0.84349931579051207 -0.41020133720378765
v 5.1660814901094128 -0.82854123929725987 -0.41152970429074587
v 5.0867615720150097 -0.83863397639896597 -0.41050074246322205
v 5.1396415174112784 -0.83133849297117168 -0.41117025524709033
v 5.113201544713144 -0.83464155373212967 -0.41082549155778603
v 5.25 -0.35000000000000009 -0.39903460521810941
v 5.25 -0.10000000000000009 -0.39177622809801149
v 5.25 0.14999999999999991 -0.38451785097791358
v 5.25 0.39999999999999991 -0.37725947385781572
v 5.25 0.64999999999999991 -0.37000109673771781
v 5.25 0.89999999999999991 -0.36274271961761989
v 5.25 1.1499999999999999 -0.35548434249752203
v 5.25 1.3999999999999999 -0.34822596537742412
v 5.4833611624870269 -0.80050379023656903 -0.41600363635870008
v 5.5 -0.79904212662346541 -0.41623851115625843
v 5.5 -0.60000000000000009 -0.41045961988498086
v 5.4569211897888925 -0.80282644925612223 -0.41563040816712249
v 5.271841380901952 -0.81908506239310563 -0.41301781082608247
v 5.4304812170907582 -0.80514910827567954 -0.41525717997554501
v 5.2982813536000863 -0.81676240337352524 -0.41339103901765928
v 5.4040412443926238 -0.80747176729524084 -0.41488395178396764
v 5.3247213262982207 -0.81443974435394828 -0.4137642672092362
v 5.3776012716944894 -0.80979442631480592 -0.41451072359239038
v 5.3511612989963551 -0.8121170853343751 -0.41413749540081324
v 5.5 -0.35000000000000009 -0.40320124276488295
v 5.5 -0.10000000000000009 -0.39594286564478504
v 5.5 0.14999999999999991 -0.38868448852468718
v 5.5 0.39999999999999991 -0.38142611140458926
v 5.5 0.64999999999999991 -0.37416773428449135
v 5.5 0.89999999999999991 -0.36690935716439343
v 5.5 1.1499999999999999 -0.35965098004429552
v 5.5 1.3999999999999999 -0.35239260292419766
v 5.7477608894683723 -0.7798349474704217 -0.41981017865615783
v 5.75 -0.77979171992579377 -0.4198462418569241
v 5.75 -0.60000000000000009 -0.41462625743175441
v 5.7213209167702379 -0.78093177887840015 -0.41940136038822406
v 5.5098011351851621 -0.79818113121702006 -0.41637686455027778
v 5.6948809440721035 -0.78250037621798552 -0.41900623914046642
v 5.5362411078832965 -0.7958584721974753 -0.41675009274185565
v 5.6684409713739692 -0.78442611558486164 -0.41862148697878676
v 5.5626810805814308 -0.79353581317793487 -0.41712332093343363
v 5.6420009986758348 -0.78659437307471214 -0.41824377596908713
v 5.5891210532795661 -0.79121315415839888 -0.41749654912501172
v 5.6155610259777005 -0.78889052478322097 -0.41786977817726956
v 5.75 -0.35000000000000009 -0.40736788031165649
v 5.75 -0.10000000000000009 -0.40010950319155858
v 5.75 0.14999999999999991 -0.39285112607146067
v 5.75 0.39999999999999991 -0.38559274895136281
v 5.75 0.64999999999999991 -0.37833437183126489
v 5.75 0.89999999999999991 -0.37107599471116698
v 5.75 1.1499999999999999 -0.36381761759106912
v 5.75 1.3999999999999999 -0.35655924047097121
v 5.9857206437515833 -0.81010587593310435 -0.42465501810165818
v 6 -0.81546611776350575 -0.42504863233585172
v 6 -0.60000000000000009 -0.4187928949785279
v 5.9592806710534489 -0.80179873826239023 -0.42397316961772885
v 5.7742008621665066 -0.77932450589836633 -0.42023602187836567
v 5.9328406983553146 -0.79499498166212912 -0.42333496956085781
v 5.800640834864641 -0.77951507806655029 -0.42068221798894562
v 5.9064007256571802 -0.78957998222800474 -0.42273708999694698
v 5.8270808075627762 -0.78052128787928998 -0.42115209492199573
v 5.879960752959045 -0.78543911605570071 -0.4221762029918984
v 5.8535207802609106 -0.78245775924090133 -0.42164898061161393
v 6 -0.35000000000000009 -0.41153451785843004
v 6 -0.10000000000000009 -0.40427614073833212
v 6 0.14999999999999991 -0.39701776361823421
v 6 0.39999999999999991 -0.38975938649813635
v 6 0.64999999999999991 -0.38250100937803844
v 6 0.89999999999999991 -0.37524263225794052
v 6 1.1499999999999999 -0.36798425513784261
v 6 1.3999999999999999 -0.36072587801774469
v 6.2236803980347943 -0.95410652663302309 -0.43280183040220588
v 6.25 -0.97629272103934273 -0.43388463043270686
v 6.25 -0.85000000000000009 -0.43021790964539935
v 6.0740868171850737 -0.85000000000000009 -0.42728604375544293
v 6.0914805345441216 -0.85975422149046377 -0.42785913629111061
v 6.19724042533666 -0.93283869582053702 -0.43174368752403325
v 6.1179205072422569 -0.87604845833916323 -0.4287728782867577
v 6.1708004526385256 -0.91268012270211885 -0.43071775028852816
v 6.1443604799403913 -0.8937202344756876 -0.42972661508099996
v 6.0650405618459873 -0.84492695112750948 -0.42698798547936789
v 6.25 -0.60000000000000009 -0.4229595325253015
v 6.0121606164497177 -0.82003101857858773 -0.42538384294674381
v 6.0386005891478529 -0.83165607444821943 -0.42616202223683863
v 6.0249292893218698 -0.47492928932188361 -0.41557713869101776
v 6.0748999999999898 -0.42500000000000254 -0.41496035560347266
v 6.0748999999999898 -0.40000000000000252 -0.41423451789146287
v 6.0249292893218698 -0.50007071067812092 -0.4163070823611732
v 6.024899999999989 -0.50000000000000222 -0.41630454123014726
v 6.25 -0.35000000000000009 -0.41570115540520358
v 6.0498999999999894 -0.37500000000000272 -0.41309201642477572
v 6.0498999999999894 -0.3501000000000028 -0.41236908206361395
v 6.0249999999999888 -0.3501000000000028 -0.4119540849639553
v 6.0749292893218705 -0.39992928932188387 -0.41423295306434316
v 6.0249999999999888 -0.50010000000000221 -0.41630911123601405
v 6.0750999999999893 -0.3500000000000027 -0.41278617577748067
v 6.0750999999999893 -0.37500000000000272 -0.41351201348949052
v 6.0499292893218701 -0.37507071067812137 -0.4130945575558016
v 6.0249292893218698 -0.35007071067812146 -0.41195205608911445
v 6.024899999999989 -0.35000000000000281 -0.41194951495808857
v 6.024899999999989 -0.47500000000000225 -0.41557870351813753
v 6.0499999999999892 -0.50010000000000221 -0.41672577499069141
v 6.0750707106781086 -0.37507071067812137 -0.41351357831661023
v 6.0500707106781082 -0.50007071067812092 -0.41672610312198183
v 6.0749999999999895 -0.37510000000000271 -0.41351325018531981
v 6.0499999999999892 -0.37510000000000271 -0.41309658643064245
v 6.0500999999999889 -0.50000000000000222 -0.41672453829486206
v 6.0749292893218705 -0.42507071067812119 -0.41496289673449854
v 6.0500999999999889 -0.47500000000000225 -0.41599870058285227
v 6.0749999999999895 -0.42510000000000253 -0.4149649256093394
v 6.0500707106781082 -0.47492928932188361 -0.41599615945182639
v 6.0999999999999899 -0.42510000000000253 -0.41538158936401676
v 6.0499999999999892 -0.47490000000000226 -0.41599413057698553
v 6.0749999999999895 -0.39990000000000253 -0.41423328119563352
v 6.1000707106781089 -0.42507071067812119 -0.41538191749530717
v 6.0249999999999888 -0.47490000000000226 -0.41557746682230817
v 6.0999999999999899 -0.39990000000000253 -0.41464994495031088
v 6.1000707106781089 -0.39992928932188387 -0.41465197382515173
v 6.1000999999999896 -0.42500000000000254 -0.4153803526681874
v 6.1000999999999896 -0.40000000000000252 -0.41465451495617767
v 6.0750707106781086 -0.34992928932188405 -0.41278363464645484
v 6.25 -0.10000000000000009 -0.40844277828510567
v 6.0500999999999889 -0.32500000000000279 -0.41164367431079357
v 6.0500999999999889 -0.34990000000000271 -0.41236660867195529
v 6.0749999999999895 -0.34990000000000271 -0.41278160577161394
v 6.024899999999989 -0.32500000000000279 -0.41122367724607878
v 6.0500707106781082 -0.32492928932188414 -0.41164113317976769
v 6.0249292893218698 -0.32492928932188414 -0.41122211241895901
v 6.0249999999999888 -0.3249000000000028 -0.41122244055024948
v 6.0499999999999892 -0.3249000000000028 -0.41163910430492678
v 6.25 0.14999999999999991 -0.40118440116500775
v 6.25 0.39999999999999991 -0.39392602404490984
v 6.25 0.64999999999999991 -0.38666764692481198
v 6.25 0.89999999999999991 -0.37940926980471407
v 6.25 1.1499999999999999 -0.37215089268461615
v 6.25 1.3999999999999999 -0.36489251556451829
v 6.5 -1.1000000000000001 -0.44164292431227081
v 6.5 -0.85000000000000009 -0.4343845471921729
v 6.2501203707329287 -0.97639418794165822 -0.43388958253773713
v 6.355880261525467 -1.0739545941793029 -0.43848475594726366
v 6.3823202342236014 -1.099999999999894 -0.43968160858994987
v 6.3294402888273318 -1.048481882865264 -0.4373045306353901
v 6.2765603434310631 -0.99961225254852271 -0.43500434754531769
v 6.3030003161291974 -1.0236712932556977 -0.43614352903963838
v 6.5 -0.60000000000000009 -0.42712617007207498
v 6.3998999999999882 -0.55000000000000204 -0.42400617297432719
v 6.3998999999999882 -0.52500000000000213 -0.42328033526231734
v 6.3999292893218689 -0.55007071067812074 -0.42400871410535301
v 6.5 -0.35000000000000009 -0.41986779295197713
v 6.3999292893218689 -0.52492928932188343 -0.42327877043519763
v 6.3999999999999879 -0.55010000000000203 -0.42401074298019392
v 6.4249999999999883 -0.55010000000000203 -0.42442740673487128
v 6.3999999999999879 -0.52490000000000214 -0.42327909856648804
v 6.4249999999999883 -0.52490000000000214 -0.4236957623211654
v 6.4250707106781073 -0.55007071067812074 -0.4244277348661617
v 6.4250707106781073 -0.52492928932188343 -0.42369779119600626
v 6.425099999999988 -0.55000000000000204 -0.42442617003904193
v 6.425099999999988 -0.52500000000000213 -0.42370033232703214
v 6.5 -0.10000000000000009 -0.41260941583187921
v 6.5 0.14999999999999991 -0.4053510387117813
v 6.5 0.39999999999999991 -0.39809266159168344
v 6.5 0.64999999999999991 -0.39083428447158552
v 6.5 0.89999999999999991 -0.38357590735148761
v 6.5 1.1499999999999999 -0.3763175302313897
v 6.5 1.3999999999999999 -0.36905915311129178
v 6.5498999999999876 -0.9000000000000008 -0.43666788347052832
v 6.5498999999999876 -0.87500000000000089 -0.43594204575851853
v 6.5499292893218684 -0.9000707106781195 -0.4366704246015542
v 6.6998999999999871 -1.1000000000000001 -0.4449745676946707
v 6.6998999999999871 -1.0750000000000002 -0.44424872998266096
v 6.6999999999999869 -1.0749000000000002 -0.44424749328683161
v 6.7248999999999866 -1.0749000000000002 -0.44466249038649019
v 6.7248999999999866 -1.0500000000000003 -0.44393955602532847
v 6.7249999999999863 -1.0499000000000003 -0.44393831932949912
v 6.75 -1.0499000000000003 -0.44435498308417676
v 6.75 -0.85000000000000009 -0.43855118473894644
v 6.5499999999999874 -0.90010000000000079 -0.43667245347639505
v 6.6999292893218678 -1.0749292893218816 -0.44424716515554119
v 6.7249292893218673 -1.0499292893218817 -0.44393799119820876
v 6.5499292893218684 -0.87492928932188219 -0.43594048093139881
v 6.5749999999999877 -0.90010000000000079 -0.43708911723107241
v 6.5499999999999874 -0.8749000000000009 -0.43594080906268917
v 6.5750707106781068 -0.9000707106781195 -0.43708944536236283
v 6.5750999999999875 -0.9000000000000008 -0.43708788053524306
v 6.5749999999999877 -0.8749000000000009 -0.43635747281736653
v 6.5750707106781068 -0.87492928932188219 -0.43635950169220739
v 6.5750999999999875 -0.87500000000000089 -0.43636204282323332
v 6.75 -0.60000000000000009 -0.43129280761884858
v 6.5248999999999873 -0.62500000000000178 -0.42826700488374325
v 6.5248999999999873 -0.60000000000000187 -0.42754116717173352
v 6.5750999999999875 -0.60000000000000187 -0.42837782799112561
v 6.5750999999999875 -0.62500000000000178 -0.42910366570313541
v 6.524929289321868 -0.62507071067812048 -0.42826954601476919
v 6.5750707106781068 -0.62507071067812048 -0.42910523053025518
v 6.524999999999987 -0.62510000000000177 -0.42827157488960998
v 6.5749999999999877 -0.62510000000000177 -0.4291049023989647
v 6.6498999999999873 -0.55000000000000204 -0.42817281052110068
v 6.6498999999999873 -0.52500000000000213 -0.42744697280909094
v 6.7000999999999875 -0.52500000000000213 -0.42828363362848304
v 6.7000999999999875 -0.54990000000000205 -0.42900656798964476
v 6.7249999999999872 -0.54990000000000205 -0.4294215650893034
v 6.6748999999999876 -0.57500000000000195 -0.42931531198778783
v 6.6748999999999876 -0.55010000000000203 -0.42859237762662605
v 6.649999999999987 -0.55010000000000203 -0.42817738052696741
v 6.649929289321868 -0.55007071067812074 -0.42817535165212661
v 6.524929289321868 -0.59992928932188316 -0.42753960234461375
v 6.5750707106781068 -0.59992928932188316 -0.42837528686009974
v 6.5498999999999876 -0.52500000000000213 -0.4257803177903815
v 6.5499999999999874 -0.49990000000000223 -0.42505324338254236
v 6.574899999999988 -0.49990000000000223 -0.425468240482201
v 6.574899999999988 -0.47500000000000225 -0.42474530612103928
v 6.6000999999999879 -0.47500000000000225 -0.42516530318575407
v 6.6000999999999879 -0.49990000000000223 -0.42588823754691579
v 6.6249999999999876 -0.49990000000000223 -0.42630323464657444
v 6.5499292893218684 -0.52507071067812083 -0.42578285892140738
v 6.649929289321868 -0.52492928932188343 -0.42744540798197117
v 6.7000707106781068 -0.52492928932188343 -0.42828109249745716
v 6.6749292893218684 -0.57507071067812066 -0.42931785311881371
v 6.524999999999987 -0.59990000000000188 -0.42753993047590416
v 6.5749999999999877 -0.59990000000000188 -0.42837325798525888
v 6.5498999999999876 -0.50000000000000222 -0.42505448007837171
v 6.5499292893218684 -0.49992928932188357 -0.42505291525125199
v 6.6000707106781071 -0.47492928932188361 -0.42516276205472814
v 6.5499999999999874 -0.52510000000000212 -0.42578488779624823
v 6.7250707106781062 -0.54992928932188334 -0.42942359396414431
v 6.5749292893218687 -0.47492928932188361 -0.42474374129391956
v 6.6250707106781066 -0.49992928932188357 -0.42630526352141529
v 6.6249999999999876 -0.52510000000000212 -0.42703487906028031
v 6.6749999999999874 -0.57510000000000194 -0.42931988199365456
v 6.6250707106781066 -0.52507071067812083 -0.42703520719157073
v 6.7249999999999872 -0.57510000000000194 -0.43015320950300928
v 6.75 -0.35000000000000009 -0.42403443049875067
v 6.5749999999999877 -0.47490000000000226 -0.42474406942520992
v 6.6250999999999873 -0.52500000000000213 -0.42703364236445096
v 6.5999999999999881 -0.47490000000000226 -0.42516073317988728
v 6.6250999999999873 -0.50000000000000222 -0.42630780465244117
v 6.7250707106781062 -0.57507071067812066 -0.4301535376342997
v 6.649999999999987 -0.52490000000000214 -0.42744573611326153
v 6.725099999999987 -0.57500000000000195 -0.43015197280717998
v 6.725099999999987 -0.55000000000000204 -0.42942613509517014
v 6.6999999999999877 -0.52490000000000214 -0.42827906362261625
v 6.75 -0.10000000000000009 -0.41677605337865276
v 6.75 0.14999999999999991 -0.40951767625855484
v 6.75 0.39999999999999991 -0.40225929913845693
v 6.75 0.64999999999999991 -0.39500092201835907
v 6.75 0.89999999999999991 -0.38774254489826115
v 6.75 1.1499999999999999 -0.38048416777816324
v 6.75 1.3999999999999999 -0.37322579065806538
v 6.8750999999999864 -1.0501000000000003 -0.44644577521427808
v 6.8750999999999864 -1.1000000000000001 -0.4478945472874496
v 7 -1.1000000000000001 -0.4499761994058179
v 6.7998999999999867 -1.0499000000000003 -0.44518664393851248
v 6.7999999999999865 -0.99990000000000046 -0.44373663516951167
v 6.8498999999999866 -0.99990000000000046 -0.44456829602384762
v 6.8498999999999866 -0.97500000000000053 -0.4438453616626859
v 6.9000999999999868 -0.97500000000000053 -0.444682022482078
v 6.9000999999999868 -0.99990000000000046 -0.44540495684323977
v 6.9249999999999865 -0.99990000000000046 -0.44581995394289842
v 6.9249999999999865 -1.0251000000000003 -0.4465515983566043
v 6.9000999999999868 -1.0251000000000003 -0.44613660125694565
v 6.9000999999999868 -1.0500000000000003 -0.44685953561810743
v 6.899999999999987 -1.0501000000000003 -0.44686077231393673
v 6.7998999999999867 -1.0000000000000004 -0.44373787186534097
v 6.7999292893218675 -0.99992928932188174 -0.4437363070382212
v 6.9000707106781061 -0.97492928932188183 -0.44467948135105217
v 6.9250707106781055 -1.0250707106781189 -0.44655192648789466
v 6.9000707106781061 -1.0500707106781189 -0.44686110044522709
v 6.8499292893218673 -0.97492928932188183 -0.44384379683556618
v 6.9250707106781055 -0.99992928932188174 -0.44582198281773927
v 7 -0.85000000000000009 -0.44271782228571999
v 6.9250999999999863 -1.0250000000000004 -0.44655036166077494
v 6.8499999999999863 -0.97490000000000054 -0.44384412496685655
v 6.9250999999999863 -1.0000000000000004 -0.44582452394876515
v 6.899999999999987 -0.97490000000000054 -0.44467745247621127
v 7 -0.60000000000000009 -0.43545944516562207
v 6.9000999999999868 -0.50000000000000222 -0.43089110595389207
v 6.9248999999999858 -0.50000000000000222 -0.431304436398532
v 6.9248999999999858 -0.47500000000000225 -0.43057859868652215
v 6.9249292893218666 -0.50007071067812092 -0.43130697752955782
v 6.8749292893218676 -0.55007071067812074 -0.43192532544422274
v 6.8748999999999869 -0.55000000000000204 -0.43192278431319686
v 7 -0.35000000000000009 -0.42820106804552416
v 6.9250999999999863 -0.35000000000000009 -0.42695274343651057
v 6.8998999999999864 -0.37500000000000272 -0.42725858408380568
v 6.8998999999999864 -0.35000000000000009 -0.42653274637179583
v 6.9000707106781061 -0.49992928932188357 -0.43088856482286619
v 6.9249999999999856 -0.50010000000000221 -0.43130900640439873
v 6.8749999999999867 -0.55010000000000203 -0.43192735431906359
v 6.9250999999999863 -0.37500000000000272 -0.42767858114852048
v 6.8999292893218671 -0.37507071067812137 -0.42726112521483162
v 6.8748999999999869 -0.50000000000000222 -0.43047110888917728
v 6.899999999999987 -0.49990000000000223 -0.43088653594802528
v 6.9000999999999868 -0.55000000000000204 -0.43234278137791166
v 6.899999999999987 -0.55010000000000203 -0.43234401807374095
v 6.9250707106781055 -0.37507071067812137 -0.42768014597564019
v 6.8999999999999861 -0.37510000000000271 -0.42726315408967241
v 6.8749292893218676 -0.49992928932188357 -0.43046954406205751
v 6.8749999999999867 -0.49990000000000223 -0.43046987219334798
v 6.949999999999986 -0.50010000000000221 -0.43172567015907609
v 6.9249999999999865 -0.37510000000000271 -0.42767981784434983
v 6.950070710678105 -0.50007071067812092 -0.43172599829036651
v 6.9000707106781061 -0.55007071067812074 -0.43234434620503137
v 6.9249292893218666 -0.47492928932188361 -0.43057703385940244
v 6.9249999999999856 -0.47490000000000226 -0.43057736199069285
v 6.9500999999999857 -0.50000000000000222 -0.43172443346324674
v 6.949999999999986 -0.47490000000000226 -0.43099402574537021
v 6.9500999999999857 -0.47500000000000225 -0.43099859575123695
v 6.950070710678105 -0.47492928932188361 -0.43099605462021107
v 6.9250999999999863 -0.32500000000000279 -0.42622690572450089
v 7 -0.10000000000000009 -0.4209426909254263
v 6.9250707106781055 -0.32492928932188414 -0.42622436459347501
v 6.8998999999999864 -0.32500000000000279 -0.4258069086597861
v 6.9249999999999865 -0.3249000000000028 -0.42622233571863416
v 6.8999292893218671 -0.32492928932188414 -0.42580534383266638
v 6.8999999999999861 -0.3249000000000028 -0.4258056719639568
v 7 0.14999999999999991 -0.41368431380532839
v 7 0.39999999999999991 -0.40642593668523047
v 7 0.64999999999999991 -0.39916755956513261
v 7 0.89999999999999991 -0.3919091824450347
v 7 1.1499999999999999 -0.38465080532493678
v 7 1.3999999999999999 -0.37739242820483887
v 7.25 -1.1000000000000001 -0.45414283695259139
v 7.25 -0.85000000000000009 -0.44688445983249353
v 7.25 -0.60000000000000009 -0.43962608271239562
v 7.174899999999985 -0.45000000000000245 -0.4340193985212859
v 7.174899999999985 -0.42500000000000243 -0.43329356080927617
v 7.1998999999999853 -0.50000000000000222 -0.4358877376999829
v 7.1998999999999853 -0.45010000000000244 -0.43443896562681134
v 7.1749999999999847 -0.45010000000000244 -0.43402396852715264
v 7.1749292893218657 -0.4500707106781211 -0.43402193965231184
v 7.1999999999999851 -0.3501000000000028 -0.43153728143379089
v 7.1750999999999854 -0.3501000000000028 -0.43112228433413224
v 7.1750999999999854 -0.37500000000000272 -0.43184521869529402
v 7.199929289321866 -0.50007071067812092 -0.43589027883100873
v 7.25 -0.35000000000000009 -0.43236770559229776
v 7.2000999999999848 -0.35000000000000281 -0.43153604473796159
v 7.2000707106781041 -0.35007071067812146 -0.4315376095650813
v 7.1498999999999855 -0.37500000000000272 -0.43142522163057923
v 7.1498999999999855 -0.3500000000000027 -0.43069938391856943
v 7.1749292893218657 -0.42492928932188379 -0.4332919959821564
v 7.1499292893218662 -0.37507071067812137 -0.4314277627616051
v 7.1749999999999847 -0.42490000000000244 -0.43329232411344681
v 7.1999999999999851 -0.50010000000000221 -0.43589230770584964
v 7.1750707106781046 -0.37507071067812137 -0.43184678352241374
v 7.1499999999999853 -0.37510000000000271 -0.43142979163644596
v 7.2249999999999854 -0.42490000000000244 -0.43412565162280153
v 7.2249999999999854 -0.50010000000000221 -0.43630897146052694
v 7.1749999999999856 -0.37510000000000271 -0.43184645539112332
v 7.2250707106781045 -0.50007071067812092 -0.43630929959181741
v 7.2250999999999852 -0.50000000000000222 -0.43630773476469764
v 7.2250707106781045 -0.42492928932188379 -0.43412768049764239
v 7.2250999999999852 -0.42500000000000243 -0.43413022162866827
v 7.2000999999999848 -0.32500000000000279 -0.43081020702595174
v 7.25 -0.10000000000000009 -0.42510932847219984
v 7.1499999999999853 -0.34990000000000271 -0.43069814722274014
v 7.174899999999985 -0.34990000000000271 -0.43111314432239878
v 7.174899999999985 -0.32500000000000279 -0.430390209961237
v 7.2000707106781041 -0.32492928932188414 -0.43080766589492592
v 7.1499292893218662 -0.34992928932188405 -0.43069781909144966
v 7.1999999999999851 -0.3249000000000028 -0.43080563702008501
v 7.1749292893218657 -0.32492928932188414 -0.43038864513411723
v 7.1749999999999847 -0.3249000000000028 -0.43038897326540765
v 7.25 0.14999999999999991 -0.41785095135210193
v 7.25 0.39999999999999991 -0.41059257423200402
v 7.25 0.64999999999999991 -0.4033341971119061
v 7.25 0.89999999999999991 -0.39607581999180824
v 7.25 1.1499999999999999 -0.38881744287171033
v 7.25 1.3999999999999999 -0.38155906575161241
v 7.5 -1.1000000000000001 -0.45830947449936499
v 7.5 -0.85000000000000009 -0.45105109737926707
v 7.4499999999999842 -0.72490000000000143 -0.44658567795901516
v 7.4748999999999839 -0.72490000000000143 -0.4470006750586738
v 7.4748999999999839 -0.70000000000000151 -0.44627774069751203
v 7.4749999999999837 -0.69990000000000152 -0.44627650400168273
v 7.4998999999999842 -0.69990000000000152 -0.44669150110134137
v 7.4998999999999842 -0.65000000000000169 -0.4452427290281698
v 7.499999999999984 -0.77510000000000123 -0.44887648759408549
v 7.4750999999999843 -0.77510000000000123 -0.44846149049442685
v 7.4750999999999843 -0.80000000000000115 -0.44918442485558863
v 7.4499292893218652 -0.72492928932188272 -0.44658534982772474
v 7.4749292893218646 -0.69992928932188281 -0.44627617587039226
v 7.499929289321865 -0.64992928932188299 -0.44524116420105009
v 7.499999999999984 -0.6499000000000017 -0.44524149233234045
v 7.5 -0.60000000000000009 -0.44379272025916916
v 7.4250999999999845 -0.60000000000000187 -0.44254439565015558
v 7.4250999999999845 -0.62500000000000178 -0.44327023336216542
v 7.3998999999999846 -0.62500000000000178 -0.44285023629745063
v 7.3998999999999846 -0.60000000000000187 -0.44212439858544084
v 7.3999292893218653 -0.62507071067812048 -0.44285277742847651
v 7.4750707106781036 -0.80007071067811986 -0.44918598968270834
v 7.4250707106781038 -0.62507071067812048 -0.44327179818928514
v 7.3999999999999844 -0.62510000000000177 -0.44285480630331736
v 7.4749999999999845 -0.80010000000000114 -0.44918566155141793
v 7.4498999999999844 -0.72500000000000142 -0.44658691465484446
v 7.4249999999999847 -0.62510000000000177 -0.44327147005799472
v 7.4499999999999842 -0.80010000000000114 -0.44876899779674062
v 7.4498999999999844 -0.80000000000000115 -0.44876442779087383
v 7.4499292893218652 -0.80007071067811986 -0.44876696892189971
v 7.4250707106781038 -0.59992928932188316 -0.44254185451912975
v 7.5 -0.35000000000000009 -0.43653434313907125
v 7.4249999999999847 -0.59990000000000188 -0.44253982564428884
v 7.3999292893218653 -0.59992928932188316 -0.44212283375832107
v 7.3999999999999844 -0.59990000000000188 -0.44212316188961154
v 7.5 -0.10000000000000009 -0.42927596601897333
v 7.5 0.14999999999999991 -0.42201758889887547
v 7.5 0.39999999999999991 -0.41475921177877756
v 7.5 0.64999999999999991 -0.4075008346586797
v 7.5 0.89999999999999991 -0.40024245753858179
v 7.5 1.1499999999999999 -0.39298408041848387
v 7.5 1.3999999999999999 -0.38572570329838596
v 7.6000999999999834 -0.95000000000000062 -0.45562276990103412
v 7.6998999999999835 -0.92500000000000071 -0.45656025389769628
v 7.6998999999999835 -0.9000000000000008 -0.45583441618568654
v 7.6999292893218643 -0.92507071067811941 -0.45656279502872221
v 7.575099999999984 -1.0500000000000003 -0.45810945699439587
v 7.575099999999984 -1.1000000000000001 -0.45956113241841545
v 7.6748999999999832 -1.1000000000000001 -0.46122445412708746
v 7.7000999999999831 -1.0750000000000002 -0.46091861347979246
v 7.7000999999999831 -1.1000000000000001 -0.4616444511918022
v 7.75 -1.1000000000000001 -0.46247611204613848
v 7.7248999999999839 -0.87500000000000089 -0.45552524222835411
v 7.7248999999999839 -0.85000000000000009 -0.45479940451634426
v 7.5248999999999846 -1.1000000000000001 -0.45872447159902335
v 7.5249292893218653 -1.0499292893218817 -0.45727123134788406
v 7.5748999999999835 -0.95000000000000062 -0.45520277283631932
v 7.5748999999999835 -0.9000000000000008 -0.45375109741229974
v 7.6000999999999834 -0.9000000000000008 -0.45417109447701454
v 7.6999999999999833 -0.9251000000000007 -0.45656482390356307
v 7.5749292893218643 -0.95007071067811932 -0.4552053139673452
v 7.5750707106781032 -1.0499292893218817 -0.45810691586337005
v 7.7000707106781023 -1.0749292893218816 -0.46091607234876658
v 7.749999999999984 -0.87510000000000088 -0.4559464759888982
v 7.7249999999999837 -0.87510000000000088 -0.45552981223422084
v 7.7249292893218646 -0.87507071067811959 -0.45552778335937999
v 7.5248999999999846 -1.0500000000000003 -0.45727279617500377
v 7.6000707106781027 -0.8999292893218821 -0.4541685533459886
v 7.7249999999999837 -0.9251000000000007 -0.45698148765824043
v 7.5749999999999833 -0.95010000000000061 -0.45520734284218611
v 7.6748999999999832 -1.0750000000000002 -0.46049861641507767
v 7.5999999999999837 -0.89990000000000081 -0.4541665244711478
v 7.6000707106781027 -0.95007071067811932 -0.45562433472815383
v 7.5999999999999837 -0.95010000000000061 -0.45562400659686342
v 7.5749999999999842 -1.0499000000000003 -0.45810488698852914
v 7.5749292893218643 -0.8999292893218821 -0.45374953258518003
v 7.6999292893218643 -0.8999292893218821 -0.45583285135856677
v 7.5249999999999844 -1.0499000000000003 -0.45727155947917442
v 7.6749292893218639 -1.0749292893218816 -0.46049705158795795
v 7.5749999999999833 -0.89990000000000081 -0.45374986071647039
v 7.6999999999999833 -0.89990000000000081 -0.45583317948985719
v 7.6749999999999829 -1.0749000000000002 -0.46049737971924831
v 7.7250707106781027 -0.92507071067811941 -0.45698181578953079
v 7.6999999999999833 -1.0749000000000002 -0.46091404347392573
v 7.7249999999999837 -0.89990000000000081 -0.45624984324453455
v 7.7250999999999834 -0.92500000000000071 -0.45698025096241107
v 7.7250707106781027 -0.8999292893218821 -0.4562518721193754
v 7.7250999999999834 -0.9000000000000008 -0.45625441325040128
v 7.7248999999999839 -0.82510000000000105 -0.45407647015518254
v 7.7250999999999834 -0.80000000000000115 -0.45335106240236211
v 7.7250999999999834 -0.82490000000000108 -0.45407399676352389
v 7.749999999999984 -0.82490000000000108 -0.45448899386318253
v 7.624999999999984 -0.60010000000000185 -0.44587894238340375
v 7.5500999999999845 -0.60010000000000185 -0.44463061777439039
v 7.5500999999999845 -0.62500000000000178 -0.44535355213555217
v 7.5249999999999844 -0.6499000000000017 -0.44565815608701786
v 7.5250999999999841 -0.65000000000000169 -0.4456627260928846
v 7.5250999999999841 -0.67490000000000161 -0.44638566045404632
v 7.5499999999999847 -0.67490000000000161 -0.44680065755370502
v 7.5248999999999846 -0.77500000000000124 -0.44928858134289612
v 7.5248999999999846 -0.75010000000000132 -0.4485656469817344
v 7.5000999999999838 -0.75010000000000132 -0.44815231653709442
v 7.500070710678103 -0.77507071067811995 -0.44887681572537591
v 7.6999999999999833 -0.82510000000000105 -0.4536614730555239
v 7.7250707106781027 -0.79992928932188245 -0.45334852127133629
v 7.75 -0.60000000000000009 -0.4479593578059427
v 7.6250999999999838 -0.60000000000000187 -0.44587770568757445
v 7.5500707106781038 -0.62507071067812048 -0.44535511696267194
v 7.5248999999999846 -0.62500000000000178 -0.44493355507083743
v 7.5248999999999846 -0.60000000000000187 -0.44420771735882758
v 7.5250707106781034 -0.64992928932188299 -0.44566018496185872
v 7.5249292893218653 -0.77507071067811995 -0.449291122473922
v 7.5000999999999838 -0.77500000000000124 -0.4488752508982562
v 7.6999292893218643 -0.82507071067811977 -0.45365944418068305
v 7.5499999999999847 -0.62510000000000177 -0.44535478883138147
v 7.5249292893218653 -0.62507071067812048 -0.44493609620186325
v 7.7249999999999837 -0.79990000000000117 -0.45334649239649538
v 7.5249999999999844 -0.77510000000000123 -0.44929315134876291
v 7.6998999999999835 -0.82500000000000107 -0.45365690304965711
v 7.6999999999999833 -0.79990000000000117 -0.45292982864181808
v 7.5249999999999844 -0.62510000000000177 -0.44493812507670416
v 7.6999292893218643 -0.79992928932188245 -0.45292950051052761
v 7.5499999999999847 -0.77510000000000123 -0.44970981510344021
v 7.6998999999999835 -0.80000000000000115 -0.45293106533764738
v 7.5500707106781038 -0.77507071067811995 -0.44971014323473063
v 7.625070710678103 -0.60007071067812057 -0.44587927051469417
v 7.5500999999999845 -0.77500000000000124 -0.44970857840761091
v 7.5500707106781038 -0.6749292893218829 -0.44680268642854587
v 7.5500999999999845 -0.6750000000000016 -0.44680522755957175
v 7.5249999999999844 -0.59990000000000188 -0.44420648066299828
v 7.5498999999999841 -0.59990000000000188 -0.44462147776265692
v 7.5498999999999841 -0.52500000000000213 -0.44244686797747557
v 7.5499999999999838 -0.52490000000000214 -0.44244563128164627
v 7.5748999999999835 -0.52490000000000214 -0.44286062838130491
v 7.5748999999999835 -0.50000000000000222 -0.44213769402014313
v 7.6250999999999838 -0.50000000000000222 -0.44297435483953529
v 7.75 -0.35000000000000009 -0.44070098068584479
v 7.5249292893218653 -0.59992928932188316 -0.44420615253170787
v 7.5499292893218648 -0.52492928932188343 -0.44244530315035585
v 7.625070710678103 -0.49992928932188357 -0.44297181370850941
v 7.5749292893218643 -0.49992928932188357 -0.44213612919302342
v 7.624999999999984 -0.49990000000000223 -0.44296978483366856
v 7.5749999999999833 -0.49990000000000223 -0.44213645732431384
v 7.75 -0.10000000000000009 -0.43344260356574693
v 7.75 0.14999999999999991 -0.42618422644564902
v 7.75 0.39999999999999991 -0.4189258493255511
v 7.75 0.64999999999999991 -0.41166747220545319
v 7.75 0.89999999999999991 -0.40440909508535527
v 7.75 1.1499999999999999 -0.39715071796525742
v 7.75 1.3999999999999999 -0.3898923408451595
v 7.7748999999999828 -1.0250000000000004 -0.46071359600976747
v 7.7748999999999828 -1.0000000000000004 -0.45998775829775773
v 7.7749292893218636 -1.0250707106781189 -0.4607161371407934
v 7.9248999999999832 -1.1000000000000001 -0.465391091673861
v 7.9248999999999832 -1.0751000000000002 -0.46466815731269928
v 7.8998999999999828 -1.0750000000000002 -0.46424859020717385
v 7.8998999999999828 -1.0501000000000003 -0.46352565584601213
v 7.8749999999999822 -1.0501000000000003 -0.46311065874635343
v 7.9000999999999824 -1.0250000000000004 -0.46280024809319165
v 7.9000999999999824 -1.0499000000000003 -0.46352318245435342
v 7.9999999999999822 -1.0499000000000003 -0.46518817081804409
v 7.9749999999999828 -0.90010000000000079 -0.46042228749300418
v 7.9500999999999831 -0.90010000000000079 -0.46000729039334554
v 7.9500999999999831 -0.92500000000000071 -0.46073022475450726
v 7.9499999999999833 -0.9251000000000007 -0.46073146145033661
v 7.9250999999999827 -0.9251000000000007 -0.46031646435067797
v 7.9250999999999827 -0.95000000000000062 -0.46103939871183969
v 7.8998999999999828 -0.95000000000000062 -0.46061940164712489
v 7.8998999999999828 -0.9251000000000007 -0.45989646728596317
v 7.8249999999999833 -0.9251000000000007 -0.45864814267694981
v 7.8249999999999833 -0.89990000000000081 -0.45791649826324393
v 7.849899999999983 -0.89990000000000081 -0.45833149536290257
v 7.849899999999983 -0.85000000000000098 -0.45688272328973101
v 7.750070710678103 -0.87507071067811959 -0.45594680412018862
v 7.7749999999999826 -1.0251000000000003 -0.4607181660156342
v 7.8999999999999826 -1.0751000000000002 -0.46425316021304058
v 7.8999292893218636 -1.0750707106781188 -0.46425113133819973
v 7.9000707106781016 -1.0249292893218818 -0.46279770696216582
v 8 -0.85000000000000009 -0.45938437247281416
v 7.9750999999999825 -0.85000000000000098 -0.45896937537315519
v 7.9750707106781018 -0.9000707106781195 -0.46042261562429454
v 7.9500707106781023 -0.92507071067811941 -0.46073178958162697
v 7.8999292893218636 -0.95007071067811932 -0.46062194277815077
v 7.8249292893218643 -0.8999292893218821 -0.45791617013195351
v 7.7500999999999838 -0.85000000000000009 -0.455219401581059
v 7.7500999999999838 -0.87500000000000089 -0.45594523929306885
v 7.7999999999999829 -1.0251000000000003 -0.46113482977031162
v 7.8749292893218632 -1.0500707106781189 -0.46310862987151258
v 7.8999999999999826 -1.0249000000000004 -0.46279567808732491
v 7.9750999999999825 -0.9000000000000008 -0.46042105079717477
v 7.925070710678102 -0.95007071067811932 -0.4610409635389594
v 7.8999999999999826 -0.95010000000000061 -0.46062397165299163
v 7.800070710678102 -1.0250707106781189 -0.46113515790160198
v 7.8248999999999835 -0.9000000000000008 -0.45791773495907329
v 7.7749292893218636 -0.99992928932188174 -0.45998619347063796
v 7.8248999999999835 -0.92500000000000071 -0.45864357267108308
v 7.7749999999999826 -0.99990000000000046 -0.45998652160192838
v 7.8000999999999827 -1.0250000000000004 -0.46113359307448226
v 7.8749999999999822 -1.0249000000000004 -0.46237901433264755
v 7.8249292893218643 -0.92507071067811941 -0.45864611380210896
v 7.7999999999999829 -0.99990000000000046 -0.46040318535660574
v 7.8000999999999827 -1.0000000000000004 -0.46040775536247247
v 7.8749292893218632 -1.0249292893218818 -0.46237868620135714
v 7.800070710678102 -0.99992928932188174 -0.46040521423144659
v 7.8748999999999825 -1.0500000000000003 -0.4631060887404867
v 7.8748999999999825 -1.0250000000000004 -0.46238025102847691
v 7.9249999999999829 -0.95010000000000061 -0.46104063540766904
v 7.7500999999999838 -0.82500000000000107 -0.45449356386904927
v 7.7748999999999828 -0.82500000000000107 -0.45490689431368919
v 7.7748999999999828 -0.80000000000000115 -0.4541810566016794
v 7.7749292893218636 -0.82507071067811977 -0.45490943544471507
v 7.8499999999999828 -0.84990000000000099 -0.45688148659390171
v 7.9248999999999832 -0.84990000000000099 -0.45812981120291507
v 7.9248999999999832 -0.82500000000000107 -0.4574068768417533
v 7.9500999999999831 -0.82500000000000107 -0.45782687390646809
v 7.9500999999999831 -0.84990000000000099 -0.45854980826762981
v 7.9749999999999828 -0.84990000000000099 -0.45896480536728845
v 7.9750707106781018 -0.84992928932188228 -0.45896683424212936
v 7.9999999999999822 -0.77510000000000123 -0.45720976268763258
v 7.9500999999999831 -0.77510000000000123 -0.45637810183329658
v 7.9500999999999831 -0.80000000000000115 -0.4571010361944583
v 7.9248999999999832 -0.80000000000000115 -0.45668103912974356
v 7.9248999999999832 -0.77510000000000123 -0.45595810476858178
v 7.8999999999999826 -0.77510000000000123 -0.45554310766892314
v 7.8998999999999828 -0.77500000000000124 -0.45553853766305641
v 7.8998999999999828 -0.75010000000000132 -0.45481560330189463
v 7.8749999999999822 -0.75010000000000132 -0.45440060620223599
v 7.8749999999999822 -0.72490000000000143 -0.45366896178853011
v 7.8998999999999828 -0.72490000000000143 -0.45408395888818875
v 7.8998999999999828 -0.70000000000000151 -0.45336102452702703
v 7.9250999999999827 -0.70000000000000151 -0.45378102159174183
v 7.9250999999999827 -0.72490000000000143 -0.45450395595290355
v 7.9498999999999826 -0.72490000000000143 -0.45491728639754347
v 7.9499999999999824 -0.69990000000000152 -0.4541931153405524
v 7.9748999999999821 -0.69990000000000152 -0.45460811244021104
v 7.9748999999999821 -0.65000000000000169 -0.45315934036703953
v 7.750070710678103 -0.82492928932188236 -0.45449102273802344
v 7.7749999999999826 -0.82510000000000105 -0.45491146431955592
v 7.8499292893218637 -0.84992928932188228 -0.45688115846261135
v 7.9249292893218639 -0.82492928932188236 -0.45740531201463358
v 7.9500707106781023 -0.82492928932188236 -0.45782433277544221
v 7.9249292893218639 -0.80007071067811986 -0.45668358026076938
v 7.8999292893218636 -0.77507071067811995 -0.45554107879408223
v 7.8749292893218632 -0.72492928932188272 -0.45366863365723969
v 7.925070710678102 -0.69992928932188281 -0.45377848046071589
v 7.9499292893218634 -0.69992928932188281 -0.45419278720926204
v 7.9749999999999819 -0.6499000000000017 -0.45315810367121018
v 7.9999999999999822 -0.6499000000000017 -0.45357476742588754
v 8 -0.60000000000000009 -0.45212599535271625
v 7.9249999999999829 -0.82490000000000108 -0.457405640145924
v 7.9500707106781023 -0.80007071067811986 -0.45710260102157807
v 7.8749292893218632 -0.75007071067812003 -0.45439857732739508
v 7.8999292893218636 -0.69992928932188281 -0.45335945969990732
v 7.9498999999999826 -0.70000000000000151 -0.4541943520363817
v 7.9749292893218628 -0.64992928932188299 -0.45315777553991976
v 7.7749292893218636 -0.79992928932188245 -0.45417949177455968
v 7.8249999999999833 -0.82510000000000105 -0.45574479182891064
v 7.9249999999999829 -0.69990000000000152 -0.45377645158587504
v 7.7749999999999826 -0.79990000000000117 -0.4541798199058501
v 7.8250707106781023 -0.82507071067811977 -0.45574511996020106
v 7.9499999999999833 -0.82490000000000108 -0.45782230390060136
v 7.8249999999999833 -0.79990000000000117 -0.45501314741520482
v 7.8250999999999831 -0.82500000000000107 -0.45574355513308129
v 7.8250707106781023 -0.79992928932188245 -0.45501517629004562
v 7.8250999999999831 -0.80000000000000115 -0.45501771742107155
v 7.8999999999999826 -0.69990000000000152 -0.45335978783119768
v 7.9499999999999833 -0.80010000000000114 -0.4571022728902876
v 7.9249999999999829 -0.80010000000000114 -0.45668560913561029
v 7.8748999999999825 -0.72500000000000142 -0.45367019848435947
v 7.8748999999999825 -0.75000000000000133 -0.45439603619636926
v 8 -0.35000000000000009 -0.44486761823261833
v 7.8000999999999827 -0.35000000000000281 -0.441535974850218
v 7.7749292893218636 -0.35007071067812146 -0.44111851891652915
v 7.7748999999999828 -0.35000000000000281 -0.44111597778550327
v 7.800070710678102 -0.35007071067812146 -0.44153753967733778
v 7.7749999999999826 -0.3501000000000028 -0.44112054779137
v 7.7999999999999829 -0.3501000000000028 -0.4415372115460473
v 7.8000999999999827 -0.32500000000000279 -0.44081013713820821
v 7.9749999999999819 -0.14990000000000342 -0.4386413494310144
v 7.9999999999999822 -0.14990000000000342 -0.43905801318569176
v 8 -0.10000000000000009 -0.43760924111252042
v 7.7748999999999828 -0.32500000000000279 -0.44039014007349342
v 7.800070710678102 -0.32492928932188414 -0.44080759600718233
v 7.9999999999999822 -0.17510000000000342 -0.43978965759939764
v 7.9749999999999819 -0.17510000000000342 -0.43937299384472028
v 7.9749292893218628 -0.14992928932188476 -0.43864102129972404
v 7.7749292893218636 -0.32492928932188414 -0.44038857524637376
v 7.7999999999999829 -0.3249000000000028 -0.44080556713234142
v 7.9749292893218628 -0.17507071067812208 -0.43937096496987943
v 7.7749999999999826 -0.3249000000000028 -0.44038890337766412
v 7.9748999999999821 -0.15000000000000341 -0.43864258612684376
v 7.9748999999999821 -0.17500000000000343 -0.43936842383885355
v 8 0.14999999999999991 -0.43035086399242251
v 8 0.39999999999999991 -0.42309248687232465
v 8 0.64999999999999991 -0.41583410975222673
v 8 0.89999999999999991 -0.40857573263212887
v 8 1.1499999999999999 -0.40131735551203096
v 8 1.3999999999999999 -0.39405897839193305
v 4.699999999999994 -1.0876400319093271 -0.41128428073712331
v 4.7100609375613907 -1.0750000000000002 -0.41108497738428768
v 4.7249999999999943 -1.0569019145333696 -0.41080850910029454
v 4.7308664831394722 -1.0500000000000003 -0.41070589634182486
v 4.7528386640834199 -1.0250000000000004 -0.41034625908623656
v 4.7749999999999941 -1.0013678094878036 -0.41002948669985784
v 4.7763733345142727 -1.0000000000000004 -0.41001266314010004
v 4.7999999999999936 -0.976878461219709 -0.40973513875391421
v 4.8020978496547189 -0.97500000000000042 -0.40971556435071638
v 4.824999999999994 -0.95476164854314471 -0.40950967384018727
v 4.8310004059236693 -0.95000000000000051 -0.40947143254329915
v 4.8499999999999943 -0.93503721000137052 -0.4093536679411911
v 4.8643787527164175 -0.9250000000000006 -0.40930189672327294
v 4.8749999999999938 -0.91758574846064678 -0.40926365453923058
v 4.8999999999999932 -0.90232671598357095 -0.40923729504508222
v 4.9041475504519205 -0.90000000000000069 -0.40923886767460227
v 4.9249999999999936 -0.88899212647197623 -0.4092668088820921
v 4.949999999999994 -0.87742841537185645 -0.40934773753247933
v 4.955497996275195 -0.87500000000000078 -0.40936886474503575
v 4.9749999999999934 -0.86748201812920545 -0.40947562247846286
v 5.0249999999999932 -0.85182690700028085 -0.40985442718609444
v 5.0499999999999936 -0.84581106400599415 -0.41009642991218048
v 5.0749999999999931 -0.8407982766531491 -0.41036755486273857
v 5.0999999999999925 -0.83663498038773876 -0.41066334351998779
v 5.1249999999999929 -0.83316761065575662 -0.410979337366147
v 5.1499999999999932 -0.83024260290319596 -0.41131107788343513
v 5.1749999999999927 -0.82770639257605017 -0.41165410655407125
v 5.1999999999999922 -0.82540554141184397 -0.41200396852696053
v 5.2045903930543593 -0.82500000000000095 -0.41206870025315973
v 5.2249999999999925 -0.82319991368602941 -0.41235659517035583
v 5.2749999999999924 -0.81880758876553261 -0.41306239807688266
v 5.2999999999999918 -0.81661142630528927 -0.41341529953014622
v 5.3249999999999922 -0.81441526384504881 -0.41376820098340988
v 5.3499999999999925 -0.81221910138481201 -0.41412110243667366
v 5.374999999999992 -0.81002293892457877 -0.41447400388993749
v 5.3999999999999915 -0.80782677646434931 -0.41482690534320144
v 5.4249999999999918 -0.80563061400412306 -0.41517980679646549
v 5.4499999999999922 -0.80343445154390036 -0.41553270824972965
v 5.4749999999999917 -0.80123828908368144 -0.41588560970299393
v 5.4890960551201395 -0.80000000000000104 -0.41608459043648172
v 5.5249999999999915 -0.79684596416325471 -0.41659141260952276
v 5.5499999999999918 -0.794649801703047 -0.41694431406278737
v 5.5749999999999913 -0.79245363924284318 -0.41729721551605209
v 5.5999999999999908 -0.79025748898005943 -0.4176501173234507
v 5.6249999999999911 -0.7880708069803587 -0.41800329402774583
v 5.6499999999999915 -0.78593840059204578 -0.41835804654346442
v 5.6749999999999909 -0.78394839271510663 -0.41871693338757066
v 5.6999999999999904 -0.78219667932686732 -0.4190827387567353
v 5.7249999999999908 -0.78077915640465434 -0.41945824684762945
v 5.7749999999999906 -0.77933026586761223 -0.42024950798128979
v 5.7999999999999901 -0.77951045910226469 -0.42067140337777353
v 5.8249999999999904 -0.78044209986302382 -0.42111511593237905
v 5.8499999999999908 -0.78219989626110031 -0.42158281468368675
v 5.8749999999999902 -0.78487974427382068 -0.42207728382836762
v 5.8999999999999897 -0.78857753987851142 -0.4226013075630925
v 5.9249999999999901 -0.79338917905249862 -0.42315767008453242
v 5.9499999999999904 -0.79941055777310865 -0.42374915558935822
v 5.9749999999999899 -0.8067375720176676 -0.42437854827424093
v 5.9522906222696879 -0.80000000000000104 -0.42380444593626848
v 6.0249999999999897 -0.82567620410156939 -0.42576173071881063
v 6.0234620445540683 -0.82500000000000095 -0.42571646572966726
v 6.0499999999999901 -0.83737772088720941 -0.42651813056031729
v 6.0749999999999895 -0.85051210372424169 -0.42731613153047832
v 6.099999999999989 -0.86500453659279386 -0.4281535614577463
v 6.1249999999999893 -0.88078020343599617 -0.42902824816949958
v 6.116219217999932 -0.87500000000000078 -0.42871408324013638
v 6.1499999999999897 -0.89776428819697784 -0.42993801949311661
v 6.1749999999999892 -0.91588197481886846 -0.43088070325597572
v 6.1531177482866282 -0.90000000000000069 -0.4300548921589985
v 6.1999999999999886 -0.9350584472447977 -0.43185412728545525
v 6.1869591964884432 -0.9250000000000006 -0.43134475006586781
v 6.224999999999989 -0.95521888941789623 -0.4328561194089337
v 6.2185752016930245 -0.95000000000000051 -0.43259751751533521
v 6.2484664380657442 -0.97500000000000042 -0.43382153901850606
v 6.2749999999999888 -0.99824204861506194 -0.43493856017569255
v 6.2999999999999883 -1.0209411570066489 -0.43601425868635435
v 6.2769864631652466 -1.0000000000000004 -0.43502270716017388
v 6.3249999999999886 -1.0443152301572252 -0.43710955379207028
v 6.3044162828835564 -1.0250000000000004 -0.43620570533914182
v 6.349999999999989 -1.0682894520099195 -0.43822227332021862
v 6.3310160525966515 -1.0500000000000003 -0.43737486944804005
v 6.3749999999999885 -1.0927890065078609 -0.43935024509817777
v 6.3569415044006252 -1.0750000000000002 -0.43853279500366382
v 4.7365479603934624 -0.98415260253093007 -0.40888880599478533
v 4.7189213119280389 -1.0055940704151807 -0.40921755161315554
v 4.7564939665457979 -0.96165234299958835 -0.40856797563144115
v 4.9785211299156025 -0.86350977316072053 -0.40941897935893795
v 4.7718012573243085 -0.94579793917276433 -0.40836278639347201
v 4.960894481450179 -0.87090170641947973 -0.40933981769461331
v 4.789427905789732 -0.92912842514266936 -0.40817258733779443
v 4.8070545542551546 -0.91424292643529481 -0.40803418450611822
v 4.8599344996514233 -0.87954861849709542 -0.40790821328621091
v 4.8246812027205772 -0.90109685862578182 -0.40794628345616618
v 4.8423078511859998 -0.88957287927278905 -0.40790547732517246
v 5.0130620680417124 -0.85219432134102069 -0.40966613037135935
v 5.2381209479031661 -0.74837936728165599 -0.41040297313854746
v 5.2204942994377435 -0.74993220610794664 -0.41015428207650001
v 5.1147344086452051 -0.76430681417203739 -0.40880897485395562
v 5.20286765097232 -0.75153582572960742 -0.40990706535910554
v 5.1323610571106286 -0.76071109739649267 -0.40899835400173901
v 5.1852410025068965 -0.75329324408947718 -0.40966431395868114
v 5.1499877055760512 -0.75775851004369843 -0.4092064054530718
v 5.1676143540414747 -0.75532668223443389 -0.40942957638102789
v 5.4944537208290098 -0.73318197228667825 -0.41423392246664648
v 5.4800941174253062 -0.73444341316423045 -0.41403122147026777
v 5.4624674689598836 -0.73599185251060062 -0.41378240267588279
v 5.3567075781673461 -0.74528248858887702 -0.41228948990957415
v 5.4448408204944601 -0.73754029185697345 -0.4135335838814978
v 5.3743342266327687 -0.7437340492424912 -0.41253830870395874
v 5.4272141720290383 -0.73908873120334884 -0.41328476508711298
v 5.3919608750981922 -0.74218560989610793 -0.41278712749834345
v 5.4095875235636148 -0.74063717054972711 -0.41303594629272816
v 5.7396939354128698 -0.72025557544960728 -0.41794593215871217
v 5.7220672869474472 -0.72114405169879525 -0.41767795232014832
v 5.5986807476894862 -0.73134653447149844 -0.41591773824129596
v 5.7044406384820237 -0.72230883060094919 -0.41741799451700251
v 5.6163073961549088 -0.72979809512513683 -0.41616655703568117
v 5.6868139900166019 -0.72367349621985788 -0.41716384012654278
v 5.6339340446203323 -0.72824965577877787 -0.4164153758300666
v 5.6691873415511784 -0.7251616326193111 -0.41691327052603705
v 5.6515606930857558 -0.72670122631387335 -0.41666419491134521
v 5.9816671049350107 -0.73730153806516485 -0.42247369423263831
v 5.9640404564695872 -0.73226457330817318 -0.42203367805237146
v 5.8582805656770489 -0.71961319465497231 -0.41990371161527973
v 5.9464138080041655 -0.72819165463004465 -0.42162165151211095
v 5.8759072141424724 -0.72001212198194686 -0.42020906929648977
v 5.928787159538742 -0.72500636609456848 -0.42123539598912441
v 5.8935338626078959 -0.72099301570673047 -0.42053132350404582
v 5.9111605110733185 -0.72263229176553401 -0.42087269286068008
v 6.2412267993449317 -0.92679974922412189 -0.43230145682677068
v 6.1385224505763984 -0.85325140716348802 -0.42845436323065095
v 6.2236402744571508 -0.91231507415118662 -0.43158780919054612
v 6.1531336805954595 -0.86193422660987584 -0.4289499747410892
v 6.2060136259917291 -0.89850627284088525 -0.43089311581932027
v 6.170760329060883 -0.87325623093828364 -0.42957246767105234
v 6.1883869775263056 -0.88546678572593551 -0.43022075833830914
v 6.1178803836646134 -0.84219434185857633 -0.42778930578720198
v 6.1002537351991899 -0.83389569767560234 -0.42725459160966062
v 6.4127334985830231 -1.0913181980597322 -0.43993642961649476
v 6.3951068501175996 -1.074145492348189 -0.43914407029830821
v 6.3422269047213318 -1.0253354801633936 -0.43684561813177519
v 6.3774802016521761 -1.0573843920403205 -0.43836366132909976
v 6.3598535531867535 -1.0410945152680735 -0.43759693363240898
v 7.8832861928812363 -0.80001380711874692 -0.45598788139402208
vn 0.016657218774132669 -0.029017252947344328 0.99944011130937727
vn 0.016657218774132725 -0.029017252947344384 0.99944011130937727
vn 0.016657218774132725 -0.029017252947344384 0.99944011130937727
vn 0.016657218774132725 -0.029017252947344384 0.99944011130937727
vn 0.016657218774132652 -0.029017252947344273 0.99944011130937727
vn 0.016657218774132575 -0.029017252947344238 0.99944011130937727
vn 0.016657218774132686 -0.029017252947344273 0.99944011130937727
vn 0.016657218774132725 -0.029017252947344384 0.99944011130937727
vn 0.016657218774132725 -0.029017252947344384 0.99944011130937727
vn 0.016657218774132725 -0.029017252947344384 0.99944011130937727
vn 0.016657218774132725 -0.029017252947344311 0.99944011130937727
vn 0.016657218774132797 -0.029017252947344311 0.99944011130937727
vn 0.016657218774132725 -0.029017252947344311 0.99944011130937727
vn 0.016657218774132874 -0.029017252947344311 0.99944011130937727
vn 0.016657218774132725 -0.029017252947344311 0.99944011130937727
vn 0.016657218774132725 -0.029017252947344311 0.99944011130937727
vn 0.016657218774132725 -0.029017252947344384 0.99944011130937727
vn 0.016657218774132725 -0.029017252947344384 0.99944011130937727
vn 0.016657218774132725 -0.029017252947344384 0.99944011130937727
vn 0.016657218774132725 -0.029017252947344384 0.99944011130937727
vn 0.016657218774132725 -0.029017252947344384 0.99944011130937727
vn 0.016657218774132725 -0.029017252947344384 0.99944011130937727
vn 0.016657218774132725 -0.029017252947344384 0.99944011130937727
vn 0.016657218774132725 -0.029017252947344384 0.99944011130937727
vn 0.016657218774132725 -0.029017252947344273 0.99944011130937727
vn 0.016657218774132652 -0.029017252947344311 0.99944011130937727
vn 0.016657218774132686 -0.029017252947344349 0.99944011130937727
vn 0.016657218774132686 -0.029017252947344349 0.99944011130937727
vn 0.016657218774132652 -0.029017252947344311 0.99944011130937727
vn 0.016657218774132725 -0.029017252947344273 0.99944011130937727
vn 0.016657218774132725 -0.029017252947344384 0.99944011130937727
vn 0.016657218774132725 -0.029017252947344384 0.99944011130937727
vn 0.016657218774132725 -0.029017252947344384 0.99944011130937727
vn 0.016657218774132725 -0.029017252947344384 0.99944011130937727
vn 0.016657218774132725 -0.029017252947344384 0.99944011130937727
vn 0.016657218774132686 -0.029017252947344349 0.99944011130937727
vn 0.016657218774132725 -0.029017252947344273 0.99944011130937727
vn 0.016657218774132763 -0.029017252947344311 0.99944011130937727
vn 0.016657218774132725 -0.029017252947344384 0.99944011130937727
vn 0.016657218774132725 -0.029017252947344273 0.99944011130937727
vn 0.016657218774132652 -0.029017252947344311 0.99944011130937727
vn 0.016657218774132686 -0.029017252947344349 0.99944011130937727
vn 0.016657218774132725 -0.029017252947344384 0.99944011130937727
vn 0.016657218774132725 -0.029017252947344384 0.99944011130937727
vn 0.016657218774132725 -0.029017252947344384 0.99944011130937727
vn 0.016657218774132725 -0.029017252947344384 0.99944011130937727
vn 0.016657218774132763 -0.029017252947344311 0.99944011130937727
vn 0.016657218774132725 -0.029017252947344273 0.99944011130937727
vn 0.016657218774132686 -0.029017252947344349 0.99944011130937727
vn 0.016657218774132725 -0.029017252947344384 0.99944011130937727
vn 0.016657218774132686 -0.029017252947344349 0.99944011130937727
vn 0.016657218774132725 -0.029017252947344273 0.99944011130937727
vn 0.016657218774132763 -0.029017252947344311 0.99944011130937727
vn 0.016657218774132725 -0.029017252947344384 0.99944011130937727
vn 0.016657218774132725 -0.029017252947344384 0.99944011130937727
vn 0.016657218774132652 -0.029017252947344384 0.99944011130937727
vn 0.016657218774132686 -0.029017252947344349 0.99944011130937727
vn 0.016657218774132686 -0.029017252947344349 0.99944011130937727
vn 0.016657218774132652 -0.029017252947344311 0.99944011130937727
vn 0.016657218774132725 -0.029017252947344273 0.99944011130937727
vn 0.016657218774132725 -0.029017252947344384 0.99944011130937727
vn 0.016657218774132763 -0.029017252947344311 0.99944011130937727
vn 0.016657218774132725 -0.029017252947344273 0.99944011130937727
vn 0.016657218774132614 -0.029017252947344384 0.99944011130937727
vn 0.016657218774132686 -0.029017252947344349 0.99944011130937727
vn 0.016657218774132725 -0.029017252947344384 0.99944011130937727
vn 0.01665721877413269 -0.029017252947344245 0.99944011130937738
vn 0.016657218774132725 -0.029017252947344297 0.99944011130937727
vn 0.016657218774132725 -0.029017252947344384 0.99944011130937727
vn 0.016657218774132725 -0.029017252947344273 0.99944011130937727
vn 0.016657218774132652 -0.029017252947344311 0.99944011130937727
vn 0.016657218774132686 -0.029017252947344349 0.99944011130937727
vn 0.016657218774132686 -0.029017252947344349 0.99944011130937727
vn 0.016657218774132614 -0.029017252947344384 0.99944011130937727
vn 0.016657218774132725 -0.029017252947344273 0.99944011130937727
vn 0.016657218774132763 -0.029017252947344311 0.99944011130937727
vn 0.016657218774132725 -0.029017252947344384 0.99944011130937727
vn 0.016657218774133058 -0.029017252947344373 0.99944011130937727
vn 0.016657218774115155 -0.029017252947342319 0.9994401113093776
vn 0.016657218774132732 -0.029017252947344301 0.99944011130937727
vn 0.016657218774132013 -0.029017252947344335 0.99944011130937738
vn 0.01665721877413285 -0.029017252947344273 0.99944011130937738
vn 0.016657218774132725 -0.029017252947344384 0.99944011130937727
vn 0.016657218774132686 -0.029017252947344349 0.99944011130937727
vn 0.016657218774132725 -0.029017252947344273 0.99944011130937727
vn 0.016657218774132763 -0.029017252947344311 0.99944011130937727
vn 0.016657218774132725 -0.029017252947344384 0.99944011130937727
vn 0.016657218774132763 -0.029017252947344311 0.99944011130937727
vn 0.016657218774132725 -0.029017252947344273 0.99944011130937727
vn 0.016657218774132686 -0.029017252947344349 0.99944011130937727
vn 0.016657218774132725 -0.029017252947344384 0.99944011130937727
vn 0.016657218774132305 -0.029017252947343287 0.99944011130937749
vn 0.016657218774133026 -0.029017252947344387 0.99944011130937727
vn 0.016657218774132718 -0.029017252947344353 0.99944011130937738
vn 0.016657218774141492 -0.029017252947341705 0.99944011130937715
vn 0.016657218774146745 -0.029017252947368174 0.99944011130937638
vn 0.016657218774131042 -0.029017252947344682 0.99944011130937727
vn 0.016657218774132662 -0.02901725294734284 0.99944011130937738
vn 0.016657218774136954 -0.02901725294733884 0.99944011130937738
vn 0.016657218774133249 -0.029017252947343725 0.99944011130937727
vn 0.0166572187741315 -0.029017252947347583 0.99944011130937727
vn 0.016657218774133221 -0.029017252947343041 0.99944011130937738
vn 0.016657218774132725 -0.029017252947344384 0.99944011130937727
vn 0.016657218774132763 -0.029017252947344311 0.99944011130937727
vn 0.016657218774132725 -0.029017252947344273 0.99944011130937727
vn 0.016657218774132614 -0.029017252947344384 0.99944011130937727
vn 0.016657218774132686 -0.029017252947344349 0.99944011130937727
vn 0.016657218774132686 -0.029017252947344349 0.99944011130937727
vn 0.016657218774132652 -0.029017252947344311 0.99944011130937727
vn 0.016657218774132725 -0.029017252947344273 0.99944011130937727
vn 0.016657218774132725 -0.029017252947344384 0.99944011130937727
vn 0.016657218774131944 -0.029017252947344252 0.99944011130937727
vn 0.016657218774131014 -0.02901725294733442 0.9994401113093776
vn 0.016657218774132145 -0.029017252947344054 0.99944011130937727
vn 0.01665721877413269 -0.029017252947344214 0.99944011130937738
vn 0.016657218774132732 -0.029017252947344366 0.99944011130937727
vn 0.016657218774132117 -0.029017252947343711 0.99944011130937738
vn 0.016657218774132544 -0.029017252947344151 0.99944011130937727
vn 0.016657218774134511 -0.02901725294734489 0.99944011130937715
vn 0.016657218774132367 -0.029017252947344058 0.99944011130937738
vn 0.016657218774134192 -0.029017252947344845 0.99944011130937727
vn 0.016657218774133724 -0.029017252947344901 0.99944011130937727
vn 0.016657218774131108 -0.029017252947343551 0.99944011130937738
vn 0.016657218774132121 -0.029017252947344089 0.99944011130937738
vn 0.016657218774132686 -0.029017252947344349 0.99944011130937727
vn 0.016657218774132614 -0.029017252947344384 0.99944011130937727
vn 0.016657218774132725 -0.029017252947344273 0.99944011130937727
vn 0.016657218774132763 -0.029017252947344311 0.99944011130937727
vn 0.016657218774132725 -0.029017252947344384 0.99944011130937727
vn 0.016657218774132725 -0.029017252947344273 0.99944011130937727
vn 0.016657218774132652 -0.029017252947344311 0.99944011130937727
vn 0.016657218774132652 -0.029017252947344311 0.99944011130937727
vn 0.016657218774134452 -0.029017252947344557 0.99944011130937738
vn 0.016657218774132582 -0.029017252947344183 0.99944011130937727
vn 0.016657218774132711 -0.029017252947344349 0.99944011130937738
vn 0.016657218774131507 -0.029017252947344196 0.99944011130937727
vn 0.01665721877412956 -0.029017252947340939 0.99944011130937749
vn 0.016657218774133745 -0.029017252947344693 0.99944011130937727
vn 0.016657218774134019 -0.029017252947345716 0.99944011130937727
vn 0.01665721877413116 -0.0290172529473437 0.99944011130937738
vn 0.016657218774135098 -0.029017252947346407 0.99944011130937727
vn 0.01665721877413328 -0.029017252947344634 0.99944011130937738
vn 0.016657218774132364 -0.02901725294734412 0.99944011130937727
vn 0.016657218774132725 -0.029017252947344384 0.99944011130937727
vn 0.016657218774132763 -0.029017252947344311 0.99944011130937727
vn 0.016657218774132725 -0.029017252947344273 0.99944011130937727
vn 0.016657218774132686 -0.029017252947344349 0.99944011130937727
vn 0.016657218774132725 -0.029017252947344384 0.99944011130937727
vn 0.016657218774132686 -0.029017252947344349 0.99944011130937727
vn 0.016657218774132725 -0.029017252947344273 0.99944011130937727
vn 0.016657218774132797 -0.029017252947344238 0.99944011130937727
vn 0.016657218774127822 -0.029017252947343638 0.99944011130937749
vn 0.01665721877413253 -0.029017252947344255 0.99944011130937727
vn 0.016657218774132624 -0.029017252947344318 0.99944011130937727
vn 0.016657218774134834 -0.029017252947344297 0.99944011130937727
vn 0.01665721877413227 -0.029017252947343537 0.99944011130937738
vn 0.016657218774133148 -0.029017252947344516 0.99944011130937727
vn 0.016657218774130185 -0.029017252947341549 0.99944011130937749
vn 0.016657218774133044 -0.029017252947344408 0.99944011130937738
vn 0.016657218774135851 -0.029017252947347413 0.99944011130937727
vn 0.016657218774131788 -0.029017252947343551 0.99944011130937738
vn 0.016657218774130882 -0.029017252947342701 0.99944011130937738
vn 0.016657218774134345 -0.029017252947345574 0.99944011130937727
vn 0.016657218774132686 -0.029017252947344349 0.99944011130937727
vn 0.016657218774132686 -0.029017252947344349 0.99944011130937727
vn 0.016657218774132652 -0.029017252947344311 0.99944011130937727
vn 0.016657218774132725 -0.029017252947344273 0.99944011130937727
vn 0.016657218774132725 -0.029017252947344384 0.99944011130937727
vn 0.016657218774132763 -0.029017252947344311 0.99944011130937727
vn 0.016657218774132725 -0.029017252947344273 0.99944011130937727
vn 0.016657218774132575 -0.029017252947344384 0.99944011130937727
vn 0.016657218774132548 -0.029017252947344464 0.99944011130937727
vn 0.016657218774134005 -0.029017252947344439 0.99944011130937727
vn 0.016657218774132707 -0.029017252947344297 0.99944011130937727
vn 0.016657218774141114 -0.029017252947345317 0.99944011130937715
vn 0.016657218774133349 -0.029017252947345341 0.99944011130937738
vn 0.016657218774128724 -0.029017252947343277 0.99944011130937738
vn 0.016657218774133002 -0.02901725294734472 0.99944011130937738
vn 0.016657218774134949 -0.029017252947345511 0.99944011130937738
vn 0.016657218774130123 -0.029017252947342257 0.99944011130937749
vn 0.016657218774131843 -0.029017252947344245 0.99944011130937738
vn 0.016657218774135122 -0.029017252947346323 0.99944011130937715
vn 0.016657218774132728 -0.029017252947344314 0.99944011130937738
vn 0.016657218774132725 -0.02901725294734437 0.99944011130937727
vn 0.016657218774132725 -0.029017252947344273 0.99944011130937727
vn 0.016657218774132652 -0.029017252947344311 0.99944011130937727
vn 0.016657218774132686 -0.029017252947344349 0.99944011130937727
vn 0.016657218774132686 -0.029017252947344349 0.99944011130937727
vn 0.016657218774132614 -0.029017252947344384 0.99944011130937727
vn 0.016657218774132725 -0.029017252947344311 0.99944011130937727
vn 0.016657218774146075 -0.029017252947344314 0.99944011130937715
vn 0.016657218774135191 -0.0290172529473447 0.99944011130937727
vn 0.016657218774132721 -0.029017252947344332 0.99944011130937727
vn 0.016657218774132624 -0.029017252947339776 0.99944011130937749
vn 0.01665721877413252 -0.029017252947344235 0.99944011130937727
vn 0.016657218774141794 -0.029017252947346462 0.99944011130937704
vn 0.016657218774132777 -0.029017252947345411 0.99944011130937727
vn 0.016657218774141284 -0.029017252947350722 0.99944011130937704
vn 0.016657218774132423 -0.029017252947344571 0.99944011130937727
vn 0.016657218774132697 -0.029017252947342777 0.99944011130937727
vn 0.016657218774132738 -0.029017252947344283 0.99944011130937738
vn 0.016657218774132898 -0.029017252947343027 0.99944011130937727
vn 0.016657218774132915 -0.029017252947342236 0.99944011130937738
vn 0.016657218774132763 -0.029017252947344471 0.99944011130937727
vn 0.016657218774132978 -0.02901725294734421 0.99944011130937738
vn 0.016657218774131607 -0.029017252947343346 0.99944011130937738
vn 0.016657218774486553 -0.029017252947431866 0.99944011130936883
vn 0.016657218774133939 -0.029017252947344172 0.99944011130937727
vn 0.016657218774132777 -0.029017252947344342 0.99944011130937738
vn 0.016657218774132395 -0.029017252947345258 0.99944011130937727
vn 0.016657218774132239 -0.029017252947345411 0.99944011130937727
vn 0.01665721877413209 -0.029017252947345563 0.99944011130937727
vn 0.016657218774133783 -0.029017252947345074 0.99944011130937738
vn 0.016657218774132478 -0.029017252947343815 0.99944011130937749
vn 0.016657218774132954 -0.029017252947344217 0.99944011130937738
vn 0.016657218774132804 -0.02901725294734556 0.99944011130937715
vn 0.016657218774132381 -0.029017252947344512 0.99944011130937727
vn 0.016657218774132392 -0.029017252947344557 0.99944011130937727
vn 0.016657218774132374 -0.029017252947344373 0.99944011130937738
vn 0.016657218774132915 -0.029017252947344196 0.99944011130937738
vn 0.016657218774133023 -0.029017252947344026 0.99944011130937738
vn 0.016657218774074591 -0.029017252946939329 0.99944011130939003
vn 0.016657218774132395 -0.029017252947343915 0.99944011130937738
vn 0.016657218774133137 -0.029017252947344356 0.99944011130937749
vn 0.016657218774131198 -0.029017252947343961 0.99944011130937738
vn 0.016657218774133738 -0.02901725294734556 0.99944011130937727
vn 0.016657218774076468 -0.029017252947287655 0.99944011130937982
vn 0.016657218774132787 -0.029017252947344276 0.99944011130937727
vn 0.016657218774132412 -0.029017252947343874 0.99944011130937727
vn 0.016657218774089346 -0.029017252947274794 0.99944011130938015
vn 0.016657218774133082 -0.029017252947344738 0.99944011130937727
vn 0.016657218774132412 -0.029017252947343763 0.99944011130937727
vn 0.016657218774132586 -0.029017252947344162 0.99944011130937738
vn 0.016657218774134206 -0.029017252947347034 0.99944011130937727
vn 0.016657218774132714 -0.029017252947344221 0.99944011130937727
vn 0.016657218774132416 -0.029017252947342989 0.99944011130937727
vn 0.016657218774243154 -0.029017252947675192 0.99944011130936583
vn 0.016657218774132447 -0.029017252947343353 0.99944011130937738
vn 0.016657218774132527 -0.029017252947344207 0.99944011130937727
vn 0.016657218774132707 -0.029017252947231443 0.99944011130938049
vn 0.016657218774132725 -0.029017252947344384 0.99944011130937727
vn 0.016657218774132392 -0.029017252947343045 0.99944011130937738
vn 0.016657218774132242 -0.029017252947343183 0.99944011130937727
vn 0.016657218774132648 -0.029017252947344457 0.99944011130937727
vn 0.016657218774121952 -0.029017252947345539 0.99944011130937738
vn 0.016657218774132756 -0.029017252947344439 0.99944011130937738
vn 0.016657218774447164 -0.029017252947309127 0.99944011130937294
vn 0.016657218774133085 -0.02901725294734446 0.99944011130937727
vn 0.016657218774132402 -0.029017252947344325 0.99944011130937727
vn 0.016657218774132686 -0.029017252947344349 0.99944011130937727
vn 0.016657218774132725 -0.029017252947344273 0.99944011130937727
vn 0.016657218774132763 -0.029017252947344311 0.99944011130937727
vn 0.016657218774132725 -0.029017252947344384 0.99944011130937727
vn 0.016657218774132763 -0.029017252947344311 0.99944011130937727
vn 0.016657218774132725 -0.029017252947344238 0.99944011130937727
vn 0.016657218774132697 -0.029017252947344363 0.99944011130937727
vn 0.016657218774132735 -0.029017252947344311 0.99944011130937727
vn 0.016657218774132721 -0.029017252947344252 0.99944011130937727
vn 0.01665721877413363 -0.029017252947340332 0.99944011130937749
vn 0.016657218774132742 -0.029017252947344835 0.99944011130937738
vn 0.016657218774132586 -0.029017252947344765 0.99944011130937727
vn 0.016657218774129068 -0.02901725294735235 0.99944011130937715
vn 0.016657218774133037 -0.029017252947343693 0.99944011130937738
vn 0.016657218774132707 -0.029017252947344297 0.99944011130937738
vn 0.01665721877413269 -0.02901725294734428 0.99944011130937738
vn 0.016657218774132964 -0.029017252947345636 0.99944011130937727
vn 0.016657218774104209 -0.029017252947259924 0.99944011130938015
vn 0.016657218774132725 -0.029017252947344349 0.99944011130937727
vn 0.016657218774132277 -0.029017252947343801 0.99944011130937738
vn 0.016657218774134674 -0.029017252947350483 0.99944011130937704
vn 0.016657218774132548 -0.029017252947343877 0.99944011130937738
vn 0.016657218774133026 -0.029017252947344425 0.99944011130937738
vn 0.016657218774132468 -0.029017252947344141 0.99944011130937738
vn 0.016657218774048993 -0.029017252947468895 0.99944011130937505
vn 0.016657218774132572 -0.02901725294734412 0.99944011130937727
vn 0.016657218774131594 -0.029017252947345633 0.99944011130937727
vn 0.016657218774132586 -0.029017252947344276 0.99944011130937727
vn 0.016657218774132725 -0.029017252947344384 0.99944011130937727
vn 0.016657218774132763 -0.029017252947344311 0.99944011130937727
vn 0.016657218774132725 -0.029017252947344273 0.99944011130937727
vn 0.016657218774132686 -0.029017252947344349 0.99944011130937727
vn 0.016657218774132725 -0.029017252947344384 0.99944011130937727
vn 0.016657218774132686 -0.029017252947344349 0.99944011130937727
vn 0.016657218774132725 -0.029017252947344311 0.99944011130937727
vn 0.016657218774132815 -0.029017252947344283 0.99944011130937727
vn 0.016657218774133221 -0.029017252947344297 0.99944011130937727
vn 0.016657218774042328 -0.02901725294732178 0.9994401113093796
vn 0.0166572187741326 -0.029017252947342267 0.99944011130937738
vn 0.016657218774132759 -0.029017252947343548 0.99944011130937749
vn 0.016657218774131056 -0.029017252947343631 0.99944011130937738
vn 0.016657218774130608 -0.02901725294734318 0.99944011130937727
vn 0.016657218774132725 -0.029017252947344353 0.99944011130937738
vn 0.016657218774133148 -0.029017252947344252 0.99944011130937727
vn 0.016657218774132756 -0.029017252947344477 0.99944011130937738
vn 0.016657218774132697 -0.029017252947344238 0.99944011130937727
vn 0.016657218774132475 -0.029017252947344269 0.99944011130937727
vn 0.016657218774133009 -0.02901725294734642 0.99944011130937727
vn 0.016657218773894724 -0.02901725294731471 0.99944011130938204
vn 0.016657218774064245 -0.029017252947484574 0.99944011130937438
vn 0.016657218774133026 -0.029017252947344453 0.99944011130937738
vn 0.016657218774132551 -0.029017252947344686 0.99944011130937738
vn 0.016657218773799245 -0.029017252947219286 0.99944011130938648
vn 0.016657218774132572 -0.029017252947344141 0.99944011130937738
vn 0.016657218774132478 -0.029017252947342597 0.99944011130937727
vn 0.016657218774187781 -0.02901725294773063 0.99944011130936528
vn 0.016657218774132464 -0.029017252947344269 0.99944011130937715
vn 0.01665721877413268 -0.029017252947344321 0.99944011130937727
vn 0.016657218774132617 -0.029017252947344276 0.99944011130937727
vn 0.016657218774134629 -0.029017252947343423 0.99944011130937715
vn 0.016657218774132964 -0.029017252947344283 0.99944011130937738
vn 0.016657218774132794 -0.029017252947344349 0.99944011130937727
vn 0.016657218774132093 -0.029017252947344335 0.99944011130937738
vn 0.016657218774649634 -0.029017252947513471 0.99944011130936383
vn 0.016657218774131486 -0.029017252947344328 0.99944011130937727
vn 0.01665721877413397 -0.02901725294734488 0.99944011130937738
vn 0.016657218774132787 -0.02901725294734428 0.99944011130937738
vn 0.01665721877413269 -0.029017252947343419 0.99944011130937738
vn 0.016657218774133051 -0.029017252947342972 0.99944011130937738
vn 0.016657218774132836 -0.02901725294734318 0.99944011130937727
vn 0.016657218774135039 -0.029017252947340984 0.99944011130937727
vn 0.016657218774132457 -0.029017252947345192 0.99944011130937727
vn 0.016657218774132239 -0.029017252947345411 0.99944011130937727
vn 0.016657218774132239 -0.029017252947343041 0.99944011130937738
vn 0.016657218774104841 -0.029017252947259296 0.99944011130938026
vn 0.01665721877413397 -0.029017252947553956 0.99944011130937116
vn 0.01665721877413303 -0.029017252947231127 0.99944011130938071
vn 0.01665721877413304 -0.029017252947344176 0.99944011130937738
vn 0.016657218774130393 -0.029017252947341275 0.99944011130937738
vn 0.016657218774132239 -0.029017252947343117 0.99944011130937727
vn 0.016657218774129384 -0.029017252947340269 0.99944011130937749
vn 0.016657218774130757 -0.029017252947345196 0.99944011130937738
vn 0.016657218774132832 -0.029017252947343114 0.99944011130937727
vn 0.016657218774130459 -0.029017252947345498 0.99944011130937727
vn 0.016657218774065164 -0.029017252947298958 0.99944011130937971
vn 0.016657218774133006 -0.029017252947345827 0.99944011130937727
vn 0.016657218774135094 -0.029017252947344668 0.99944011130937715
vn 0.016657218774132818 -0.02901725294734438 0.99944011130937738
vn 0.016657218774133075 -0.029017252947347392 0.99944011130937727
vn 0.016657218774132856 -0.029017252947345234 0.99944011130937738
vn 0.016657218774135077 -0.029017252947343437 0.99944011130937727
vn 0.016657218774133137 -0.029017252947343832 0.99944011130937738
vn 0.016657218774132829 -0.029017252947344592 0.99944011130937727
vn 0.016657218774132829 -0.029017252947344082 0.99944011130937738
vn 0.016657218774133342 -0.029017252947344196 0.99944011130937727
vn 0.016657218774132551 -0.029017252947344193 0.99944011130937738
vn 0.016657218774132586 -0.029017252947344217 0.99944011130937738
vn 0.016657218774133013 -0.029017252947344304 0.99944011130937727
vn 0.016657218774132888 -0.029017252947345296 0.99944011130937738
vn 0.016657218774132603 -0.029017252947343912 0.99944011130937738
vn 0.016657218774132985 -0.029017252947346171 0.99944011130937727
vn 0.016657218774132638 -0.029017252947344339 0.99944011130937738
vn 0.016657218774130868 -0.029017252947341466 0.99944011130937738
vn 0.01665721877413345 -0.029017252947345633 0.99944011130937715
vn 0.016657218774132405 -0.029017252947343673 0.99944011130937727
vn 0.016657218774133599 -0.029017252947344339 0.99944011130937727
vn 0.016657218774306592 -0.029017252947171744 0.99944011130937938
vn 0.016657218774132402 -0.029017252947343947 0.99944011130937727
vn 0.016657218774131542 -0.029017252947345629 0.99944011130937738
vn 0.016657218774135348 -0.029017252947344273 0.99944011130937727
vn 0.0166572187741337 -0.02901725294734429 0.99944011130937738
vn 0.016657218774132693 -0.02901725294734437 0.99944011130937738
vn 0.016657218774132686 -0.029017252947344349 0.99944011130937727
vn 0.016657218774132652 -0.029017252947344311 0.99944011130937727
vn 0.016657218774132725 -0.029017252947344273 0.99944011130937727
vn 0.016657218774132725 -0.029017252947344384 0.99944011130937727
vn 0.016657218774132763 -0.029017252947344311 0.99944011130937727
vn 0.016657218774132725 -0.029017252947344238 0.99944011130937727
vn 0.016657218774132752 -0.029017252947344099 0.99944011130937738
vn 0.016657218774132856 -0.029017252947343839 0.99944011130937738
vn 0.016657218774132621 -0.029017252947344391 0.99944011130937738
vn 0.016657218774132183 -0.029017252947344356 0.99944011130937738
vn 0.016657218774132929 -0.029017252947345723 0.99944011130937727
vn 0.016657218774131663 -0.029017252947343187 0.99944011130937727
vn 0.016657218774132395 -0.029017252947344644 0.99944011130937727
vn 0.016657218774135278 -0.029017252947342972 0.99944011130937738
vn 0.016657218774132832 -0.029017252947345407 0.99944011130937727
vn 0.016657218774135035 -0.029017252947343208 0.99944011130937727
vn 0.016657218774131056 -0.029017252947343631 0.99944011130937738
vn 0.016657218774132836 -0.029017252947345407 0.99944011130937727
vn 0.016657218774127885 -0.02901725294734046 0.99944011130937749
vn 0.016657218774130466 -0.029017252947348932 0.99944011130937715
vn 0.016657218774132516 -0.029017252947344412 0.99944011130937738
vn 0.016657218774132867 -0.02901725294734453 0.99944011130937727
vn 0.016657218774133082 -0.029017252947344481 0.99944011130937738
vn 0.016657218774132836 -0.029017252947343079 0.99944011130937727
vn 0.016657218774132069 -0.029017252947345036 0.99944011130937727
vn 0.016657218774133734 -0.029017252947345615 0.99944011130937727
vn 0.016657218774132582 -0.029017252947344255 0.99944011130937738
vn 0.016657218774132669 -0.029017252947344304 0.99944011130937738
vn 0.0166572187741337 -0.029017252947343551 0.99944011130937738
vn 0.01665721877413176 -0.029017252947343093 0.99944011130937727
vn 0.01665721877413304 -0.029017252947344276 0.99944011130937738
vn 0.016657218774133703 -0.029017252947345022 0.99944011130937715
vn 0.016657218774132666 -0.02901725294734437 0.99944011130937727
vn 0.016657218774132603 -0.029017252947345008 0.99944011130937727
vn 0.016657218774132964 -0.029017252947344214 0.99944011130937727
vn 0.016657218774133394 -0.029017252947346986 0.99944011130937715
vn 0.016657218774130886 -0.029017252947233271 0.9994401113093806
vn 0.016657218774100216 -0.029017252947263927 0.99944011130938026
vn 0.016657218774132367 -0.029017252947344387 0.99944011130937727
vn 0.016657218774132777 -0.029017252947344307 0.99944011130937738
vn 0.016657218774132371 -0.029017252947344398 0.99944011130937738
vn 0.016657218774132215 -0.029017252947345619 0.99944011130937738
vn 0.01665721877413243 -0.029017252947344391 0.99944011130937727
vn 0.01665721877435276 -0.029017252947565589 0.99944011130936727
vn 0.016657218774132607 -0.029017252947345036 0.99944011130937738
vn 0.016657218774132471 -0.029017252947344797 0.99944011130937727
vn 0.016657218774131212 -0.02901725294734479 0.99944011130937738
vn 0.016657218774155543 -0.029017252947208628 0.99944011130938093
vn 0.01665721877413151 -0.029017252947345105 0.99944011130937738
vn 0.016657218774132409 -0.029017252947344328 0.99944011130937727
vn 0.016657218774132225 -0.029017252947344148 0.99944011130937727
vn 0.016657218774132555 -0.029017252947344776 0.99944011130937738
vn 0.016657218773978282 -0.029017252947400048 0.99944011130937827
vn 0.016657218774132808 -0.029017252947343818 0.99944011130937738
vn 0.016657218774132666 -0.029017252947344394 0.99944011130937727
vn 0.016657218774133089 -0.029017252947347614 0.99944011130937727
vn 0.016657218774133023 -0.029017252947344904 0.99944011130937727
vn 0.016657218774133006 -0.029017252947344325 0.99944011130937727
vn 0.016657218774132301 -0.029017252947344065 0.99944011130937727
vn 0.016657218774132686 -0.029017252947343718 0.99944011130937727
vn 0.016657218774133113 -0.029017252947343673 0.99944011130937727
vn 0.016657218774133096 -0.029017252947344023 0.99944011130937738
vn 0.016657218774130244 -0.02901725294734556 0.99944011130937727
vn 0.016657218774132419 -0.029017252947344103 0.99944011130937749
vn 0.016657218774134317 -0.029017252947343693 0.99944011130937727
vn 0.016657218773983268 -0.029017252947382756 0.99944011130937871
vn 0.016657218774132801 -0.029017252947342937 0.99944011130937738
vn 0.016657218774132759 -0.029017252947344311 0.99944011130937727
vn 0.016657218774188975 -0.02901725294717521 0.99944011130938126
vn 0.016657218774132471 -0.029017252947344249 0.99944011130937727
vn 0.016657218774132228 -0.029017252947344693 0.99944011130937738
vn 0.016657218774336222 -0.029017252947204804 0.99944011130937804
vn 0.016657218774133089 -0.029017252947344099 0.99944011130937727
vn 0.016657218774132725 -0.029017252947344384 0.99944011130937727
vn 0.016657218774132725 -0.029017252947344273 0.99944011130937727
vn 0.016657218774132652 -0.029017252947344311 0.99944011130937727
vn 0.016657218774132686 -0.029017252947344349 0.99944011130937727
vn 0.016657218774132686 -0.029017252947344349 0.99944011130937727
vn 0.016657218774132652 -0.029017252947344384 0.99944011130937727
vn 0.016657218774132725 -0.029017252947344238 0.99944011130937727
vn 0.016657218774132756 -0.029017252947344318 0.99944011130937727
vn 0.016657218774132745 -0.029017252947344259 0.99944011130937738
vn 0.016657218774132523 -0.029017252947344214 0.99944011130937749
vn 0.016657218774132745 -0.029017252947344294 0.99944011130937727
vn 0.016657218774136912 -0.029017252947343763 0.99944011130937727
vn 0.016657218774134466 -0.029017252947344984 0.99944011130937738
vn 0.016657218774132478 -0.029017252947343725 0.99944011130937738
vn 0.0166572187740807 -0.029017252947283426 0.99944011130938004
vn 0.016657218774133214 -0.029017252947345785 0.99944011130937715
vn 0.016657218774132836 -0.029017252947345407 0.99944011130937727
vn 0.016657218774132839 -0.029017252947344484 0.99944011130937727
vn 0.016657218774133432 -0.029017252947345269 0.99944011130937738
vn 0.016657218774132645 -0.029017252947344332 0.99944011130937738
vn 0.016657218774132652 -0.029017252947345567 0.99944011130937727
vn 0.016657218774133349 -0.029017252947344536 0.99944011130937738
vn 0.016657218774132919 -0.02901725294734421 0.99944011130937727
vn 0.016657218774132711 -0.02901725294734429 0.99944011130937727
vn 0.016657218774070056 -0.029017252947488307 0.99944011130937416
vn 0.016657218774155661 -0.029017252947208506 0.99944011130938082
vn 0.016657218774132898 -0.029017252947344349 0.99944011130937727
vn 0.016657218774132475 -0.029017252947343468 0.99944011130937738
vn 0.016657218773959717 -0.029017252946825521 0.99944011130939525
vn 0.016657218774132801 -0.029017252947344398 0.99944011130937727
vn 0.016657218774132863 -0.029017252947344474 0.99944011130937727
vn 0.016657218774133023 -0.029017252947345192 0.99944011130937727
vn 0.016657218774133078 -0.029017252947344141 0.99944011130937727
vn 0.01665721877413286 -0.029017252947344491 0.99944011130937727
vn 0.01665721877413005 -0.029017252947344852 0.99944011130937738
vn 0.016657218774047623 -0.029017252947315834 0.9994401113093796
vn 0.016657218774133183 -0.029017252947344221 0.99944011130937727
vn 0.016657218774133838 -0.02901725294734421 0.99944011130937727
vn 0.016657218774132614 -0.029017252947344384 0.99944011130937727
vn 0.016657218774135438 -0.029017252947348009 0.99944011130937715
vn 0.016657218774132836 -0.029017252947345407 0.99944011130937727
vn 0.016657218774133089 -0.029017252947344335 0.99944011130937727
vn 0.016657218774134373 -0.029017252947342712 0.99944011130937727
vn 0.016657218774133026 -0.029017252947344207 0.99944011130937727
vn 0.016657218774134626 -0.029017252947342528 0.99944011130937738
vn 0.016657218774016113 -0.029017252947434992 0.9994401113093766
vn 0.016657218774133106 -0.02901725294734394 0.99944011130937727
vn 0.016657218774132686 -0.029017252947344349 0.99944011130937727
vn 0.016657218774132686 -0.029017252947344349 0.99944011130937727
vn 0.016657218774132725 -0.029017252947344273 0.99944011130937727
vn 0.016657218774132763 -0.029017252947344311 0.99944011130937727
vn 0.016657218774132725 -0.029017252947344384 0.99944011130937727
vn 0.016657218774132725 -0.029017252947344384 0.99944011130937727
vn 0.016657218774132791 -0.029017252947344283 0.99944011130937738
vn 0.016657218774132662 -0.029017252947344349 0.99944011130937727
vn 0.016657218774133148 -0.02901725294734572 0.99944011130937727
vn 0.016657218774132836 -0.029017252947345407 0.99944011130937727
vn 0.016657218774134293 -0.029017252947346868 0.99944011130937727
vn 0.016657218774134775 -0.029017252947346212 0.99944011130937715
vn 0.016657218774132242 -0.029017252947344953 0.99944011130937738
vn 0.0166572187741337 -0.029017252947345678 0.99944011130937727
vn 0.016657218774132423 -0.029017252947344762 0.99944011130937738
vn 0.016657218774132836 -0.029017252947345407 0.99944011130937727
vn 0.016657218774132721 -0.029017252947344491 0.99944011130937738
vn 0.016657218774132822 -0.029017252947344079 0.99944011130937727
vn 0.016657218774131295 -0.029017252947343242 0.99944011130937738
vn 0.016657218774132079 -0.029017252947344006 0.99944011130937727
vn 0.016657218774133016 -0.029017252947343697 0.99944011130937727
vn 0.016657218774132548 -0.02901725294734437 0.99944011130937738
vn 0.016657218774133047 -0.029017252947344276 0.99944011130937727
vn 0.016657218774132707 -0.029017252947344977 0.99944011130937727
vn 0.016657218774132818 -0.02901725294734428 0.99944011130937738
vn 0.016657218774132614 -0.029017252947344304 0.99944011130937738
vn 0.016657218774155543 -0.029017252947208631 0.99944011130938082
vn 0.016657218774362929 -0.029017252947229483 0.99944011130937682
vn 0.016657218774132721 -0.029017252947344283 0.99944011130937738
vn 0.016657218774132725 -0.029017252947344366 0.99944011130937727
vn 0.016657218774132551 -0.029017252947343936 0.99944011130937738
vn 0.016657218774132641 -0.029017252947344134 0.99944011130937727
vn 0.016657218774133023 -0.029017252947344623 0.99944011130937738
vn 0.016657218774132471 -0.029017252947342718 0.99944011130937738
vn 0.016657218774132562 -0.029017252947344269 0.99944011130937715
vn 0.016657218774220675 -0.02901725294769766 0.99944011130936561
vn 0.016657218774132395 -0.029017252947231759 0.9994401113093806
vn 0.016657218774132596 -0.029017252947344401 0.99944011130937727
vn 0.016657218774132298 -0.029017252947344568 0.99944011130937727
vn 0.016657218774351584 -0.029017252947218415 0.99944011130937727
vn 0.016657218774133054 -0.029017252947344176 0.99944011130937738
vn 0.016657218774132725 -0.029017252947344273 0.99944011130937727
vn 0.016657218774132763 -0.029017252947344311 0.99944011130937727
vn 0.016657218774132763 -0.029017252947344311 0.99944011130937727
vn 0.016657218774132725 -0.029017252947344273 0.99944011130937727
vn 0.016657218774132614 -0.029017252947344384 0.99944011130937727
vn 0.016657218774132686 -0.029017252947344349 0.99944011130937727
vn 0.016657218774132725 -0.029017252947344384 0.99944011130937727
vn 0.016657218774132478 -0.029017252947343954 0.99944011130937727
vn 0.016657218774132166 -0.029017252947344276 0.99944011130937738
vn 0.016657218774132405 -0.029017252947343981 0.99944011130937738
vn 0.016657218774220769 -0.029017252947697515 0.99944011130936572
vn 0.016657218774133498 -0.029017252947343343 0.99944011130937727
vn 0.016657218774132922 -0.029017252947344488 0.99944011130937727
vn 0.016657218774133113 -0.029017252947343728 0.99944011130937738
vn 0.016657218774132742 -0.029017252947342188 0.99944011130937727
vn 0.0166572187741327 -0.029017252947342271 0.99944011130937727
vn 0.016657218774132641 -0.029017252947344196 0.99944011130937727
vn 0.016657218774132652 -0.029017252947345463 0.99944011130937727
vn 0.016657218774132627 -0.029017252947344953 0.99944011130937727
vn 0.016657218774131632 -0.029017252947344401 0.99944011130937727
vn 0.016657218774132371 -0.029017252947343697 0.99944011130937727
vn 0.016657218774132624 -0.029017252947344384 0.99944011130937727
vn 0.016657218774132954 -0.029017252947344249 0.99944011130937727
vn 0.016657218774132773 -0.029017252947345491 0.99944011130937727
vn 0.016657218774132475 -0.029017252947343749 0.99944011130937727
vn 0.016657218774426826 -0.029017252947491558 0.99944011130936805
vn 0.016657218774133033 -0.02901725294734404 0.99944011130937727
vn 0.016657218774131472 -0.02901725294734428 0.99944011130937727
vn 0.01665721877413303 -0.029017252947344151 0.99944011130937727
vn 0.016657218774132499 -0.029017252947344179 0.99944011130937749
vn 0.01665721877413304 -0.029017252947344026 0.99944011130937738
vn 0.016657218774132697 -0.02901725294734436 0.99944011130937727
vn 0.016657218774133412 -0.029017252947230746 0.9994401113093806
vn 0.016657218774132281 -0.029017252947343031 0.99944011130937727
vn 0.016657218774132475 -0.02901725294734387 0.99944011130937738
vn 0.016657218774132121 -0.029017252947345397 0.99944011130937715
vn 0.016657218774132947 -0.029017252947344793 0.99944011130937727
vn 0.016657218774046596 -0.029017252946911255 0.99944011130939137
vn 0.016657218774132086 -0.029017252947343652 0.99944011130937738
vn 0.016657218774132988 -0.029017252947344821 0.99944011130937738
vn 0.01665721877404933 -0.029017252947470765 0.99944011130937493
vn 0.016657218774132215 -0.029017252947550361 0.99944011130937138
vn 0.016657218774132326 -0.029017252947343686 0.99944011130937749
vn 0.016657218774091358 -0.029017252947511698 0.99944011130937316
vn 0.016657218774132738 -0.029017252947344641 0.99944011130937727
vn 0.016657218774132503 -0.029017252947343405 0.99944011130937738
vn 0.016657218774133148 -0.029017252947342257 0.99944011130937727
vn 0.016657218774132933 -0.029017252947344446 0.99944011130937738
vn 0.016657218774133203 -0.029017252947344516 0.99944011130937738
vn 0.016657218774132471 -0.02901725294734386 0.99944011130937727
vn 0.01665721877413185 -0.029017252947344384 0.99944011130937727
vn 0.016657218774020859 -0.029017252947344328 0.99944011130937915
vn 0.016657218774134685 -0.029017252947343947 0.99944011130937738
vn 0.016657218774132589 -0.029017252947343877 0.99944011130937727
vn 0.016657218774134681 -0.029017252947342968 0.99944011130937727
vn 0.016657218774132239 -0.029017252947345411 0.99944011130937727
vn 0.016657218774132586 -0.02901725294734445 0.99944011130937738
vn 0.016657218774133207 -0.02901725294734505 0.99944011130937715
vn 0.016657218774132947 -0.029017252947345411 0.99944011130937727
vn 0.016657218774133328 -0.029017252947346552 0.99944011130937727
vn 0.016657218774134685 -0.029017252947343818 0.99944011130937727
vn 0.016657218774134681 -0.029017252947342968 0.99944011130937727
vn 0.016657218774134466 -0.029017252947343183 0.99944011130937727
vn 0.016657218774132936 -0.029017252947345105 0.99944011130937727
vn 0.01665721877413422 -0.029017252947342972 0.99944011130937738
vn 0.016657218774134008 -0.029017252947343187 0.99944011130937738
vn 0.016657218774132888 -0.029017252947344193 0.99944011130937738
vn 0.016657218774479548 -0.029017252947344606 0.99944011130937149
vn 0.016657218774132038 -0.029017252947338912 0.9994401113093776
vn 0.01665721877413353 -0.029017252947343686 0.99944011130937738
vn 0.016657218774132662 -0.029017252947344398 0.99944011130937738
vn 0.016657218774132752 -0.029017252947344273 0.99944011130937727
vn 0.016657218773958867 -0.029017252946823023 0.99944011130939536
vn 0.0166572187741344 -0.029017252947344276 0.99944011130937738
vn 0.016657218774132936 -0.029017252947344495 0.99944011130937727
vn 0.016657218774132555 -0.029017252947344668 0.99944011130937727
vn 0.01665721877413176 -0.029017252947347177 0.99944011130937715
vn 0.01665721877413268 -0.029017252947344477 0.99944011130937738
vn 0.01665721877413251 -0.029017252947344679 0.99944011130937727
vn 0.016657218774132367 -0.02901725294734446 0.99944011130937727
vn 0.016657218774135594 -0.029017252947342625 0.99944011130937727
vn 0.016657218774132475 -0.029017252947344262 0.99944011130937727
vn 0.016657218774132017 -0.029017252947345511 0.99944011130937727
vn 0.016657218774132718 -0.029017252947344339 0.99944011130937738
vn 0.016657218774133023 -0.029017252947344304 0.99944011130937727
vn 0.016657218774132471 -0.029017252947344408 0.99944011130937715
vn 0.016657218774384648 -0.029017252947249758 0.99944011130937593
vn 0.016657218774130813 -0.029017252947349373 0.99944011130937727
vn 0.016657218774134907 -0.029017252947343419 0.99944011130937738
vn 0.016657218774219218 -0.029017252947084415 0.99944011130938337
vn 0.016657218774132693 -0.029017252947344158 0.99944011130937749
vn 0.016657218774132298 -0.029017252947344221 0.99944011130937727
vn 0.01665721877413244 -0.02901725294734419 0.99944011130937727
vn 0.016657218774132263 -0.029017252947344439 0.99944011130937727
vn 0.016657218774133148 -0.029017252947344901 0.99944011130937727
vn 0.016657218774132839 -0.0290172529473448 0.99944011130937738
vn 0.016657218774132818 -0.029017252947344425 0.99944011130937738
vn 0.016657218774133148 -0.02901725294734572 0.99944011130937727
vn 0.016657218774132836 -0.029017252947345407 0.99944011130937727
vn 0.016657218774132138 -0.029017252947344706 0.99944011130937727
vn 0.016657218774132496 -0.02901725294734445 0.99944011130937727
vn 0.016657218774132877 -0.029017252947344311 0.99944011130937727
vn 0.016657218774133054 -0.029017252947344419 0.99944011130937738
vn 0.016657218774133852 -0.029017252947344037 0.99944011130937727
vn 0.016657218774131573 -0.029017252947345498 0.99944011130937738
vn 0.016657218774133245 -0.02901725294734412 0.99944011130937738
vn 0.016657218774132562 -0.029017252947344748 0.99944011130937727
vn 0.016657218774132898 -0.02901725294734453 0.99944011130937727
vn 0.016657218774132693 -0.02901725294734428 0.99944011130937738
vn 0.016657218774132652 -0.029017252947344349 0.99944011130937727
vn 0.016657218774132686 -0.029017252947344349 0.99944011130937727
vn 0.016657218774132652 -0.029017252947344349 0.99944011130937727
vn 0.016657218774132725 -0.029017252947344311 0.99944011130937727
vn 0.016657218774132725 -0.029017252947344297 0.99944011130937727
vn 0.016657218774132725 -0.029017252947344384 0.99944011130937727
vn 0.016657218774132725 -0.029017252947344412 0.99944011130937738
vn 0.016657218774132856 -0.029017252947344155 0.99944011130937727
vn 0.01665721877404841 -0.029017252947315691 0.99944011130937949
vn 0.016657218774132919 -0.02901725294734318 0.99944011130937727
vn 0.016657218774133113 -0.029017252947344533 0.99944011130937727
vn 0.01665721877413455 -0.029017252947343093 0.99944011130937727
vn 0.016657218774134466 -0.029017252947343183 0.99944011130937727
vn 0.016657218774134178 -0.029017252947343471 0.99944011130937727
vn 0.016657218774132912 -0.029017252947343107 0.99944011130937738
vn 0.016657218774132336 -0.029017252947345414 0.99944011130937738
vn 0.016657218774132898 -0.029017252947344245 0.99944011130937738
vn 0.016657218774130924 -0.029017252947341275 0.99944011130937738
vn 0.016657218774132836 -0.029017252947343187 0.99944011130937727
vn 0.016657218774129852 -0.029017252947340203 0.99944011130937749
vn 0.016657218774130331 -0.029017252947341275 0.99944011130937738
vn 0.016657218774132242 -0.029017252947343183 0.99944011130937727
vn 0.016657218774129259 -0.029017252947340203 0.99944011130937749
vn 0.01665721877413302 -0.029017252947342975 0.99944011130937738
vn 0.01665721877413295 -0.029017252947343187 0.99944011130937738
vn 0.016657218774132541 -0.029017252947343905 0.99944011130937749
vn 0.016657218774133148 -0.029017252947345105 0.99944011130937727
vn 0.016657218774132836 -0.029017252947344949 0.99944011130937727
vn 0.016657218774132801 -0.029017252947343818 0.99944011130937738
vn 0.016657218773924176 -0.029017252947344148 0.99944011130938082
vn 0.016657218774132346 -0.029017252947344429 0.99944011130937727
vn 0.016657218774134088 -0.029017252947351739 0.99944011130937704
vn 0.016657218774132818 -0.029017252947344026 0.99944011130937738
vn 0.016657218774169522 -0.02901725294719466 0.99944011130938104
vn 0.016657218774134352 -0.029017252947343933 0.99944011130937715
vn 0.016657218774134605 -0.029017252947343863 0.99944011130937738
vn 0.016657218774132357 -0.029017252947344186 0.99944011130937727
vn 0.016657218774130723 -0.029017252947342226 0.99944011130937738
vn 0.016657218774188957 -0.029017252947175234 0.99944011130938137
vn 0.016657218774132312 -0.029017252947345109 0.99944011130937738
vn 0.016657218774132659 -0.029017252947344484 0.99944011130937727
vn 0.016657218774132645 -0.029017252947344599 0.99944011130937727
vn 0.016657218774133151 -0.029017252947344103 0.99944011130937738
vn 0.016657218774133013 -0.029017252947344339 0.99944011130937727
vn 0.016657218774132506 -0.029017252947344415 0.99944011130937727
vn 0.016657218774128086 -0.029017252947345057 0.99944011130937738
vn 0.016657218774124745 -0.029017252947338427 0.9994401113093776
vn 0.016657218774132874 -0.029017252947345046 0.99944011130937727
vn 0.016657218774132638 -0.029017252947344044 0.99944011130937738
vn 0.016657218774132416 -0.029017252947345629 0.99944011130937727
vn 0.016657218773958388 -0.02901725294737861 0.99944011130937915
vn 0.01665721877413294 -0.029017252947344269 0.99944011130937727
vn 0.016657218774132999 -0.029017252947344307 0.99944011130937727
vn 0.016657218774133085 -0.029017252947343548 0.99944011130937727
vn 0.016657218774133151 -0.029017252947344582 0.99944011130937727
vn 0.016657218774132808 -0.029017252947344249 0.99944011130937738
vn 0.016657218774132707 -0.029017252947344377 0.99944011130937727
vn 0.016657218774132912 -0.029017252947344276 0.99944011130937738
vn 0.016657218774132242 -0.029017252947343666 0.99944011130937749
vn 0.016657218774133009 -0.029017252947343943 0.99944011130937727
vn 0.016657218774132787 -0.029017252947344398 0.99944011130937738
vn 0.016657218774132378 -0.029017252947345518 0.99944011130937727
vn 0.016657218774132503 -0.029017252947344002 0.99944011130937727
vn 0.016657218774132829 -0.029017252947341476 0.99944011130937738
vn 0.016657218774132964 -0.02901725294734428 0.99944011130937727
vn 0.016657218774131437 -0.029017252947344183 0.99944011130937727
vn 0.016657218774133127 -0.029017252947231034 0.9994401113093806
vn 0.016657218774132093 -0.029017252947344769 0.99944011130937738
vn 0.016657218774132752 -0.029017252947345411 0.99944011130937738
vn 0.016657218774132392 -0.029017252947344332 0.99944011130937727
vn 0.016657218774133051 -0.029017252947342972 0.99944011130937738
vn 0.016657218774132836 -0.02901725294734318 0.99944011130937727
vn 0.016657218774133974 -0.02901725294734293 0.99944011130937738
vn 0.01665721877413329 -0.029017252947230864 0.99944011130938049
vn 0.016657218774133436 -0.029017252947343915 0.99944011130937738
vn 0.016657218774133072 -0.029017252947343183 0.99944011130937727
vn 0.016657218774133144 -0.0290172529473442 0.99944011130937727
vn 0.016657218774134681 -0.029017252947342968 0.99944011130937727
vn 0.016657218774132239 -0.029017252947345411 0.99944011130937727
vn 0.016657218774136669 -0.029017252947340987 0.99944011130937738
vn 0.016657218774134681 -0.029017252947342968 0.99944011130937727
vn 0.016657218774132239 -0.029017252947345411 0.99944011130937727
vn 0.016657218774136669 -0.029017252947340987 0.99944011130937738
vn 0.016657218774132555 -0.029017252947343499 0.99944011130937738
vn 0.016657218774132242 -0.029017252947343183 0.99944011130937727
vn 0.016657218774131479 -0.029017252947342417 0.99944011130937738
vn 0.016657218774130348 -0.029017252947345203 0.99944011130937738
vn 0.016657218774132367 -0.029017252947343187 0.99944011130937738
vn 0.016657218774131247 -0.029017252947345303 0.99944011130937738
vn 0.016657218774130927 -0.029017252947342892 0.99944011130937749
vn 0.016657218774132836 -0.029017252947343839 0.99944011130937727
vn 0.016657218774132069 -0.029017252947343457 0.99944011130937727
vn 0.016657218774132277 -0.029017252947344266 0.99944011130937738
vn 0.016657218774132638 -0.029017252947346757 0.99944011130937727
vn 0.016657218774133616 -0.029017252947343072 0.99944011130937727
vn 0.016657218773960134 -0.029017252946826028 0.99944011130939525
vn 0.016657218774134012 -0.029017252947342604 0.99944011130937727
vn 0.016657218774133592 -0.029017252947344606 0.99944011130937727
vn 0.016657218774133838 -0.029017252947343364 0.99944011130937727
vn 0.016657218774132995 -0.0290172529473437 0.99944011130937738
vn 0.016657218774130129 -0.029017252947347173 0.99944011130937727
vn 0.016657218774132884 -0.02901725294734412 0.99944011130937727
vn 0.01665721877413302 -0.029017252947344443 0.99944011130937727
vn 0.016657218774132711 -0.029017252947344287 0.99944011130937727
vn 0.016657218774132732 -0.029017252947344349 0.99944011130937738
vn 0.016657218774132575 -0.029017252947343451 0.99944011130937738
vn 0.016657218774133547 -0.029017252947346178 0.99944011130937738
vn 0.016657218774132725 -0.02901725294734419 0.99944011130937727
vn 0.016657218774132777 -0.029017252947344245 0.99944011130937738
vn 0.016657218774132163 -0.029017252947341865 0.99944011130937749
vn 0.016657218774132683 -0.029017252947344703 0.99944011130937738
vn 0.016657218774439531 -0.029017252947306164 0.99944011130937327
vn 0.016657218774132867 -0.029017252947346459 0.99944011130937715
vn 0.01665721877413397 -0.029017252947341501 0.99944011130937749
vn 0.01665721877413286 -0.029017252947344415 0.99944011130937727
vn 0.016657218774029519 -0.029017252947449435 0.99944011130937593
vn 0.016657218774132475 -0.029017252947343794 0.99944011130937738
vn 0.016657218774131496 -0.029017252947344904 0.99944011130937727
vn 0.016657218774136756 -0.029017252947343423 0.99944011130937727
vn 0.016657218773966802 -0.029017252947412673 0.99944011130937804
vn 0.016657218774136048 -0.029017252947343249 0.99944011130937727
vn 0.016657218774130809 -0.029017252947346982 0.99944011130937727
vn 0.016657218774133016 -0.029017252947345723 0.99944011130937727
vn 0.016657218774132478 -0.029017252947343645 0.99944011130937738
vn 0.016657218774131451 -0.029017252947345633 0.99944011130937738
vn 0.016657218774135507 -0.029017252947342059 0.99944011130937727
vn 0.016657218774132745 -0.029017252947344412 0.99944011130937727
vn 0.016657218774132558 -0.029017252947344328 0.99944011130937727
vn 0.016657218774134501 -0.029017252947229663 0.99944011130938071
vn 0.016657218774132072 -0.029017252947344373 0.99944011130937749
vn 0.016657218774562943 -0.029017252947430967 0.99944011130936761
vn 0.016657218774132159 -0.029017252947344207 0.99944011130937738
vn 0.016657218774133082 -0.029017252947344571 0.99944011130937727
vn 0.016657218774132718 -0.029017252947344221 0.99944011130937738
vn 0.016657218774130872 -0.029017252947343478 0.99944011130937738
vn 0.016657218774132711 -0.029017252947344401 0.99944011130937727
vn 0.016657218774132478 -0.029017252947344509 0.99944011130937738
vn 0.016657218774139261 -0.029017252947343357 0.99944011130937715
vn 0.016657218774069116 -0.029017252947849077 0.99944011130936372
vn 0.0166572187741327 -0.029017252947344328 0.99944011130937715
vn 0.016657218774132395 -0.029017252947344373 0.99944011130937738
vn 0.016657218774132423 -0.029017252947344668 0.99944011130937727
vn 0.016657218774444531 -0.02901725294730954 0.99944011130937316
vn 0.016657218774132631 -0.029017252947344221 0.99944011130937727
vn 0.016657218774132881 -0.029017252947344249 0.99944011130937738
vn 0.016657218774128648 -0.029017252947344675 0.99944011130937727
vn 0.016657218774132811 -0.02901725294734336 0.99944011130937738
vn 0.016657218774132686 -0.029017252947344002 0.99944011130937727
vn 0.016657218774132503 -0.029017252947344311 0.99944011130937727
vn 0.016657218774132652 -0.029017252947344311 0.99944011130937727
vn 0.016657218774132725 -0.029017252947344311 0.99944011130937727
vn 0.016657218774132874 -0.029017252947344311 0.99944011130937727
vn 0.01665721877413278 -0.029017252947344328 0.99944011130937727
vn 0.016657218774132725 -0.029017252947344384 0.99944011130937727
vn 0.016657218774133647 -0.029017252947344672 0.99944011130937738
vn 0.016657218774134362 -0.029017252947344575 0.99944011130937738
vn 0.016657218774130948 -0.029017252947344557 0.99944011130937738
vn 0.016657218774132457 -0.029017252947344675 0.99944011130937727
vn 0.016657218774120436 -0.029017252947331755 0.99944011130937782
vn 0.01665721877413243 -0.0290172529473436 0.99944011130937727
vn 0.016657218774132065 -0.029017252947343714 0.99944011130937727
vn 0.016657218774028006 -0.029017252947368059 0.99944011130937838
vn 0.016657218774120113 -0.02901725294733112 0.99944011130937782
vn 0.016657218774134019 -0.029017252947344131 0.99944011130937727
vn 0.016657218774132999 -0.029017252947345393 0.99944011130937727
vn 0.01665721877413506 -0.029017252947343371 0.99944011130937727
vn 0.016657218774132426 -0.02901725294734591 0.99944011130937727
vn 0.016657218774131937 -0.029017252947346216 0.99944011130937738
vn 0.016657218774132558 -0.029017252947346101 0.99944011130937727
vn 0.016657218774133124 -0.029017252947343797 0.99944011130937727
vn 0.016657218774133078 -0.029017252947342739 0.99944011130937738
vn 0.01665721877413422 -0.029017252947349786 0.99944011130937715
vn 0.016657218774133963 -0.029017252947343627 0.99944011130937727
vn 0.016657218774132801 -0.029017252947341868 0.99944011130937749
vn 0.016657218774130508 -0.029017252947344141 0.99944011130937727
vn 0.016657218774132562 -0.029017252947344252 0.99944011130937738
vn 0.016657218774131517 -0.029017252947343093 0.99944011130937738
vn 0.016657218774133755 -0.029017252947345102 0.99944011130937727
vn 0.016657218774131666 -0.029017252947344217 0.99944011130937738
vn 0.016657218774132908 -0.029017252947344474 0.99944011130937738
vn 0.016657218774134307 -0.029017252947344911 0.99944011130937727
vn 0.016657218774131771 -0.029017252947344006 0.99944011130937727
vn 0.016657218774131011 -0.029017252947343804 0.99944011130937738
vn 0.016657218774132423 -0.029017252947343728 0.99944011130937738
vn 0.016657218774132922 -0.029017252947345456 0.99944011130937738
vn 0.016657218774133346 -0.029017252947345484 0.99944011130937727
vn 0.016657218774134418 -0.029017252947345903 0.99944011130937727
vn 0.016657218774132537 -0.029017252947344491 0.99944011130937738
vn 0.016657218774133137 -0.029017252947344668 0.99944011130937727
vn 0.01665721877413277 -0.029017252947344037 0.99944011130937738
vn 0.01665721877413286 -0.029017252947344443 0.99944011130937727
vn 0.016657218774132631 -0.029017252947343967 0.99944011130937727
vn 0.016657218774132381 -0.029017252947344696 0.99944011130937727
vn 0.01665721877413278 -0.029017252947344366 0.99944011130937715
vn 0.016657218774133616 -0.029017252947344783 0.99944011130937727
vn 0.016657218774133106 -0.02901725294734522 0.99944011130937727
vn 0.01665721877413168 -0.029017252947343135 0.99944011130937738
vn 0.016657218774133519 -0.029017252947345629 0.99944011130937727
vn 0.016657218774131587 -0.029017252947343641 0.99944011130937738
vn 0.016657218774133634 -0.029017252947344419 0.99944011130937738
vn 0.016657218774133679 -0.029017252947345171 0.99944011130937715
vn 0.016657218774131184 -0.029017252947343041 0.99944011130937727
vn 0.01665721877413304 -0.029017252947342972 0.99944011130937738
vn 0.01665721877413312 -0.029017252947345213 0.99944011130937727
vn 0.016657218774132142 -0.029017252947344151 0.99944011130937738
vn 0.016657218774133304 -0.029017252947344516 0.99944011130937738
vn 0.016657218774131389 -0.029017252947343863 0.99944011130937727
vn 0.016657218774134692 -0.029017252947345997 0.99944011130937727
vn 0.016657218774131084 -0.029017252947344203 0.99944011130937727
vn 0.016657218774133002 -0.029017252947344502 0.99944011130937727
vn 0.016657218774107464 -0.02901725294733986 0.99944011130937782
vn 0.01665721877413303 -0.029017252947344686 0.99944011130937738
vn 0.016657218774133602 -0.029017252947337827 0.99944011130937749
vn 0.016657218774110388 -0.029017252947549546 0.99944011130937171
vn 0.016657218774151706 -0.029017252947299205 0.99944011130937838
vn 0.016657218774133124 -0.029017252947343877 0.99944011130937727
vn 0.016657218774132478 -0.029017252947342257 0.99944011130937738
vn 0.016657218774131895 -0.029017252947349359 0.99944011130937727
vn 0.016657218774133037 -0.029017252947346542 0.99944011130937715
vn 0.016657218774130473 -0.02901725294734412 0.99944011130937749
vn 0.016657218774101205 -0.02901725294724786 0.99944011130938071
vn 0.016657218774110728 -0.029017252947305911 0.99944011130937882
vn 0.016657218774147629 -0.029017252947322575 0.99944011130937771
vn 0.016657218774110343 -0.02901725294732244 0.99944011130937827
vn 0.016657218774148847 -0.029017252947323682 0.99944011130937771
vn 0.016657218774133734 -0.029017252947346098 0.99944011130937738
vn 0.016657218774146419 -0.029017252947325278 0.99944011130937749
vn 0.016657218774131975 -0.029017252947345716 0.99944011130937727
vn 0.016657218774131531 -0.02901725294734692 0.99944011130937727
vn 0.016657218774134272 -0.029017252947342465 0.99944011130937727
vn 0.016657218774136093 -0.029017252947338014 0.99944011130937738
vn 0.016657218774133075 -0.02901725294734411 0.99944011130937727
vn 0.016657218774133203 -0.029017252947343367 0.99944011130937738
vn 0.016657218774133564 -0.029017252947342941 0.99944011130937738
vn 0.016657218774133981 -0.029017252947341757 0.99944011130937749
vn 0.016657218774132058 -0.029017252947345164 0.99944011130937727
vn 0.016657218774132621 -0.029017252947344675 0.99944011130937727
vn 0.01665721877413141 -0.029017252947344141 0.99944011130937738
vn 0.016657218774134654 -0.029017252947344661 0.99944011130937738
vn 0.016657218774129599 -0.029017252947340158 0.99944011130937738
vn 0.016657218774135091 -0.029017252947347492 0.99944011130937715
vn 0.016657218774132596 -0.029017252947344311 0.99944011130937727
vn 0.016657218774122559 -0.029017252947324032 0.99944011130937804
vn 0.016657218774129144 -0.029017252947340526 0.99944011130937749
vn 0.016657218774131982 -0.029017252947344856 0.99944011130937727
vn 0.016657218774133106 -0.029017252947341966 0.99944011130937749
vn 0.016657218774133262 -0.029017252947343801 0.99944011130937727
vn 0.016657218774132305 -0.029017252947345688 0.99944011130937727
vn 0.016657218774131261 -0.029017252947346913 0.99944011130937727
vn 0.016657218774132457 -0.029017252947344238 0.99944011130937727
vn 0.016657218774131392 -0.029017252947344113 0.99944011130937738
vn 0.016657218774132523 -0.029017252947344137 0.99944011130937727
vn 0.016657218774134303 -0.029017252947344811 0.99944011130937727
vn 0.016657218774131559 -0.029017252947343329 0.99944011130937738
vn 0.016657218774132881 -0.029017252947344242 0.99944011130937738
vn 0.016657218774133745 -0.029017252947345012 0.99944011130937727
vn 0.016657218774131611 -0.029017252947343818 0.99944011130937738
vn 0.01665721877413277 -0.02901725294734437 0.99944011130937727
vn 0.01665721877413234 -0.02901725294734429 0.99944011130937738
vn 0.016657218774132655 -0.029017252947344255 0.99944011130937738
vn 0.016657218774132818 -0.02901725294734438 0.99944011130937738
vn 0.016657218774132856 -0.029017252947344321 0.99944011130937738
vn 0.016657218774133287 -0.029017252947344817 0.99944011130937727
vn 0.016657218774132801 -0.029017252947344356 0.99944011130937727
vn 0.01665721877413336 -0.029017252947344984 0.99944011130937738
vn 0.01665721877413312 -0.029017252947344616 0.99944011130937727
vn 0.016657218774133089 -0.029017252947344262 0.99944011130937727
vn 0.016657218774131226 -0.029017252947343745 0.99944011130937727
vn 0.016657218774133661 -0.029017252947345237 0.99944011130937727
vn 0.016657218774133641 -0.029017252947344776 0.99944011130937738
vn 0.01665721877413304 -0.029017252947344523 0.99944011130937715
vn 0.016657218774133651 -0.029017252947344644 0.99944011130937727
vn 0.016657218774131701 -0.029017252947343381 0.99944011130937727
vn 0.016657218774131576 -0.029017252947343614 0.99944011130937749
vn 0.01665721877413345 -0.029017252947344932 0.99944011130937715
vn 0.016657218774133082 -0.029017252947344557 0.99944011130937738
vn 0.016657218774132333 -0.029017252947343461 0.99944011130937727
vn 0.016657218774132433 -0.029017252947344321 0.99944011130937749
vn 0.01665721877413295 -0.029017252947344786 0.99944011130937738
vn 0.01665721877413328 -0.029017252947345005 0.99944011130937738
vn 0.016657218774131149 -0.029017252947343749 0.99944011130937727
vn 0.016657218774131437 -0.029017252947343315 0.99944011130937749
vn 0.016657218774134688 -0.029017252947345973 0.99944011130937715
vn 0.016657218774133949 -0.029017252947344908 0.99944011130937727
vn 0.016657218774132673 -0.029017252947341907 0.99944011130937738
vn 0.016657218774135236 -0.029017252947337722 0.99944011130937738
vn 0.01665721877413227 -0.029017252947344602 0.99944011130937727
vn 0.016657218774137967 -0.029017252947339835 0.99944011130937738
vn 0.016657218774133172 -0.029017252947346344 0.99944011130937727
vn 0.016657218774136211 -0.029017252947337816 0.99944011130937749
vn 0.016657218774132638 -0.029017252947344859 0.99944011130937738
vn 0.016657218774135767 -0.029017252947335561 0.99944011130937749
vn 0.016657218774132947 -0.029017252947343419 0.99944011130937727
vn 0.016657218774133158 -0.029017252947342864 0.99944011130937727
vn 0.01665721877413168 -0.02901725294734676 0.99944011130937727
vn 0.016657218774132586 -0.029017252947344741 0.99944011130937715
vn 0.016657218774133762 -0.029017252947342174 0.99944011130937727
vn 0.016657218774132513 -0.029017252947344693 0.99944011130937738
f 1//1 2//2 3//3
f 3//3 4//4 1//1
f 5//5 6//6 1//1
f 1//1 4//4 5//5
f 7//7 8//8 6//6
f 6//6 5//5 7//7
f 9//9 10//10 8//8
f 8//8 7//7 9//9
f 11//11 12//12 10//10
f 10//10 9//9 11//11
f 13//13 14//14 12//12
f 12//12 11//11 13//13
f 15//15 16//16 14//14
f 14//14 13//13 15//15
f 17//17 18//18 16//16
f 16//16 15//15 17//17
f 19//19 20//20 18//18
f 18//18 17//17 19//19
f 19//19 21//21 22//22
f 22//22 20//20 19//19
f 4//4 3//3 23//23
f 23//23 24//24 4//4
f 5//5 4//4 24//24
f 24//24 25//25 5//5
f 7//7 5//5 25//25
f 25//25 26//26 7//7
f 9//9 7//7 26//26
f 26//26 27//27 9//9
f 11//11 9//9 27//27
f 27//27 28//28 11//11
f 13//13 11//11 28//28
f 28//28 29//29 13//13
f 15//15 13//13 29//29
f 29//29 30//30 15//15
f 17//17 15//15 30//30
f 30//30 31//31 17//17
f 19//19 17//17 31//31
f 31//31 32//32 19//19
f 32//32 33//33 21//21
f 21//21 19//19 32//32
f 24//24 23//23 34//34
f 34//34 35//35 24//24
f 25//25 24//24 35//35
f 35//35 36//36 25//25
f 26//26 25//25 36//36
f 36//36 37//37 26//26
f 27//27 26//26 37//37
f 37//37 38//38 27//27
f 28//28 27//27 38//38
f 38//38 39//39 28//28
f 29//29 28//28 39//39
f 39//39 40//40 29//29
f 30//30 29//29 40//40
f 40//40 41//41 30//30
f 31//31 30//30 41//41
f 41//41 42//42 31//31
f 32//32 31//31 42//42
f 42//42 43//43 32//32
f 43//43 44//44 33//33
f 33//33 32//32 43//43
f 35//35 34//34 45//45
f 45//45 46//46 35//35
f 36//36 35//35 46//46
f 46//46 47//47 36//36
f 37//37 36//36 47//47
f 47//47 48//48 37//37
f 38//38 37//37 48//48
f 48//48 49//49 38//38
f 39//39 38//38 49//49
f 49//49 50//50 39//39
f 40//40 39//39 50//50
f 50//50 51//51 40//40
f 41//41 40//40 51//51
f 51//51 52//52 41//41
f 42//42 41//41 52//52
f 52//52 53//53 42//42
f 43//43 42//42 53//53
f 53//53 54//54 43//43
f 54//54 55//55 44//44
f 44//44 43//43 54//54
f 46//46 45//45 56//56
f 56//56 57//57 46//46
f 47//47 46//46 57//57
f 57//57 58//58 47//47
f 48//48 47//47 58//58
f 58//58 59//59 48//48
f 49//49 48//48 59//59
f 59//59 60//60 49//49
f 50//50 49//49 60//60
f 60//60 61//61 50//50
f 51//51 50//50 61//61
f 61//61 62//62 51//51
f 52//52 51//51 62//62
f 62//62 63//63 52//52
f 53//53 52//52 63//63
f 63//63 64//64 53//53
f 54//54 53//53 64//64
f 64//64 65//65 54//54
f 65//65 66//66 55//55
f 55//55 54//54 65//65
f 57//57 56//56 67//67
f 67//67 68//68 57//57
f 58//58 57//57 68//68
f 68//68 69//69 58//58
f 59//59 58//58 69//69
f 69//69 70//70 59//59
f 60//60 59//59 70//70
f 70//70 71//71 60//60
f 61//61 60//60 71//71
f 71//71 72//72 61//61
f 62//62 61//61 72//72
f 72//72 73//73 62//62
f 63//63 62//62 73//73
f 73//73 74//74 63//63
f 64//64 63//63 74//74
f 74//74 75//75 64//64
f 65//65 64//64 75//75
f 75//75 76//76 65//65
f 76//76 77//77 66//66
f 66//66 65//65 76//76
f 78//78 79//79 80//80
f 80//80 68//68 67//67
f 81//81 788//788 869//869
f 788//788 789//789 869//869
f 789//789 78//78 869//869
f 78//78 80//80 869//869
f 80//80 81//81 869//869
f 80//80 67//67 82//82
f 82//82 786//786 870//870
f 786//786 787//787 870//870
f 787//787 81//81 870//870
f 81//81 80//80 870//870
f 80//80 82//82 870//870
f 69//69 68//68 80//80
f 80//80 83//83 69//69
f 70//70 69//69 83//83
f 83//83 84//84 70//70
f 71//71 70//70 84//84
f 84//84 85//85 71//71
f 72//72 71//71 85//85
f 85//85 86//86 72//72
f 73//73 72//72 86//86
f 86//86 87//87 73//73
f 74//74 73//73 87//87
f 87//87 88//88 74//74
f 75//75 74//74 88//88
f 88//88 89//89 75//75
f 76//76 75//75 89//89
f 89//89 90//90 76//76
f 90//90 91//91 77//77
f 77//77 76//76 90//90
f 92//92 93//93 94//94
f 80//80 79//79 871//871
f 79//79 790//790 871//871
f 790//790 95//95 871//871
f 95//95 80//80 871//871
f 96//96 804//804 872//872
f 804//804 805//805 872//872
f 805//805 92//92 872//872
f 92//92 94//94 872//872
f 94//94 96//96 872//872
f 80//80 95//95 873//873
f 95//95 791//791 873//873
f 791//791 792//792 873//873
f 792//792 97//97 873//873
f 97//97 80//80 873//873
f 98//98 803//803 874//874
f 803//803 96//96 874//874
f 96//96 94//94 874//874
f 94//94 98//98 874//874
f 80//80 97//97 875//875
f 97//97 793//793 875//875
f 793//793 794//794 875//875
f 794//794 99//99 875//875
f 99//99 80//80 875//875
f 98//98 94//94 80//80
f 80//80 99//99 876//876
f 99//99 795//795 876//876
f 795//795 796//796 876//876
f 796//796 100//100 876//876
f 100//100 80//80 876//876
f 101//101 801//801 877//877
f 801//801 802//802 877//877
f 802//802 98//98 877//877
f 98//98 80//80 877//877
f 80//80 101//101 877//877
f 80//80 100//100 878//878
f 100//100 797//797 878//878
f 797//797 798//798 878//878
f 798//798 799//799 878//878
f 799//799 102//102 878//878
f 102//102 80//80 878//878
f 102//102 800//800 879//879
f 800//800 101//101 879//879
f 101//101 80//80 879//879
f 80//80 102//102 879//879
f 83//83 80//80 94//94
f 94//94 103//103 83//83
f 84//84 83//83 103//103
f 103//103 104//104 84//84
f 85//85 84//84 104//104
f 104//104 105//105 85//85
f 86//86 85//85 105//105
f 105//105 106//106 86//86
f 87//87 86//86 106//106
f 106//106 107//107 87//87
f 88//88 87//87 107//107
f 107//107 108//108 88//88
f 89//89 88//88 108//108
f 108//108 109//109 89//89
f 90//90 89//89 109//109
f 109//109 110//110 90//90
f 110//110 111//111 91//91
f 91//91 90//90 110//110
f 112//112 806//806 880//880
f 806//806 113//113 880//880
f 113//113 94//94 880//880
f 94//94 112//112 880//880
f 94//94 93//93 112//112
f 114//114 115//115 116//116
f 116//116 103//103 94//94
f 94//94 113//113 117//117
f 118//118 815//815 881//881
f 815//815 114//114 881//881
f 114//114 116//116 881//881
f 116//116 118//118 881//881
f 116//116 94//94 117//117
f 119//119 813//813 882//882
f 813//813 814//814 882//882
f 814//814 118//118 882//882
f 118//118 116//116 882//882
f 116//116 119//119 882//882
f 116//116 117//117 883//883
f 117//117 807//807 883//883
f 807//807 120//120 883//883
f 120//120 116//116 883//883
f 121//121 812//812 884//884
f 812//812 119//119 884//884
f 119//119 116//116 884//884
f 116//116 121//121 884//884
f 116//116 120//120 885//885
f 120//120 808//808 885//885
f 808//808 122//122 885//885
f 122//122 116//116 885//885
f 123//123 811//811 886//886
f 811//811 121//121 886//886
f 121//121 116//116 886//886
f 116//116 123//123 886//886
f 116//116 122//122 887//887
f 122//122 809//809 887//887
f 809//809 124//124 887//887
f 124//124 116//116 887//887
f 124//124 810//810 888//888
f 810//810 123//123 888//888
f 123//123 116//116 888//888
f 116//116 124//124 888//888
f 104//104 103//103 116//116
f 116//116 125//125 104//104
f 105//105 104//104 125//125
f 125//125 126//126 105//105
f 106//106 105//105 126//126
f 126//126 127//127 106//106
f 107//107 106//106 127//127
f 127//127 128//128 107//107
f 108//108 107//107 128//128
f 128//128 129//129 108//108
f 109//109 108//108 129//129
f 129//129 130//130 109//109
f 110//110 109//109 130//130
f 130//130 131//131 110//110
f 131//131 132//132 111//111
f 111//111 110//110 131//131
f 133//133 825//825 889//889
f 825//825 134//134 889//889
f 134//134 135//135 889//889
f 135//135 133//133 889//889
f 135//135 116//116 115//115
f 136//136 824//824 890//890
f 824//824 133//133 890//890
f 133//133 135//135 890//890
f 135//135 136//136 890//890
f 135//135 115//115 137//137
f 138//138 823//823 891//891
f 823//823 136//136 891//891
f 136//136 135//135 891//891
f 135//135 138//138 891//891
f 135//135 137//137 892//892
f 137//137 816//816 892//892
f 816//816 139//139 892//892
f 139//139 135//135 892//892
f 140//140 822//822 893//893
f 822//822 138//138 893//893
f 138//138 135//135 893//893
f 135//135 140//140 893//893
f 135//135 139//139 894//894
f 139//139 817//817 894//894
f 817//817 141//141 894//894
f 141//141 135//135 894//894
f 142//142 821//821 895//895
f 821//821 140//140 895//895
f 140//140 135//135 895//895
f 135//135 142//142 895//895
f 135//135 141//141 896//896
f 141//141 818//818 896//896
f 818//818 819//819 896//896
f 819//819 143//143 896//896
f 143//143 135//135 896//896
f 143//143 820//820 897//897
f 820//820 142//142 897//897
f 142//142 135//135 897//897
f 135//135 143//143 897//897
f 125//125 116//116 135//135
f 135//135 144//144 125//125
f 126//126 125//125 144//144
f 144//144 145//145 126//126
f 127//127 126//126 145//145
f 145//145 146//146 127//127
f 128//128 127//127 146//146
f 146//146 147//147 128//128
f 129//129 128//128 147//147
f 147//147 148//148 129//129
f 130//130 129//129 148//148
f 148//148 149//149 130//130
f 131//131 130//130 149//149
f 149//149 150//150 131//131
f 150//150 151//151 132//132
f 132//132 131//131 150//150
f 152//152 153//153 154//154
f 154//154 135//135 134//134
f 155//155 834//834 898//898
f 834//834 152//152 898//898
f 152//152 154//154 898//898
f 154//154 155//155 898//898
f 154//154 134//134 156//156
f 157//157 833//833 899//899
f 833//833 155//155 899//899
f 155//155 154//154 899//899
f 154//154 157//157 899//899
f 154//154 156//156 900//900
f 156//156 826//826 900//900
f 826//826 158//158 900//900
f 158//158 154//154 900//900
f 159//159 832//832 901//901
f 832//832 157//157 901//901
f 157//157 154//154 901//901
f 154//154 159//159 901//901
f 154//154 158//158 902//902
f 158//158 827//827 902//902
f 827//827 160//160 902//902
f 160//160 154//154 902//902
f 161//161 831//831 903//903
f 831//831 159//159 903//903
f 159//159 154//154 903//903
f 154//154 161//161 903//903
f 154//154 160//160 904//904
f 160//160 828//828 904//904
f 828//828 162//162 904//904
f 162//162 154//154 904//904
f 163//163 830//830 905//905
f 830//830 161//161 905//905
f 161//161 154//154 905//905
f 154//154 163//163 905//905
f 154//154 162//162 906//906
f 162//162 829//829 906//906
f 829//829 163//163 906//906
f 163//163 154//154 906//906
f 144//144 135//135 154//154
f 154//154 164//164 144//144
f 145//145 144//144 164//164
f 164//164 165//165 145//145
f 146//146 145//145 165//165
f 165//165 166//166 146//146
f 147//147 146//146 166//166
f 166//166 167//167 147//147
f 148//148 147//147 167//167
f 167//167 168//168 148//148
f 149//149 148//148 168//168
f 168//168 169//169 149//149
f 150//150 149//149 169//169
f 169//169 170//170 150//150
f 170//170 171//171 151//151
f 151//151 150//150 170//170
f 172//172 173//173 174//174
f 174//174 154//154 153//153
f 175//175 843//843 907//907
f 843//843 172//172 907//907
f 172//172 174//174 907//907
f 174//174 175//175 907//907
f 174//174 153//153 176//176
f 177//177 842//842 908//908
f 842//842 844//844 908//908
f 844//844 175//175 908//908
f 175//175 174//174 908//908
f 174//174 177//177 908//908
f 174//174 176//176 909//909
f 176//176 835//835 909//909
f 835//835 836//836 909//909
f 836//836 178//178 909//909
f 178//178 174//174 909//909
f 179//179 841//841 910//910
f 841//841 177//177 910//910
f 177//177 174//174 910//910
f 174//174 179//179 910//910
f 174//174 178//178 911//911
f 178//178 837//837 911//911
f 837//837 180//180 911//911
f 180//180 174//174 911//911
f 181//181 840//840 912//912
f 840//840 179//179 912//912
f 179//179 174//174 912//912
f 174//174 181//181 912//912
f 174//174 180//180 913//913
f 180//180 838//838 913//913
f 838//838 182//182 913//913
f 182//182 174//174 913//913
f 182//182 839//839 914//914
f 839//839 181//181 914//914
f 181//181 174//174 914//914
f 174//174 182//182 914//914
f 164//164 154//154 174//174
f 174//174 183//183 164//164
f 165//165 164//164 183//183
f 183//183 184//184 165//165
f 166//166 165//165 184//184
f 184//184 185//185 166//166
f 167//167 166//166 185//185
f 185//185 186//186 167//167
f 168//168 167//167 186//186
f 186//186 187//187 168//168
f 169//169 168//168 187//187
f 187//187 188//188 169//169
f 170//170 169//169 188//188
f 188//188 189//189 170//170
f 189//189 190//190 171//171
f 171//171 170//170 189//189
f 191//191 857//857 915//915
f 857//857 859//859 915//915
f 859//859 192//192 915//915
f 192//192 193//193 915//915
f 193//193 191//191 915//915
f 193//193 194//194 916//916
f 194//194 848//848 916//916
f 848//848 195//195 916//916
f 195//195 193//193 916//916
f 196//196 855//855 917//917
f 855//855 858//858 917//917
f 858//858 191//191 917//917
f 191//191 193//193 917//917
f 193//193 196//196 917//917
f 193//193 195//195 918//918
f 195//195 849//849 918//918
f 849//849 851//851 918//918
f 851//851 197//197 918//918
f 197//197 193//193 918//918
f 198//198 853//853 919//919
f 853//853 856//856 919//919
f 856//856 196//196 919//919
f 196//196 193//193 919//919
f 193//193 198//198 919//919
f 193//193 197//197 920//920
f 197//197 850//850 920//920
f 850//850 199//199 920//920
f 199//199 193//193 920//920
f 199//199 852//852 921//921
f 852//852 854//854 921//921
f 854//854 198//198 921//921
f 198//198 193//193 921//921
f 193//193 199//199 921//921
f 200//200 194//194 193//193
f 193//193 201//201 174//174
f 174//174 173//173 202//202
f 203//203 847//847 922//922
f 847//847 200//200 922//922
f 200//200 193//193 922//922
f 193//193 203//203 922//922
f 193//193 174//174 202//202
f 202//202 846//846 923//923
f 846//846 845//845 923//923
f 845//845 203//203 923//923
f 203//203 193//193 923//923
f 193//193 202//202 923//923
f 204//204 205//205 206//206
f 207//207 208//208 174//174
f 174//174 201//201 209//209
f 210//210 211//211 212//212
f 183//183 174//174 208//208
f 204//204 206//206 213//213
f 214//214 207//207 174//174
f 209//209 215//215 216//216
f 217//217 210//210 212//212
f 218//218 219//219 183//183
f 183//183 208//208 220//220
f 221//221 214//214 174//174
f 209//209 216//216 222//222
f 217//217 212//212 218//218
f 218//218 183//183 220//220
f 223//223 221//221 174//174
f 209//209 222//222 224//224
f 217//217 218//218 220//220
f 223//223 174//174 209//209
f 225//225 217//217 220//220
f 226//226 223//223 209//209
f 225//225 220//220 204//204
f 227//227 205//205 204//204
f 228//228 226//226 209//209
f 224//224 225//225 204//204
f 229//229 227//227 204//204
f 230//230 228//228 209//209
f 224//224 204//204 213//213
f 231//231 229//229 204//204
f 232//232 230//230 209//209
f 224//224 213//213 233//233
f 234//234 231//231 204//204
f 235//235 232//232 209//209
f 209//209 224//224 233//233
f 234//234 204//204 235//235
f 209//209 233//233 236//236
f 234//234 235//235 209//209
f 209//209 236//236 237//237
f 238//238 234//234 209//209
f 209//209 237//237 239//239
f 239//239 238//238 209//209
f 240//240 215//215 209//209
f 209//209 241//241 184//184
f 184//184 183//183 219//219
f 242//242 243//243 244//244
f 244//244 240//240 209//209
f 184//184 219//219 245//245
f 246//246 242//242 244//244
f 244//244 209//209 184//184
f 184//184 245//245 247//247
f 246//246 244//244 184//184
f 184//184 247//247 248//248
f 249//249 246//246 184//184
f 184//184 248//248 249//249
f 185//185 184//184 241//241
f 241//241 250//250 185//185
f 186//186 185//185 250//250
f 250//250 251//251 186//186
f 187//187 186//186 251//251
f 251//251 252//252 187//187
f 188//188 187//187 252//252
f 252//252 253//253 188//188
f 189//189 188//188 253//253
f 253//253 254//254 189//189
f 254//254 255//255 190//190
f 190//190 189//189 254//254
f 256//256 257//257 193//193
f 193//193 192//192 258//258
f 259//259 868//868 924//924
f 868//868 867//867 924//924
f 867//867 260//260 924//924
f 260//260 256//256 924//924
f 256//256 259//259 924//924
f 256//256 193//193 258//258
f 261//261 866//866 925//925
f 866//866 865//865 925//925
f 865//865 259//259 925//925
f 259//259 256//256 925//925
f 256//256 261//261 925//925
f 256//256 258//258 926//926
f 258//258 860//860 926//926
f 860//860 262//262 926//926
f 262//262 256//256 926//926
f 263//263 864//864 927//927
f 864//864 863//863 927//927
f 863//863 261//261 927//927
f 261//261 256//256 927//927
f 256//256 263//263 927//927
f 256//256 262//262 928//928
f 262//262 862//862 928//928
f 862//862 861//861 928//928
f 861//861 263//263 928//928
f 263//263 256//256 928//928
f 201//201 193//193 257//257
f 257//257 264//264 201//201
f 201//201 265//265 266//266
f 267//267 265//265 201//201
f 268//268 209//209 201//201
f 201//201 266//266 269//269
f 270//270 267//267 201//201
f 268//268 201//201 269//269
f 271//271 270//270 201//201
f 268//268 269//269 272//272
f 271//271 201//201 264//264
f 268//268 272//272 273//273
f 274//274 271//271 264//264
f 268//268 273//273 275//275
f 276//276 274//274 264//264
f 264//264 268//268 275//275
f 277//277 276//276 264//264
f 264//264 275//275 277//277
f 241//241 209//209 268//268
f 268//268 278//278 241//241
f 250//250 241//241 278//278
f 278//278 279//279 250//250
f 251//251 250//250 279//279
f 279//279 280//280 251//251
f 252//252 251//251 280//280
f 280//280 281//281 252//252
f 253//253 252//252 281//281
f 281//281 282//282 253//253
f 254//254 253//253 282//282
f 282//282 283//283 254//254
f 283//283 284//284 255//255
f 255//255 254//254 283//283
f 256//256 285//285 286//286
f 287//287 285//285 256//256
f 256//256 288//288 289//289
f 290//290 291//291 292//292
f 293//293 294//294 295//295
f 257//257 256//256 286//286
f 296//296 287//287 256//256
f 256//256 289//289 297//297
f 297//297 290//290 292//292
f 298//298 293//293 295//295
f 257//257 286//286 299//299
f 300//300 296//296 256//256
f 256//256 297//297 292//292
f 292//292 298//298 295//295
f 257//257 299//299 301//301
f 302//302 300//300 256//256
f 256//256 292//292 295//295
f 295//295 257//257 301//301
f 303//303 302//302 256//256
f 295//295 301//301 304//304
f 303//303 256//256 295//295
f 295//295 304//304 305//305
f 306//306 303//303 295//295
f 295//295 305//305 306//306
f 257//257 295//295 307//307
f 308//308 309//309 264//264
f 307//307 310//310 311//311
f 312//312 308//308 264//264
f 257//257 307//307 311//311
f 312//312 264//264 257//257
f 257//257 311//311 313//313
f 314//314 312//312 257//257
f 257//257 313//313 315//315
f 315//315 314//314 257//257
f 264//264 316//316 317//317
f 318//318 319//319 320//320
f 321//321 322//322 323//323
f 324//324 316//316 264//264
f 264//264 309//309 325//325
f 326//326 310//310 307//307
f 268//268 264//264 327//327
f 328//328 329//329 330//330
f 331//331 332//332 333//333
f 334//334 327//327 264//264
f 264//264 317//317 335//335
f 336//336 318//318 320//320
f 337//337 321//321 323//323
f 323//323 324//324 264//264
f 264//264 325//325 338//338
f 339//339 326//326 307//307
f 268//268 327//327 340//340
f 341//341 328//328 330//330
f 342//342 331//331 333//333
f 343//343 334//334 264//264
f 336//336 320//320 344//344
f 337//337 323//323 264//264
f 268//268 340//340 341//341
f 341//341 330//330 345//345
f 342//342 333//333 346//346
f 347//347 343//343 264//264
f 348//348 337//337 264//264
f 268//268 341//341 345//345
f 349//349 347//347 264//264
f 350//350 348//348 264//264
f 351//351 268//268 345//345
f 349//349 264//264 335//335
f 350//350 264//264 338//338
f 351//351 345//345 352//352
f 353//353 349//349 335//335
f 350//350 338//338 339//339
f 351//351 352//352 354//354
f 355//355 353//353 335//335
f 350//350 339//339 307//307
f 351//351 354//354 342//342
f 346//346 355//355 335//335
f 356//356 350//350 307//307
f 351//351 342//342 346//346
f 346//346 335//335 357//357
f 358//358 356//356 307//307
f 351//351 346//346 357//357
f 359//359 358//358 307//307
f 351//351 357//357 360//360
f 344//344 359//359 307//307
f 351//351 360//360 336//336
f 344//344 307//307 351//351
f 351//351 336//336 344//344
f 278//278 268//268 351//351
f 351//351 361//361 278//278
f 279//279 278//278 361//361
f 361//361 362//362 279//279
f 280//280 279//279 362//362
f 362//362 363//363 280//280
f 281//281 280//280 363//363
f 363//363 364//364 281//281
f 282//282 281//281 364//364
f 364//364 365//365 282//282
f 283//283 282//282 365//365
f 365//365 366//366 283//283
f 366//366 367//367 284//284
f 284//284 283//283 366//366
f 368//368 369//369 370//370
f 295//295 294//294 371//371
f 372//372 373//373 374//374
f 375//375 376//376 377//377
f 378//378 379//379 380//380
f 381//381 368//368 370//370
f 295//295 371//371 382//382
f 383//383 372//372 374//374
f 384//384 375//375 377//377
f 385//385 378//378 380//380
f 386//386 381//381 370//370
f 295//295 382//382 383//383
f 383//383 374//374 387//387
f 384//384 377//377 388//388
f 385//385 380//380 386//386
f 389//389 295//295 383//383
f 385//385 386//386 370//370
f 389//389 383//383 387//387
f 390//390 385//385 370//370
f 389//389 387//387 391//391
f 392//392 390//390 370//370
f 389//389 391//391 393//393
f 388//388 392//392 370//370
f 389//389 393//393 384//384
f 388//388 370//370 389//389
f 389//389 384//384 388//388
f 307//307 295//295 389//389
f 389//389 394//394 307//307
f 395//395 396//396 397//397
f 398//398 396//396 395//395
f 399//399 400//400 307//307
f 394//394 401//401 402//402
f 403//403 404//404 351//351
f 351//351 307//307 400//400
f 405//405 395//395 397//397
f 406//406 398//398 395//395
f 407//407 399//399 307//307
f 394//394 402//402 408//408
f 409//409 403//403 351//351
f 351//351 400//400 410//410
f 411//411 405//405 397//397
f 406//406 395//395 412//412
f 413//413 407//407 307//307
f 394//394 408//408 414//414
f 415//415 409//409 351//351
f 351//351 410//410 416//416
f 417//417 411//411 397//397
f 418//418 406//406 412//412
f 413//413 307//307 394//394
f 394//394 414//414 419//419
f 415//415 351//351 416//416
f 416//416 417//417 397//397
f 420//420 418//418 412//412
f 421//421 413//413 394//394
f 419//419 415//415 416//416
f 416//416 397//397 422//422
f 420//420 412//412 421//421
f 419//419 416//416 422//422
f 420//420 421//421 394//394
f 419//419 422//422 423//423
f 424//424 420//420 394//394
f 419//419 423//423 425//425
f 426//426 424//424 394//394
f 419//419 425//425 427//427
f 426//426 394//394 419//419
f 419//419 427//427 426//426
f 428//428 402//402 401//401
f 401//401 429//429 361//361
f 361//361 351//351 404//404
f 430//430 428//428 401//401
f 361//361 404//404 431//431
f 432//432 430//430 401//401
f 361//361 431//431 433//433
f 432//432 401//401 361//361
f 361//361 433//433 434//434
f 434//434 432//432 361//361
f 362//362 361//361 429//429
f 429//429 435//435 362//362
f 363//363 362//362 435//435
f 435//435 436//436 363//363
f 364//364 363//363 436//436
f 436//436 437//437 364//364
f 365//365 364//364 437//437
f 437//437 438//438 365//365
f 366//366 365//365 438//438
f 438//438 439//439 366//366
f 439//439 440//440 367//367
f 367//367 366//366 439//439
f 389//389 370//370 441//441
f 441//441 442//442 389//389
f 394//394 389//389 442//442
f 442//442 443//443 394//394
f 394//394 444//444 445//445
f 446//446 447//447 448//448
f 449//449 444//444 394//394
f 450//450 451//451 452//452
f 401//401 394//394 445//445
f 453//453 446//446 448//448
f 448//448 449//449 394//394
f 454//454 455//455 456//456
f 456//456 450//450 452//452
f 457//457 458//458 401//401
f 401//401 445//445 459//459
f 453//453 448//448 394//394
f 454//454 456//456 452//452
f 460//460 457//457 401//401
f 401//401 459//459 461//461
f 462//462 453//453 394//394
f 454//454 452//452 463//463
f 464//464 460//460 401//401
f 401//401 461//461 465//465
f 466//466 462//462 394//394
f 454//454 463//463 467//467
f 464//464 401//401 465//465
f 468//468 466//466 394//394
f 467//467 464//464 465//465
f 468//468 394//394 443//443
f 454//454 467//467 465//465
f 469//469 468//468 443//443
f 454//454 465//465 470//470
f 471//471 469//469 443//443
f 454//454 470//470 471//471
f 471//471 443//443 454//454
f 472//472 455//455 454//454
f 454//454 473//473 429//429
f 429//429 401//401 458//458
f 474//474 475//475 476//476
f 477//477 472//472 454//454
f 429//429 458//458 478//478
f 478//478 474//474 476//476
f 477//477 454//454 429//429
f 429//429 478//478 476//476
f 479//479 477//477 429//429
f 429//429 476//476 480//480
f 481//481 479//479 429//429
f 429//429 480//480 481//481
f 435//435 429//429 473//473
f 473//473 482//482 435//435
f 436//436 435//435 482//482
f 482//482 483//483 436//436
f 437//437 436//436 483//483
f 483//483 484//484 437//437
f 438//438 437//437 484//484
f 484//484 485//485 438//438
f 439//439 438//438 485//485
f 485//485 486//486 439//439
f 486//486 487//487 440//440
f 440//440 439//439 486//486
f 442//442 441//441 488//488
f 488//488 489//489 442//442
f 490//490 491//491 492//492
f 493//493 494//494 495//495
f 496//496 497//497 498//498
f 499//499 490//490 492//492
f 500//500 493//493 495//495
f 501//501 502//502 503//503
f 503//503 504//504 505//505
f 506//506 507//507 443//443
f 489//489 496//496 498//498
f 499//499 492//492 500//500
f 500//500 495//495 501//501
f 501//501 503//503 505//505
f 508//508 506//506 443//443
f 489//489 498//498 509//509
f 499//499 500//500 501//501
f 501//501 505//505 510//510
f 511//511 508//508 443//443
f 489//489 509//509 512//512
f 499//499 501//501 510//510
f 511//511 443//443 442//442
f 442//442 489//489 512//512
f 513//513 499//499 510//510
f 514//514 511//511 442//442
f 442//442 512//512 515//515
f 516//516 513//513 510//510
f 510//510 514//514 442//442
f 442//442 515//515 517//517
f 516//516 510//510 442//442
f 442//442 517//517 516//516
f 518//518 504//504 503//503
f 503//503 519//519 454//454
f 454//454 443//443 507//507
f 520//520 518//518 503//503
f 454//454 507//507 521//521
f 520//520 503//503 454//454
f 454//454 521//521 522//522
f 522//522 520//520 454//454
f 473//473 454//454 519//519
f 519//519 523//523 473//473
f 482//482 473//473 523//523
f 523//523 524//524 482//482
f 483//483 482//482 524//524
f 524//524 525//525 483//483
f 484//484 483//483 525//525
f 525//525 526//526 484//484
f 485//485 484//484 526//526
f 526//526 527//527 485//485
f 486//486 485//485 527//527
f 527//527 528//528 486//486
f 528//528 529//529 487//487
f 487//487 486//486 528//528
f 530//530 531//531 532//532
f 533//533 531//531 530//530
f 534//534 535//535 536//536
f 537//537 538//538 539//539
f 540//540 541//541 489//489
f 489//489 488//488 542//542
f 543//543 544//544 545//545
f 546//546 530//530 532//532
f 547//547 533//533 530//530
f 548//548 544//544 543//543
f 549//549 534//534 536//536
f 550//550 537//537 539//539
f 539//539 551//551 552//552
f 553//553 540//540 489//489
f 489//489 542//542 554//554
f 554//554 543//543 545//545
f 555//555 546//546 532//532
f 556//556 547//547 530//530
f 557//557 548//548 543//543
f 549//549 536//536 558//558
f 539//539 552//552 553//553
f 489//489 554//554 545//545
f 559//559 555//555 532//532
f 556//556 530//530 560//560
f 561//561 557//557 543//543
f 562//562 549//549 558//558
f 489//489 545//545 563//563
f 559//559 532//532 564//564
f 556//556 560//560 561//561
f 561//561 543//543 565//565
f 562//562 558//558 566//566
f 489//489 563//563 567//567
f 559//559 564//564 568//568
f 556//556 561//561 565//565
f 562//562 566//566 569//569
f 553//553 489//489 567//567
f 570//570 556//556 565//565
f 562//562 569//569 571//571
f 553//553 567//567 559//559
f 570//570 565//565 562//562
f 553//553 559//559 568//568
f 570//570 562//562 571//571
f 553//553 568//568 572//572
f 573//573 570//570 571//571
f 553//553 572//572 574//574
f 573//573 571//571 550//550
f 553//553 574//574 575//575
f 573//573 550//550 539//539
f 539//539 553//553 575//575
f 575//575 573//573 539//539
f 489//489 541//541 576//576
f 577//577 578//578 579//579
f 580//580 581//581 582//582
f 503//503 502//502 583//583
f 584//584 585//585 586//586
f 587//587 588//588 589//589
f 590//590 496//496 489//489
f 489//489 576//576 591//591
f 592//592 577//577 579//579
f 579//579 593//593 594//594
f 580//580 582//582 595//595
f 596//596 597//597 503//503
f 503//503 583//583 598//598
f 598//598 584//584 586//586
f 599//599 587//587 589//589
f 600//600 590//590 489//489
f 489//489 591//591 601//601
f 592//592 579//579 594//594
f 580//580 595//595 602//602
f 603//603 596//596 503//503
f 503//503 598//598 586//586
f 599//599 589//589 600//600
f 600//600 489//489 601//601
f 604//604 592//592 594//594
f 603//603 503//503 586//586
f 605//605 599//599 600//600
f 600//600 601//601 606//606
f 607//607 604//604 594//594
f 608//608 603//603 586//586
f 605//605 600//600 606//606
f 609//609 607//607 594//594
f 602//602 608//608 586//586
f 610//610 605//605 606//606
f 611//611 609//609 594//594
f 580//580 602//602 586//586
f 612//612 610//610 606//606
f 606//606 611//611 594//594
f 613//613 580//580 586//586
f 614//614 612//612 606//606
f 606//606 594//594 613//613
f 613//613 586//586 615//615
f 616//616 614//614 606//606
f 606//606 613//613 615//615
f 615//615 616//616 606//606
f 617//617 618//618 619//619
f 620//620 621//621 622//622
f 623//623 594//594 593//593
f 593//593 624//624 519//519
f 519//519 503//503 597//597
f 625//625 617//617 619//619
f 626//626 620//620 622//622
f 627//627 623//623 593//593
f 519//519 597//597 625//625
f 626//626 622//622 628//628
f 627//627 593//593 519//519
f 519//519 625//625 619//619
f 629//629 627//627 519//519
f 519//519 619//619 626//626
f 630//630 629//629 519//519
f 519//519 626//626 628//628
f 628//628 630//630 519//519
f 523//523 519//519 624//624
f 624//624 631//631 523//523
f 524//524 523//523 631//631
f 631//631 632//632 524//524
f 525//525 524//524 632//632
f 632//632 633//633 525//525
f 526//526 525//525 633//633
f 633//633 634//634 526//526
f 527//527 526//526 634//634
f 634//634 635//635 527//527
f 528//528 527//527 635//635
f 635//635 636//636 528//528
f 636//636 637//637 529//529
f 529//529 528//528 636//636
f 539//539 638//638 639//639
f 640//640 638//638 539//539
f 539//539 641//641 642//642
f 643//643 644//644 645//645
f 646//646 647//647 648//648
f 649//649 650//650 651//651
f 652//652 653//653 654//654
f 655//655 656//656 657//657
f 658//658 659//659 660//660
f 661//661 551//551 539//539
f 662//662 640//640 539//539
f 539//539 642//642 663//663
f 664//664 643//643 645//645
f 665//665 646//646 648//648
f 648//648 666//666 667//667
f 668//668 649//649 651//651
f 669//669 652//652 654//654
f 670//670 655//655 657//657
f 671//671 658//658 660//660
f 660//660 672//672 673//673
f 673//673 661//661 539//539
f 674//674 662//662 539//539
f 539//539 663//663 664//664
f 664//664 645//645 675//675
f 676//676 665//665 648//648
f 648//648 667//667 677//677
f 668//668 651//651 669//669
f 669//669 654//654 678//678
f 679//679 670//670 657//657
f 671//671 660//660 673//673
f 673//673 539//539 639//639
f 680//680 674//674 539//539
f 539//539 664//664 675//675
f 648//648 677//677 668//668
f 681//681 671//671 673//673
f 673//673 639//639 682//682
f 680//680 539//539 675//675
f 676//676 648//648 668//668
f 683//683 681//681 673//673
f 673//673 682//682 684//684
f 685//685 680//680 675//675
f 686//686 676//676 668//668
f 687//687 683//683 673//673
f 673//673 684//684 688//688
f 689//689 685//685 675//675
f 690//690 686//686 668//668
f 687//687 673//673 688//688
f 691//691 689//689 675//675
f 690//690 668//668 669//669
f 657//657 687//687 688//688
f 691//691 675//675 692//692
f 690//690 669//669 678//678
f 679//679 657//657 688//688
f 691//691 692//692 693//693
f 690//690 678//678 694//694
f 694//694 679//679 688//688
f 688//688 691//691 693//693
f 690//690 694//694 688//688
f 688//688 693//693 690//690
f 695//695 696//696 697//697
f 698//698 696//696 695//695
f 695//695 672//672 660//660
f 699//699 700//700 701//701
f 702//702 703//703 704//704
f 705//705 667//667 666//666
f 706//706 707//707 708//708
f 709//709 710//710 711//711
f 712//712 713//713 714//714
f 715//715 716//716 717//717
f 718//718 719//719 720//720
f 721//721 722//722 723//723
f 593//593 579//579 724//724
f 724//724 695//695 697//697
f 725//725 698//698 695//695
f 695//695 660//660 726//726
f 699//699 701//701 727//727
f 728//728 702//702 704//704
f 704//704 705//705 666//666
f 666//666 706//706 708//708
f 729//729 709//709 711//711
f 730//730 712//712 714//714
f 731//731 715//715 717//717
f 732//732 718//718 720//720
f 733//733 721//721 723//723
f 734//734 735//735 736//736
f 593//593 724//724 697//697
f 725//725 695//695 726//726
f 699//699 727//727 737//737
f 728//728 704//704 666//666
f 666//666 708//708 738//738
f 729//729 711//711 730//730
f 730//730 714//714 739//739
f 731//731 717//717 740//740
f 732//732 720//720 741//741
f 733//733 723//723 742//742
f 742//742 734//734 736//736
f 593//593 697//697 743//743
f 744//744 725//725 726//726
f 728//728 666//666 738//738
f 745//745 732//732 741//741
f 742//742 736//736 593//593
f 593//593 743//743 746//746
f 747//747 744//744 726//726
f 748//748 728//728 738//738
f 745//745 741//741 733//733
f 733//733 742//742 593//593
f 593//593 746//746 749//749
f 750//750 747//747 726//726
f 737//737 748//748 738//738
f 745//745 733//733 593//593
f 593//593 749//749 751//751
f 752//752 750//750 726//726
f 699//699 737//737 738//738
f 753//753 745//745 593//593
f 593//593 751//751 752//752
f 752//752 726//726 699//699
f 699//699 738//738 754//754
f 740//740 753//753 593//593
f 593//593 752//752 699//699
f 699//699 754//754 755//755
f 731//731 740//740 593//593
f 699//699 755//755 729//729
f 756//756 731//731 593//593
f 699//699 729//729 929//929
f 729//729 730//730 929//929
f 730//730 739//739 929//929
f 739//739 699//699 929//929
f 757//757 756//756 593//593
f 593//593 699//699 739//739
f 739//739 757//757 593//593
f 593//593 736//736 758//758
f 593//593 758//758 759//759
f 760//760 761//761 624//624
f 593//593 759//759 762//762
f 763//763 760//760 624//624
f 593//593 762//762 764//764
f 763//763 624//624 593//593
f 593//593 764//764 763//763
f 631//631 624//624 761//761
f 765//765 759//759 758//758
f 766//766 767//767 768//768
f 631//631 761//761 769//769
f 770//770 765//765 758//758
f 758//758 771//771 772//772
f 773//773 766//766 768//768
f 631//631 769//769 774//774
f 775//775 770//770 758//758
f 758//758 772//772 776//776
f 773//773 768//768 631//631
f 631//631 774//774 777//777
f 775//775 758//758 776//776
f 778//778 773//773 631//631
f 631//631 777//777 775//775
f 775//775 776//776 779//779
f 779//779 778//778 631//631
f 631//631 775//775 779//779
f 631//631 768//768 780//780
f 780//780 632//632 631//631
f 632//632 780//780 781//781
f 781//781 633//633 632//632
f 633//633 781//781 782//782
f 782//782 634//634 633//633
f 634//634 782//782 783//783
f 783//783 635//635 634//634
f 635//635 783//783 784//784
f 784//784 636//636 635//635
f 784//784 785//785 637//637
f 637//637 636//636 784//784
