# Start sample in unchanged v3 map coordinates, metres. Float64 round-trip precision.
v 3 -0.85000000000000009 -0.37605162153734334
v 3 -1.1000000000000001 -0.38330999865744125
v 3.25 -1.1000000000000001 -0.3874766362042148
v 3.25 -0.85000000000000009 -0.38021825908411688
v 3.25 -0.60000000000000009 -0.37295988196401897
v 3 -0.60000000000000009 -0.36879324441724548
v 3.25 -0.35000000000000009 -0.36570150484392111
v 3 -0.35000000000000009 -0.36153486729714757
v 3.25 -0.10000000000000009 -0.3584431277238232
v 3 -0.10000000000000009 -0.35427649017704965
v 3.25 0.14999999999999991 -0.35118475060372528
v 3 0.14999999999999991 -0.34701811305695174
v 3.25 0.39999999999999991 -0.34392637348362742
v 3 0.39999999999999991 -0.33975973593685382
v 3.25 0.64999999999999991 -0.33666799636352951
v 3 0.64999999999999991 -0.33250135881675597
v 3.25 0.89999999999999991 -0.3294096192434316
v 3 0.89999999999999991 -0.32524298169665805
v 3.25 1.1499999999999999 -0.32215124212333368
v 3 1.1499999999999999 -0.31798460457656014
v 3.25 1.3999999999999999 -0.31489286500323577
v 3 1.3999999999999999 -0.31072622745646222
v 3.5 -1.1000000000000001 -0.39164327375098834
v 3.5 -0.85000000000000009 -0.38438489663089043
v 3.5 -0.60000000000000009 -0.37712651951079251
v 3.5 -0.35000000000000009 -0.36986814239069465
v 3.5 -0.10000000000000009 -0.36260976527059674
v 3.5 0.14999999999999991 -0.35535138815049883
v 3.5 0.39999999999999991 -0.34809301103040091
v 3.5 0.64999999999999991 -0.34083463391030305
v 3.5 0.89999999999999991 -0.33357625679020514
v 3.5 1.1499999999999999 -0.32631787967010722
v 3.5 1.3999999999999999 -0.31905950255000931
v 3.75 -1.1000000000000001 -0.39580991129776188
v 3.75 -0.85000000000000009 -0.38855153417766397
v 3.75 -0.60000000000000009 -0.38129315705756606
v 3.75 -0.35000000000000009 -0.37403477993746814
v 3.75 -0.10000000000000009 -0.36677640281737028
v 3.75 0.14999999999999991 -0.35951802569727237
v 3.75 0.39999999999999991 -0.35225964857717446
v 3.75 0.64999999999999991 -0.3450012714570766
v 3.75 0.89999999999999991 -0.33774289433697868
v 3.75 1.1499999999999999 -0.33048451721688077
v 3.75 1.3999999999999999 -0.32322614009678285
v 4 -1.1000000000000001 -0.39997654884453543
v 4 -0.85000000000000009 -0.39271817172443751
v 4 -0.60000000000000009 -0.3854597946043396
v 4 -0.35000000000000009 -0.37820141748424174
v 4 -0.10000000000000009 -0.37094304036414383
v 4 0.14999999999999991 -0.36368466324404591
v 4 0.39999999999999991 -0.356426286123948
v 4 0.64999999999999991 -0.34916790900385009
v 4 0.89999999999999991 -0.34190953188375223
v 4 1.1499999999999999 -0.33465115476365431
v 4 1.3999999999999999 -0.3273927776435564
v 4.25 -1.1000000000000001 -0.40414318639130897
v 4.25 -0.85000000000000009 -0.39688480927121106
v 4.25 -0.60000000000000009 -0.38962643215111314
v 4.25 -0.35000000000000009 -0.38236805503101523
v 4.25 -0.10000000000000009 -0.37510967791091737
v 4.25 0.14999999999999991 -0.36785130079081946
v 4.25 0.39999999999999991 -0.36059292367072154
v 4.25 0.64999999999999991 -0.35333454655062368
v 4.25 0.89999999999999991 -0.34607616943052577
v 4.25 1.1499999999999999 -0.33881779231042786
v 4.25 1.3999999999999999 -0.33155941519032994
v 4.5 -1.1000000000000001 -0.40830982393808246
v 4.5 -0.85000000000000009 -0.4010514468179846
v 4.5 -0.60000000000000009 -0.39379306969788669
v 4.5 -0.35000000000000009 -0.38653469257778877
v 4.5 -0.10000000000000009 -0.37927631545769092
v 4.5 0.14999999999999991 -0.372017938337593
v 4.5 0.39999999999999991 -0.36475956121749509
v 4.5 0.64999999999999991 -0.35750118409739717
v 4.5 0.89999999999999991 -0.35024280697729926
v 4.5 1.1499999999999999 -0.3429844298572014
v 4.5 1.3999999999999999 -0.33572605273710349
v 4.7430419269392612 -1.0356755963472424 -0.41049293129203529
v 4.75 -1.0280933188748538 -0.41038875824861226
v 4.75 -0.85000000000000009 -0.40521808436475815
v 4.7166019542411259 -1.0667822112455476 -0.41095540232756267
v 4.6901619815429916 -1.0999999999999943 -0.41147916814714586
v 4.75 -0.60000000000000009 -0.39795970724466023
v 4.75 -0.35000000000000009 -0.39070133012456232
v 4.75 -0.10000000000000009 -0.3834429530044644
v 4.75 0.14999999999999991 -0.37618457588436655
v 4.75 0.39999999999999991 -0.36892619876426863
v 4.75 0.64999999999999991 -0.36166782164417072
v 4.75 0.89999999999999991 -0.35440944452407286
v 4.75 1.1499999999999999 -0.34715106740397494
v 4.75 1.3999999999999999 -0.33989269028387703
v 4.9810016812224713 -0.86516838250172856 -0.40950847684015335
v 5 -0.8589993701900136 -0.40964600520226163
v 5 -0.85000000000000009 -0.40938472191153169
v 4.7694818996373955 -1.0068637101239111 -0.41009708428095298
v 4.9545617085243361 -0.87536093698043294 -0.40936373932512876
v 4.7959218723355299 -0.98053010739438196 -0.40977319053470479
v 4.9281217358262017 -0.88734418227800604 -0.40927099184717963
v 4.8223618450336643 -0.95685516803362569 -0.40952648711392037
v 4.8488018177317986 -0.93587361127225832 -0.40935798203967622
v 4.9016817631280674 -0.90130167321328003 -0.409235563646695
v 4.875241790429933 -0.91741696460508682 -0.40926278396406418
v 5 -0.60000000000000009 -0.40212634479143378
v 5 -0.35000000000000009 -0.39486796767133586
v 5 -0.10000000000000009 -0.387609590551238
v 5 0.14999999999999991 -0.38035121343114009
v 5 0.39999999999999991 -0.37309283631104218
v 5 0.64999999999999991 -0.36583445919094426
v 5 0.89999999999999991 -0.35857608207084635
v 5 1.1499999999999999 -0.35131770495074849
v 5 1.3999999999999999 -0.34405932783065057
v 5.0074416539206057 -0.85658296402306167 -0.40969987515186412
v 5.0317445502045306 -0.85000000000000009 -0.40991379405068218
v 5.2454014082038167 -0.82140772141268992 -0.41264458263450576
v 5.25 -0.82100375122577873 -0.41270949662361933
v 5.25 -0.60000000000000009 -0.40629298233820732
v 5.0338816266187401 -0.84942112672560022 -0.40993260501987194
v 5.2189614355056824 -0.82373038043227764 -0.41227135444292917
v 5.192521462807548 -0.82606623789156242 -0.41189850944836348
v 5.0603215993168753 -0.84349931579051207 -0.41020133720378765
v 5.1660814901094128 -0.82854123929725987 -0.41152970429074587
v 5.0867615720150097 -0.83863397639896597 -0.41050074246322205
v 5.1396415174112784 -0.83133849297117168 -0.41117025524709033
v 5.113201544713144 -0.83464155373212967 -0.41082549155778603
v 5.25 -0.35000000000000009 -0.39903460521810941
v 5.25 -0.10000000000000009 -0.39177622809801149
v 5.25 0.14999999999999991 -0.38451785097791358
v 5.25 0.39999999999999991 -0.37725947385781572
v 5.25 0.64999999999999991 -0.37000109673771781
v 5.25 0.89999999999999991 -0.36274271961761989
v 5.25 1.1499999999999999 -0.35548434249752203
v 5.25 1.3999999999999999 -0.34822596537742412
v 5.4833611624870269 -0.80050379023656903 -0.41600363635870008
v 5.5 -0.79904212662346541 -0.41623851115625843
v 5.5 -0.60000000000000009 -0.41045961988498086
v 5.4569211897888925 -0.80282644925612223 -0.41563040816712249
v 5.271841380901952 -0.81908506239310563 -0.41301781082608247
v 5.4304812170907582 -0.80514910827567954 -0.41525717997554501
v 5.2982813536000863 -0.81676240337352524 -0.41339103901765928
v 5.4040412443926238 -0.80747176729524084 -0.41488395178396764
v 5.3247213262982207 -0.81443974435394828 -0.4137642672092362
v 5.3776012716944894 -0.80979442631480592 -0.41451072359239038
v 5.3511612989963551 -0.8121170853343751 -0.41413749540081324
v 5.5 -0.35000000000000009 -0.40320124276488295
v 5.5 -0.10000000000000009 -0.39594286564478504
v 5.5 0.14999999999999991 -0.38868448852468718
v 5.5 0.39999999999999991 -0.38142611140458926
v 5.5 0.64999999999999991 -0.37416773428449135
v 5.5 0.89999999999999991 -0.36690935716439343
v 5.5 1.1499999999999999 -0.35965098004429552
v 5.5 1.3999999999999999 -0.35239260292419766
v 5.7477608894683723 -0.7798349474704217 -0.41981017865615783
v 5.75 -0.77979171992579377 -0.4198462418569241
v 5.75 -0.60000000000000009 -0.41462625743175441
v 5.7213209167702379 -0.78093177887840015 -0.41940136038822406
v 5.5098011351851621 -0.79818113121702006 -0.41637686455027778
v 5.6948809440721035 -0.78250037621798552 -0.41900623914046642
v 5.5362411078832965 -0.7958584721974753 -0.41675009274185565
v 5.6684409713739692 -0.78442611558486164 -0.41862148697878676
v 5.5626810805814308 -0.79353581317793487 -0.41712332093343363
v 5.6420009986758348 -0.78659437307471214 -0.41824377596908713
v 5.5891210532795661 -0.79121315415839888 -0.41749654912501172
v 5.6155610259777005 -0.78889052478322097 -0.41786977817726956
v 5.75 -0.35000000000000009 -0.40736788031165649
v 5.75 -0.10000000000000009 -0.40010950319155858
v 5.75 0.14999999999999991 -0.39285112607146067
v 5.75 0.39999999999999991 -0.38559274895136281
v 5.75 0.64999999999999991 -0.37833437183126489
v 5.75 0.89999999999999991 -0.37107599471116698
v 5.75 1.1499999999999999 -0.36381761759106912
v 5.75 1.3999999999999999 -0.35655924047097121
v 5.9857206437515833 -0.81010587593310435 -0.42465501810165818
v 6 -0.81546611776350575 -0.42504863233585172
v 6 -0.60000000000000009 -0.4187928949785279
v 5.9592806710534489 -0.80179873826239023 -0.42397316961772885
v 5.7742008621665066 -0.77932450589836633 -0.42023602187836567
v 5.9328406983553146 -0.79499498166212912 -0.42333496956085781
v 5.800640834864641 -0.77951507806655029 -0.42068221798894562
v 5.9064007256571802 -0.78957998222800474 -0.42273708999694698
v 5.8270808075627762 -0.78052128787928998 -0.42115209492199573
v 5.879960752959045 -0.78543911605570071 -0.4221762029918984
v 5.8535207802609106 -0.78245775924090133 -0.42164898061161393
v 6 -0.35000000000000009 -0.41153451785843004
v 6 -0.10000000000000009 -0.40427614073833212
v 6 0.14999999999999991 -0.39701776361823421
v 6 0.39999999999999991 -0.38975938649813635
v 6 0.64999999999999991 -0.38250100937803844
v 6 0.89999999999999991 -0.37524263225794052
v 6 1.1499999999999999 -0.36798425513784261
v 6 1.3999999999999999 -0.36072587801774469
v 6.2236803980347943 -0.95410652663302309 -0.43280183040220588
v 6.25 -0.97629272103934273 -0.43388463043270686
v 6.25 -0.85000000000000009 -0.43021790964539935
v 6.0740868171850737 -0.85000000000000009 -0.42728604375544293
v 6.0914805345441216 -0.85975422149046377 -0.42785913629111061
v 6.19724042533666 -0.93283869582053702 -0.43174368752403325
v 6.1179205072422569 -0.87604845833916323 -0.4287728782867577
v 6.1708004526385256 -0.91268012270211885 -0.43071775028852816
v 6.1443604799403913 -0.8937202344756876 -0.42972661508099996
v 6.0650405618459873 -0.84492695112750948 -0.42698798547936789
v 6.25 -0.60000000000000009 -0.4229595325253015
v 6.0121606164497177 -0.82003101857858773 -0.42538384294674381
v 6.0386005891478529 -0.83165607444821943 -0.42616202223683863
v 6.0249292893218698 -0.47492928932188361 -0.41557713869101776
v 6.0748999999999898 -0.42500000000000254 -0.41496035560347266
v 6.0748999999999898 -0.40000000000000252 -0.41423451789146287
v 6.0249292893218698 -0.50007071067812092 -0.4163070823611732
v 6.024899999999989 -0.50000000000000222 -0.41630454123014726
v 6.25 -0.35000000000000009 -0.41570115540520358
v 6.0498999999999894 -0.37500000000000272 -0.41309201642477572
v 6.0498999999999894 -0.3501000000000028 -0.41236908206361395
v 6.0249999999999888 -0.3501000000000028 -0.4119540849639553
v 6.0749292893218705 -0.39992928932188387 -0.41423295306434316
v 6.0249999999999888 -0.50010000000000221 -0.41630911123601405
v 6.0750999999999893 -0.3500000000000027 -0.41278617577748067
v 6.0750999999999893 -0.37500000000000272 -0.41351201348949052
v 6.0499292893218701 -0.37507071067812137 -0.4130945575558016
v 6.0249292893218698 -0.35007071067812146 -0.41195205608911445
v 6.024899999999989 -0.35000000000000281 -0.41194951495808857
v 6.024899999999989 -0.47500000000000225 -0.41557870351813753
v 6.0499999999999892 -0.50010000000000221 -0.41672577499069141
v 6.0750707106781086 -0.37507071067812137 -0.41351357831661023
v 6.0500707106781082 -0.50007071067812092 -0.41672610312198183
v 6.0749999999999895 -0.37510000000000271 -0.41351325018531981
v 6.0499999999999892 -0.37510000000000271 -0.41309658643064245
v 6.0500999999999889 -0.50000000000000222 -0.41672453829486206
v 6.0749292893218705 -0.42507071067812119 -0.41496289673449854
v 6.0500999999999889 -0.47500000000000225 -0.41599870058285227
v 6.0749999999999895 -0.42510000000000253 -0.4149649256093394
v 6.0500707106781082 -0.47492928932188361 -0.41599615945182639
v 6.0999999999999899 -0.42510000000000253 -0.41538158936401676
v 6.0499999999999892 -0.47490000000000226 -0.41599413057698553
v 6.0749999999999895 -0.39990000000000253 -0.41423328119563352
v 6.1000707106781089 -0.42507071067812119 -0.41538191749530717
v 6.0249999999999888 -0.47490000000000226 -0.41557746682230817
v 6.0999999999999899 -0.39990000000000253 -0.41464994495031088
v 6.1000707106781089 -0.39992928932188387 -0.41465197382515173
v 6.1000999999999896 -0.42500000000000254 -0.4153803526681874
v 6.1000999999999896 -0.40000000000000252 -0.41465451495617767
v 6.0750707106781086 -0.34992928932188405 -0.41278363464645484
v 6.25 -0.10000000000000009 -0.40844277828510567
v 6.0500999999999889 -0.32500000000000279 -0.41164367431079357
v 6.0500999999999889 -0.34990000000000271 -0.41236660867195529
v 6.0749999999999895 -0.34990000000000271 -0.41278160577161394
v 6.024899999999989 -0.32500000000000279 -0.41122367724607878
v 6.0500707106781082 -0.32492928932188414 -0.41164113317976769
v 6.0249292893218698 -0.32492928932188414 -0.41122211241895901
v 6.0249999999999888 -0.3249000000000028 -0.41122244055024948
v 6.0499999999999892 -0.3249000000000028 -0.41163910430492678
v 6.25 0.14999999999999991 -0.40118440116500775
v 6.25 0.39999999999999991 -0.39392602404490984
v 6.25 0.64999999999999991 -0.38666764692481198
v 6.25 0.89999999999999991 -0.37940926980471407
v 6.25 1.1499999999999999 -0.37215089268461615
v 6.25 1.3999999999999999 -0.36489251556451829
v 6.5 -1.1000000000000001 -0.44164292431227081
v 6.5 -0.85000000000000009 -0.4343845471921729
v 6.2501203707329287 -0.97639418794165822 -0.43388958253773713
v 6.355880261525467 -1.0739545941793029 -0.43848475594726366
v 6.3823202342236014 -1.099999999999894 -0.43968160858994987
v 6.3294402888273318 -1.048481882865264 -0.4373045306353901
v 6.2765603434310631 -0.99961225254852271 -0.43500434754531769
v 6.3030003161291974 -1.0236712932556977 -0.43614352903963838
v 6.5 -0.60000000000000009 -0.42712617007207498
v 6.3998999999999882 -0.55000000000000204 -0.42400617297432719
v 6.3998999999999882 -0.52500000000000213 -0.42328033526231734
v 6.3999292893218689 -0.55007071067812074 -0.42400871410535301
v 6.5 -0.35000000000000009 -0.41986779295197713
v 6.3999292893218689 -0.52492928932188343 -0.42327877043519763
v 6.3999999999999879 -0.55010000000000203 -0.42401074298019392
v 6.4249999999999883 -0.55010000000000203 -0.42442740673487128
v 6.3999999999999879 -0.52490000000000214 -0.42327909856648804
v 6.4249999999999883 -0.52490000000000214 -0.4236957623211654
v 6.4250707106781073 -0.55007071067812074 -0.4244277348661617
v 6.4250707106781073 -0.52492928932188343 -0.42369779119600626
v 6.425099999999988 -0.55000000000000204 -0.42442617003904193
v 6.425099999999988 -0.52500000000000213 -0.42370033232703214
v 6.5 -0.10000000000000009 -0.41260941583187921
v 6.5 0.14999999999999991 -0.4053510387117813
v 6.5 0.39999999999999991 -0.39809266159168344
v 6.5 0.64999999999999991 -0.39083428447158552
v 6.5 0.89999999999999991 -0.38357590735148761
v 6.5 1.1499999999999999 -0.3763175302313897
v 6.5 1.3999999999999999 -0.36905915311129178
v 6.5498999999999876 -0.9000000000000008 -0.43666788347052832
v 6.5498999999999876 -0.87500000000000089 -0.43594204575851853
v 6.5499292893218684 -0.9000707106781195 -0.4366704246015542
v 6.6998999999999871 -1.1000000000000001 -0.4449745676946707
v 6.6998999999999871 -1.0750000000000002 -0.44424872998266096
v 6.6999999999999869 -1.0749000000000002 -0.44424749328683161
v 6.7248999999999866 -1.0749000000000002 -0.44466249038649019
v 6.7248999999999866 -1.0500000000000003 -0.44393955602532847
v 6.7249999999999863 -1.0499000000000003 -0.44393831932949912
v 6.75 -1.0499000000000003 -0.44435498308417676
v 6.75 -0.85000000000000009 -0.43855118473894644
v 6.5499999999999874 -0.90010000000000079 -0.43667245347639505
v 6.6999292893218678 -1.0749292893218816 -0.44424716515554119
v 6.7249292893218673 -1.0499292893218817 -0.44393799119820876
v 6.5499292893218684 -0.87492928932188219 -0.43594048093139881
v 6.5749999999999877 -0.90010000000000079 -0.43708911723107241
v 6.5499999999999874 -0.8749000000000009 -0.43594080906268917
v 6.5750707106781068 -0.9000707106781195 -0.43708944536236283
v 6.5750999999999875 -0.9000000000000008 -0.43708788053524306
v 6.5749999999999877 -0.8749000000000009 -0.43635747281736653
v 6.5750707106781068 -0.87492928932188219 -0.43635950169220739
v 6.5750999999999875 -0.87500000000000089 -0.43636204282323332
v 6.75 -0.60000000000000009 -0.43129280761884858
v 6.5248999999999873 -0.62500000000000178 -0.42826700488374325
v 6.5248999999999873 -0.60000000000000187 -0.42754116717173352
v 6.5750999999999875 -0.60000000000000187 -0.42837782799112561
v 6.5750999999999875 -0.62500000000000178 -0.42910366570313541
v 6.524929289321868 -0.62507071067812048 -0.42826954601476919
v 6.5750707106781068 -0.62507071067812048 -0.42910523053025518
v 6.524999999999987 -0.62510000000000177 -0.42827157488960998
v 6.5749999999999877 -0.62510000000000177 -0.4291049023989647
v 6.6498999999999873 -0.55000000000000204 -0.42817281052110068
v 6.6498999999999873 -0.52500000000000213 -0.42744697280909094
v 6.7000999999999875 -0.52500000000000213 -0.42828363362848304
v 6.7000999999999875 -0.54990000000000205 -0.42900656798964476
v 6.7249999999999872 -0.54990000000000205 -0.4294215650893034
v 6.6748999999999876 -0.57500000000000195 -0.42931531198778783
v 6.6748999999999876 -0.55010000000000203 -0.42859237762662605
v 6.649999999999987 -0.55010000000000203 -0.42817738052696741
v 6.649929289321868 -0.55007071067812074 -0.42817535165212661
v 6.524929289321868 -0.59992928932188316 -0.42753960234461375
v 6.5750707106781068 -0.59992928932188316 -0.42837528686009974
v 6.5498999999999876 -0.52500000000000213 -0.4257803177903815
v 6.5499999999999874 -0.49990000000000223 -0.42505324338254236
v 6.574899999999988 -0.49990000000000223 -0.425468240482201
v 6.574899999999988 -0.47500000000000225 -0.42474530612103928
v 6.6000999999999879 -0.47500000000000225 -0.42516530318575407
v 6.6000999999999879 -0.49990000000000223 -0.42588823754691579
v 6.6249999999999876 -0.49990000000000223 -0.42630323464657444
v 6.5499292893218684 -0.52507071067812083 -0.42578285892140738
v 6.649929289321868 -0.52492928932188343 -0.42744540798197117
v 6.7000707106781068 -0.52492928932188343 -0.42828109249745716
v 6.6749292893218684 -0.57507071067812066 -0.42931785311881371
v 6.524999999999987 -0.59990000000000188 -0.42753993047590416
v 6.5749999999999877 -0.59990000000000188 -0.42837325798525888
v 6.5498999999999876 -0.50000000000000222 -0.42505448007837171
v 6.5499292893218684 -0.49992928932188357 -0.42505291525125199
v 6.6000707106781071 -0.47492928932188361 -0.42516276205472814
v 6.5499999999999874 -0.52510000000000212 -0.42578488779624823
v 6.7250707106781062 -0.54992928932188334 -0.42942359396414431
v 6.5749292893218687 -0.47492928932188361 -0.42474374129391956
v 6.6250707106781066 -0.49992928932188357 -0.42630526352141529
v 6.6249999999999876 -0.52510000000000212 -0.42703487906028031
v 6.6749999999999874 -0.57510000000000194 -0.42931988199365456
v 6.6250707106781066 -0.52507071067812083 -0.42703520719157073
v 6.7249999999999872 -0.57510000000000194 -0.43015320950300928
v 6.75 -0.35000000000000009 -0.42403443049875067
v 6.5749999999999877 -0.47490000000000226 -0.42474406942520992
v 6.6250999999999873 -0.52500000000000213 -0.42703364236445096
v 6.5999999999999881 -0.47490000000000226 -0.42516073317988728
v 6.6250999999999873 -0.50000000000000222 -0.42630780465244117
v 6.7250707106781062 -0.57507071067812066 -0.4301535376342997
v 6.649999999999987 -0.52490000000000214 -0.42744573611326153
v 6.725099999999987 -0.57500000000000195 -0.43015197280717998
v 6.725099999999987 -0.55000000000000204 -0.42942613509517014
v 6.6999999999999877 -0.52490000000000214 -0.42827906362261625
v 6.75 -0.10000000000000009 -0.41677605337865276
v 6.75 0.14999999999999991 -0.40951767625855484
v 6.75 0.39999999999999991 -0.40225929913845693
v 6.75 0.64999999999999991 -0.39500092201835907
v 6.75 0.89999999999999991 -0.38774254489826115
v 6.75 1.1499999999999999 -0.38048416777816324
v 6.75 1.3999999999999999 -0.37322579065806538
v 6.8750999999999864 -1.0501000000000003 -0.44644577521427808
v 6.8750999999999864 -1.1000000000000001 -0.4478945472874496
v 7 -1.1000000000000001 -0.4499761994058179
v 6.7998999999999867 -1.0499000000000003 -0.44518664393851248
v 6.7999999999999865 -0.99990000000000046 -0.44373663516951167
v 6.8498999999999866 -0.99990000000000046 -0.44456829602384762
v 6.8498999999999866 -0.97500000000000053 -0.4438453616626859
v 6.9000999999999868 -0.97500000000000053 -0.444682022482078
v 6.9000999999999868 -0.99990000000000046 -0.44540495684323977
v 6.9249999999999865 -0.99990000000000046 -0.44581995394289842
v 6.9249999999999865 -1.0251000000000003 -0.4465515983566043
v 6.9000999999999868 -1.0251000000000003 -0.44613660125694565
v 6.9000999999999868 -1.0500000000000003 -0.44685953561810743
v 6.899999999999987 -1.0501000000000003 -0.44686077231393673
v 6.7998999999999867 -1.0000000000000004 -0.44373787186534097
v 6.7999292893218675 -0.99992928932188174 -0.4437363070382212
v 6.9000707106781061 -0.97492928932188183 -0.44467948135105217
v 6.9250707106781055 -1.0250707106781189 -0.44655192648789466
v 6.9000707106781061 -1.0500707106781189 -0.44686110044522709
v 6.8499292893218673 -0.97492928932188183 -0.44384379683556618
v 6.9250707106781055 -0.99992928932188174 -0.44582198281773927
v 7 -0.85000000000000009 -0.44271782228571999
v 6.9250999999999863 -1.0250000000000004 -0.44655036166077494
v 6.8499999999999863 -0.97490000000000054 -0.44384412496685655
v 6.9250999999999863 -1.0000000000000004 -0.44582452394876515
v 6.899999999999987 -0.97490000000000054 -0.44467745247621127
v 7 -0.60000000000000009 -0.43545944516562207
v 6.9000999999999868 -0.50000000000000222 -0.43089110595389207
v 6.9248999999999858 -0.50000000000000222 -0.431304436398532
v 6.9248999999999858 -0.47500000000000225 -0.43057859868652215
v 6.9249292893218666 -0.50007071067812092 -0.43130697752955782
v 6.8749292893218676 -0.55007071067812074 -0.43192532544422274
v 6.8748999999999869 -0.55000000000000204 -0.43192278431319686
v 7 -0.35000000000000009 -0.42820106804552416
v 6.9250999999999863 -0.35000000000000009 -0.42695274343651057
v 6.8998999999999864 -0.37500000000000272 -0.42725858408380568
v 6.8998999999999864 -0.35000000000000009 -0.42653274637179583
v 6.9000707106781061 -0.49992928932188357 -0.43088856482286619
v 6.9249999999999856 -0.50010000000000221 -0.43130900640439873
v 6.8749999999999867 -0.55010000000000203 -0.43192735431906359
v 6.9250999999999863 -0.37500000000000272 -0.42767858114852048
v 6.8999292893218671 -0.37507071067812137 -0.42726112521483162
v 6.8748999999999869 -0.50000000000000222 -0.43047110888917728
v 6.899999999999987 -0.49990000000000223 -0.43088653594802528
v 6.9000999999999868 -0.55000000000000204 -0.43234278137791166
v 6.899999999999987 -0.55010000000000203 -0.43234401807374095
v 6.9250707106781055 -0.37507071067812137 -0.42768014597564019
v 6.8999999999999861 -0.37510000000000271 -0.42726315408967241
v 6.8749292893218676 -0.49992928932188357 -0.43046954406205751
v 6.8749999999999867 -0.49990000000000223 -0.43046987219334798
v 6.949999999999986 -0.50010000000000221 -0.43172567015907609
v 6.9249999999999865 -0.37510000000000271 -0.42767981784434983
v 6.950070710678105 -0.50007071067812092 -0.43172599829036651
v 6.9000707106781061 -0.55007071067812074 -0.43234434620503137
v 6.9249292893218666 -0.47492928932188361 -0.43057703385940244
v 6.9249999999999856 -0.47490000000000226 -0.43057736199069285
v 6.9500999999999857 -0.50000000000000222 -0.43172443346324674
v 6.949999999999986 -0.47490000000000226 -0.43099402574537021
v 6.9500999999999857 -0.47500000000000225 -0.43099859575123695
v 6.950070710678105 -0.47492928932188361 -0.43099605462021107
v 6.9250999999999863 -0.32500000000000279 -0.42622690572450089
v 7 -0.10000000000000009 -0.4209426909254263
v 6.9250707106781055 -0.32492928932188414 -0.42622436459347501
v 6.8998999999999864 -0.32500000000000279 -0.4258069086597861
v 6.9249999999999865 -0.3249000000000028 -0.42622233571863416
v 6.8999292893218671 -0.32492928932188414 -0.42580534383266638
v 6.8999999999999861 -0.3249000000000028 -0.4258056719639568
v 7 0.14999999999999991 -0.41368431380532839
v 7 0.39999999999999991 -0.40642593668523047
v 7 0.64999999999999991 -0.39916755956513261
v 7 0.89999999999999991 -0.3919091824450347
v 7 1.1499999999999999 -0.38465080532493678
v 7 1.3999999999999999 -0.37739242820483887
v 7.25 -1.1000000000000001 -0.45414283695259139
v 7.25 -0.85000000000000009 -0.44688445983249353
v 7.25 -0.60000000000000009 -0.43962608271239562
v 7.174899999999985 -0.45000000000000245 -0.4340193985212859
v 7.174899999999985 -0.42500000000000243 -0.43329356080927617
v 7.1998999999999853 -0.50000000000000222 -0.4358877376999829
v 7.1998999999999853 -0.45010000000000244 -0.43443896562681134
v 7.1749999999999847 -0.45010000000000244 -0.43402396852715264
v 7.1749292893218657 -0.4500707106781211 -0.43402193965231184
v 7.1999999999999851 -0.3501000000000028 -0.43153728143379089
v 7.1750999999999854 -0.3501000000000028 -0.43112228433413224
v 7.1750999999999854 -0.37500000000000272 -0.43184521869529402
v 7.199929289321866 -0.50007071067812092 -0.43589027883100873
v 7.25 -0.35000000000000009 -0.43236770559229776
v 7.2000999999999848 -0.35000000000000281 -0.43153604473796159
v 7.2000707106781041 -0.35007071067812146 -0.4315376095650813
v 7.1498999999999855 -0.37500000000000272 -0.43142522163057923
v 7.1498999999999855 -0.3500000000000027 -0.43069938391856943
v 7.1749292893218657 -0.42492928932188379 -0.4332919959821564
v 7.1499292893218662 -0.37507071067812137 -0.4314277627616051
v 7.1749999999999847 -0.42490000000000244 -0.43329232411344681
v 7.1999999999999851 -0.50010000000000221 -0.43589230770584964
v 7.1750707106781046 -0.37507071067812137 -0.43184678352241374
v 7.1499999999999853 -0.37510000000000271 -0.43142979163644596
v 7.2249999999999854 -0.42490000000000244 -0.43412565162280153
v 7.2249999999999854 -0.50010000000000221 -0.43630897146052694
v 7.1749999999999856 -0.37510000000000271 -0.43184645539112332
v 7.2250707106781045 -0.50007071067812092 -0.43630929959181741
v 7.2250999999999852 -0.50000000000000222 -0.43630773476469764
v 7.2250707106781045 -0.42492928932188379 -0.43412768049764239
v 7.2250999999999852 -0.42500000000000243 -0.43413022162866827
v 7.2000999999999848 -0.32500000000000279 -0.43081020702595174
v 7.25 -0.10000000000000009 -0.42510932847219984
v 7.1499999999999853 -0.34990000000000271 -0.43069814722274014
v 7.174899999999985 -0.34990000000000271 -0.43111314432239878
v 7.174899999999985 -0.32500000000000279 -0.430390209961237
v 7.2000707106781041 -0.32492928932188414 -0.43080766589492592
v 7.1499292893218662 -0.34992928932188405 -0.43069781909144966
v 7.1999999999999851 -0.3249000000000028 -0.43080563702008501
v 7.1749292893218657 -0.32492928932188414 -0.43038864513411723
v 7.1749999999999847 -0.3249000000000028 -0.43038897326540765
v 7.25 0.14999999999999991 -0.41785095135210193
v 7.25 0.39999999999999991 -0.41059257423200402
v 7.25 0.64999999999999991 -0.4033341971119061
v 7.25 0.89999999999999991 -0.39607581999180824
v 7.25 1.1499999999999999 -0.38881744287171033
v 7.25 1.3999999999999999 -0.38155906575161241
v 7.5 -1.1000000000000001 -0.45830947449936499
v 7.5 -0.85000000000000009 -0.45105109737926707
v 7.4499999999999842 -0.72490000000000143 -0.44658567795901516
v 7.4748999999999839 -0.72490000000000143 -0.4470006750586738
v 7.4748999999999839 -0.70000000000000151 -0.44627774069751203
v 7.4749999999999837 -0.69990000000000152 -0.44627650400168273
v 7.4998999999999842 -0.69990000000000152 -0.44669150110134137
v 7.4998999999999842 -0.65000000000000169 -0.4452427290281698
v 7.499999999999984 -0.77510000000000123 -0.44887648759408549
v 7.4750999999999843 -0.77510000000000123 -0.44846149049442685
v 7.4750999999999843 -0.80000000000000115 -0.44918442485558863
v 7.4499292893218652 -0.72492928932188272 -0.44658534982772474
v 7.4749292893218646 -0.69992928932188281 -0.44627617587039226
v 7.499929289321865 -0.64992928932188299 -0.44524116420105009
v 7.499999999999984 -0.6499000000000017 -0.44524149233234045
v 7.5 -0.60000000000000009 -0.44379272025916916
v 7.4250999999999845 -0.60000000000000187 -0.44254439565015558
v 7.4250999999999845 -0.62500000000000178 -0.44327023336216542
v 7.3998999999999846 -0.62500000000000178 -0.44285023629745063
v 7.3998999999999846 -0.60000000000000187 -0.44212439858544084
v 7.3999292893218653 -0.62507071067812048 -0.44285277742847651
v 7.4750707106781036 -0.80007071067811986 -0.44918598968270834
v 7.4250707106781038 -0.62507071067812048 -0.44327179818928514
v 7.3999999999999844 -0.62510000000000177 -0.44285480630331736
v 7.4749999999999845 -0.80010000000000114 -0.44918566155141793
v 7.4498999999999844 -0.72500000000000142 -0.44658691465484446
v 7.4249999999999847 -0.62510000000000177 -0.44327147005799472
v 7.4499999999999842 -0.80010000000000114 -0.44876899779674062
v 7.4498999999999844 -0.80000000000000115 -0.44876442779087383
v 7.4499292893218652 -0.80007071067811986 -0.44876696892189971
v 7.4250707106781038 -0.59992928932188316 -0.44254185451912975
v 7.5 -0.35000000000000009 -0.43653434313907125
v 7.4249999999999847 -0.59990000000000188 -0.44253982564428884
v 7.3999292893218653 -0.59992928932188316 -0.44212283375832107
v 7.3999999999999844 -0.59990000000000188 -0.44212316188961154
v 7.5 -0.10000000000000009 -0.42927596601897333
v 7.5 0.14999999999999991 -0.42201758889887547
v 7.5 0.39999999999999991 -0.41475921177877756
v 7.5 0.64999999999999991 -0.4075008346586797
v 7.5 0.89999999999999991 -0.40024245753858179
v 7.5 1.1499999999999999 -0.39298408041848387
v 7.5 1.3999999999999999 -0.38572570329838596
v 7.6000999999999834 -0.95000000000000062 -0.45562276990103412
v 7.6998999999999835 -0.92500000000000071 -0.45656025389769628
v 7.6998999999999835 -0.9000000000000008 -0.45583441618568654
v 7.6999292893218643 -0.92507071067811941 -0.45656279502872221
v 7.575099999999984 -1.0500000000000003 -0.45810945699439587
v 7.575099999999984 -1.1000000000000001 -0.45956113241841545
v 7.6748999999999832 -1.1000000000000001 -0.46122445412708746
v 7.7000999999999831 -1.0750000000000002 -0.46091861347979246
v 7.7000999999999831 -1.1000000000000001 -0.4616444511918022
v 7.75 -1.1000000000000001 -0.46247611204613848
v 7.7248999999999839 -0.87500000000000089 -0.45552524222835411
v 7.7248999999999839 -0.85000000000000009 -0.45479940451634426
v 7.5248999999999846 -1.1000000000000001 -0.45872447159902335
v 7.5249292893218653 -1.0499292893218817 -0.45727123134788406
v 7.5748999999999835 -0.95000000000000062 -0.45520277283631932
v 7.5748999999999835 -0.9000000000000008 -0.45375109741229974
v 7.6000999999999834 -0.9000000000000008 -0.45417109447701454
v 7.6999999999999833 -0.9251000000000007 -0.45656482390356307
v 7.5749292893218643 -0.95007071067811932 -0.4552053139673452
v 7.5750707106781032 -1.0499292893218817 -0.45810691586337005
v 7.7000707106781023 -1.0749292893218816 -0.46091607234876658
v 7.749999999999984 -0.87510000000000088 -0.4559464759888982
v 7.7249999999999837 -0.87510000000000088 -0.45552981223422084
v 7.7249292893218646 -0.87507071067811959 -0.45552778335937999
v 7.5248999999999846 -1.0500000000000003 -0.45727279617500377
v 7.6000707106781027 -0.8999292893218821 -0.4541685533459886
v 7.7249999999999837 -0.9251000000000007 -0.45698148765824043
v 7.5749999999999833 -0.95010000000000061 -0.45520734284218611
v 7.6748999999999832 -1.0750000000000002 -0.46049861641507767
v 7.5999999999999837 -0.89990000000000081 -0.4541665244711478
v 7.6000707106781027 -0.95007071067811932 -0.45562433472815383
v 7.5999999999999837 -0.95010000000000061 -0.45562400659686342
v 7.5749999999999842 -1.0499000000000003 -0.45810488698852914
v 7.5749292893218643 -0.8999292893218821 -0.45374953258518003
v 7.6999292893218643 -0.8999292893218821 -0.45583285135856677
v 7.5249999999999844 -1.0499000000000003 -0.45727155947917442
v 7.6749292893218639 -1.0749292893218816 -0.46049705158795795
v 7.5749999999999833 -0.89990000000000081 -0.45374986071647039
v 7.6999999999999833 -0.89990000000000081 -0.45583317948985719
v 7.6749999999999829 -1.0749000000000002 -0.46049737971924831
v 7.7250707106781027 -0.92507071067811941 -0.45698181578953079
v 7.6999999999999833 -1.0749000000000002 -0.46091404347392573
v 7.7249999999999837 -0.89990000000000081 -0.45624984324453455
v 7.7250999999999834 -0.92500000000000071 -0.45698025096241107
v 7.7250707106781027 -0.8999292893218821 -0.4562518721193754
v 7.7250999999999834 -0.9000000000000008 -0.45625441325040128
v 7.7248999999999839 -0.82510000000000105 -0.45407647015518254
v 7.7250999999999834 -0.80000000000000115 -0.45335106240236211
v 7.7250999999999834 -0.82490000000000108 -0.45407399676352389
v 7.749999999999984 -0.82490000000000108 -0.45448899386318253
v 7.624999999999984 -0.60010000000000185 -0.44587894238340375
v 7.5500999999999845 -0.60010000000000185 -0.44463061777439039
v 7.5500999999999845 -0.62500000000000178 -0.44535355213555217
v 7.5249999999999844 -0.6499000000000017 -0.44565815608701786
v 7.5250999999999841 -0.65000000000000169 -0.4456627260928846
v 7.5250999999999841 -0.67490000000000161 -0.44638566045404632
v 7.5499999999999847 -0.67490000000000161 -0.44680065755370502
v 7.5248999999999846 -0.77500000000000124 -0.44928858134289612
v 7.5248999999999846 -0.75010000000000132 -0.4485656469817344
v 7.5000999999999838 -0.75010000000000132 -0.44815231653709442
v 7.500070710678103 -0.77507071067811995 -0.44887681572537591
v 7.6999999999999833 -0.82510000000000105 -0.4536614730555239
v 7.7250707106781027 -0.79992928932188245 -0.45334852127133629
v 7.75 -0.60000000000000009 -0.4479593578059427
v 7.6250999999999838 -0.60000000000000187 -0.44587770568757445
v 7.5500707106781038 -0.62507071067812048 -0.44535511696267194
v 7.5248999999999846 -0.62500000000000178 -0.44493355507083743
v 7.5248999999999846 -0.60000000000000187 -0.44420771735882758
v 7.5250707106781034 -0.64992928932188299 -0.44566018496185872
v 7.5249292893218653 -0.77507071067811995 -0.449291122473922
v 7.5000999999999838 -0.77500000000000124 -0.4488752508982562
v 7.6999292893218643 -0.82507071067811977 -0.45365944418068305
v 7.5499999999999847 -0.62510000000000177 -0.44535478883138147
v 7.5249292893218653 -0.62507071067812048 -0.44493609620186325
v 7.7249999999999837 -0.79990000000000117 -0.45334649239649538
v 7.5249999999999844 -0.77510000000000123 -0.44929315134876291
v 7.6998999999999835 -0.82500000000000107 -0.45365690304965711
v 7.6999999999999833 -0.79990000000000117 -0.45292982864181808
v 7.5249999999999844 -0.62510000000000177 -0.44493812507670416
v 7.6999292893218643 -0.79992928932188245 -0.45292950051052761
v 7.5499999999999847 -0.77510000000000123 -0.44970981510344021
v 7.6998999999999835 -0.80000000000000115 -0.45293106533764738
v 7.5500707106781038 -0.77507071067811995 -0.44971014323473063
v 7.625070710678103 -0.60007071067812057 -0.44587927051469417
v 7.5500999999999845 -0.77500000000000124 -0.44970857840761091
v 7.5500707106781038 -0.6749292893218829 -0.44680268642854587
v 7.5500999999999845 -0.6750000000000016 -0.44680522755957175
v 7.5249999999999844 -0.59990000000000188 -0.44420648066299828
v 7.5498999999999841 -0.59990000000000188 -0.44462147776265692
v 7.5498999999999841 -0.52500000000000213 -0.44244686797747557
v 7.5499999999999838 -0.52490000000000214 -0.44244563128164627
v 7.5748999999999835 -0.52490000000000214 -0.44286062838130491
v 7.5748999999999835 -0.50000000000000222 -0.44213769402014313
v 7.6250999999999838 -0.50000000000000222 -0.44297435483953529
v 7.75 -0.35000000000000009 -0.44070098068584479
v 7.5249292893218653 -0.59992928932188316 -0.44420615253170787
v 7.5499292893218648 -0.52492928932188343 -0.44244530315035585
v 7.625070710678103 -0.49992928932188357 -0.44297181370850941
v 7.5749292893218643 -0.49992928932188357 -0.44213612919302342
v 7.624999999999984 -0.49990000000000223 -0.44296978483366856
v 7.5749999999999833 -0.49990000000000223 -0.44213645732431384
v 7.75 -0.10000000000000009 -0.43344260356574693
v 7.75 0.14999999999999991 -0.42618422644564902
v 7.75 0.39999999999999991 -0.4189258493255511
v 7.75 0.64999999999999991 -0.41166747220545319
v 7.75 0.89999999999999991 -0.40440909508535527
v 7.75 1.1499999999999999 -0.39715071796525742
v 7.75 1.3999999999999999 -0.3898923408451595
v 7.7748999999999828 -1.0250000000000004 -0.46071359600976747
v 7.7748999999999828 -1.0000000000000004 -0.45998775829775773
v 7.7749292893218636 -1.0250707106781189 -0.4607161371407934
v 7.9248999999999832 -1.1000000000000001 -0.465391091673861
v 7.9248999999999832 -1.0751000000000002 -0.46466815731269928
v 7.8998999999999828 -1.0750000000000002 -0.46424859020717385
v 7.8998999999999828 -1.0501000000000003 -0.46352565584601213
v 7.8749999999999822 -1.0501000000000003 -0.46311065874635343
v 7.9000999999999824 -1.0250000000000004 -0.46280024809319165
v 7.9000999999999824 -1.0499000000000003 -0.46352318245435342
v 7.9999999999999822 -1.0499000000000003 -0.46518817081804409
v 7.9749999999999828 -0.90010000000000079 -0.46042228749300418
v 7.9500999999999831 -0.90010000000000079 -0.46000729039334554
v 7.9500999999999831 -0.92500000000000071 -0.46073022475450726
v 7.9499999999999833 -0.9251000000000007 -0.46073146145033661
v 7.9250999999999827 -0.9251000000000007 -0.46031646435067797
v 7.9250999999999827 -0.95000000000000062 -0.46103939871183969
v 7.8998999999999828 -0.95000000000000062 -0.46061940164712489
v 7.8998999999999828 -0.9251000000000007 -0.45989646728596317
v 7.8249999999999833 -0.9251000000000007 -0.45864814267694981
v 7.8249999999999833 -0.89990000000000081 -0.45791649826324393
v 7.849899999999983 -0.89990000000000081 -0.45833149536290257
v 7.849899999999983 -0.85000000000000098 -0.45688272328973101
v 7.750070710678103 -0.87507071067811959 -0.45594680412018862
v 7.7749999999999826 -1.0251000000000003 -0.4607181660156342
v 7.8999999999999826 -1.0751000000000002 -0.46425316021304058
v 7.8999292893218636 -1.0750707106781188 -0.46425113133819973
v 7.9000707106781016 -1.0249292893218818 -0.46279770696216582
v 8 -0.85000000000000009 -0.45938437247281416
v 7.9750999999999825 -0.85000000000000098 -0.45896937537315519
v 7.9750707106781018 -0.9000707106781195 -0.46042261562429454
v 7.9500707106781023 -0.92507071067811941 -0.46073178958162697
v 7.8999292893218636 -0.95007071067811932 -0.46062194277815077
v 7.8249292893218643 -0.8999292893218821 -0.45791617013195351
v 7.7500999999999838 -0.85000000000000009 -0.455219401581059
v 7.7500999999999838 -0.87500000000000089 -0.45594523929306885
v 7.7999999999999829 -1.0251000000000003 -0.46113482977031162
v 7.8749292893218632 -1.0500707106781189 -0.46310862987151258
v 7.8999999999999826 -1.0249000000000004 -0.46279567808732491
v 7.9750999999999825 -0.9000000000000008 -0.46042105079717477
v 7.925070710678102 -0.95007071067811932 -0.4610409635389594
v 7.8999999999999826 -0.95010000000000061 -0.46062397165299163
v 7.800070710678102 -1.0250707106781189 -0.46113515790160198
v 7.8248999999999835 -0.9000000000000008 -0.45791773495907329
v 7.7749292893218636 -0.99992928932188174 -0.45998619347063796
v 7.8248999999999835 -0.92500000000000071 -0.45864357267108308
v 7.7749999999999826 -0.99990000000000046 -0.45998652160192838
v 7.8000999999999827 -1.0250000000000004 -0.46113359307448226
v 7.8749999999999822 -1.0249000000000004 -0.46237901433264755
v 7.8249292893218643 -0.92507071067811941 -0.45864611380210896
v 7.7999999999999829 -0.99990000000000046 -0.46040318535660574
v 7.8000999999999827 -1.0000000000000004 -0.46040775536247247
v 7.8749292893218632 -1.0249292893218818 -0.46237868620135714
v 7.800070710678102 -0.99992928932188174 -0.46040521423144659
v 7.8748999999999825 -1.0500000000000003 -0.4631060887404867
v 7.8748999999999825 -1.0250000000000004 -0.46238025102847691
v 7.9249999999999829 -0.95010000000000061 -0.46104063540766904
v 7.7500999999999838 -0.82500000000000107 -0.45449356386904927
v 7.7748999999999828 -0.82500000000000107 -0.45490689431368919
v 7.7748999999999828 -0.80000000000000115 -0.4541810566016794
v 7.7749292893218636 -0.82507071067811977 -0.45490943544471507
v 7.8499999999999828 -0.84990000000000099 -0.45688148659390171
v 7.9248999999999832 -0.84990000000000099 -0.45812981120291507
v 7.9248999999999832 -0.82500000000000107 -0.4574068768417533
v 7.9500999999999831 -0.82500000000000107 -0.45782687390646809
v 7.9500999999999831 -0.84990000000000099 -0.45854980826762981
v 7.9749999999999828 -0.84990000000000099 -0.45896480536728845
v 7.9750707106781018 -0.84992928932188228 -0.45896683424212936
v 7.9999999999999822 -0.77510000000000123 -0.45720976268763258
v 7.9500999999999831 -0.77510000000000123 -0.45637810183329658
v 7.9500999999999831 -0.80000000000000115 -0.4571010361944583
v 7.9248999999999832 -0.80000000000000115 -0.45668103912974356
v 7.9248999999999832 -0.77510000000000123 -0.45595810476858178
v 7.8999999999999826 -0.77510000000000123 -0.45554310766892314
v 7.8998999999999828 -0.77500000000000124 -0.45553853766305641
v 7.8998999999999828 -0.75010000000000132 -0.45481560330189463
v 7.8749999999999822 -0.75010000000000132 -0.45440060620223599
v 7.8749999999999822 -0.72490000000000143 -0.45366896178853011
v 7.8998999999999828 -0.72490000000000143 -0.45408395888818875
v 7.8998999999999828 -0.70000000000000151 -0.45336102452702703
v 7.9250999999999827 -0.70000000000000151 -0.45378102159174183
v 7.9250999999999827 -0.72490000000000143 -0.45450395595290355
v 7.9498999999999826 -0.72490000000000143 -0.45491728639754347
v 7.9499999999999824 -0.69990000000000152 -0.4541931153405524
v 7.9748999999999821 -0.69990000000000152 -0.45460811244021104
v 7.9748999999999821 -0.65000000000000169 -0.45315934036703953
v 7.750070710678103 -0.82492928932188236 -0.45449102273802344
v 7.7749999999999826 -0.82510000000000105 -0.45491146431955592
v 7.8499292893218637 -0.84992928932188228 -0.45688115846261135
v 7.9249292893218639 -0.82492928932188236 -0.45740531201463358
v 7.9500707106781023 -0.82492928932188236 -0.45782433277544221
v 7.9249292893218639 -0.80007071067811986 -0.45668358026076938
v 7.8999292893218636 -0.77507071067811995 -0.45554107879408223
v 7.8749292893218632 -0.72492928932188272 -0.45366863365723969
v 7.925070710678102 -0.69992928932188281 -0.45377848046071589
v 7.9499292893218634 -0.69992928932188281 -0.45419278720926204
v 7.9749999999999819 -0.6499000000000017 -0.45315810367121018
v 7.9999999999999822 -0.6499000000000017 -0.45357476742588754
v 8 -0.60000000000000009 -0.45212599535271625
v 7.9249999999999829 -0.82490000000000108 -0.457405640145924
v 7.9500707106781023 -0.80007071067811986 -0.45710260102157807
v 7.8749292893218632 -0.75007071067812003 -0.45439857732739508
v 7.8999292893218636 -0.69992928932188281 -0.45335945969990732
v 7.9498999999999826 -0.70000000000000151 -0.4541943520363817
v 7.9749292893218628 -0.64992928932188299 -0.45315777553991976
v 7.7749292893218636 -0.79992928932188245 -0.45417949177455968
v 7.8249999999999833 -0.82510000000000105 -0.45574479182891064
v 7.9249999999999829 -0.69990000000000152 -0.45377645158587504
v 7.7749999999999826 -0.79990000000000117 -0.4541798199058501
v 7.8250707106781023 -0.82507071067811977 -0.45574511996020106
v 7.9499999999999833 -0.82490000000000108 -0.45782230390060136
v 7.8249999999999833 -0.79990000000000117 -0.45501314741520482
v 7.8250999999999831 -0.82500000000000107 -0.45574355513308129
v 7.8250707106781023 -0.79992928932188245 -0.45501517629004562
v 7.8250999999999831 -0.80000000000000115 -0.45501771742107155
v 7.8999999999999826 -0.69990000000000152 -0.45335978783119768
v 7.9499999999999833 -0.80010000000000114 -0.4571022728902876
v 7.9249999999999829 -0.80010000000000114 -0.45668560913561029
v 7.8748999999999825 -0.72500000000000142 -0.45367019848435947
v 7.8748999999999825 -0.75000000000000133 -0.45439603619636926
v 8 -0.35000000000000009 -0.44486761823261833
v 7.8000999999999827 -0.35000000000000281 -0.441535974850218
v 7.7749292893218636 -0.35007071067812146 -0.44111851891652915
v 7.7748999999999828 -0.35000000000000281 -0.44111597778550327
v 7.800070710678102 -0.35007071067812146 -0.44153753967733778
v 7.7749999999999826 -0.3501000000000028 -0.44112054779137
v 7.7999999999999829 -0.3501000000000028 -0.4415372115460473
v 7.8000999999999827 -0.32500000000000279 -0.44081013713820821
v 7.9749999999999819 -0.14990000000000342 -0.4386413494310144
v 7.9999999999999822 -0.14990000000000342 -0.43905801318569176
v 8 -0.10000000000000009 -0.43760924111252042
v 7.7748999999999828 -0.32500000000000279 -0.44039014007349342
v 7.800070710678102 -0.32492928932188414 -0.44080759600718233
v 7.9999999999999822 -0.17510000000000342 -0.43978965759939764
v 7.9749999999999819 -0.17510000000000342 -0.43937299384472028
v 7.9749292893218628 -0.14992928932188476 -0.43864102129972404
v 7.7749292893218636 -0.32492928932188414 -0.44038857524637376
v 7.7999999999999829 -0.3249000000000028 -0.44080556713234142
v 7.9749292893218628 -0.17507071067812208 -0.43937096496987943
v 7.7749999999999826 -0.3249000000000028 -0.44038890337766412
v 7.9748999999999821 -0.15000000000000341 -0.43864258612684376
v 7.9748999999999821 -0.17500000000000343 -0.43936842383885355
v 8 0.14999999999999991 -0.43035086399242251
v 8 0.39999999999999991 -0.42309248687232465
v 8 0.64999999999999991 -0.41583410975222673
v 8 0.89999999999999991 -0.40857573263212887
v 8 1.1499999999999999 -0.40131735551203096
v 8 1.3999999999999999 -0.39405897839193305
v 4.699999999999994 -1.1000000000000001 -0.37698724132221334
v 4.699999999999994 -1.0876400319093271 -0.41128428073712331
v 4.7249999999999943 -1.1000000000000001 -0.35757753278351023
v 4.7249999999999943 -1.0750000000000002 -0.36599387461905258
v 4.7100609375613907 -1.0750000000000002 -0.41108497738428768
v 4.7249999999999943 -1.0569019145333696 -0.41080850910029454
v 4.7499999999999947 -1.1000000000000001 -0.33936891112427237
v 4.7499999999999947 -1.0750000000000002 -0.3559166913001538
v 4.7499999999999947 -1.0500000000000003 -0.36265945287053925
v 4.7308664831394722 -1.0500000000000003 -0.41070589634182486
v 4.7749999999999941 -1.1000000000000001 -0.31238988072115104
v 4.7749999999999941 -1.0750000000000002 -0.33342766261284429
v 4.7749999999999941 -1.0500000000000003 -0.35439314857637028
v 4.7749999999999941 -1.0250000000000004 -0.36100318984033569
v 4.7528386640834199 -1.0250000000000004 -0.41034625908623656
v 4.7749999999999941 -1.0013678094878036 -0.41002948669985784
v 4.7999999999999936 -1.1000000000000001 -0.29640884616996893
v 4.7999999999999936 -1.0750000000000002 -0.30992765477308803
v 4.7999999999999936 -1.0500000000000003 -0.32961706169754307
v 4.7999999999999936 -1.0250000000000004 -0.35338455539681835
v 4.7999999999999936 -1.0000000000000004 -0.36042744392280679
v 4.7763733345142727 -1.0000000000000004 -0.41001266314010004
v 4.7999999999999936 -0.976878461219709 -0.40973513875391421
v 4.824999999999994 -1.1000000000000001 -0.27186687287037814
v 4.824999999999994 -1.0750000000000002 -0.293715330755212
v 4.824999999999994 -1.0500000000000003 -0.30866540103012835
v 4.824999999999994 -1.0250000000000004 -0.32857248566414288
v 4.824999999999994 -1.0000000000000004 -0.35334754662654766
v 4.824999999999994 -0.97500000000000042 -0.36105196999323041
v 4.8020978496547189 -0.97500000000000042 -0.40971556435071638
v 4.824999999999994 -0.95476164854314471 -0.40950967384018727
v 4.8499999999999943 -1.1000000000000001 -0.25002858520958471
v 4.8499999999999943 -1.0750000000000002 -0.27056003882251084
v 4.8499999999999943 -1.0500000000000003 -0.29337124179889523
v 4.8499999999999943 -1.0250000000000004 -0.30895733710545042
v 4.8499999999999943 -1.0000000000000004 -0.331186812213907
v 4.8499999999999943 -0.97500000000000042 -0.35436221178010779
v 4.8499999999999943 -0.95000000000000051 -0.36388099481439112
v 4.8310004059236693 -0.95000000000000051 -0.40947143254329915
v 4.8499999999999943 -0.93503721000137052 -0.4093536679411911
v 4.8749999999999938 -1.1000000000000001 -0.23753677870749007
v 4.8749999999999938 -1.0750000000000002 -0.25045402521212423
v 4.8749999999999938 -1.0500000000000003 -0.27204683905896321
v 4.8749999999999938 -1.0250000000000004 -0.2956702170680951
v 4.8749999999999938 -1.0000000000000004 -0.31108421825055049
v 4.8749999999999938 -0.97500000000000042 -0.33788654656596301
v 4.8749999999999938 -0.95000000000000051 -0.35591108690517931
v 4.8749999999999938 -0.9250000000000006 -0.38049649019057441
v 4.8643787527164175 -0.9250000000000006 -0.40930189672327294
v 4.8749999999999938 -0.91758574846064678 -0.40926365453923058
v 4.8999999999999932 -1.1000000000000001 -0.22791037056540778
v 4.8999999999999932 -1.0750000000000002 -0.23870284012635201
v 4.8999999999999932 -1.0500000000000003 -0.25366563805170111
v 4.8999999999999932 -1.0250000000000004 -0.27682784430991614
v 4.8999999999999932 -1.0000000000000004 -0.30010608297452956
v 4.8999999999999932 -0.97500000000000042 -0.31590173558556589
v 4.8999999999999932 -0.95000000000000051 -0.34746667542054926
v 4.8999999999999932 -0.9250000000000006 -0.3583947410219076
v 4.8999999999999932 -0.90232671598357095 -0.40923729504508222
v 4.9249999999999936 -1.1000000000000001 -0.21855389358192548
v 4.9249999999999936 -1.0750000000000002 -0.23034059056639949
v 4.9249999999999936 -1.0500000000000003 -0.24154344266217526
v 4.9249999999999936 -1.0250000000000004 -0.260176611463799
v 4.9249999999999936 -1.0000000000000004 -0.28510652242535339
v 4.9249999999999936 -0.97500000000000042 -0.30552871571248885
v 4.9249999999999936 -0.95000000000000051 -0.32699541150721989
v 4.9249999999999936 -0.9250000000000006 -0.3541115533382489
v 4.9041475504519205 -0.90000000000000069 -0.40923886767460227
v 4.9249999999999936 -0.90000000000000069 -0.36800857070373538
v 4.9249999999999936 -0.88899212647197623 -0.4092668088820921
v 4.949999999999994 -1.1000000000000001 -0.20759300702372779
v 4.949999999999994 -1.0750000000000002 -0.22254877496840822
v 4.949999999999994 -1.0500000000000003 -0.234357738727027
v 4.949999999999994 -1.0250000000000004 -0.24698251534043614
v 4.949999999999994 -1.0000000000000004 -0.26992830207553603
v 4.949999999999994 -0.97500000000000042 -0.29575433397473683
v 4.949999999999994 -0.95000000000000051 -0.31274453049594764
v 4.949999999999994 -0.9250000000000006 -0.34447584924569341
v 4.949999999999994 -0.90000000000000069 -0.35801596476032482
v 4.949999999999994 -0.87742841537185645 -0.40934773753247933
v 4.9749999999999934 -1.1000000000000001 -0.20284363011034728
v 4.9749999999999934 -1.0750000000000002 -0.21444785542223369
v 4.9749999999999934 -1.0500000000000003 -0.22783803141189593
v 4.9749999999999934 -1.0250000000000004 -0.23956528599971819
v 4.9749999999999934 -1.0000000000000004 -0.25741476654228068
v 4.9749999999999934 -0.97500000000000042 -0.28333879309230736
v 4.9749999999999934 -0.95000000000000051 -0.30531913925135906
v 4.9749999999999934 -0.9250000000000006 -0.32812902384075288
v 4.9749999999999934 -0.90000000000000069 -0.35493111474199435
v 4.955497996275195 -0.87500000000000078 -0.40936886474503575
v 4.9749999999999934 -0.87500000000000078 -0.37730761475076907
v 4.9749999999999934 -0.86748201812920545 -0.40947562247846286
v 4.9999999999999929 -1.1000000000000001 -0.20115766732584819
v 4.9999999999999929 -1.0750000000000002 -0.20663867676447595
v 4.9999999999999929 -1.0500000000000003 -0.22219071235169541
v 4.9999999999999929 -1.0250000000000004 -0.2345030622266826
v 4.9999999999999929 -1.0000000000000004 -0.24788062626117999
v 4.9999999999999929 -0.97500000000000042 -0.27207934483963114
v 4.9999999999999929 -0.95000000000000051 -0.29850161774970024
v 4.9999999999999929 -0.9250000000000006 -0.31617380678623697
v 4.9999999999999929 -0.90000000000000069 -0.35013337043363391
v 4.9999999999999929 -0.87500000000000078 -0.36126649396676574
v 5.0249999999999932 -1.1000000000000001 -0.20113015513413812
v 5.0249999999999932 -1.0750000000000002 -0.20350128460819039
v 5.0249999999999932 -1.0500000000000003 -0.21684064298940589
v 5.0249999999999932 -1.0250000000000004 -0.23000133786559646
v 5.0249999999999932 -1.0000000000000004 -0.24222552479290796
v 5.0249999999999932 -0.97500000000000042 -0.26326419842349369
v 5.0249999999999932 -0.95000000000000051 -0.29051860900045107
v 5.0249999999999932 -0.9250000000000006 -0.3100682439770735
v 5.0249999999999932 -0.90000000000000069 -0.34060189134733515
v 5.0249999999999932 -0.87500000000000078 -0.35785604417127176
v 5.0249999999999932 -0.85182690700028085 -0.40985442718609444
v 5.0499999999999936 -1.1000000000000001 -0.20154681888881548
v 5.0499999999999936 -1.0750000000000002 -0.20219468685435782
v 5.0499999999999936 -1.0500000000000003 -0.21136002118564712
v 5.0499999999999936 -1.0250000000000004 -0.22632886127426
v 5.0499999999999936 -1.0000000000000004 -0.23861821877560668
v 5.0499999999999936 -0.97500000000000042 -0.25599271440537014
v 5.0499999999999936 -0.95000000000000051 -0.28280145149136582
v 5.0499999999999936 -0.9250000000000006 -0.30590273236861359
v 5.0499999999999936 -0.90000000000000069 -0.33039678608353479
v 5.0499999999999936 -0.87500000000000078 -0.35618576656852297
v 5.0499999999999936 -0.85000000000000087 -0.39057401384724261
v 5.0499999999999936 -0.84581106400599415 -0.41009642991218048
v 5.0749999999999931 -1.1000000000000001 -0.20196348264349284
v 5.0749999999999931 -1.0750000000000002 -0.20164067750926554
v 5.0749999999999931 -1.0500000000000003 -0.20737748111215859
v 5.0749999999999931 -1.0250000000000004 -0.22333200140785228
v 5.0749999999999931 -1.0000000000000004 -0.23596862012601622
v 5.0749999999999931 -0.97500000000000042 -0.25064213837713445
v 5.0749999999999931 -0.95000000000000051 -0.27639028031826052
v 5.0749999999999931 -0.9250000000000006 -0.30236737474440734
v 5.0749999999999931 -0.90000000000000069 -0.32243572933167652
v 5.0749999999999931 -0.87500000000000078 -0.35447985176558022
v 5.0749999999999931 -0.85000000000000087 -0.37131777043235864
v 5.0749999999999931 -0.8407982766531491 -0.41036755486273857
v 5.0999999999999925 -1.1000000000000001 -0.2023801463981702
v 5.0999999999999925 -1.0750000000000002 -0.20168198869523216
v 5.0999999999999925 -1.0500000000000003 -0.20531127851720149
v 5.0999999999999925 -1.0250000000000004 -0.22086731382536218
v 5.0999999999999925 -1.0000000000000004 -0.23380666149681609
v 5.0999999999999925 -0.97500000000000042 -0.24706435767338503
v 5.0999999999999925 -0.95000000000000051 -0.27151835551597014
v 5.0999999999999925 -0.9250000000000006 -0.29897868958627594
v 5.0999999999999925 -0.90000000000000069 -0.31745810166469035
v 5.0999999999999925 -0.87500000000000078 -0.3521493567572378
v 5.0999999999999925 -0.85000000000000087 -0.36391818992491748
v 5.0999999999999925 -0.83663498038773876 -0.41066334351998779
v 5.1249999999999929 -1.1000000000000001 -0.20279681015284756
v 5.1249999999999929 -1.0750000000000002 -0.20207097244083777
v 5.1249999999999929 -1.0500000000000003 -0.20461836195049074
v 5.1249999999999929 -1.0250000000000004 -0.21873243772200873
v 5.1249999999999929 -1.0000000000000004 -0.23202146883670385
v 5.1249999999999929 -0.97500000000000042 -0.24478222862982515
v 5.1249999999999929 -0.95000000000000051 -0.26777951102038461
v 5.1249999999999929 -0.9250000000000006 -0.29569958386719269
v 5.1249999999999929 -0.90000000000000069 -0.31451330637587077
v 5.1249999999999929 -0.87500000000000078 -0.34887174191726306
v 5.1249999999999929 -0.85000000000000087 -0.36163024054266529
v 5.1249999999999929 -0.83316761065575662 -0.410979337366147
v 5.1499999999999932 -1.1000000000000001 -0.20321347390752492
v 5.1499999999999932 -1.0750000000000002 -0.20248763619551513
v 5.1499999999999932 -1.0500000000000003 -0.20424344026394045
v 5.1499999999999932 -1.0250000000000004 -0.21675205059695438
v 5.1499999999999932 -1.0000000000000004 -0.23065897719537196
v 5.1499999999999932 -0.97500000000000042 -0.24322015473498287
v 5.1499999999999932 -0.95000000000000051 -0.26469372519462786
v 5.1499999999999932 -0.9250000000000006 -0.29272057891155506
v 5.1499999999999932 -0.90000000000000069 -0.31248215954720049
v 5.1499999999999932 -0.87500000000000078 -0.34519457181900765
v 5.1499999999999932 -0.85000000000000087 -0.36039831416935769
v 5.1499999999999932 -0.83024260290319596 -0.41131107788343513
v 5.1749999999999927 -1.1000000000000001 -0.20363013766220223
v 5.1749999999999927 -1.0750000000000002 -0.20290429995019249
v 5.1749999999999927 -1.0500000000000003 -0.20405589980543939
v 5.1749999999999927 -1.0250000000000004 -0.21505593842134332
v 5.1749999999999927 -1.0000000000000004 -0.22959402371188387
v 5.1749999999999927 -0.97500000000000042 -0.24209775021896268
v 5.1749999999999927 -0.95000000000000051 -0.26215033639108032
v 5.1749999999999927 -0.9250000000000006 -0.29007983161453699
v 5.1749999999999927 -0.90000000000000069 -0.31098155299711505
v 5.1749999999999927 -0.87500000000000078 -0.34159144762282267
v 5.1749999999999927 -0.85000000000000087 -0.359714918431423
v 5.1749999999999927 -0.82770639257605017 -0.41165410655407125
v 5.1999999999999922 -1.1000000000000001 -0.20404680141687959
v 5.1999999999999922 -1.0750000000000002 -0.20332096370486979
v 5.1999999999999922 -1.0500000000000003 -0.20399960300236564
v 5.1999999999999922 -1.0250000000000004 -0.2136259605125426
v 5.1999999999999922 -1.0000000000000004 -0.22871642860002647
v 5.1999999999999922 -0.97500000000000042 -0.24123369033377084
v 5.1999999999999922 -0.95000000000000051 -0.25999229087563602
v 5.1999999999999922 -0.9250000000000006 -0.28769519727727411
v 5.1999999999999922 -0.90000000000000069 -0.30976901253193517
v 5.1999999999999922 -0.87500000000000078 -0.33816074249965267
v 5.1999999999999922 -0.85000000000000087 -0.35929922669925168
v 5.1999999999999922 -0.82540554141184397 -0.41200396852696053
v 5.2249999999999925 -1.1000000000000001 -0.20446346517155695
v 5.2249999999999925 -1.0750000000000002 -0.20373762745954715
v 5.2249999999999925 -1.0500000000000003 -0.20403088402328129
v 5.2249999999999925 -1.0250000000000004 -0.21238689638101996
v 5.2249999999999925 -1.0000000000000004 -0.22793113143877153
v 5.2249999999999925 -0.97500000000000042 -0.24050093711328055
v 5.2249999999999925 -0.95000000000000051 -0.25806347587236944
v 5.2249999999999925 -0.9250000000000006 -0.28544019209132354
v 5.2249999999999925 -0.90000000000000069 -0.30867705164004
v 5.2249999999999925 -0.87500000000000078 -0.33484242194893482
v 5.2249999999999925 -0.85000000000000087 -0.35898545918818947
v 5.2249999999999925 -0.82500000000000095 -0.40373875375180418
v 5.2045903930543593 -0.82500000000000095 -0.41206870025315973
v 5.2249999999999925 -0.82319991368602941 -0.41235659517035583
v 5.2499999999999929 -1.1000000000000001 -0.20488012892623431
v 5.2499999999999929 -1.0750000000000002 -0.20415429121422451
v 5.2499999999999929 -1.0500000000000003 -0.20411765808980856
v 5.2499999999999929 -1.0250000000000004 -0.21125126195646135
v 5.2499999999999929 -1.0000000000000004 -0.22714811432032256
v 5.2499999999999929 -0.97500000000000042 -0.23980097359343047
v 5.2499999999999929 -0.95000000000000051 -0.25623471276015353
v 5.2499999999999929 -0.9250000000000006 -0.28319519992619352
v 5.2499999999999929 -0.90000000000000069 -0.30758473796463692
v 5.2499999999999929 -0.87500000000000078 -0.33157727826225292
v 5.2499999999999929 -0.85000000000000087 -0.35866396062774653
v 5.2499999999999929 -0.82500000000000095 -0.39369777235422793
v 5.2749999999999924 -1.1000000000000001 -0.20529679268091167
v 5.2749999999999924 -1.0750000000000002 -0.20457095496890187
v 5.2749999999999924 -1.0500000000000003 -0.20426159320189147
v 5.2749999999999924 -1.0250000000000004 -0.21024519640937128
v 5.2749999999999924 -1.0000000000000004 -0.22635156283414612
v 5.2749999999999924 -0.97500000000000042 -0.23910764344292573
v 5.2749999999999924 -0.95000000000000051 -0.2545096399909591
v 5.2749999999999924 -0.9250000000000006 -0.2809692425222553
v 5.2749999999999924 -0.90000000000000069 -0.30644444005107413
v 5.2749999999999924 -0.87500000000000078 -0.32845293870015274
v 5.2749999999999924 -0.85000000000000087 -0.35825929247611271
v 5.2749999999999924 -0.82500000000000095 -0.38441756577213054
v 5.2749999999999924 -0.81880758876553261 -0.41306239807688266
v 5.2999999999999918 -1.1000000000000001 -0.20571345643558903
v 5.2999999999999918 -1.0750000000000002 -0.20498761872357923
v 5.2999999999999918 -1.0500000000000003 -0.20446891030497386
v 5.2999999999999918 -1.0250000000000004 -0.20941231339773544
v 5.2999999999999918 -1.0000000000000004 -0.22553719031771971
v 5.2999999999999918 -0.97500000000000042 -0.2384051190560818
v 5.2999999999999918 -0.95000000000000051 -0.25291115543656878
v 5.2999999999999918 -0.9250000000000006 -0.27879083554246242
v 5.2999999999999918 -0.90000000000000069 -0.30521849265133327
v 5.2999999999999918 -0.87500000000000078 -0.32557860923210835
v 5.2999999999999918 -0.85000000000000087 -0.35769979347481551
v 5.2999999999999918 -0.82500000000000095 -0.3765670556336686
v 5.2999999999999918 -0.81661142630528927 -0.41341529953014622
v 5.3249999999999922 -1.1000000000000001 -0.20613012019026639
v 5.3249999999999922 -1.0750000000000002 -0.20540428247825659
v 5.3249999999999922 -1.0500000000000003 -0.20474583034449925
v 5.3249999999999922 -1.0250000000000004 -0.20879622657953886
v 5.3249999999999922 -1.0000000000000004 -0.22470071010852019
v 5.3249999999999922 -0.97500000000000042 -0.23767757282721366
v 5.3249999999999922 -0.95000000000000051 -0.25146215696876428
v 5.3249999999999922 -0.9250000000000006 -0.27668849464976752
v 5.3249999999999922 -0.90000000000000069 -0.30386923051739556
v 5.3249999999999922 -0.87500000000000078 -0.32306349582759186
v 5.3249999999999922 -0.85000000000000087 -0.35691380236538273
v 5.3249999999999922 -0.82500000000000095 -0.37081516356699057
v 5.3249999999999922 -0.81441526384504881 -0.41376820098340988
v 5.3499999999999925 -1.1000000000000001 -0.20654678394494375
v 5.3499999999999925 -1.0750000000000002 -0.20582094623293395
v 5.3499999999999925 -1.0500000000000003 -0.20509857426591127
v 5.3499999999999925 -1.0250000000000004 -0.20844054961276665
v 5.3499999999999925 -1.0000000000000004 -0.2238378355440252
v 5.3499999999999925 -0.97500000000000042 -0.23690917715063736
v 5.3499999999999925 -0.95000000000000051 -0.25018554245932811
v 5.3499999999999925 -0.9250000000000006 -0.27469073550712408
v 5.3499999999999925 -0.90000000000000069 -0.30235898840124359
v 5.3499999999999925 -0.87500000000000078 -0.32101674652161294
v 5.3499999999999925 -0.85000000000000087 -0.35582907239763234
v 5.3499999999999925 -0.82500000000000095 -0.36781430913845081
v 5.3499999999999925 -0.81221910138481201 -0.41412110243667366
v 5.374999999999992 -1.1000000000000001 -0.2069614727865724
v 5.374999999999992 -1.0750000000000002 -0.20623760998761126
v 5.374999999999992 -1.0500000000000003 -0.20551177227560152
v 5.374999999999992 -1.0250000000000004 -0.20830009029490834
v 5.374999999999992 -1.0000000000000004 -0.22289977419468249
v 5.374999999999992 -0.97500000000000042 -0.23611247332037308
v 5.374999999999992 -0.95000000000000051 -0.2490697590079167
v 5.374999999999992 -0.9250000000000006 -0.27273920433311971
v 5.374999999999992 -0.90000000000000069 -0.3006644975626932
v 5.374999999999992 -0.87500000000000078 -0.31934311169707069
v 5.374999999999992 -0.85000000000000087 -0.35423868043045892
v 5.374999999999992 -0.82500000000000095 -0.36633493681161572
v 5.374999999999992 -0.81002293892457877 -0.41447400388993749
v 5.3999999999999915 -1.1000000000000001 -0.20736712591562345
v 5.3999999999999915 -1.0750000000000002 -0.20665427374228862
v 5.3999999999999915 -1.0500000000000003 -0.20592843603027883
v 5.3999999999999915 -1.0250000000000004 -0.20818603119160836
v 5.3999999999999915 -1.0000000000000004 -0.22181600898678297
v 5.3999999999999915 -0.97500000000000042 -0.23532866174704953
v 5.3999999999999915 -0.95000000000000051 -0.24806212307883505
v 5.3999999999999915 -0.9250000000000006 -0.27074567327574217
v 5.3999999999999915 -0.90000000000000069 -0.29880700925778231
v 5.3999999999999915 -0.87500000000000078 -0.31786192848155853
v 5.3999999999999915 -0.85000000000000087 -0.35209197704582851
v 5.3999999999999915 -0.82500000000000095 -0.36522984403564751
v 5.3999999999999915 -0.80782677646434931 -0.41482690534320144
v 5.4249999999999918 -1.1000000000000001 -0.20776390829200364
v 5.4249999999999918 -1.0750000000000002 -0.20707093749696598
v 5.4249999999999918 -1.0500000000000003 -0.20634509978495619
v 5.4249999999999918 -1.0250000000000004 -0.20809564271759337
v 5.4249999999999918 -1.0000000000000004 -0.22062701883374242
v 5.4249999999999918 -0.97500000000000042 -0.23455439302369749
v 5.4249999999999918 -0.95000000000000051 -0.24714632832355848
v 5.4249999999999918 -0.9250000000000006 -0.26873256202885648
v 5.4249999999999918 -0.90000000000000069 -0.29681504184207447
v 5.4249999999999918 -0.87500000000000078 -0.31653553162705711
v 5.4249999999999918 -0.85000000000000087 -0.34949816821321494
v 5.4249999999999918 -0.82500000000000095 -0.36442736955207278
v 5.4249999999999918 -0.80563061400412306 -0.41517980679646549
v 5.4499999999999922 -1.1000000000000001 -0.20815272476455016
v 5.4499999999999922 -1.0750000000000002 -0.20748760125164334
v 5.4499999999999922 -1.0500000000000003 -0.20676176353963355
v 5.4499999999999922 -1.0250000000000004 -0.20803514581830726
v 5.4499999999999922 -1.0000000000000004 -0.21937641739354627
v 5.4499999999999922 -0.97500000000000042 -0.23378538048779443
v 5.4499999999999922 -0.95000000000000051 -0.24630654713640221
v 5.4499999999999922 -0.9250000000000006 -0.26672276846424536
v 5.4499999999999922 -0.90000000000000069 -0.29471711097852316
v 5.4499999999999922 -0.87500000000000078 -0.31532625588554819
v 5.4499999999999922 -0.85000000000000087 -0.34656645990209201
v 5.4499999999999922 -0.82500000000000095 -0.36385585210241939
v 5.4499999999999922 -0.80343445154390036 -0.41553270824972965
v 5.4749999999999917 -1.1000000000000001 -0.20853448018210019
v 5.4749999999999917 -1.0750000000000002 -0.2079042650063207
v 5.4749999999999917 -1.0500000000000003 -0.20717842729431091
v 5.4749999999999917 -1.0250000000000004 -0.20801076143919342
v 5.4749999999999917 -1.0000000000000004 -0.21810781832417997
v 5.4749999999999917 -0.97500000000000042 -0.23301733747681747
v 5.4749999999999917 -0.95000000000000051 -0.24552695191168195
v 5.4749999999999917 -0.9250000000000006 -0.26473919045369093
v 5.4749999999999917 -0.90000000000000069 -0.29254173233008174
v 5.4749999999999917 -0.87500000000000078 -0.31419643600901376
v 5.4749999999999917 -0.85000000000000087 -0.34340605808193259
v 5.4749999999999917 -0.82500000000000095 -0.36344363042821565
v 5.4749999999999917 -0.80123828908368144 -0.41588560970299393
v 5.4999999999999911 -1.1000000000000001 -0.20891007939349093
v 5.4999999999999911 -1.0750000000000002 -0.208320928760998
v 5.4999999999999911 -1.0500000000000003 -0.20759509104898827
v 5.4999999999999911 -1.0250000000000004 -0.20802871052569552
v 5.4999999999999911 -1.0000000000000004 -0.21686483528362793
v 5.4999999999999911 -0.97500000000000042 -0.23224597732824398
v 5.4999999999999911 -0.95000000000000051 -0.24479171504371319
v 5.4999999999999911 -0.9250000000000006 -0.26280472586897508
v 5.4999999999999911 -0.90000000000000069 -0.29031742155970264
v 5.4999999999999911 -0.87500000000000078 -0.31310840674943596
v 5.4999999999999911 -0.85000000000000087 -0.34012616872220769
v 5.4999999999999911 -0.82500000000000095 -0.36311904327099043
v 5.4999999999999911 -0.80000000000000104 -0.41166748459099428
v 5.4890960551201395 -0.80000000000000104 -0.41608459043648172
v 5.5249999999999915 -1.1000000000000001 -0.20928042724755949
v 5.5249999999999915 -1.0750000000000002 -0.20873759251567542
v 5.5249999999999915 -1.0500000000000003 -0.20801175480366557
v 5.5249999999999915 -1.0250000000000004 -0.20809521402325701
v 5.5249999999999915 -1.0000000000000004 -0.21569108192987443
v 5.5249999999999915 -0.97500000000000042 -0.23146701337955125
v 5.5249999999999915 -0.95000000000000051 -0.24408500892681173
v 5.5249999999999915 -0.9250000000000006 -0.26094227258187919
v 5.5249999999999915 -0.90000000000000069 -0.28807269433033855
v 5.5249999999999915 -0.87500000000000078 -0.31202450285879746
v 5.5249999999999915 -0.85000000000000087 -0.33683599779238804
v 5.5249999999999915 -0.82500000000000095 -0.36281042937227359
v 5.5249999999999915 -0.80000000000000104 -0.40151220286648065
v 5.5249999999999915 -0.79684596416325471 -0.41659141260952276
v 5.5499999999999918 -1.1000000000000001 -0.20964642859314325
v 5.5499999999999918 -1.0750000000000002 -0.20915425627035272
v 5.5499999999999918 -1.0500000000000003 -0.20842841855834299
v 5.5499999999999918 -1.0250000000000004 -0.20821649287732116
v 5.5499999999999918 -1.0000000000000004 -0.21463017192090328
v 5.5499999999999918 -0.97500000000000042 -0.23067615896821664
v 5.5499999999999918 -0.95000000000000051 -0.24339100595529342
v 5.5499999999999918 -0.9250000000000006 -0.25917472846418477
v 5.5499999999999918 -0.90000000000000069 -0.28583606630494152
v 5.5499999999999918 -0.87500000000000078 -0.31090705908908101
v 5.5499999999999918 -0.85000000000000087 -0.33364475126194276
v 5.5499999999999918 -0.82500000000000095 -0.36244612747359545
v 5.5499999999999918 -0.80000000000000104 -0.39186116919331759
v 5.5499999999999918 -0.794649801703047 -0.41694431406278737
v 5.5749999999999913 -1.1000000000000001 -0.2100089882790791
v 5.5749999999999913 -1.0750000000000002 -0.20957092002503008
v 5.5749999999999913 -1.0500000000000003 -0.20884508231302029
v 5.5749999999999913 -1.0250000000000004 -0.20839876803333149
v 5.5749999999999913 -1.0000000000000004 -0.21372571891469769
v 5.5749999999999913 -0.97500000000000042 -0.22986912743171764
v 5.5749999999999913 -0.95000000000000051 -0.24269387852347432
v 5.5749999999999913 -0.9250000000000006 -0.25752499138767282
v 5.5749999999999913 -0.90000000000000069 -0.28363605314646356
v 5.5749999999999913 -0.87500000000000078 -0.3097184101922702
v 5.5749999999999913 -0.85000000000000087 -0.33066163510034013
v 5.5749999999999913 -0.82500000000000095 -0.36195447631648719
v 5.5749999999999913 -0.80000000000000104 -0.3833833051996266
v 5.5749999999999913 -0.79245363924284318 -0.41729721551605209
v 5.5999999999999908 -1.1000000000000001 -0.21036901147415552
v 5.5999999999999908 -1.0750000000000002 -0.20998758377970744
v 5.5999999999999908 -1.0500000000000003 -0.20926174606769765
v 5.5999999999999908 -1.0250000000000004 -0.20864826116701837
v 5.5999999999999908 -1.0000000000000004 -0.21302134215916271
v 5.5999999999999908 -0.97500000000000042 -0.22904163908231456
v 5.5999999999999908 -0.95000000000000051 -0.24197780539882172
v 5.5999999999999908 -0.9250000000000006 -0.25601596948625371
v 5.5999999999999908 -0.90000000000000069 -0.28150118445540662
v 5.5999999999999908 -0.87500000000000078 -0.30842090081292589
v 5.5999999999999908 -0.85000000000000087 -0.32799587131343333
v 5.5999999999999908 -0.82500000000000095 -0.36126382147784375
v 5.5999999999999908 -0.80000000000000104 -0.37674756532871911
v 5.5999999999999908 -0.79025748898005943 -0.4176501173234507
v 5.6249999999999911 -1.1000000000000001 -0.2107273044686373
v 5.6249999999999911 -1.0750000000000002 -0.2104042475343848
v 5.6249999999999911 -1.0500000000000003 -0.20967840982237501
v 5.6249999999999911 -1.0250000000000004 -0.20897117885232538
v 5.6249999999999911 -1.0000000000000004 -0.21256082953229838
v 5.6249999999999911 -0.97500000000000042 -0.22819033196858729
v 5.6249999999999911 -0.95000000000000051 -0.24122838792408788
v 5.6249999999999911 -0.9250000000000006 -0.25467336725095224
v 5.6249999999999911 -0.90000000000000069 -0.27946515938773309
v 5.6249999999999911 -0.87500000000000078 -0.30698200372958961
v 5.6249999999999911 -0.85000000000000087 -0.3257641630236372
v 5.6249999999999911 -0.82500000000000095 -0.36030803464023625
v 5.6249999999999911 -0.80000000000000104 -0.3726353378362548
v 5.6249999999999911 -0.7880708069803587 -0.41800329402774583
v 5.6445382543748313 -1.1000000000000001 -0.21100575651697889
v 5.6499999999999915 -1.0995153036135565 -0.21108287304530482
v 5.6499999999999915 -1.0750000000000002 -0.21082057570991489
v 5.6499999999999915 -1.0500000000000003 -0.21009507357705237
v 5.6499999999999915 -1.0250000000000004 -0.20936923586504258
v 5.6499999999999915 -1.0000000000000004 -0.21236452132366757
v 5.6499999999999915 -0.97500000000000042 -0.22729749145420861
v 5.6499999999999915 -0.95000000000000051 -0.24044059144796751
v 5.6499999999999915 -0.9250000000000006 -0.25351611666159624
v 5.6499999999999915 -0.90000000000000069 -0.27754439760489313
v 5.6499999999999915 -0.87500000000000078 -0.30539142563383237
v 5.6499999999999915 -0.85000000000000087 -0.32402395855758515
v 5.6499999999999915 -0.82500000000000095 -0.35899304601107174
v 5.6499999999999915 -0.80000000000000104 -0.37092873720309616
v 5.6499999999999915 -0.78593840059204578 -0.41835804654346442
v 5.6684409713739692 -1.0978787806406993 -0.21134243037071915
v 5.6749999999999909 -1.0973375136682455 -0.21143618801898076
v 5.6749999999999909 -1.0750000000000002 -0.21122987046589922
v 5.6749999999999909 -1.0500000000000003 -0.21051173733172973
v 5.6749999999999909 -1.0250000000000004 -0.20978589961971994
v 5.6749999999999909 -1.0000000000000004 -0.21226062532886689
v 5.6749999999999909 -0.97500000000000042 -0.22632664798120727
v 5.6749999999999909 -0.95000000000000051 -0.23970843872727574
v 5.6749999999999909 -0.9250000000000006 -0.25254464027659229
v 5.6749999999999909 -0.90000000000000069 -0.27571248512405377
v 5.6749999999999909 -0.87500000000000078 -0.30375158275787933
v 5.6749999999999909 -0.85000000000000087 -0.32261081570224881
v 5.6749999999999909 -0.82500000000000095 -0.35727408402242056
v 5.6749999999999909 -0.80000000000000104 -0.36981122885204631
v 5.6749999999999909 -0.78394839271510663 -0.41871693338757066
v 5.6948809440721035 -1.0956968898775905 -0.21171974555866402
v 5.6999999999999904 -1.0953373684650332 -0.21179464559864719
v 5.6999999999999904 -1.0750000000000002 -0.21163184041591551
v 5.6999999999999904 -1.0500000000000003 -0.21092840108640704
v 5.6999999999999904 -1.0250000000000004 -0.2102025633743973
v 5.6999999999999904 -1.0000000000000004 -0.21222111048332529
v 5.6999999999999904 -0.97500000000000042 -0.22538687748698516
v 5.6999999999999904 -0.95000000000000051 -0.23909687474599259
v 5.6999999999999904 -0.9250000000000006 -0.25178830045014322
v 5.6999999999999904 -0.90000000000000069 -0.27408983569692913
v 5.6999999999999904 -0.87500000000000078 -0.30222146094566066
v 5.6999999999999904 -0.85000000000000087 -0.32152385067166922
v 5.6999999999999904 -0.82500000000000095 -0.35544061783993963
v 5.6999999999999904 -0.80000000000000104 -0.36910786418284142
v 5.6999999999999904 -0.78219667932686732 -0.4190827387567353
v 5.7213209167702379 -1.0938399583522622 -0.21210649545339477
v 5.7249999999999908 -1.0936515856486888 -0.21216234395819922
v 5.7249999999999908 -1.0750000000000002 -0.2120307470555044
v 5.7249999999999908 -1.0500000000000003 -0.21134506484108445
v 5.7249999999999908 -1.0250000000000004 -0.2106192271290746
v 5.7249999999999908 -1.0000000000000004 -0.21227241320182477
v 5.7249999999999908 -0.97500000000000042 -0.22462372209945863
v 5.7249999999999908 -0.95000000000000051 -0.23866479723263903
v 5.7249999999999908 -0.9250000000000006 -0.25128197461666718
v 5.7249999999999908 -0.90000000000000069 -0.27281902620729803
v 5.7249999999999908 -0.87500000000000078 -0.30097361414355533
v 5.7249999999999908 -0.85000000000000087 -0.32078208490196353
v 5.7249999999999908 -0.82500000000000095 -0.35381679165208457
v 5.7249999999999908 -0.80000000000000104 -0.36875007787478753
v 5.7249999999999908 -0.78077915640465434 -0.41945824684762945
v 5.7477608894683723 -1.092486205575137 -0.21250785439257858
v 5.7499999999999911 -1.092430775239017 -0.21254356330349444
v 5.7499999999999911 -1.0750000000000002 -0.2124317429946006
v 5.7499999999999911 -1.0500000000000003 -0.21176172859576176
v 5.7499999999999911 -1.0250000000000004 -0.21103589088375202
v 5.7499999999999911 -1.0000000000000004 -0.21243707349798849
v 5.7499999999999911 -0.97500000000000042 -0.22417770474045087
v 5.7499999999999911 -0.95000000000000051 -0.23847742299682176
v 5.7499999999999911 -0.9250000000000006 -0.25106479355714029
v 5.7499999999999911 -0.90000000000000069 -0.27204003293765999
v 5.7499999999999911 -0.87500000000000078 -0.30018356873011465
v 5.7499999999999911 -0.85000000000000087 -0.32041503834601859
v 5.7499999999999911 -0.82500000000000095 -0.35270933227942874
v 5.7499999999999911 -0.80000000000000104 -0.36868566010702097
v 5.7742008621665066 -1.0918316704135349 -0.21292951407233235
v 5.7749999999999906 -1.0918394805388001 -0.2129430596984786
v 5.7749999999999906 -1.0750000000000002 -0.21284006442440317
v 5.7749999999999906 -1.0500000000000003 -0.21217839235043917
v 5.7749999999999906 -1.0250000000000004 -0.21145255463842932
v 5.7749999999999906 -1.0000000000000004 -0.21273640986236314
v 5.7749999999999906 -0.97500000000000042 -0.22417891180111357
v 5.7749999999999906 -0.95000000000000051 -0.23860648352222544
v 5.7749999999999906 -0.9250000000000006 -0.25118607697044287
v 5.7749999999999906 -0.90000000000000069 -0.27189090208532762
v 5.7749999999999906 -0.87500000000000078 -0.30002186996778918
v 5.7749999999999906 -0.85000000000000087 -0.32046998172263824
v 5.7749999999999906 -0.82500000000000095 -0.35238668535718282
v 5.7749999999999906 -0.80000000000000104 -0.36889164100589134
v 5.7749999999999906 -0.77933026586761223 -0.42024950798128979
v 5.7999999999999901 -1.0920838102694788 -0.21336681720246364
v 5.7999999999999901 -1.0750000000000002 -0.21326024356416409
v 5.7999999999999901 -1.0500000000000003 -0.21259505610511648
v 5.7999999999999901 -1.0250000000000004 -0.21186921839310668
v 5.7999999999999901 -1.0000000000000004 -0.21320080296706503
v 5.7999999999999901 -0.97500000000000042 -0.22476499170046424
v 5.7999999999999901 -0.95000000000000051 -0.2391397458421233
v 5.7999999999999901 -0.9250000000000006 -0.2517214965069427
v 5.7999999999999901 -0.90000000000000069 -0.27253461849740446
v 5.7999999999999901 -0.87500000000000078 -0.3006700968239378
v 5.7999999999999901 -0.85000000000000087 -0.32102977357693319
v 5.7999999999999901 -0.82500000000000095 -0.35309694649530543
v 5.7999999999999901 -0.80000000000000104 -0.36938995941834618
v 5.7999999999999901 -0.77951045910226469 -0.42067140337777353
v 5.800640834864641 -1.0920900732698744 -0.21337767954577208
v 5.8249999999999904 -1.0933819592316794 -0.2138211707760439
v 5.8249999999999904 -1.0750000000000002 -0.21369392634734738
v 5.8249999999999904 -1.0500000000000003 -0.21301171985979384
v 5.8249999999999904 -1.0250000000000004 -0.21228588214778404
v 5.8249999999999904 -1.0000000000000004 -0.21387315658783687
v 5.8249999999999904 -0.97500000000000042 -0.22606176448544255
v 5.8249999999999904 -0.95000000000000051 -0.24016532090646098
v 5.8249999999999904 -0.9250000000000006 -0.25276701382402067
v 5.8249999999999904 -0.90000000000000069 -0.27413535242659137
v 5.8249999999999904 -0.87500000000000078 -0.30227799831128721
v 5.8249999999999904 -0.85000000000000087 -0.32220158485065464
v 5.8249999999999904 -0.82500000000000095 -0.35499998263118082
v 5.8249999999999904 -0.80000000000000104 -0.37025158625047594
v 5.8249999999999904 -0.78044209986302382 -0.42111511593237905
v 5.8270808075627762 -1.0934923146590778 -0.21385905466495592
v 5.8499999999999908 -1.0959134901993424 -0.21431133375653921
v 5.8499999999999908 -1.0750000000000002 -0.21413625949818432
v 5.8499999999999908 -1.0500000000000003 -0.2134283836144712
v 5.8499999999999908 -1.0250000000000004 -0.2127025459024614
v 5.8499999999999908 -1.0000000000000004 -0.21480921952514609
v 5.8499999999999908 -0.97500000000000042 -0.22813101907337888
v 5.8499999999999908 -0.95000000000000051 -0.24175577024029526
v 5.8499999999999908 -0.9250000000000006 -0.25444117436396685
v 5.8499999999999908 -0.90000000000000069 -0.27681824921054632
v 5.8499999999999908 -0.87500000000000078 -0.30489912644488609
v 5.8499999999999908 -0.85000000000000087 -0.32412058902825974
v 5.8499999999999908 -0.82500000000000095 -0.35804366341820854
v 5.8499999999999908 -0.80000000000000104 -0.37162751712025055
v 5.8499999999999908 -0.78219989626110031 -0.42158281468368675
v 5.8535207802609106 -1.0962854242050337 -0.21438081156656397
v 5.8749999999999902 -1.0998967192301914 -0.21484364462506311
v 5.8749999999999902 -1.0750000000000002 -0.21457075259266978
v 5.8749999999999902 -1.0500000000000003 -0.21384504736914856
v 5.8749999999999902 -1.0250000000000004 -0.21311920965713876
v 5.8749999999999902 -1.0000000000000004 -0.21608498514644148
v 5.8749999999999902 -0.97500000000000042 -0.23090411011821374
v 5.8749999999999902 -0.95000000000000051 -0.24400458618650372
v 5.8749999999999902 -0.9250000000000006 -0.25695957663133384
v 5.8749999999999902 -0.90000000000000069 -0.2806919617966781
v 5.8749999999999902 -0.87500000000000078 -0.30848860200923656
v 5.8749999999999902 -0.85000000000000087 -0.32705702262852399
v 5.8749999999999902 -0.82500000000000095 -0.3618642592365573
v 5.8749999999999902 -0.80000000000000104 -0.3738787347728193
v 5.8749999999999902 -0.78487974427382068 -0.42207728382836762
v 5.8756142921954737 -1.1000000000000001 -0.21485688135987474
v 5.8999999999999897 -1.1000000000000001 -0.21540696545242238
v 5.8999999999999897 -1.0750000000000002 -0.21498754883583565
v 5.8999999999999897 -1.0500000000000003 -0.21426171112382592
v 5.8999999999999897 -1.0250000000000004 -0.21369430299068826
v 5.8999999999999897 -1.0000000000000004 -0.21823465422734206
v 5.8999999999999897 -0.97500000000000042 -0.23415696719550555
v 5.8999999999999897 -0.95000000000000051 -0.2469514065104926
v 5.8999999999999897 -0.9250000000000006 -0.26076273715341736
v 5.8999999999999897 -0.90000000000000069 -0.28586984085450751
v 5.8999999999999897 -0.87500000000000078 -0.31275570027678112
v 5.8999999999999897 -0.85000000000000087 -0.33165405672510795
v 5.8999999999999897 -0.82500000000000095 -0.36547752625676944
v 5.8999999999999897 -0.80000000000000104 -0.37821568444509135
v 5.8999999999999897 -0.78857753987851142 -0.4226013075630925
v 5.9249999999999901 -1.1000000000000001 -0.21599416092606477
v 5.9249999999999901 -1.0750000000000002 -0.21540421259051307
v 5.9249999999999901 -1.0500000000000003 -0.21467837487850322
v 5.9249999999999901 -1.0250000000000004 -0.21489020188334626
v 5.9249999999999901 -1.0000000000000004 -0.22262563281976863
v 5.9249999999999901 -0.97500000000000042 -0.23808728175655769
v 5.9249999999999901 -0.95000000000000051 -0.25047344222560741
v 5.9249999999999901 -0.9250000000000006 -0.26658810839161351
v 5.9249999999999901 -0.90000000000000069 -0.29295186833857029
v 5.9249999999999901 -0.87500000000000078 -0.31733784722273589
v 5.9249999999999901 -0.85000000000000087 -0.3395596741885224
v 5.9249999999999901 -0.82500000000000095 -0.36843430964038104
v 5.9249999999999901 -0.80000000000000104 -0.39331397598598627
v 5.9249999999999901 -0.79338917905249862 -0.42315767008453242
v 5.9499999999999904 -1.1000000000000001 -0.21653716417431859
v 5.9499999999999904 -1.0750000000000002 -0.21582087634519037
v 5.9499999999999904 -1.0500000000000003 -0.21509503863318064
v 5.9499999999999904 -1.0250000000000004 -0.21695535877821245
v 5.9499999999999904 -1.0000000000000004 -0.22918385006844122
v 5.9499999999999904 -0.97500000000000042 -0.24276373234980467
v 5.9499999999999904 -0.95000000000000051 -0.25489322177294149
v 5.9499999999999904 -0.9250000000000006 -0.2747363289262818
v 5.9499999999999904 -0.90000000000000069 -0.30183809948332141
v 5.9499999999999904 -0.87500000000000078 -0.32240385160680429
v 5.9499999999999904 -0.85000000000000087 -0.35078230258232523
v 5.9499999999999904 -0.82500000000000095 -0.37099356899981906
v 5.9499999999999904 -0.80000000000000104 -0.42102731564631063
v 5.9499999999999904 -0.79941055777310865 -0.42374915558935822
v 5.9749999999999899 -1.1000000000000001 -0.21696337781187752
v 5.9749999999999899 -1.0750000000000002 -0.21623754009986779
v 5.9749999999999899 -1.0500000000000003 -0.21578560839559913
v 5.9749999999999899 -1.0250000000000004 -0.22050018495732659
v 5.9749999999999899 -1.0000000000000004 -0.23598585207141468
v 5.9749999999999899 -0.97500000000000042 -0.24834747632883752
v 5.9749999999999899 -0.95000000000000051 -0.2611923940565567
v 5.9749999999999899 -0.9250000000000006 -0.28478488674369162
v 5.9749999999999899 -0.90000000000000069 -0.31145328731307237
v 5.9749999999999899 -0.87500000000000078 -0.32907726889676436
v 5.9749999999999899 -0.85000000000000087 -0.36267329953093408
v 5.9749999999999899 -0.82500000000000095 -0.37463673632597772
v 5.9749999999999899 -0.8067375720176676 -0.42437854827424093
v 5.9522906222696879 -0.80000000000000104 -0.42380444593626848
v 5.9999999999999893 -1.1000000000000001 -0.21738004156655488
v 5.9999999999999893 -1.0750000000000002 -0.21665420385454509
v 5.9999999999999893 -1.0500000000000003 -0.21821009565749724
v 5.9999999999999893 -1.0250000000000004 -0.22911201435321285
v 5.9999999999999893 -1.0000000000000004 -0.24274612303668741
v 5.9999999999999893 -0.97500000000000042 -0.25444527902251579
v 5.9999999999999893 -0.95000000000000051 -0.2714628182834381
v 5.9999999999999893 -0.9250000000000006 -0.29706969517697945
v 5.9999999999999893 -0.90000000000000069 -0.31981398716367798
v 5.9999999999999893 -0.87500000000000078 -0.340984002536935
v 5.9999999999999893 -0.85000000000000087 -0.36981597813257033
v 5.9999999999999893 -0.82500000000000095 -0.38642077905504801
v 6.0249999999999897 -1.1000000000000001 -0.21779670532123224
v 6.0249999999999897 -1.0750000000000002 -0.21773474259876394
v 6.0249999999999897 -1.0500000000000003 -0.22346545470303916
v 6.0249999999999897 -1.0250000000000004 -0.23844089844318214
v 6.0249999999999897 -1.0000000000000004 -0.25025151819406921
v 6.0249999999999897 -0.97500000000000042 -0.26254580973647623
v 6.0249999999999897 -0.95000000000000051 -0.28505542388363236
v 6.0249999999999897 -0.9250000000000006 -0.31087163786185407
v 6.0249999999999897 -0.90000000000000069 -0.32807771932937085
v 6.0249999999999897 -0.87500000000000078 -0.35878067984584378
v 6.0249999999999897 -0.85000000000000087 -0.37385095498252457
v 6.0249999999999897 -0.82567620410156939 -0.42576173071881063
v 6.0234620445540683 -0.82500000000000095 -0.42571646572966726
v 6.0499999999999901 -1.1000000000000001 -0.21826265983570198
v 6.0499999999999901 -1.0750000000000002 -0.22136019887978794
v 6.0499999999999901 -1.0500000000000003 -0.23487145827027359
v 6.0499999999999901 -1.0250000000000004 -0.24683747615264778
v 6.0499999999999901 -1.0000000000000004 -0.25799799788162914
v 6.0499999999999901 -0.97500000000000042 -0.27587196406026765
v 6.0499999999999901 -0.95000000000000051 -0.30063584873286303
v 6.0499999999999901 -0.9250000000000006 -0.32182165162362153
v 6.0499999999999901 -0.90000000000000069 -0.3419675783772273
v 6.0499999999999901 -0.87500000000000078 -0.37071530182220835
v 6.0499999999999901 -0.85000000000000087 -0.3821037105160543
v 6.0499999999999901 -0.83737772088720941 -0.42651813056031729
v 6.0749999999999895 -1.1000000000000001 -0.22116948378971485
v 6.0749999999999895 -1.0750000000000002 -0.23153301624526881
v 6.0749999999999895 -1.0500000000000003 -0.24442726704078604
v 6.0749999999999895 -1.0250000000000004 -0.25539170546032486
v 6.0749999999999895 -1.0000000000000004 -0.26921741380540021
v 6.0749999999999895 -0.97500000000000042 -0.29207986989153534
v 6.0749999999999895 -0.95000000000000051 -0.31627201225145746
v 6.0749999999999895 -0.9250000000000006 -0.33207135495102508
v 6.0749999999999895 -0.90000000000000069 -0.36307947888266906
v 6.0749999999999895 -0.87500000000000078 -0.37574922080101908
v 6.0749999999999895 -0.85051210372424169 -0.42731613153047832
v 6.099999999999989 -1.1000000000000001 -0.22923855524403533
v 6.099999999999989 -1.0750000000000002 -0.24281788257107173
v 6.099999999999989 -1.0500000000000003 -0.25372189893527874
v 6.099999999999989 -1.0250000000000004 -0.26521047697607503
v 6.099999999999989 -1.0000000000000004 -0.28604073377620731
v 6.099999999999989 -0.97500000000000042 -0.31020885818141763
v 6.099999999999989 -0.95000000000000051 -0.32735943150460023
v 6.099999999999989 -0.9250000000000006 -0.35140433715624658
v 6.099999999999989 -0.90000000000000069 -0.37390903780302587
v 6.099999999999989 -0.87500000000000078 -0.3907269646446499
v 6.099999999999989 -0.86500453659279386 -0.4281535614577463
v 6.1249999999999893 -1.1000000000000001 -0.24187534706603178
v 6.1249999999999893 -1.0750000000000002 -0.25262599885836434
v 6.1249999999999893 -1.0500000000000003 -0.26316360713133835
v 6.1249999999999893 -1.0250000000000004 -0.28148481493941319
v 6.1249999999999893 -1.0000000000000004 -0.30475017343535854
v 6.1249999999999893 -0.97500000000000042 -0.32430203388409984
v 6.1249999999999893 -0.95000000000000051 -0.34194705200059006
v 6.1249999999999893 -0.9250000000000006 -0.37142219807265109
v 6.1249999999999893 -0.90000000000000069 -0.38017333764002825
v 6.1249999999999893 -0.88078020343599617 -0.42902824816949958
v 6.116219217999932 -0.87500000000000078 -0.42871408324013638
v 6.1499999999999897 -1.1000000000000001 -0.25207910880794276
v 6.1499999999999897 -1.0750000000000002 -0.26219826095696397
v 6.1499999999999897 -1.0500000000000003 -0.27830195468191476
v 6.1499999999999897 -1.0250000000000004 -0.30053851397980341
v 6.1499999999999897 -1.0000000000000004 -0.32186227584469673
v 6.1499999999999897 -0.97500000000000042 -0.33663280836949372
v 6.1499999999999897 -0.95000000000000051 -0.36656311909923639
v 6.1499999999999897 -0.9250000000000006 -0.37811119495955658
v 6.1499999999999897 -0.90000000000000069 -0.42116166303331104
v 6.1499999999999897 -0.89776428819697784 -0.42993801949311661
v 6.1749999999999892 -1.1000000000000001 -0.26193579206743567
v 6.1749999999999892 -1.0750000000000002 -0.27634976980391823
v 6.1749999999999892 -1.0500000000000003 -0.29764800893930421
v 6.1749999999999892 -1.0250000000000004 -0.31977884429687176
v 6.1749999999999892 -1.0000000000000004 -0.334029402009626
v 6.1749999999999892 -0.97500000000000042 -0.36072330786732221
v 6.1749999999999892 -0.95000000000000051 -0.37751375133832493
v 6.1749999999999892 -0.9250000000000006 -0.39781263786681764
v 6.1749999999999892 -0.91588197481886846 -0.43088070325597572
v 6.1531177482866282 -0.90000000000000069 -0.4300548921589985
v 6.1999999999999886 -1.1000000000000001 -0.27539982189435486
v 6.1999999999999886 -1.0750000000000002 -0.29592304628166266
v 6.1999999999999886 -1.0500000000000003 -0.31812589864884555
v 6.1999999999999886 -1.0250000000000004 -0.33266023787541249
v 6.1999999999999886 -1.0000000000000004 -0.35574390345227891
v 6.1999999999999886 -0.97500000000000042 -0.37718437899913898
v 6.1999999999999886 -0.95000000000000051 -0.38679201043983369
v 6.1999999999999886 -0.9350584472447977 -0.43185412728545525
v 6.1869591964884432 -0.9250000000000006 -0.43134475006586781
v 6.224999999999989 -1.1000000000000001 -0.29514829490296945
v 6.224999999999989 -1.0750000000000002 -0.31707195249863274
v 6.224999999999989 -1.0500000000000003 -0.33206164596025312
v 6.224999999999989 -1.0250000000000004 -0.35216934249023857
v 6.224999999999989 -1.0000000000000004 -0.37680934346008049
v 6.224999999999989 -0.97500000000000042 -0.38460448720079665
v 6.224999999999989 -0.95521888941789623 -0.4328561194089337
v 6.2185752016930245 -0.95000000000000051 -0.43259751751533521
v 6.2499999999999893 -1.1000000000000001 -0.31666224872742549
v 6.2499999999999893 -1.0750000000000002 -0.33200618154980538
v 6.2499999999999893 -1.0500000000000003 -0.3499714099299106
v 6.2499999999999893 -1.0250000000000004 -0.37644464308600223
v 6.2499999999999893 -1.0000000000000004 -0.3839666355933104
v 6.2484664380657442 -0.97500000000000042 -0.43382153901850606
v 6.2749999999999888 -1.1000000000000001 -0.33239097196366857
v 6.2749999999999888 -1.0750000000000002 -0.34895809497928887
v 6.2749999999999888 -1.0500000000000003 -0.37623379263583445
v 6.2749999999999888 -1.0250000000000004 -0.38407866962069009
v 6.2749999999999888 -1.0000000000000004 -0.42865813190008417
v 6.2749999999999888 -0.99824204861506194 -0.43493856017569255
v 6.2999999999999883 -1.1000000000000001 -0.34881429469823644
v 6.2999999999999883 -1.0750000000000002 -0.37626058080939712
v 6.2999999999999883 -1.0500000000000003 -0.3846015910027607
v 6.2999999999999883 -1.0250000000000004 -0.4217116767683014
v 6.2999999999999883 -1.0209411570066489 -0.43601425868635435
v 6.2769864631652466 -1.0000000000000004 -0.43502270716017388
v 6.3249999999999886 -1.1000000000000001 -0.37667342249518315
v 6.3249999999999886 -1.0750000000000002 -0.38538171662990744
v 6.3249999999999886 -1.0500000000000003 -0.41746728052986981
v 6.3249999999999886 -1.0443152301572252 -0.43710955379207028
v 6.3044162828835564 -1.0250000000000004 -0.43620570533914182
v 6.349999999999989 -1.1000000000000001 -0.38634034096856168
v 6.349999999999989 -1.0750000000000002 -0.41545735788209359
v 6.349999999999989 -1.0682894520099195 -0.43822227332021862
v 6.3310160525966515 -1.0500000000000003 -0.43737486944804005
v 6.3749999999999885 -1.1000000000000001 -0.41522115233102264
v 6.3749999999999885 -1.0927890065078609 -0.43935024509817777
v 6.3569415044006252 -1.0750000000000002 -0.43853279500366382
v 4.7365479603934624 -0.98415260253093007 -0.40888880599478533
v 4.7189213119280389 -1.0055940704151807 -0.40921755161315554
v 4.7564939665457979 -0.96165234299958835 -0.40856797563144115
v 4.9785211299156025 -0.86350977316072053 -0.40941897935893795
v 4.7718012573243085 -0.94579793917276433 -0.40836278639347201
v 4.960894481450179 -0.87090170641947973 -0.40933981769461331
v 4.789427905789732 -0.92912842514266936 -0.40817258733779443
v 4.8070545542551546 -0.91424292643529481 -0.40803418450611822
v 4.8599344996514233 -0.87954861849709542 -0.40790821328621091
v 4.8246812027205772 -0.90109685862578182 -0.40794628345616618
v 4.8423078511859998 -0.88957287927278905 -0.40790547732517246
v 5.0130620680417124 -0.85219432134102069 -0.40966613037135935
v 5.2381209479031661 -0.74837936728165599 -0.41040297313854746
v 5.2204942994377435 -0.74993220610794664 -0.41015428207650001
v 5.1147344086452051 -0.76430681417203739 -0.40880897485395562
v 5.20286765097232 -0.75153582572960742 -0.40990706535910554
v 5.1323610571106286 -0.76071109739649267 -0.40899835400173901
v 5.1852410025068965 -0.75329324408947718 -0.40966431395868114
v 5.1499877055760512 -0.75775851004369843 -0.4092064054530718
v 5.1676143540414747 -0.75532668223443389 -0.40942957638102789
v 5.4944537208290098 -0.73318197228667825 -0.41423392246664648
v 5.4800941174253062 -0.73444341316423045 -0.41403122147026777
v 5.4624674689598836 -0.73599185251060062 -0.41378240267588279
v 5.3567075781673461 -0.74528248858887702 -0.41228948990957415
v 5.4448408204944601 -0.73754029185697345 -0.4135335838814978
v 5.3743342266327687 -0.7437340492424912 -0.41253830870395874
v 5.4272141720290383 -0.73908873120334884 -0.41328476508711298
v 5.3919608750981922 -0.74218560989610793 -0.41278712749834345
v 5.4095875235636148 -0.74063717054972711 -0.41303594629272816
v 5.7396939354128698 -0.72025557544960728 -0.41794593215871217
v 5.7220672869474472 -0.72114405169879525 -0.41767795232014832
v 5.5986807476894862 -0.73134653447149844 -0.41591773824129596
v 5.7044406384820237 -0.72230883060094919 -0.41741799451700251
v 5.6163073961549088 -0.72979809512513683 -0.41616655703568117
v 5.6868139900166019 -0.72367349621985788 -0.41716384012654278
v 5.6339340446203323 -0.72824965577877787 -0.4164153758300666
v 5.6691873415511784 -0.7251616326193111 -0.41691327052603705
v 5.6515606930857558 -0.72670122631387335 -0.41666419491134521
v 5.9816671049350107 -0.73730153806516485 -0.42247369423263831
v 5.9640404564695872 -0.73226457330817318 -0.42203367805237146
v 5.8582805656770489 -0.71961319465497231 -0.41990371161527973
v 5.9464138080041655 -0.72819165463004465 -0.42162165151211095
v 5.8759072141424724 -0.72001212198194686 -0.42020906929648977
v 5.928787159538742 -0.72500636609456848 -0.42123539598912441
v 5.8935338626078959 -0.72099301570673047 -0.42053132350404582
v 5.9111605110733185 -0.72263229176553401 -0.42087269286068008
v 6.2412267993449317 -0.92679974922412189 -0.43230145682677068
v 6.1385224505763984 -0.85325140716348802 -0.42845436323065095
v 6.2236402744571508 -0.91231507415118662 -0.43158780919054612
v 6.1531336805954595 -0.86193422660987584 -0.4289499747410892
v 6.2060136259917291 -0.89850627284088525 -0.43089311581932027
v 6.170760329060883 -0.87325623093828364 -0.42957246767105234
v 6.1883869775263056 -0.88546678572593551 -0.43022075833830914
v 6.1178803836646134 -0.84219434185857633 -0.42778930578720198
v 6.1002537351991899 -0.83389569767560234 -0.42725459160966062
v 6.4127334985830231 -1.0913181980597322 -0.43993642961649476
v 6.3951068501175996 -1.074145492348189 -0.43914407029830821
v 6.3422269047213318 -1.0253354801633936 -0.43684561813177519
v 6.3774802016521761 -1.0573843920403205 -0.43836366132909976
v 6.3598535531867535 -1.0410945152680735 -0.43759693363240898
v 7.8832861928812363 -0.80001380711874692 -0.45598788139402208
v 5.2416666666666618 -0.82306788830393629 -0.40625462138273433
v 5.2666666666666613 -0.82160377999710399 -0.40339648682421086
v 5.2916666666666581 -0.82013967169027424 -0.40101491774689912
v 5.3666666666666591 -0.81574734676979721 -0.39831001437940899
v 5.3916666666666586 -0.81428323846297646 -0.39817691775626213
v 5.4166666666666581 -0.8128191301561577 -0.3981446938972466
v 5.4416666666666584 -0.81135502184934138 -0.39818945571620484
v 5.4666666666666588 -0.80989091354252762 -0.39828731612697971
v 5.4880320183733744 -0.80874609636122774 -0.39836308113682201
v 5.5166666666666613 -0.79862936359557368 -0.41144737554408728
v 5.5416666666666581 -0.79716525528876758 -0.40846563195520919
v 5.5666666666666584 -0.7957011469819637 -0.40587494492615533
v 5.5916666666666579 -0.79423704274096796 -0.4038982993894073
v -1 -1.0000000000000002 -0.446466901788174
v -1 -1.1000000000000001 -0.4462288849344454
v -0.80000000000000004 -1.1000000000000001 -0.44208255935118806
v -0.80000000000000004 -1.0000000000000002 -0.44232057620491666
v -0.80000000000000004 -0.80000000000000027 -0.4427966099123738
v -1 -0.80000000000000027 -0.44694293549563119
v -0.80000000000000004 -0.60000000000000031 -0.44327264361983099
v -1 -0.60000000000000031 -0.44741896920308832
v -0.80000000000000004 -0.4000000000000003 -0.44374867732728812
v -1 -0.4000000000000003 -0.44789500291054551
v -0.80000000000000004 -0.20000000000000034 -0.44422471103474531
v -1 -0.20000000000000034 -0.44837103661800265
v -0.80000000000000004 -3.8857805861880479e-16 -0.4447007447422025
v -1 -3.8857805861880479e-16 -0.44884707032545984
v -0.80000000000000004 0.19999999999999957 -0.44517677844965964
v -1 0.19999999999999957 -0.44932310403291703
v -0.80000000000000004 0.39999999999999952 -0.44565281215711683
v -1 0.39999999999999952 -0.44979913774037417
v -0.80000000000000004 0.59999999999999942 -0.44612884586457396
v -1 0.59999999999999942 -0.45027517144783136
v -0.80000000000000004 0.79999999999999938 -0.44660487957203115
v -1 0.79999999999999938 -0.45075120515528849
v -0.80000000000000004 0.99999999999999933 -0.44708091327948835
v -1 0.99999999999999933 -0.45122723886274568
v -0.80000000000000004 1.1999999999999991 -0.44755694698694548
v -1 1.1999999999999991 -0.45170327257020287
v -0.80000000000000004 1.3999999999999992 -0.44803298069440267
v -1 1.3999999999999992 -0.45217930627766001
v -0.80000000000000004 1.5999999999999994 -0.44900121707856233
v -1 1.5999999999999994 -0.45290815551196073
v -0.80000000000000004 1.7999999999999992 -0.4533386846706321
v -1 1.7999999999999992 -0.45673449918946685
v -0.80000000000000004 1.9999999999999989 -0.46113370750701854
v -1 1.9999999999999989 -0.46405721764910457
v -0.80000000000000004 2.1999999999999993 -0.46807531451253315
v -1 2.1999999999999993 -0.47085689071948317
v -0.80000000000000004 2.3999999999999995 -0.4736620631790015
v -1 2.3999999999999995 -0.47644363938595152
v -0.80000000000000004 2.5999999999999992 -0.47924881184546986
v -1 2.5999999999999992 -0.48203038805241988
v -0.80000000000000004 2.7999999999999989 -0.48483556051193821
v -1 2.7999999999999989 -0.48761713671888823
v -0.80000000000000004 2.9999999999999991 -0.49042230917840657
v -1 2.9999999999999991 -0.49320388538535659
v -0.85009999999999986 3.1999999999999993 -0.4967058426847159
v -1 3.1999999999999993 -0.49879063405182494
v -0.80000000000000004 3.0999000000000034 -0.49321289013730762
v -0.85009999999999986 3.1000000000000036 -0.49391246835148184
v -0.84999999999999987 3.0999000000000034 -0.49390828418904509
v -0.85007071067811857 3.0999292893218851 -0.49391008578514412
v -0.94999999999999996 3.3499000000000034 -0.5022825081256056
v -1 3.3499000000000034 -0.50297790217734306
v -0.84999999999999987 3.2001000000000035 -0.49670724527094579
v -0.80000000000000004 3.2001000000000035 -0.49601185121920827
v -0.80000000000000004 3.3999999999999986 -0.50159580651134328
v -0.94989999999999997 3.3999999999999986 -0.50368059787845232
v -0.94989999999999997 3.3500000000000036 -0.50228391071183531
v -0.94992928932188125 3.3499292893218851 -0.50228234285030626
v -0.85007071067811857 3.2000707106781219 -0.49670741054624512
v -0.80000000000000004 3.5999999999999988 -0.50718255517781163
v -1 3.5999999999999988 -0.5099641313847616
v -1 3.550100000000004 -0.50857023759247788
v -0.94999999999999996 3.4999000000000038 -0.50647256962545684
v -1 3.4999000000000038 -0.50716796367719441
v -1 3.4001000000000037 -0.50438017609262664
v -0.94992928932188125 3.4000707106781221 -0.50368298044479021
v -0.94999999999999996 3.550100000000004 -0.50787484354074042
v -0.94992928932188125 3.4999292893218854 -0.5064724043501575
v -0.94999999999999996 3.4001000000000037 -0.50368478204088918
v -0.94992928932188125 3.5500707106781224 -0.50787304194464145
v -0.94989999999999997 3.5500000000000038 -0.50787065937830367
v -0.94989999999999997 3.500000000000004 -0.50647397221168666
v -0.95009999999999994 3.6500000000000044 -0.51066681528774482
v -0.95009999999999994 3.7000000000000042 -0.51206350245436194
v -0.95007071067811866 3.6499292893218858 -0.51066443272140716
v -0.80000000000000004 3.7999999999999989 -0.51276930384427999
v -0.94989999999999997 3.7999999999999989 -0.51485409521138903
v -0.94989999999999997 3.750000000000004 -0.51345740804477202
v -0.94999999999999996 3.7499000000000038 -0.51345600545854231
v -1 3.7499000000000038 -0.51415139951027977
v -0.95007071067811866 3.7000707106781228 -0.5120650703158911
v -0.94999999999999996 3.6499000000000041 -0.51066263112530819
v -0.94992928932188125 3.7499292893218854 -0.51345584018324297
v -0.84999999999999987 3.6499000000000041 -0.50927184302183315
v -0.84992928932188117 3.6499292893218858 -0.50927167774653381
v -0.94999999999999996 3.7001000000000044 -0.51206490504059166
v -0.84989999999999988 3.6500000000000044 -0.50927324560806286
v -0.84999999999999987 3.7001000000000044 -0.51067411693711673
v -0.84989999999999988 3.7000000000000042 -0.51066993277467998
v -0.84992928932188117 3.7000707106781228 -0.51067231534101776
v -0.60000000000000009 -1.1000000000000001 -0.43793623376793067
v -0.60000000000000009 -1.0000000000000002 -0.43817425062165927
v -0.60000000000000009 -0.80000000000000027 -0.43865028432911646
v -0.60000000000000009 -0.60000000000000031 -0.43912631803657359
v -0.60000000000000009 -0.4000000000000003 -0.43960235174403078
v -0.60000000000000009 -0.20000000000000034 -0.44007838545148797
v -0.60000000000000009 -3.8857805861880479e-16 -0.44055441915894511
v -0.60000000000000009 0.19999999999999957 -0.4410304528664023
v -0.60000000000000009 0.39999999999999952 -0.44150648657385944
v -0.60000000000000009 0.59999999999999942 -0.44198252028131663
v -0.60000000000000009 0.79999999999999938 -0.44245855398877382
v -0.60000000000000009 0.99999999999999933 -0.44293458769623095
v -0.60000000000000009 1.1999999999999991 -0.44341062140368814
v -0.60000000000000009 1.3999999999999992 -0.44388665511114528
v -0.60000000000000009 1.5999999999999994 -0.44509427864516393
v -0.60000000000000009 1.7999999999999992 -0.4499428701517974
v -0.60000000000000009 1.9999999999999989 -0.45821019736493251
v -0.60000000000000009 2.1999999999999993 -0.46529373830558307
v -0.60000000000000009 2.3999999999999995 -0.47088048697205143
v -0.60000000000000009 2.5999999999999992 -0.47646723563851978
v -0.60000000000000009 2.7999999999999989 -0.48205398430498814
v -0.60000000000000009 2.9999999999999991 -0.48764073297145649
v -0.60000000000000009 3.1999999999999993 -0.49322748163792485
v -0.79989999999999983 3.1999999999999993 -0.49600766705677141
v -0.79989999999999983 3.1000000000000036 -0.49321429272353734
v -0.79992928932188112 3.0999292893218851 -0.49321272486200829
v -0.75009999999999977 3.250000000000004 -0.49671174174785809
v -0.75009999999999977 3.3000000000000038 -0.49810842891447515
v -0.75007071067811848 3.2499292893218854 -0.49670935918152037
v -0.60000000000000009 3.3499000000000034 -0.49741474976344302
v -0.60007071067811835 3.3499292893218851 -0.49741655135954199
v -0.60009999999999963 3.3500000000000036 -0.49741893392587971
v -0.60009999999999963 3.3999999999999986 -0.49881562109249666
v -0.74999999999999978 3.2499000000000038 -0.4967075575854214
v -0.79992928932188112 3.2000707106781219 -0.49601004962310924
v -0.75007071067811848 3.3000707106781224 -0.49810999677600426
v -0.69999999999999973 3.2499000000000038 -0.49601216353368383
v -0.74999999999999978 3.300100000000004 -0.49810983150070492
v -0.69992928932188103 3.2499292893218854 -0.49601199825838449
v -0.69999999999999973 3.300100000000004 -0.49741443744896741
v -0.69992928932188103 3.3000707106781224 -0.49741263585286843
v -0.69989999999999974 3.250000000000004 -0.49601356611991365
v -0.69989999999999974 3.3000000000000038 -0.49741025328653071
v -0.60007071067811835 3.4000707106781221 -0.49881718895402594
v -0.60000000000000009 3.4001000000000037 -0.4988170236787266
v -0.60000000000000009 3.5499000000000036 -0.50300149842991138
v -0.65009999999999968 3.5500000000000038 -0.50370107664408559
v -0.65009999999999968 3.5999999999999988 -0.50509776381070259
v -0.65007071067811839 3.5499292893218852 -0.50369869407774781
v -0.64999999999999969 3.5499000000000036 -0.50369689248164884
v -0.64999999999999969 3.6501000000000046 -0.50649585356354954
v -0.60000000000000009 3.6501000000000046 -0.50580045951181207
v -0.60000000000000009 3.7999999999999989 -0.50998772763732991
v -0.65007071067811839 3.6500707106781229 -0.50649601883884887
v -0.65009999999999968 3.6500000000000044 -0.50649445097731982
v -0.40000000000000008 -1.1000000000000001 -0.43378990818467333
v -0.40000000000000008 -1.0000000000000002 -0.43402792503840193
v -0.40000000000000008 -0.80000000000000027 -0.43450395874585906
v -0.40000000000000008 -0.60000000000000031 -0.43497999245331626
v -0.40000000000000008 -0.4000000000000003 -0.43545602616077345
v -0.40000000000000008 -0.20000000000000034 -0.43593205986823058
v -0.40000000000000008 -3.8857805861880479e-16 -0.43640809357568777
v -0.40000000000000008 0.19999999999999957 -0.43688412728314491
v -0.40000000000000008 0.39999999999999952 -0.4373601609906021
v -0.40000000000000008 0.59999999999999942 -0.43783619469805929
v -0.40000000000000008 0.79999999999999938 -0.43831222840551642
v -0.40000000000000008 0.99999999999999933 -0.43878826211297361
v -0.40000000000000008 1.1999999999999991 -0.43926429582043075
v -0.40000000000000008 1.3999999999999992 -0.43974032952788794
v -0.40000000000000008 1.5999999999999994 -0.44118734021176553
v -0.40000000000000008 1.7999999999999992 -0.44654705563296265
v -0.40000000000000008 1.9999999999999989 -0.45528668722284649
v -0.40000000000000008 2.1999999999999993 -0.46251216209863305
v -0.40000000000000008 2.3999999999999995 -0.46809891076510141
v -0.40000000000000008 2.5999999999999992 -0.47368565943156971
v -0.40000000000000008 2.7999999999999989 -0.47927240809803806
v -0.40000000000000008 2.9999999999999991 -0.48485915676450642
v -0.40000000000000008 3.1999999999999993 -0.49044590543097483
v -0.40000000000000008 3.3999999999999986 -0.49603265409744313
v -0.54989999999999961 3.3999999999999986 -0.49811744546455217
v -0.54989999999999961 3.3500000000000036 -0.49672075829793527
v -0.5499292893218809 3.3499292893218851 -0.49671919043640611
v -0.5499999999999996 3.3499000000000034 -0.4967193557117055
v -0.50009999999999954 3.4500000000000042 -0.49882152015563885
v -0.50009999999999954 3.500000000000004 -0.50021820732225597
v -0.50007071067811826 3.4499292893218856 -0.49881913758930113
v -0.40000000000000008 3.5999999999999988 -0.50161940276391148
v -0.54989999999999961 3.5999999999999988 -0.50370419413102052
v -0.54989999999999961 3.5500000000000038 -0.50230750696440363
v -0.5499999999999996 3.5499000000000036 -0.5023061043781738
v -0.50007071067811826 3.5000707106781226 -0.50021977518378513
v -0.49999999999999956 3.449900000000004 -0.49881733599320216
v -0.5499292893218809 3.4000707106781221 -0.49811982803089006
v -0.5499292893218809 3.5499292893218852 -0.50230593910287447
v -0.44999999999999951 3.449900000000004 -0.49812194194146464
v -0.5499999999999996 3.4001000000000037 -0.49812162962698903
v -0.49999999999999956 3.5001000000000042 -0.50021960990848569
v -0.44992928932188087 3.4499292893218856 -0.49812177666616531
v -0.44999999999999951 3.5001000000000042 -0.49952421585674822
v -0.44992928932188087 3.5000707106781226 -0.49952241426064925
v -0.44989999999999952 3.4500000000000042 -0.49812334452769441
v -0.44989999999999952 3.500000000000004 -0.49952003169431147
v -0.50009999999999954 3.7000000000000042 -0.50580495598872433
v -0.50009999999999954 3.7999999999999989 -0.50859833032195834
v -0.59989999999999966 3.6500000000000044 -0.50579627534937532
v -0.59989999999999966 3.6001000000000039 -0.50440238155709149
v -0.5499999999999996 3.6001000000000039 -0.50370837829345738
v -0.40000000000000008 3.7999999999999989 -0.50720615143037984
v -0.44989999999999952 3.7999999999999989 -0.50790015469401384
v -0.50007071067811826 3.6999292893218856 -0.50580257342238655
v -0.59992928932188094 3.6500707106781229 -0.50579865791571299
v -0.5499292893218809 3.6000707106781222 -0.50370657669735841
v -0.44989999999999952 3.7000000000000042 -0.50510678036077983
v -0.44992928932188087 3.6999292893218856 -0.50510521249925078
v -0.49999999999999956 3.699900000000004 -0.50580077182628758
v -0.44999999999999951 3.699900000000004 -0.50510537777455011
v -0.20000000000000012 -1.1000000000000001 -0.429643582601416
v -0.20000000000000012 -1.0000000000000002 -0.42988159945514454
v -0.20000000000000012 -0.80000000000000027 -0.43035763316260173
v -0.20000000000000012 -0.60000000000000031 -0.43083366687005892
v -0.20000000000000012 -0.4000000000000003 -0.43130970057751605
v -0.20000000000000012 -0.20000000000000034 -0.43178573428497324
v -0.20000000000000012 -3.8857805861880479e-16 -0.43226176799243038
v -0.20000000000000012 0.19999999999999957 -0.43273780169988757
v -0.20000000000000012 0.39999999999999952 -0.43321383540734476
v -0.20000000000000012 0.59999999999999942 -0.4336898691148019
v -0.20000000000000012 0.79999999999999938 -0.43416590282225909
v -0.20000000000000012 0.99999999999999933 -0.43464193652971622
v -0.20000000000000012 1.1999999999999991 -0.43511797023717341
v -0.20000000000000012 1.3999999999999992 -0.4355940039446306
v -0.20000000000000012 1.5999999999999994 -0.43728040177836702
v -0.20000000000000012 1.7999999999999992 -0.44315124111412796
v -0.20000000000000012 1.9999999999999989 -0.45236317708076046
v -0.20000000000000012 2.1999999999999993 -0.45973058589168297
v -0.20000000000000012 2.3999999999999995 -0.46531733455815133
v -0.20000000000000012 2.5999999999999992 -0.47090408322461969
v -0.20000000000000012 2.7999999999999989 -0.47649083189108804
v -0.20000000000000012 2.9999999999999991 -0.4820775805575564
v -0.20000000000000012 3.1999999999999993 -0.48766432922402475
v -0.20000000000000012 3.3999999999999986 -0.49325107789049311
v -0.35009999999999941 3.4500000000000042 -0.49673533800042635
v -0.35009999999999941 3.500000000000004 -0.49813202516704341
v -0.35007071067811807 3.4499292893218856 -0.49673295543408857
v -0.34999999999999942 3.449900000000004 -0.4967311538379896
v -0.35007071067811807 3.5000707106781226 -0.49813359302857252
v -0.24999999999999936 3.449900000000004 -0.49534036573451462
v -0.20000000000000012 3.5999999999999988 -0.49883782655696146
v -0.34999999999999942 3.5001000000000042 -0.49813342775327318
v -0.24992928932188072 3.4499292893218856 -0.49534020045921523
v -0.24999999999999936 3.5001000000000042 -0.49674263964979815
v -0.24989999999999937 3.4500000000000042 -0.49534176832074439
v -0.24992928932188072 3.5000707106781226 -0.49674083805369917
v -0.24989999999999937 3.500000000000004 -0.49673845548736145
v -0.25009999999999932 3.750000000000004 -0.50372467289665379
v -0.25009999999999932 3.7999999999999989 -0.5051213600632708
v -0.20000000000000012 3.7499000000000038 -0.50302509468247969
v -0.24999999999999931 3.7499000000000038 -0.50372048873421715
v -0.25007071067811798 3.7499292893218854 -0.50372229033031612
v -1.6653345369377348e-16 -1.1000000000000001 -0.4254972570181586
v -1.6653345369377348e-16 -1.0000000000000002 -0.4257352738718872
v -1.6653345369377348e-16 -0.80000000000000027 -0.42621130757934439
v -1.6653345369377348e-16 -0.60000000000000031 -0.42668734128680152
v -1.6653345369377348e-16 -0.4000000000000003 -0.42716337499425872
v -1.6653345369377348e-16 -0.20000000000000034 -0.42763940870171585
v -1.6653345369377348e-16 -3.8857805861880479e-16 -0.42811544240917304
v -1.6653345369377348e-16 0.19999999999999957 -0.42859147611663023
v -1.6653345369377348e-16 0.39999999999999952 -0.42906750982408737
v -1.6653345369377348e-16 0.59999999999999942 -0.42954354353154456
v -1.6653345369377348e-16 0.79999999999999938 -0.43001957723900169
v -1.6653345369377348e-16 0.99999999999999933 -0.43049561094645888
v -1.6653345369377348e-16 1.1999999999999991 -0.43097164465391608
v -1.6653345369377348e-16 1.3999999999999992 -0.43144767836137321
v -1.6653345369377348e-16 1.5999999999999994 -0.43337346334496868
v -1.6653345369377348e-16 1.7999999999999992 -0.43975542659529321
v -1.6653345369377348e-16 1.9999999999999989 -0.44943966693867454
v -1.6653345369377348e-16 2.1999999999999993 -0.45694900968473295
v -1.6653345369377348e-16 2.3999999999999995 -0.46253575835120131
v -1.6653345369377348e-16 2.5999999999999992 -0.46812250701766966
v -1.6653345369377348e-16 2.7999999999999989 -0.47370925568413802
v -1.6653345369377348e-16 2.9999999999999991 -0.47929600435060637
v -7.0710678117745759e-05 3.1000707106781222 -0.48209233733347323
v -1.6653345369377348e-16 3.1001000000000034 -0.4820921720581739
v -1.6653345369377348e-16 3.199900000000004 -0.48487995964274161
v -0.050070710678117789 3.1999292893218856 -0.4855771552905781
v -0.050099999999997112 3.1999999999999993 -0.48557953785691566
v -1.6653345369377348e-16 3.0499000000000041 -0.48068989814289032
v -7.0710678117745772e-05 3.0499292893218852 -0.48069169973898929
v -9.999999999909101e-05 3.1000000000000036 -0.48209076947194412
v -0.049999999999999135 3.199900000000004 -0.48557535369447913
v -9.999999999909101e-05 3.0500000000000038 -0.48069408230532706
v -0.049899999999999174 3.3000000000000038 -0.48837013061394302
v -0.049899999999999174 3.2501000000000042 -0.48697623682165919
v -1.6653345369377348e-16 3.2501000000000042 -0.48628223355802519
v -0.050099999999999138 3.2499000000000038 -0.48697343164919965
v -0.099999999999999173 3.2499000000000038 -0.48766743491283371
v -0.049929289321880524 3.3000707106781224 -0.48837251318028074
v -1.6653345369377348e-16 3.3999999999999986 -0.49046950168354303
v -0.049999999999999177 3.300100000000004 -0.48837431477637977
v -0.099999999999999173 3.300100000000004 -0.48906970882811729
v -0.14999999999999922 3.2499000000000038 -0.48836282896457123
v -0.15007071067811786 3.2499292893218854 -0.4883646305606702
v -0.15009999999999921 3.250000000000004 -0.48836701312700792
v -0.14999999999999922 3.300100000000004 -0.48976510287985475
v -0.15007071067811786 3.3000707106781224 -0.48976526815515409
v -0.15009999999999921 3.3000000000000038 -0.48976370029362504
v -9.999999999909101e-05 3.500000000000004 -0.49326426680488084
v -9.999999999909101e-05 3.5499000000000036 -0.49465816059716466
v -0.049999999999999135 3.5499000000000036 -0.49535216386079872
v -0.050099999999999138 3.5500000000000038 -0.49535634802323542
v -0.050099999999999138 3.5999999999999988 -0.49675303518985237
v -1.6653345369377348e-16 3.4999000000000042 -0.49326008264244414
v -7.0710678117745772e-05 3.4999292893218854 -0.49326188423854311
v -0.050070710678117789 3.5499292893218852 -0.49535396545689769
v -0.15009999999999921 3.6500000000000044 -0.49954051045994463
v -0.15009999999999921 3.7000000000000042 -0.50093719762656175
v -0.15007071067811786 3.6499292893218858 -0.49953812789360691
v -0.049999999999999135 3.6001000000000039 -0.4967544377760823
v -1.6653345369377348e-16 3.6001000000000039 -0.49605904372434478
v -1.6653345369377348e-16 3.7999999999999989 -0.5016429990164798
v -0.19989999999999933 3.7999999999999989 -0.5044231844353263
v -0.19989999999999933 3.750000000000004 -0.5030264972687094
v -0.15007071067811786 3.7000707106781228 -0.5009387654880908
v -0.14999999999999922 3.6499000000000041 -0.49953632629750794
v -0.050070710678117789 3.6000707106781222 -0.49675460305138164
v -0.19992928932188067 3.7499292893218854 -0.50302492940718024
v -0.099999999999999228 3.6499000000000041 -0.49884093224577042
v -0.099929289321880568 3.6499292893218858 -0.49884076697047108
v -0.14999999999999922 3.7001000000000044 -0.50093860021279146
v -0.099899999999999226 3.6500000000000044 -0.49884233483200019
v -0.099999999999999228 3.7001000000000044 -0.500243206161054
v -0.099899999999999226 3.7000000000000042 -0.50023902199861725
v -0.099929289321880568 3.7000707106781228 -0.50024140456495503
v 0.19999999999999979 -1.1000000000000001 -0.42135093143490127
v 0.19999999999999979 -1.0000000000000002 -0.42158894828862986
v 0.19999999999999979 -0.80000000000000027 -0.422064981996087
v 0.19999999999999979 -0.60000000000000031 -0.42254101570354419
v 0.19999999999999979 -0.4000000000000003 -0.42301704941100132
v 0.19999999999999979 -0.20000000000000034 -0.42349308311845851
v 0.19999999999999979 -3.8857805861880479e-16 -0.4239691168259157
v 0.19999999999999979 0.19999999999999957 -0.42444515053337284
v 0.19999999999999979 0.39999999999999952 -0.42492118424083003
v 0.19999999999999979 0.59999999999999942 -0.42539721794828717
v 0.19999999999999979 0.79999999999999938 -0.42587325165574436
v 0.19999999999999979 0.99999999999999933 -0.42634928536320155
v 0.19999999999999979 1.1999999999999991 -0.42682531907065868
v 0.19999999999999979 1.3999999999999992 -0.42730135277811587
v 0.19999999999999979 1.5999999999999994 -0.42946652491157022
v 0.19999999999999979 1.7999999999999992 -0.43635961207645846
v 0.19999999999999979 1.9999999999999989 -0.44651615679658851
v 0.19999999999999979 2.1999999999999993 -0.45416743347778288
v 0.19999999999999979 2.3999999999999995 -0.45975418214425123
v 0.19999999999999979 2.5999999999999992 -0.46534093081071959
v 0.19999999999999979 2.7999999999999989 -0.47092767947718794
v 0.049900000000000951 2.8500000000000036 -0.47441193958712113
v 0.049900000000000951 2.9000000000000035 -0.47580862675373825
v 0.0499292893218823 2.8499292893218851 -0.47440955702078341
v 0.050000000000000953 2.8499000000000034 -0.47440775542468444
v 0.0499292893218823 2.9000707106781221 -0.47581019461526736
v 0.10000000000000095 2.8499000000000034 -0.47371236137294692
v 0.19999999999999979 2.9999999999999991 -0.4765144281436563
v 0.10007071067811961 2.8499292893218851 -0.47371219609764759
v 0.050000000000000953 2.9001000000000037 -0.47581002933996802
v 0.10000000000000095 2.9001000000000037 -0.4751146352882305
v 0.10010000000000095 2.8500000000000036 -0.47371376395917669
v 0.10007071067811961 2.9000707106781221 -0.47511283369213153
v 0.10010000000000095 2.9000000000000035 -0.47511045112579375
v 0.19999999999999979 3.1999999999999993 -0.48210117681012465
v 9.9999999998843947e-05 3.1999999999999993 -0.48488136222897127
v 0.050000000000000912 3.0499000000000036 -0.4799945040911528
v 7.0710678119522116e-05 3.1999292893218856 -0.48487979436744227
v 0.050070710678119565 3.0499292893218852 -0.47999433881585346
v 0.050000000000000912 3.1001000000000039 -0.48139677800643638
v 0.050100000000000915 3.0500000000000038 -0.47999590667738257
v 0.050070710678119565 3.1000707106781222 -0.48139497641033741
v 0.050100000000000915 3.1000000000000036 -0.48139259384399968
v 0.19999999999999979 3.3999999999999986 -0.48768792547659301
v 0.00010000000000086737 3.250000000000004 -0.48627804939558844
v 7.0710678119522116e-05 3.2500707106781226 -0.48628043196192616
v 0.19992928932188245 3.5999292893218859 -0.49327368236482727
v 0.19990000000000349 3.5999999999999988 -0.49327606493116477
v 0.00010000000000086737 3.5999999999999988 -0.49605485956190792
v 0.00010000000000086737 3.550100000000004 -0.49466096576962421
v 0.050000000000000912 3.550100000000004 -0.49396696250599015
v 0.19999999999999979 3.4999000000000038 -0.49047850643549407
v 0.15000000000000105 3.550100000000004 -0.49257617440251517
v 0.19999999999999979 3.550100000000004 -0.49188078035077765
v 0.19999999999999979 3.5999000000000048 -0.4932718807687283
v 0.050070710678119565 3.5500707106781224 -0.49396516090989118
v 0.050000000000000912 3.4999000000000038 -0.49256468859070662
v 0.15000000000000105 3.4999000000000038 -0.49117390048723159
v 0.1499292893218824 3.5500707106781224 -0.4925763396778145
v 0.050070710678119565 3.4999292893218854 -0.49256452331540729
v 0.1499292893218824 3.4999292893218854 -0.49117570208333056
v 0.14990000000000106 3.5500000000000038 -0.49257477181628539
v 0.050100000000000915 3.500000000000004 -0.49256609117693639
v 0.14990000000000106 3.500000000000004 -0.49117808464966828
v 0.050100000000000915 3.5500000000000038 -0.49396277834355345
v 0.099900000000001002 3.7000000000000042 -0.49746022736787415
v 0.099900000000001002 3.7999999999999989 -0.50025360170110822
v 0.1999000000000011 3.7999999999999989 -0.49886281359763318
v 0.15010000000000098 3.7999999999999989 -0.49955542607316372
v 0.099929289321882345 3.6999292893218856 -0.49745784480153643
v 7.0710678119522116e-05 3.6000707106781222 -0.49605724212824576
v 0.15010000000000098 3.7000000000000042 -0.49676205173992971
v 0.15007071067811964 3.6999292893218856 -0.4967604838784006
v 0.100000000000001 3.699900000000004 -0.49745604320543746
v 0.15000000000000099 3.699900000000004 -0.49676064915369994
v 0.39999999999999974 -1.1000000000000001 -0.41720460585164387
v 0.39999999999999974 -1.0000000000000002 -0.41744262270537247
v 0.39999999999999974 -0.80000000000000027 -0.41791865641282966
v 0.39999999999999974 -0.60000000000000031 -0.41839469012028679
v 0.39999999999999974 -0.4000000000000003 -0.41887072382774398
v 0.39999999999999974 -0.20000000000000034 -0.41934675753520118
v 0.39999999999999974 -3.8857805861880479e-16 -0.41982279124265831
v 0.39999999999999974 0.19999999999999957 -0.4202988249501155
v 0.39999999999999974 0.39999999999999952 -0.42077485865757264
v 0.39999999999999974 0.59999999999999942 -0.42125089236502983
v 0.39999999999999974 0.79999999999999938 -0.42172692607248702
v 0.39999999999999974 0.99999999999999933 -0.42220295977994415
v 0.39999999999999974 1.1999999999999991 -0.42267899348740134
v 0.39999999999999974 1.3999999999999992 -0.42315502719485848
v 0.39999999999999974 1.5999999999999994 -0.42555958647817183
v 0.39999999999999974 1.7999999999999992 -0.43296379755762376
v 0.39999999999999974 1.9999999999999989 -0.44359264665450243
v 0.39999999999999974 2.1999999999999993 -0.45138585727083286
v 0.39999999999999974 2.3999999999999995 -0.45697260593730121
v 0.39999999999999974 2.5999999999999992 -0.46255935460376957
v 0.39999999999999974 2.7999999999999989 -0.46814610327023787
v 0.39999999999999974 2.9999999999999991 -0.47373285193670628
v 0.39999999999999974 3.1999999999999993 -0.47931960060317463
v 0.39999999999999974 3.3499000000000034 -0.48350686872869275
v 0.3500000000000012 3.3499000000000034 -0.48420226278043027
v 0.34990000000000121 3.3500000000000036 -0.48420644694286696
v 0.34990000000000121 3.3999999999999986 -0.48560313410948391
v 0.34992928932188255 3.3499292893218851 -0.48420406437652924
v 0.3500000000000012 3.4001000000000037 -0.4856045366957138
v 0.39999999999999974 3.4001000000000037 -0.48490914264397633
v 0.39999999999999974 3.5999999999999988 -0.49049309793611129
v 0.30009999999999876 3.5999999999999988 -0.49188249525148287
v 0.3000707106781198 3.5999292893218859 -0.49188092738995393
v 0.30000000000000115 3.5999000000000043 -0.49188109266525326
v 0.20007071067811968 3.4999292893218854 -0.49047834116019473
v 0.34992928932188255 3.4000707106781221 -0.48560470197101313
v 0.20010000000000103 3.500000000000004 -0.49047990902172384
v 0.20007071067811968 3.5500707106781224 -0.49187897875467868
v 0.20010000000000103 3.5500000000000038 -0.4918765961883409
v 0.39999999999999974 3.699900000000004 -0.4932836788950124
v 0.35010000000000119 3.699900000000004 -0.4939776821586464
v 0.3500000000000012 3.6499000000000041 -0.4925823857801328
v 0.30010000000000114 3.6499000000000041 -0.49327638904376686
v 0.35010000000000119 3.6500000000000044 -0.49258378836636257
v 0.35007071067811985 3.6499292893218858 -0.49258222050483347
v 0.2501000000000011 3.7999999999999989 -0.49816463796968868
v 0.2501000000000011 3.7501000000000042 -0.49677074417740502
v 0.34990000000000121 3.7501000000000042 -0.49538273765013696
v 0.34990000000000121 3.7999999999999989 -0.49677663144242062
v 0.59999999999999964 -1.1000000000000001 -0.41305828026838654
v 0.59999999999999964 -1.0000000000000002 -0.41329629712211513
v 0.59999999999999964 -0.80000000000000027 -0.41377233082957232
v 0.59999999999999964 -0.60000000000000031 -0.41424836453702946
v 0.59999999999999964 -0.4000000000000003 -0.41472439824448665
v 0.59999999999999964 -0.20000000000000034 -0.41520043195194378
v 0.59999999999999964 -3.8857805861880479e-16 -0.41567646565940097
v 0.59999999999999964 0.19999999999999957 -0.41615249936685816
v 0.59999999999999964 0.39999999999999952 -0.4166285330743153
v 0.59999999999999964 0.59999999999999942 -0.41710456678177249
v 0.59999999999999964 0.79999999999999938 -0.41758060048922963
v 0.59999999999999964 0.99999999999999933 -0.41805663419668682
v 0.59999999999999964 1.1999999999999991 -0.41853266790414401
v 0.59999999999999964 1.3999999999999992 -0.41900870161160114
v 0.59999999999999964 1.5999999999999994 -0.42165264804477337
v 0.59999999999999964 1.7999999999999992 -0.42956798303878896
v 0.59999999999999964 1.9999999999999989 -0.44066913651241646
v 0.59999999999999964 2.1999999999999993 -0.44860428106388278
v 0.59999999999999964 2.3999999999999995 -0.45419102973035114
v 0.59999999999999964 2.5999999999999992 -0.45977777839681949
v 0.59999999999999964 2.7999999999999989 -0.46536452706328785
v 0.59999999999999964 2.9999999999999991 -0.4709512757297562
v 0.59999999999999964 3.1999999999999993 -0.47653802439622456
v 0.59999999999999964 3.3999999999999986 -0.48212477306269291
v 0.40010000000000123 3.3999999999999986 -0.48490495848153947
v 0.40010000000000123 3.3500000000000036 -0.48350827131492252
v 0.40007071067811989 3.3499292893218851 -0.48350670345339342
v 0.59992928932188272 3.5500707106781224 -0.48631779321217689
v 0.59999999999999964 3.5501000000000031 -0.48631762793687755
v 0.59999999999999964 3.5999999999999988 -0.48771152172916127
v 0.59999999999999964 3.4999000000000047 -0.48491535402159403
v 0.59992928932188272 3.4999292893218854 -0.48491715561769294
v 0.59990000000000143 3.5500000000000038 -0.48631622535064778
v 0.40007071067811989 3.4000707106781221 -0.48490734104787736
v 0.59990000000000143 3.500000000000004 -0.48491953818403066
v 0.49990000000000134 3.6500000000000044 -0.490500387787357
v 0.49990000000000134 3.7000000000000042 -0.49189707495397406
v 0.49992928932188269 3.6499292893218858 -0.49049800522101927
v 0.59999999999999964 3.6999000000000049 -0.49050210268806238
v 0.59992928932188272 3.6999292893218856 -0.4905039042841613
v 0.59992928932188272 3.7500707106781226 -0.49190454187864524
v 0.59999999999999964 3.7501000000000033 -0.49190437660334591
v 0.59999999999999964 3.7999999999999989 -0.49329827039562962
v 0.40010000000000123 3.7999999999999989 -0.49607845581447618
v 0.40010000000000123 3.7000000000000042 -0.49328508148124217
v 0.49992928932188269 3.7000707106781228 -0.49189864281550316
v 0.50000000000000133 3.6499000000000041 -0.4904962036249203
v 0.59990000000000143 3.7000000000000042 -0.49050628685049902
v 0.59990000000000143 3.750000000000004 -0.49190297401711613
v 0.40007071067811989 3.6999292893218856 -0.49328351361971301
v 0.55000000000000138 3.6499000000000041 -0.48980080957318273
v 0.55007071067812008 3.6499292893218858 -0.48980064429788339
v 0.50000000000000133 3.7001000000000044 -0.49189847754020383
v 0.55010000000000137 3.6500000000000044 -0.48980221215941255
v 0.55000000000000138 3.7001000000000044 -0.49120308348846631
v 0.55010000000000137 3.7000000000000042 -0.49119889932602961
v 0.55007071067812008 3.7000707106781228 -0.49120128189236734
v 0.7999999999999996 -1.1000000000000001 -0.4089119546851292
v 0.7999999999999996 -1.0000000000000002 -0.40914997153885779
v 0.7999999999999996 -0.80000000000000027 -0.40962600524631493
v 0.7999999999999996 -0.60000000000000031 -0.41010203895377212
v 0.7999999999999996 -0.4000000000000003 -0.41057807266122925
v 0.7999999999999996 -0.20000000000000034 -0.41105410636868644
v 0.7999999999999996 -3.8857805861880479e-16 -0.41153014007614364
v 0.7999999999999996 0.19999999999999957 -0.41200617378360077
v 0.7999999999999996 0.39999999999999952 -0.41248220749105796
v 0.7999999999999996 0.59999999999999942 -0.4129582411985151
v 0.7999999999999996 0.79999999999999938 -0.41343427490597229
v 0.7999999999999996 0.99999999999999933 -0.41391030861342948
v 0.7999999999999996 1.1999999999999991 -0.41438634232088661
v 0.7999999999999996 1.3999999999999992 -0.4148623760283438
v 0.7999999999999996 1.5999999999999994 -0.41774570961137492
v 0.7999999999999996 1.7999999999999992 -0.42617216851995432
v 0.7999999999999996 1.9999999999999989 -0.43774562637033043
v 0.7999999999999996 2.1999999999999993 -0.44582270485693276
v 0.7999999999999996 2.3999999999999995 -0.45140945352340112
v 0.7999999999999996 2.5999999999999992 -0.45699620218986947
v 0.7999999999999996 2.7999999999999989 -0.46258295085633783
v 0.7999999999999996 2.9999999999999991 -0.46816969952280618
v 0.7999999999999996 3.1999999999999993 -0.47375644818927454
v 0.7999999999999996 3.3999999999999986 -0.47934319685574289
v 0.7999999999999996 3.5999999999999988 -0.48492994552221125
v 0.75010000000000154 3.5999999999999988 -0.48562394878584525
v 0.75010000000000154 3.5500000000000038 -0.4842272616192283
v 0.69990000000000152 3.5500000000000038 -0.48492543724717274
v 0.69990000000000152 3.5999999999999988 -0.48632212441378969
v 0.69992928932188281 3.5499292893218852 -0.48492305468083502
v 0.65000000000000147 3.550100000000004 -0.48562223388514003
v 0.65000000000000147 3.4999000000000038 -0.48421995996985645
v 0.75007071067812026 3.5499292893218852 -0.48422569375769919
v 0.65007071067812017 3.4999292893218854 -0.48421979469455712
v 0.70000000000000151 3.5499000000000036 -0.48492125308473605
v 0.65007071067812017 3.5500707106781224 -0.48562043228904106
v 0.65010000000000145 3.500000000000004 -0.48422136255608622
v 0.65010000000000145 3.5500000000000038 -0.48561804972270328
v 0.75000000000000155 3.5499000000000036 -0.48422585903299853
v 0.75007071067812026 3.6000707106781222 -0.48562633135218308
v 0.7999999999999996 3.7999999999999989 -0.4905166941886796
v 0.65000000000000147 3.699900000000004 -0.48980670863632481
v 0.69992928932188281 3.6000707106781222 -0.48632369227531891
v 0.75000000000000155 3.6001000000000039 -0.48562813294828211
v 0.65000000000000147 3.7501000000000042 -0.49120898255160839
v 0.65007071067812017 3.6999292893218856 -0.48980654336102547
v 0.70000000000000151 3.6001000000000039 -0.48632352700001957
v 0.65007071067812017 3.7500707106781226 -0.49120718095550941
v 0.65010000000000145 3.750000000000004 -0.49120479838917164
v 0.65010000000000145 3.7000000000000042 -0.48980811122255458
v 0.99999999999999956 -1.1000000000000001 -0.4047656291018718
v 0.99999999999999956 -1.0000000000000002 -0.4050036459556004
v 0.99999999999999956 -0.80000000000000027 -0.40547967966305759
v 0.99999999999999956 -0.60000000000000031 -0.40595571337051473
v 0.99999999999999956 -0.4000000000000003 -0.40643174707797192
v 0.99999999999999956 -0.20000000000000034 -0.40690778078542911
v 0.99999999999999956 -3.8857805861880479e-16 -0.40738381449288624
v 0.99999999999999956 0.19999999999999957 -0.40785984820034343
v 0.99999999999999956 0.39999999999999952 -0.40833588190780057
v 0.99999999999999956 0.59999999999999942 -0.40881191561525776
v 0.99999999999999956 0.79999999999999938 -0.40928794932271495
v 0.99999999999999956 0.99999999999999933 -0.40976398303017209
v 0.99999999999999956 1.1999999999999991 -0.41024001673762928
v 0.99999999999999956 1.3999999999999992 -0.41071605044508641
v 0.99999999999999956 1.5999999999999994 -0.41383877117797652
v 0.99999999999999956 1.7999999999999992 -0.42277635400111951
v 0.99999999999999956 1.9999999999999989 -0.43482211622824446
v 0.99999999999999956 2.1999999999999993 -0.44304112864998269
v 0.99999999999999956 2.3999999999999995 -0.44862787731645104
v 0.99999999999999956 2.5999999999999992 -0.4542146259829194
v 0.99999999999999956 2.7999999999999989 -0.45980137464938775
v 0.99999999999999956 2.9999999999999991 -0.46538812331585611
v 0.99999999999999956 3.1999999999999993 -0.47097487198232446
v 0.84990000000000165 3.3000000000000038 -0.47585581925887477
v 0.84990000000000165 3.3500000000000036 -0.47725250642549183
v 0.84992928932188294 3.2999292893218852 -0.47585343669253705
v 0.85000000000000164 3.2999000000000036 -0.47585163509643802
v 0.84992928932188294 3.3500707106781222 -0.47725407428702094
v 0.90000000000000169 3.2999000000000036 -0.47515624104470056
v 0.85000000000000164 3.3501000000000039 -0.4772539090117216
v 0.90007071067812039 3.2999292893218852 -0.47515607576940122
v 0.99999999999999956 3.3999999999999986 -0.47656162064879282
v 0.90000000000000169 3.3501000000000039 -0.47655851495998408
v 0.90010000000000168 3.3000000000000038 -0.47515764363093027
v 0.90007071067812039 3.3500707106781222 -0.47655671336388511
v 0.90010000000000168 3.3500000000000036 -0.47655433079754739
v 0.99999999999999956 3.5999999999999988 -0.48214836931526117
v 0.99999999999999956 3.7999999999999989 -0.48773511798172953
v 1.1999999999999995 -1.1000000000000001 -0.40061930351861447
v 1.1999999999999995 -1.0000000000000002 -0.40085732037234306
v 1.1999999999999995 -0.80000000000000027 -0.4013333540798002
v 1.1999999999999995 -0.60000000000000031 -0.40180938778725739
v 1.1999999999999995 -0.4000000000000003 -0.40228542149471458
v 1.1999999999999995 -0.20000000000000034 -0.40276145520217171
v 1.1999999999999995 -3.8857805861880479e-16 -0.40323748890962891
v 1.1999999999999995 0.19999999999999957 -0.40371352261708604
v 1.1999999999999995 0.39999999999999952 -0.40418955632454323
v 1.1999999999999995 0.59999999999999942 -0.40466559003200042
v 1.1999999999999995 0.79999999999999938 -0.40514162373945756
v 1.1999999999999995 0.99999999999999933 -0.40561765744691475
v 1.1999999999999995 1.1999999999999991 -0.40609369115437188
v 1.1999999999999995 1.3999999999999992 -0.40656972486182907
v 1.1999999999999995 1.5999999999999994 -0.40993183274457812
v 1.1999999999999995 1.7999999999999992 -0.41938053948228482
v 1.1999999999999995 1.9999999999999989 -0.43189860608615849
v 1.1999999999999995 2.1999999999999993 -0.44025955244303266
v 1.1999999999999995 2.3999999999999995 -0.44584630110950102
v 1.1999999999999995 2.5999999999999992 -0.45143304977596937
v 1.1999999999999995 2.7999999999999989 -0.45701979844243773
v 1.1999999999999995 2.9999999999999991 -0.46260654710890609
v 1.1999999999999995 3.1999999999999993 -0.46819329577537444
v 1.0999000000000019 3.3000000000000038 -0.47237884900018723
v 1.0999000000000019 3.3500000000000036 -0.47377553616680429
v 1.0999292893218833 3.2999292893218852 -0.47237646643384945
v 1.1000000000000019 3.2999000000000036 -0.47237466483775048
v 1.0999292893218833 3.3500707106781222 -0.4737771040283334
v 1.1500000000000017 3.2999000000000036 -0.47167927078601296
v 1.1999999999999995 3.3999999999999986 -0.47378004444184274
v 1.1500707106781203 3.2999292893218852 -0.47167910551071363
v 1.1000000000000019 3.3501000000000039 -0.47377693875303406
v 1.1500000000000017 3.3501000000000039 -0.47308154470129654
v 1.1501000000000017 3.3000000000000038 -0.47168067337224273
v 1.1500707106781203 3.3500707106781222 -0.47307974310519757
v 1.1501000000000017 3.3500000000000036 -0.47307736053885985
v 1.199900000000002 3.5500000000000038 -0.47797149672979761
v 1.199900000000002 3.5999999999999988 -0.47936818389641456
v 1.1500999999999992 3.5999999999999988 -0.48006079637194515
v 1.0999292893218833 3.5999292893218859 -0.48075658943355204
v 1.0999000000000043 3.5999999999999988 -0.48075897199988954
v 1.1999999999999995 3.449900000000004 -0.47517393823412679
v 1.1500000000000021 3.5001000000000042 -0.47727160620114784
v 1.1999999999999995 3.5001000000000042 -0.47657621214941032
v 1.1999999999999995 3.5499000000000045 -0.47796731256736097
v 1.1999292893218834 3.5499292893218852 -0.47796911416345988
v 1.1000000000000019 3.5999000000000043 -0.48075478783745307
v 1.1500000000000021 3.449900000000004 -0.47586933228586425
v 1.1499292893218835 3.5000707106781226 -0.47727177147644717
v 1.1500707106781203 3.5999292893218859 -0.48005922851041616
v 1.1499292893218835 3.4499292893218856 -0.47587113388196323
v 1.1500000000000017 3.5999000000000043 -0.48005939378571555
v 1.1499000000000021 3.4500000000000042 -0.47587351644830095
v 1.1499000000000021 3.500000000000004 -0.47727020361491806
v 1.0999000000000019 3.750000000000004 -0.484949033499741
v 1.0999000000000019 3.7999999999999989 -0.48634572066635795
v 1.1999292893218834 3.6000707106781222 -0.47936975175794383
v 1.1999999999999995 3.600100000000003 -0.47936958648264449
v 1.1999999999999995 3.7999999999999989 -0.48495354177477951
v 1.1501000000000017 3.7999999999999989 -0.48564754503841351
v 1.1501000000000017 3.750000000000004 -0.48425085787179656
v 1.0999292893218833 3.7499292893218854 -0.48494665093340328
v 1.1501000000000017 3.6500000000000044 -0.48145748353856238
v 1.1500707106781203 3.7499292893218854 -0.48424929001026745
v 1.0999000000000019 3.6500000000000044 -0.48215565916650682
v 1.1500707106781203 3.6500707106781229 -0.4814598661049001
v 1.1500000000000017 3.7499000000000038 -0.48424945528556679
v 1.1000000000000019 3.7499000000000038 -0.48494484933730431
v 1.0999292893218833 3.6500707106781229 -0.48215722702803593
v 1.1500000000000017 3.6501000000000046 -0.48146166770099907
v 1.1000000000000019 3.6501000000000046 -0.48215706175273659
v 1.3999999999999992 -1.1000000000000001 -0.39647297793535713
v 1.3999999999999992 -1.0000000000000002 -0.39671099478908567
v 1.3999999999999992 -0.80000000000000027 -0.39718702849654286
v 1.3999999999999992 -0.60000000000000031 -0.39766306220400005
v 1.3999999999999992 -0.4000000000000003 -0.39813909591145719
v 1.3999999999999992 -0.20000000000000034 -0.39861512961891438
v 1.3999999999999992 -3.8857805861880479e-16 -0.39909116332637151
v 1.3999999999999992 0.19999999999999957 -0.3995671970338287
v 1.3999999999999992 0.39999999999999952 -0.40004323074128589
v 1.3999999999999992 0.59999999999999942 -0.40051926444874303
v 1.3999999999999992 0.79999999999999938 -0.40099529815620022
v 1.3999999999999992 0.99999999999999933 -0.40147133186365735
v 1.3999999999999992 1.1999999999999991 -0.40194736557111455
v 1.3999999999999992 1.3999999999999992 -0.40242339927857174
v 1.3999999999999992 1.5999999999999994 -0.40602489431117966
v 1.3999999999999992 1.7999999999999992 -0.41598472496345007
v 1.3999999999999992 1.9999999999999989 -0.4289750959440724
v 1.3999999999999992 2.1999999999999993 -0.43747797623608259
v 1.3999999999999992 2.3999999999999995 -0.443064724902551
v 1.3999999999999992 2.5999999999999992 -0.4486514735690193
v 1.3999999999999992 2.7999999999999989 -0.45423822223548765
v 1.3999999999999992 2.9999999999999991 -0.45982497090195601
v 1.3999999999999992 3.1999999999999993 -0.46541171956842442
v 1.2999292893218835 3.3999292893218849 -0.47238826456013361
v 1.2999000000000041 3.3999999999999986 -0.47239064712647116
v 1.3999999999999992 3.3999999999999986 -0.47099846823489272
v 1.3500999999999999 3.3999999999999986 -0.47169247149852678
v 1.300000000000002 3.3999000000000033 -0.47238646296403458
v 1.3500707106781205 3.3999292893218849 -0.47169090363699773
v 1.3500000000000019 3.3999000000000033 -0.47169106891229706
v 1.3999292893218835 3.5999292893218859 -0.47658422512312693
v 1.3999000000000046 3.5999999999999988 -0.47658660768946448
v 1.3001000000000016 3.5999999999999988 -0.4779746142167326
v 1.3999999999999992 3.5999000000000057 -0.47658242352702807
v 1.3001000000000016 3.5500000000000038 -0.47657792705011565
v 1.3000000000000016 3.5499000000000036 -0.47657652446388588
v 1.2000707106781205 3.4499292893218856 -0.4751737729588274
v 1.2999000000000021 3.4500000000000033 -0.47378733429308839
v 1.3501000000000019 3.4500000000000033 -0.47308915866514395
v 1.3000707106781202 3.5499292893218852 -0.47657635918858654
v 1.2001000000000019 3.4500000000000042 -0.47517534082035651
v 1.2999292893218835 3.4500707106781219 -0.4737889021546175
v 1.3500707106781205 3.4500707106781219 -0.47309154123148167
v 1.2000707106781205 3.5000707106781226 -0.47657441055331129
v 1.2001000000000019 3.500000000000004 -0.47657202798697357
v 1.3500000000000019 3.4501000000000035 -0.47309334282758064
v 1.300000000000002 3.4501000000000035 -0.47378873687931816
v 1.2499000000000018 3.750000000000004 -0.48286285134452844
v 1.2499000000000018 3.7999999999999989 -0.48425953851114545
v 1.2499000000000018 3.6001000000000039 -0.47867558321901044
v 1.2499000000000018 3.6500000000000044 -0.48006947701129432
v 1.3999000000000021 3.6499000000000041 -0.47798050148174853
v 1.3500000000000023 3.6499000000000041 -0.47867450474538253
v 1.3500000000000023 3.7001000000000044 -0.48007677866066611
v 1.3999999999999992 3.7001000000000044 -0.47938138460892865
v 1.3999999999999992 3.7999999999999989 -0.48217196556782943
v 1.3001000000000016 3.7999999999999989 -0.48356136288320095
v 1.3001000000000016 3.750000000000004 -0.482164675716584
v 1.2499292893218832 3.7499292893218854 -0.48286046877819072
v 1.3499292893218837 3.7000707106781228 -0.48007694393596545
v 1.3000707106781202 3.7499292893218854 -0.4821631078550549
v 1.3001000000000016 3.6500000000000044 -0.47937130138334982
v 1.3499292893218837 3.6499292893218858 -0.47867630634148151
v 1.2500000000000018 3.7499000000000038 -0.48285866718209175
v 1.3000707106781202 3.6500707106781229 -0.4793736839496876
v 1.3499000000000023 3.7000000000000042 -0.48007537607443634
v 1.2499292893218832 3.6500707106781229 -0.48007104487282337
v 1.3499000000000023 3.6500000000000044 -0.47867868890781928
v 1.3000000000000016 3.7499000000000038 -0.48216327313035423
v 1.3000000000000016 3.6501000000000046 -0.47937548554578657
v 1.2500000000000018 3.6501000000000046 -0.48007087959752404
v 1.5999999999999994 -1.1000000000000001 -0.39232665235209974
v 1.5999999999999994 -1.0000000000000002 -0.39256466920582833
v 1.5999999999999994 -0.80000000000000027 -0.39304070291328552
v 1.5999999999999994 -0.60000000000000031 -0.39351673662074266
v 1.5999999999999994 -0.4000000000000003 -0.39399277032819985
v 1.5999999999999994 -0.20000000000000034 -0.39446880403565698
v 1.5999999999999994 -3.8857805861880479e-16 -0.39494483774311417
v 1.5999999999999994 0.19999999999999957 -0.39542087145057137
v 1.5999999999999994 0.39999999999999952 -0.3958969051580285
v 1.5999999999999994 0.59999999999999942 -0.39637293886548569
v 1.5999999999999994 0.79999999999999938 -0.39684897257294283
v 1.5999999999999994 0.99999999999999933 -0.39732500628040002
v 1.5999999999999994 1.1999999999999991 -0.39780103998785721
v 1.5999999999999994 1.3999999999999992 -0.39827707369531434
v 1.5999999999999994 1.5999999999999994 -0.40211795587778132
v 1.5999999999999994 1.7999999999999992 -0.41258891044461532
v 1.5999999999999994 1.9999999999999989 -0.42605158580198643
v 1.5999999999999994 2.1999999999999993 -0.43469640002913257
v 1.5999999999999994 2.3999999999999995 -0.44028314869560092
v 1.5999999999999994 2.5999999999999992 -0.44586989736206928
v 1.5999999999999994 2.7999999999999989 -0.45145664602853763
v 1.5999999999999994 2.9999999999999991 -0.45704339469500599
v 1.5999999999999994 3.1999999999999993 -0.46263014336147434
v 1.5999999999999994 3.3999999999999986 -0.4682168920279427
v 1.449900000000002 3.4500000000000042 -0.47170115213787589
v 1.449900000000002 3.500000000000004 -0.47309783930449301
v 1.4499292893218834 3.4499292893218856 -0.47169876957153817
v 1.5999999999999994 3.5999999999999988 -0.47380364069441105
v 1.4500999999999995 3.5999999999999988 -0.47588843206152009
v 1.4499292893218834 3.5000707106781226 -0.47309940716602206
v 1.450000000000002 3.449900000000004 -0.4716969679754392
v 1.4500707106781205 3.5999292893218859 -0.4758868641999911
v 1.450000000000002 3.5999000000000043 -0.47588702947529044
v 1.5000000000000018 3.449900000000004 -0.47100157392370168
v 1.5000707106781204 3.4499292893218856 -0.47100140864840234
v 1.450000000000002 3.5001000000000042 -0.47309924189072272
v 1.5000000000000018 3.5001000000000042 -0.47240384783898526
v 1.5001000000000018 3.4500000000000042 -0.47100297650993145
v 1.5000707106781204 3.5000707106781226 -0.47240204624288629
v 1.5001000000000018 3.500000000000004 -0.47239966367654851
v 1.5999999999999994 3.7999999999999989 -0.47939038936087941
v 1.450000000000002 3.7001000000000044 -0.47868599055719108
v 1.4501000000000019 3.7000000000000042 -0.47868180639475438
v 1.4500707106781205 3.7000707106781228 -0.47868418896109211
v 1.7999999999999996 -1.1000000000000001 -0.3881803267688424
v 1.7999999999999996 -1.0000000000000002 -0.38841834362257099
v 1.7999999999999996 -0.80000000000000027 -0.38889437733002813
v 1.7999999999999996 -0.60000000000000031 -0.38937041103748532
v 1.7999999999999996 -0.4000000000000003 -0.38984644474494246
v 1.7999999999999996 -0.20000000000000034 -0.39032247845239965
v 1.7999999999999996 -3.8857805861880479e-16 -0.39079851215985684
v 1.7999999999999996 0.19999999999999957 -0.39127454586731397
v 1.7999999999999996 0.39999999999999952 -0.39175057957477116
v 1.7999999999999996 0.59999999999999942 -0.3922266132822283
v 1.7999999999999996 0.79999999999999938 -0.39270264698968549
v 1.7999999999999996 0.99999999999999933 -0.39317868069714268
v 1.7999999999999996 1.1999999999999991 -0.39365471440459981
v 1.7999999999999996 1.3999999999999992 -0.39413074811205701
v 1.7999999999999996 1.5999999999999994 -0.39821101744438281
v 1.7999999999999996 1.7999999999999992 -0.40919309592578057
v 1.7999999999999996 1.9999999999999989 -0.4231280756599004
v 1.7999999999999996 2.1999999999999993 -0.43191482382218249
v 1.7999999999999996 2.3999999999999995 -0.43750157248865085
v 1.7999999999999996 2.5999999999999992 -0.4430883211551192
v 1.7999999999999996 2.7999999999999989 -0.44867506982158756
v 1.7999999999999996 2.9999999999999991 -0.45426181848805591
v 1.7999999999999996 3.1999999999999993 -0.45984856715452427
v 1.7999999999999996 3.3999999999999986 -0.46543531582099262
v 1.7999999999999996 3.5999999999999988 -0.47102206448746098
v 1.7999292893218839 3.7500707106781226 -0.47521508463694495
v 1.7999999999999996 3.7501000000000029 -0.47521491936164562
v 1.7999999999999996 3.7999999999999989 -0.47660881315392933
v 1.7999999999999996 3.6999000000000053 -0.47381264544636209
v 1.7999000000000025 3.750000000000004 -0.47521351677541585
v 1.7999292893218839 3.6999292893218856 -0.47381444704246101
v 1.7999000000000025 3.7000000000000042 -0.47381682960879873
v 1.9999999999999993 -1.1000000000000001 -0.38403400118558506
v 1.9999999999999993 -1.0000000000000002 -0.3842720180393136
v 1.9999999999999993 -0.80000000000000027 -0.38474805174677079
v 1.9999999999999993 -0.60000000000000031 -0.38522408545422793
v 1.9999999999999993 -0.4000000000000003 -0.38570011916168512
v 1.9999999999999993 -0.20000000000000034 -0.38617615286914231
v 1.9999999999999993 -3.8857805861880479e-16 -0.38665218657659944
v 1.9999999999999993 0.19999999999999957 -0.38712822028405663
v 1.9999999999999993 0.39999999999999952 -0.38760425399151377
v 1.9999999999999993 0.59999999999999942 -0.38808028769897096
v 1.9999999999999993 0.79999999999999938 -0.38855632140642815
v 1.9999999999999993 0.99999999999999933 -0.38903235511388529
v 1.9999999999999993 1.1999999999999991 -0.38950838882134248
v 1.9999999999999993 1.3999999999999992 -0.38998442252879961
v 1.9999999999999993 1.5999999999999994 -0.39430407901098441
v 1.9999999999999993 1.7999999999999992 -0.40579728140694588
v 1.9999999999999993 1.9999999999999989 -0.42020456551781438
v 1.9999999999999993 2.1999999999999993 -0.42913324761523247
v 1.9999999999999993 2.3999999999999995 -0.43471999628170083
v 1.9999999999999993 2.5999999999999992 -0.44030674494816918
v 1.9999999999999993 2.7999999999999989 -0.44589349361463754
v 1.9999999999999993 2.9999999999999991 -0.45148024228110589
v 1.9999999999999993 3.1999999999999993 -0.45706699094757425
v 1.9999999999999993 3.3999999999999986 -0.46265373961404255
v 1.9999999999999993 3.5999999999999988 -0.4682404882805109
v 1.9999999999999993 3.7999999999999989 -0.47382723694697931
v 1.8500000000000023 3.699900000000004 -0.47311725139462452
v 1.8500707106781209 3.6999292893218856 -0.47311708611932518
v 1.8500000000000023 3.7501000000000042 -0.4745195253099081
v 1.8500707106781209 3.7500707106781226 -0.47451772371380913
v 1.8501000000000023 3.7000000000000042 -0.47311865398085429
v 1.8501000000000023 3.750000000000004 -0.4745153411474714
v 2.1999999999999993 -1.1000000000000001 -0.37885694022449323
v 2.1999999999999993 -1.0000000000000002 -0.37876825483723797
v 2.1999999999999993 -0.80000000000000027 -0.37859088406272745
v 2.1999999999999993 -0.60000000000000031 -0.37841351328821698
v 2.1999999999999993 -0.4000000000000003 -0.37823614251370641
v 2.1999999999999993 -0.20000000000000034 -0.37805877173919589
v 2.1999999999999993 -3.8857805861880479e-16 -0.37788140096468542
v 2.1999999999999993 0.19999999999999957 -0.3777040301901749
v 2.1999999999999993 0.39999999999999952 -0.37752665941566432
v 2.1999999999999993 0.59999999999999942 -0.37734928864115386
v 2.1999999999999993 0.79999999999999938 -0.37717191786664334
v 2.1999999999999993 0.99999999999999933 -0.37699454709213287
v 2.1999999999999993 1.1999999999999991 -0.37681717631762224
v 2.1999999999999993 1.3999999999999992 -0.37663980554311177
v 2.1999999999999993 1.5999999999999994 -0.38158680292740749
v 2.1999999999999993 1.7999999999999992 -0.39531139139984578
v 2.1999999999999993 1.9999999999999989 -0.41193145081119786
v 2.1999999999999993 2.1999999999999993 -0.42129608485239345
v 2.1999999999999993 2.3999999999999995 -0.4265026041731334
v 2.1999999999999993 2.5999999999999992 -0.43170912349387325
v 2.1999999999999993 2.7999999999999989 -0.43691564281461315
v 2.1999999999999993 2.9999999999999991 -0.44212216213535299
v 2.1999999999999993 3.1999999999999993 -0.44732868145609284
v 2.1999999999999993 3.3999999999999986 -0.45253520077683274
v 2.1999999999999993 3.5999999999999988 -0.45774172009757264
v 2.1999999999999993 3.7999999999999989 -0.46294823941831253
v 2.3999999999999995 -1.1000000000000001 -0.37488553894026261
v 2.3999999999999995 -1.0000000000000002 -0.37401779436296889
v 2.3999999999999995 -0.80000000000000027 -0.37228230520838163
v 2.3999999999999995 -0.60000000000000031 -0.3705468160537943
v 2.3999999999999995 -0.4000000000000003 -0.36881132689920698
v 2.3999999999999995 -0.20000000000000034 -0.36707583774461966
v 2.3999999999999995 -3.8857805861880479e-16 -0.36534034859003234
v 2.3999999999999995 0.19999999999999957 -0.36360485943544502
v 2.3999999999999995 0.39999999999999952 -0.36186937028085775
v 2.3999999999999995 0.59999999999999942 -0.36013388112627037
v 2.3999999999999995 0.79999999999999938 -0.35839839197168311
v 2.3999999999999995 0.99999999999999933 -0.35666290281709578
v 2.3999999999999995 1.1999999999999991 -0.35492741366250841
v 2.3999999999999995 1.3999999999999992 -0.35319192450792114
v 2.3999999999999995 1.5999999999999994 -0.35893004244057325
v 2.3999999999999995 1.7999999999999992 -0.37647068655461552
v 2.3999999999999995 1.9999999999999989 -0.39697672145155605
v 2.3999999999999995 2.1999999999999993 -0.40696302607207679
v 2.3999999999999995 2.3999999999999995 -0.41126284464531032
v 2.3999999999999995 2.5999999999999992 -0.41556266321854385
v 2.3999999999999995 2.7999999999999989 -0.41986248179177743
v 2.3999999999999995 2.9999999999999991 -0.4241623003650109
v 2.3999999999999995 3.1999999999999993 -0.42846211893824449
v 2.3999999999999995 3.3999999999999986 -0.43276193751147796
v 2.3999999999999995 3.5999999999999988 -0.43706175608471154
v 2.3999999999999995 3.7999999999999989 -0.44136157465794501
v 2.5999999999999996 -1.1000000000000001 -0.37486635792293321
v 2.5999999999999996 -1.0000000000000002 -0.37306876850591636
v 2.5999999999999996 -0.80000000000000027 -0.36947358967188254
v 2.5999999999999996 -0.60000000000000031 -0.36587841083784867
v 2.5999999999999996 -0.4000000000000003 -0.36228323200381485
v 2.5999999999999996 -0.20000000000000034 -0.35868805316978103
v 2.5999999999999996 -3.8857805861880479e-16 -0.35509287433574721
v 2.5999999999999996 0.19999999999999957 -0.35149769550171339
v 2.5999999999999996 0.39999999999999952 -0.34790251666767957
v 2.5999999999999996 0.59999999999999942 -0.34430733783364575
v 2.5999999999999996 0.79999999999999938 -0.34071215899961194
v 2.5999999999999996 0.99999999999999933 -0.33711698016557812
v 2.5999999999999996 1.1999999999999991 -0.33352180133154424
v 2.5999999999999996 1.3999999999999992 -0.32992662249751048
v 2.5999999999999996 1.5999999999999994 -0.3360069473636294
v 2.5999999999999996 1.7999999999999992 -0.35681681518348707
v 2.5999999999999996 1.9999999999999989 -0.38077315359315234
v 2.5999999999999996 2.1999999999999993 -0.39114450308350129
v 2.5999999999999996 2.3999999999999995 -0.39436213044196916
v 2.5999999999999996 2.5999999999999992 -0.39757975780043703
v 2.5999999999999996 2.7999999999999989 -0.4007973851589049
v 2.5999999999999996 2.9999999999999991 -0.40401501251737276
v 2.5999999999999996 3.1999999999999993 -0.40723263987584069
v 2.5999999999999996 3.3999999999999986 -0.41045026723430855
v 2.4999292893218845 3.5999292893218859 -0.42526588379773134
v 2.4999000000000051 3.5999999999999988 -0.42527068105847909
v 2.5999999999999996 3.5999999999999988 -0.41366789459277642
v 2.5501000000000009 3.5999999999999988 -0.4193714719409749
v 2.5000000000000031 3.5999000000000043 -0.42525696054814566
v 2.5500707106781215 3.5999292893218859 -0.41937364488100437
v 2.5500000000000029 3.5999000000000043 -0.41938135515974312
v 2.599900000000003 3.750000000000004 -0.41609271011533944
v 2.599900000000003 3.7999999999999989 -0.41689724857828903
v 2.5000000000000031 3.6501000000000046 -0.42620040001257409
v 2.5499000000000032 3.6501000000000046 -0.42026796145708584
v 2.5499000000000032 3.7000000000000042 -0.42113771248360732
v 2.5500000000000034 3.7001000000000044 -0.42112755715467082
v 2.5999999999999996 3.7001000000000044 -0.41527831708568969
v 2.5999999999999996 3.7499000000000051 -0.41607950629794821
v 2.5999292893218846 3.7499292893218854 -0.41608817616933325
v 2.4999292893218845 3.6500707106781229 -0.42620831957759758
v 2.5499292893218848 3.7000707106781228 -0.42113545998153906
v 2.4999000000000029 3.6500000000000044 -0.42621049890186791
v 2.5999999999999996 3.6499000000000041 -0.41447069261871428
v 2.5501000000000031 3.6499000000000041 -0.42024095204860701
v 2.7999999999999994 -1.1000000000000001 -0.37867377768420585
v 2.7999999999999994 -1.0000000000000002 -0.37609712907715054
v 2.7999999999999994 -0.80000000000000027 -0.37094383186303992
v 2.7999999999999994 -0.60000000000000031 -0.36579053464892924
v 2.7999999999999994 -0.4000000000000003 -0.36063723743481862
v 2.7999999999999994 -0.20000000000000034 -0.35548394022070806
v 2.7999999999999994 -3.8857805861880479e-16 -0.35033064300659739
v 2.7999999999999994 0.19999999999999957 -0.34517734579248677
v 2.7999999999999994 0.39999999999999952 -0.34002404857837615
v 2.7999999999999994 0.59999999999999942 -0.33487075136426558
v 2.7999999999999994 0.79999999999999938 -0.32971745415015491
v 2.7999999999999994 0.99999999999999933 -0.32456415693604423
v 2.7999999999999994 1.1999999999999991 -0.31941085972193367
v 2.7999999999999994 1.3999999999999992 -0.31425756250782305
v 2.7999999999999994 1.5999999999999994 -0.32002581879972053
v 2.7999999999999994 1.7999999999999992 -0.34229628440486726
v 2.7999999999999994 1.9999999999999989 -0.36796203597719701
v 2.7999999999999994 2.1999999999999993 -0.37830096925291024
v 2.7999999999999994 2.3999999999999995 -0.38061189586387173
v 2.7999999999999994 2.5999999999999992 -0.38292282247483328
v 2.7999999999999994 2.7999999999999989 -0.38523374908579477
v 2.7999999999999994 2.9999999999999991 -0.38754467569675632
v 2.7999999999999994 3.1999999999999993 -0.38985560230771782
v 2.7999999999999994 3.3999999999999986 -0.39216652891867931
v 2.6499000000000028 3.5500000000000038 -0.40748833455689903
v 2.6499000000000028 3.5999999999999988 -0.40822865676476011
v 2.7999999999999994 3.5999999999999988 -0.39447745552964081
v 2.7001000000000031 3.5999999999999988 -0.40312667136165792
v 2.7001000000000031 3.550100000000004 -0.40244804539620688
v 2.6999000000000031 3.500000000000004 -0.4017856945692293
v 2.6999000000000031 3.5499000000000036 -0.40246455040525264
v 2.650000000000003 3.5499000000000036 -0.40747641282090685
v 2.6499292893218844 3.5499292893218852 -0.40748422928606753
v 2.7500000000000031 3.550100000000004 -0.39789914356418599
v 2.6999292893218847 3.4999292893218854 -0.4017819504226402
v 2.7500707106781217 3.5500707106781224 -0.39789270458751019
v 2.7501000000000033 3.5500000000000038 -0.39788930514405541
v 2.7000000000000033 3.4999000000000038 -0.40177483591016117
v 2.7501000000000033 3.500000000000004 -0.39726391913262005
v 2.7500000000000031 3.4999000000000038 -0.39727115278472031
v 2.7500707106781217 3.4999292893218854 -0.39726551952183942
v 2.7999999999999994 3.7999999999999989 -0.39678838214060236
v 2.7001000000000031 3.7999999999999989 -0.40584661511096115
v 2.7000000000000028 3.7499000000000038 -0.40517534137003602
v 2.6000707106781218 3.6499292893218858 -0.41446315184642724
v 2.7001000000000031 3.750000000000004 -0.40516662917363538
v 2.7000707106781214 3.7499292893218854 -0.4051686174167784
v 2.6001000000000034 3.6500000000000044 -0.41446097074862776
v 2.7001000000000031 3.6500000000000044 -0.4038066572989838
v 2.6000707106781218 3.7000707106781228 -0.41526974056380894
v 2.6001000000000034 3.7000000000000042 -0.4152652459758801
v 2.7000707106781214 3.6500707106781229 -0.40381050147669989
v 2.6499000000000028 3.6500000000000044 -0.4089689789726213
v 2.6499292893218844 3.6500707106781229 -0.40896689445328205
v 2.7000000000000028 3.6501000000000046 -0.40381785959045402
v 2.650000000000003 3.6501000000000046 -0.40895976848441995
v 2.9999999999999991 -1.0000000000000002 -0.38040664780940209
v 2.9999999999999991 -0.80000000000000027 -0.37459994611332376
v 2.9999999999999991 -0.4000000000000003 -0.36298654272116715
v 2.9999999999999991 -0.20000000000000034 -0.35717984102508882
v 2.9999999999999991 -3.8857805861880479e-16 -0.35137313932901049
v 2.9999999999999991 0.19999999999999957 -0.34556643763293216
v 2.9999999999999991 0.59999999999999942 -0.33395303424077555
v 2.9999999999999991 0.79999999999999938 -0.32814633254469722
v 2.9999999999999991 0.99999999999999933 -0.32233963084861889
v 2.9999999999999991 1.1999999999999991 -0.31653292915254055
v 2.9999999999999991 1.5999999999999994 -0.31573010914198774
v 2.9999999999999991 1.7999999999999992 -0.33726046014333716
v 2.9999999999999991 1.9999999999999989 -0.3623931699318465
v 2.9999999999999991 2.1999999999999993 -0.37234289950357113
v 2.9999999999999991 2.3999999999999995 -0.37427359676880417
v 2.9999999999999991 2.5999999999999992 -0.37620429403403721
v 2.9999999999999991 2.7999999999999989 -0.37813499129927025
v 2.9999999999999991 2.9999999999999991 -0.38006568856450329
v 2.9999999999999991 3.1999999999999993 -0.38199638582973638
v 2.9999999999999991 3.3999999999999986 -0.38392708309496942
v 2.9999999999999991 3.5999999999999988 -0.38585778036020246
v 2.8500000000000032 3.7501000000000042 -0.39271056602563431
v 2.8999000000000033 3.7501000000000042 -0.39000019467770686
v 2.8999000000000033 3.7999999999999989 -0.39050749410034269
v 2.9999999999999991 3.6499000000000041 -0.38633948932787815
v 2.9499000000000035 3.6500000000000044 -0.38718612441334221
v 2.9499000000000035 3.699900000000004 -0.38767447274289096
v 2.9000000000000035 3.699900000000004 -0.38948531396846359
v 2.8499292893218846 3.7500707106781226 -0.39271466992510023
v 2.9500000000000037 3.6499000000000041 -0.38718247625926422
v 2.9499292893218851 3.6499292893218858 -0.3871846501233383
v 2.849900000000003 3.750000000000004 -0.39271573963641848
v 2.849900000000003 3.7000000000000042 -0.39217746909827844
v 2.8500000000000032 3.699900000000004 -0.39217021262628193
v 2.8499292893218846 3.6999292893218856 -0.39217489747519269
v 2.9501000000000035 3.7999999999999989 -0.38864861377033622
v 2.9501000000000035 3.7001000000000044 -0.38767104255053186
v 2.9999999999999991 3.7001000000000044 -0.38682409434145165
v 2.9999999999999991 3.7999999999999989 -0.3877884776254355
v 3.1999999999999993 1.3999999999999999 -0.31405953749388105
v 3.1999999999999993 1.5999999999999994 -0.31824204755755603
v 3.1999999999999993 1.7999999999999992 -0.33801865915008933
v 3.1999999999999993 1.9999999999999989 -0.36153082492792049
v 3.1999999999999993 2.1999999999999993 -0.37099355882520341
v 3.1999999999999993 2.3999999999999995 -0.37292425609043645
v 3.1999999999999993 2.5999999999999992 -0.37485495335566948
v 3.1999999999999993 2.7999999999999989 -0.37678565062090252
v 3.1999999999999993 2.9999999999999991 -0.37871634788613556
v 3.1999999999999993 3.1999999999999993 -0.3806470451513686
v 3.1999999999999993 3.3999999999999986 -0.38257774241660164
v 3.1999999999999993 3.5999999999999988 -0.38450843968183468
v 3.0500000000000034 3.6499000000000041 -0.3860021541582862
v 3.1999999999999993 3.7999999999999989 -0.38643913694706772
v 3.0500000000000034 3.7001000000000044 -0.38648675917185965
v 3.050070710678122 3.6499292893218858 -0.38600195983838254
v 3.050070710678122 3.7000707106781228 -0.3864859993638195
v 3.0501000000000036 3.6500000000000044 -0.38600244483657958
v 3.0501000000000036 3.7000000000000042 -0.38648511915288786
v 3.3999999999999995 1.3999999999999999 -0.31739284753129993
v 3.3999999999999995 1.5999999999999994 -0.32075398597312427
v 3.3999999999999995 1.7999999999999992 -0.33877685815684155
v 3.3999999999999995 1.9999999999999989 -0.36066847992399459
v 3.3999999999999995 2.1999999999999993 -0.36964421814683562
v 3.3999999999999995 2.3999999999999995 -0.37157491541206866
v 3.3999999999999995 2.5999999999999992 -0.3735056126773017
v 3.3999999999999995 2.7999999999999989 -0.37543630994253474
v 3.3999999999999995 2.9999999999999991 -0.37736700720776778
v 3.3999999999999995 3.1999999999999993 -0.37929770447300087
v 3.2499000000000033 3.3000000000000038 -0.38127573328473241
v 3.2499000000000033 3.3500000000000036 -0.38175840760104063
v 3.249929289321885 3.2999292893218852 -0.38127485307380077
v 3.3999999999999995 3.2499000000000038 -0.37977941344067656
v 3.3500000000000041 3.300100000000004 -0.38060135362384195
v 3.3999999999999995 3.300100000000004 -0.38026401845425001
v 3.3999999999999995 3.3999999999999986 -0.38122840173823391
v 3.2500000000000036 3.2999000000000036 -0.38127409326576056
v 3.3500000000000041 3.2499000000000038 -0.38011674861026845
v 3.3499292893218855 3.3000707106781224 -0.38060154794374557
v 3.249929289321885 3.3500707106781222 -0.38175889259923768
v 3.3000000000000034 3.2999000000000036 -0.38093675809616867
v 3.3499292893218855 3.2499292893218854 -0.3801175084183086
v 3.2500000000000036 3.3501000000000039 -0.38175869827933406
v 3.300070710678122 3.2999292893218852 -0.38093656377626506
v 3.3499000000000039 3.250000000000004 -0.38011838862924024
v 3.3000000000000034 3.3501000000000039 -0.38142136310974212
v 3.3001000000000036 3.3000000000000038 -0.38093704877446211
v 3.300070710678122 3.3500707106781222 -0.38142060330170197
v 3.3001000000000036 3.3500000000000036 -0.38141972309077032
v 3.3499000000000039 3.3000000000000038 -0.38060106294554852
v 3.3999999999999995 3.5999999999999988 -0.38315909900346695
v 3.3499000000000039 3.750000000000004 -0.38494513179232287
v 3.3499000000000039 3.7999999999999989 -0.38542780610863109
v 3.3999999999999995 3.7499000000000038 -0.38460615660375913
v 3.3500000000000041 3.7499000000000038 -0.38494349177335108
v 3.3499292893218855 3.7499292893218854 -0.38494425158139123
v 3.5999999999999988 1.3999999999999999 -0.32072615756871875
v 3.5999999999999988 1.5999999999999994 -0.32326592438869256
v 3.5999999999999988 1.7999999999999992 -0.33953505716359372
v 3.5999999999999988 1.9999999999999989 -0.35980613492006863
v 3.5999999999999988 2.1999999999999993 -0.3682948774684679
v 3.5999999999999988 2.3999999999999995 -0.37022557473370094
v 3.5999999999999988 2.5999999999999992 -0.37215627199893397
v 3.5999999999999988 2.7999999999999989 -0.37408696926416701
v 3.5999999999999988 2.9999999999999991 -0.37601766652940005
v 3.5999999999999988 3.1999999999999993 -0.37794836379463309
v 3.5999999999999988 3.3999999999999986 -0.37987906105986613
v 3.4000707106781225 3.2499292893218854 -0.37977921912077289
v 3.4001000000000041 3.250000000000004 -0.37977970411896994
v 3.4000707106781225 3.3000707106781224 -0.3802632586462098
v 3.4001000000000041 3.3000000000000038 -0.38026237843527821
v 3.5999292893218855 3.5500707106781224 -0.38132824367732715
v 3.5999999999999988 3.5501000000000018 -0.38132804935742354
v 3.5999999999999988 3.5999999999999988 -0.38180975832509917
v 3.5999999999999988 3.499900000000006 -0.38084344434385009
v 3.5999000000000039 3.5500000000000038 -0.3813277586791301
v 3.5999292893218855 3.4999292893218854 -0.38084420415189024
v 3.5999000000000039 3.500000000000004 -0.38084508436282183
v 3.4499000000000035 3.7000000000000042 -0.3837877871368307
v 3.4499000000000035 3.750000000000004 -0.38427046145313898
v 3.4499292893218851 3.6999292893218856 -0.38378690692589912
v 3.5999999999999988 3.7999999999999989 -0.38374045559033221
v 3.4001000000000041 3.7999999999999989 -0.38508912159836078
v 3.4001000000000041 3.750000000000004 -0.38460644728205257
v 3.4500000000000037 3.699900000000004 -0.38378614711785891
v 3.4000707106781225 3.7499292893218854 -0.38460596228385552
v 3.5000000000000036 3.699900000000004 -0.38344881194826697
v 3.5000707106781221 3.6999292893218856 -0.38344861762836335
v 3.4499292893218851 3.7500707106781226 -0.38427094645133603
v 3.4500000000000037 3.7501000000000042 -0.38427075213143241
v 3.5001000000000038 3.7000000000000042 -0.3834491026265604
v 3.5001000000000038 3.750000000000004 -0.38393177694286867
v 3.5000000000000036 3.7501000000000042 -0.38393341696184047
v 3.5000707106781221 3.7500707106781226 -0.38393265715380032
v 3.7999999999999989 1.3999999999999999 -0.32405946760613757
v 3.7999999999999989 1.5999999999999994 -0.3257778628042608
v 3.7999999999999989 1.7999999999999992 -0.34029325617034595
v 3.7999999999999989 1.9999999999999989 -0.35894378991614267
v 3.7999999999999989 2.1999999999999993 -0.36694553679010011
v 3.7999999999999989 2.3999999999999995 -0.36887623405533315
v 3.7999999999999989 2.5999999999999992 -0.37080693132056619
v 3.7999999999999989 2.7999999999999989 -0.37273762858579923
v 3.7999999999999989 2.9999999999999991 -0.37466832585103227
v 3.7999999999999989 3.1999999999999993 -0.37659902311626536
v 3.7999999999999989 3.3999999999999986 -0.3785297203814984
v 3.7999999999999989 3.5999999999999988 -0.38046041764673144
v 3.6500000000000039 3.4999000000000038 -0.38050610917425809
v 3.6500707106781225 3.4999292893218854 -0.38050591485435448
v 3.6500000000000039 3.550100000000004 -0.38099071418783159
v 3.6500707106781225 3.5500707106781224 -0.38098995437979144
v 3.6501000000000041 3.500000000000004 -0.38050639985255152
v 3.6501000000000041 3.5500000000000038 -0.3809890741688598
v 3.6499000000000037 3.750000000000004 -0.38292112077477125
v 3.6499000000000037 3.7999999999999989 -0.38340379509107941
v 3.7999999999999989 3.7499000000000038 -0.38190747524702362
v 3.7499000000000042 3.750000000000004 -0.38224645043558736
v 3.7499000000000042 3.7999999999999989 -0.38272912475189558
v 3.7001000000000039 3.7999999999999989 -0.38306511058080911
v 3.6499292893218853 3.7499292893218854 -0.38292024056383961
v 3.7500000000000044 3.7499000000000038 -0.38224481041661551
v 3.7499292893218859 3.7499292893218854 -0.38224557022465572
v 3.7001000000000039 3.750000000000004 -0.38258243626450089
v 3.6500000000000039 3.7499000000000038 -0.3829194807557994
v 3.7000707106781223 3.7499292893218854 -0.38258195126630384
v 3.7000000000000037 3.7499000000000038 -0.38258214558620746
v 3.9999999999999991 1.5999999999999994 -0.32828980121982904
v 3.9999999999999991 1.7999999999999992 -0.34105145517709812
v 3.9999999999999991 1.9999999999999989 -0.35808144491221672
v 3.9999999999999991 2.1999999999999993 -0.36559619611173233
v 3.9999999999999991 2.3999999999999995 -0.36752689337696542
v 3.9999999999999991 2.5999999999999992 -0.36945759064219846
v 3.9999999999999991 2.7999999999999989 -0.3713882879074315
v 3.9999999999999991 2.9999999999999991 -0.37331898517266454
v 3.9999999999999991 3.1999999999999993 -0.37524968243789758
v 3.9999999999999991 3.3999999999999986 -0.37718037970313062
v 3.9999999999999991 3.5999999999999988 -0.37911107696836366
v 3.9999999999999991 3.7999999999999989 -0.3810417742335967
v 3.8001000000000045 3.7999999999999989 -0.38239044024162522
v 3.8001000000000045 3.750000000000004 -0.38190776592531706
v 3.8000707106781229 3.7499292893218854 -0.38190728092712001
v 4.1999999999999993 1.3999999999999999 -0.33072608768097522
v 4.1999999999999993 1.5999999999999994 -0.33080173963539738
v 4.1999999999999993 1.7999999999999992 -0.34180965418385034
v 4.1999999999999993 1.9999999999999989 -0.35721909990829082
v 4.1999999999999993 2.1999999999999993 -0.3642468554333646
v 4.1999999999999993 2.3999999999999995 -0.36617755269859764
v 4.1999999999999993 2.5999999999999992 -0.36810824996383068
v 4.1999999999999993 2.7999999999999989 -0.37003894722906372
v 4.1999999999999993 2.9999999999999991 -0.37196964449429676
v 4.1999999999999993 3.1999999999999993 -0.3739003417595298
v 4.1999999999999993 3.3999999999999986 -0.37583103902476284
v 4.1999999999999993 3.5999999999999988 -0.37776173628999593
v 4.1999999999999993 3.7999999999999989 -0.37969243355522897
v 4.3999999999999995 1.3999999999999999 -0.33405939771839405
v 4.3999999999999995 1.5999999999999994 -0.33331367805096562
v 4.3999999999999995 1.7999999999999992 -0.34256785319060257
v 4.3999999999999995 1.9999999999999989 -0.35635675490436486
v 4.3999999999999995 2.1999999999999993 -0.36289751475499682
v 4.3999999999999995 2.3999999999999995 -0.36482821202022986
v 4.3999999999999995 2.5999999999999992 -0.36675890928546295
v 4.3999999999999995 2.7999999999999989 -0.36868960655069599
v 4.3999999999999995 2.9999999999999991 -0.37062030381592903
v 4.3999999999999995 3.1999999999999993 -0.37255100108116207
v 4.3999999999999995 3.3999999999999986 -0.37448169834639511
v 4.3999999999999995 3.5999999999999988 -0.37641239561162815
v 4.3999999999999995 3.7999999999999989 -0.37834309287686119
v 4.5999999999999988 1.3999999999999999 -0.33739270775581287
v 4.5999999999999988 1.5999999999999994 -0.33582561646653392
v 4.5999999999999988 1.7999999999999992 -0.34332605219735474
v 4.5999999999999988 1.9999999999999989 -0.3554944099004389
v 4.5999999999999988 2.1999999999999993 -0.36154817407662909
v 4.5999999999999988 2.3999999999999995 -0.36347887134186213
v 4.5999999999999988 2.5999999999999992 -0.36540956860709517
v 4.5999999999999988 2.7999999999999989 -0.36734026587232821
v 4.5999999999999988 2.9999999999999991 -0.36927096313756125
v 4.5999999999999988 3.1999999999999993 -0.37120166040279429
v 4.5999999999999988 3.3999999999999986 -0.37313235766802733
v 4.5999999999999988 3.5999999999999988 -0.37506305493326042
v 4.5999999999999988 3.7999999999999989 -0.37699375219849346
v 4.7999999999999989 1.3999999999999999 -0.34072601779323175
v 4.7999999999999989 1.5999999999999994 -0.33833755488210215
v 4.7999999999999989 1.7999999999999992 -0.34408425120410691
v 4.7999999999999989 1.9999999999999989 -0.35463206489651294
v 4.7999999999999989 2.1999999999999993 -0.36019883339826131
v 4.7999999999999989 2.3999999999999995 -0.36212953066349435
v 4.7999999999999989 2.5999999999999992 -0.36406022792872744
v 4.7999999999999989 2.7999999999999989 -0.36599092519396048
v 4.7999999999999989 2.9999999999999991 -0.36792162245919352
v 4.7999999999999989 3.1999999999999993 -0.36985231972442656
v 4.7999999999999989 3.3999999999999986 -0.3717830169896596
v 4.7999999999999989 3.5999999999999988 -0.37371371425489264
v 4.7999999999999989 3.7999999999999989 -0.37564441152012568
v 4.9999999999999991 1.5999999999999994 -0.34084949329767045
v 4.9999999999999991 1.7999999999999992 -0.34484245021085913
v 4.9999999999999991 1.9999999999999989 -0.35376971989258704
v 4.9999999999999991 2.1999999999999993 -0.35884949271989358
v 4.9999999999999991 2.3999999999999995 -0.36078018998512662
v 4.9999999999999991 2.5999999999999992 -0.36271088725035966
v 4.9999999999999991 2.7999999999999989 -0.3646415845155927
v 4.9999999999999991 2.9999999999999991 -0.36657228178082574
v 4.9999999999999991 3.1999999999999993 -0.36850297904605878
v 4.9999999999999991 3.3999999999999986 -0.37043367631129182
v 4.9999999999999991 3.5999999999999988 -0.37236437357652485
v 4.9999999999999991 3.7999999999999989 -0.37429507084175795
v 5.1999999999999984 1.3999999999999999 -0.3473926378680694
v 5.1999999999999984 1.5999999999999994 -0.34336143171323869
v 5.1999999999999984 1.7999999999999992 -0.3456006492176113
v 5.1999999999999984 1.9999999999999989 -0.35290737488866109
v 5.1999999999999984 2.1999999999999993 -0.3575001520415258
v 5.1999999999999984 2.3999999999999995 -0.35943084930675884
v 5.1999999999999984 2.5999999999999992 -0.36136154657199193
v 5.1999999999999984 2.7999999999999989 -0.36329224383722497
v 5.1999999999999984 2.9999999999999991 -0.36522294110245801
v 5.1999999999999984 3.1999999999999993 -0.36715363836769105
v 5.1999999999999984 3.3999999999999986 -0.36908433563292409
v 5.1999999999999984 3.5999999999999988 -0.37101503289815713
v 5.1999999999999984 3.7999999999999989 -0.37294573016339017
v 5.3999999999999986 1.3999999999999999 -0.35072594790548822
v 5.3999999999999986 1.5999999999999994 -0.34587337012880692
v 5.3999999999999986 1.7999999999999992 -0.34635884822436358
v 5.3999999999999986 1.9999999999999989 -0.35204502988473513
v 5.3999999999999986 2.1999999999999993 -0.35615081136315807
v 5.3999999999999986 2.3999999999999995 -0.35808150862839111
v 5.3999999999999986 2.5999999999999992 -0.36001220589362415
v 5.3999999999999986 2.7999999999999989 -0.36194290315885719
v 5.3999999999999986 2.9999999999999991 -0.36387360042409023
v 5.3999999999999986 3.1999999999999993 -0.36580429768932327
v 5.3999999999999986 3.3999999999999986 -0.3677349949545563
v 5.3999999999999986 3.5999999999999988 -0.36966569221978934
v 5.3999999999999986 3.7999999999999989 -0.37159638948502244
v 5.5999999999999988 1.3999999999999999 -0.35405925794290705
v 5.5999999999999988 1.5999999999999994 -0.34838530854437522
v 5.5999999999999988 1.7999999999999992 -0.34711704723111569
v 5.5999999999999988 1.9999999999999989 -0.35118268488080917
v 5.5999999999999988 2.1999999999999993 -0.35480147068479029
v 5.5999999999999988 2.3999999999999995 -0.35673216795002333
v 5.5999999999999988 2.5999999999999992 -0.35866286521525637
v 5.5999999999999988 2.7999999999999989 -0.3605935624804894
v 5.5999999999999988 2.9999999999999991 -0.3625242597457225
v 5.5999999999999988 3.1999999999999993 -0.36445495701095554
v 5.5999999999999988 3.3999999999999986 -0.36638565427618858
v 5.5999999999999988 3.5999999999999988 -0.36831635154142162
v 5.5999999999999988 3.7999999999999989 -0.37024704880665466
v 5.7999999999999989 1.3999999999999999 -0.35739256798032587
v 5.7999999999999989 1.5999999999999994 -0.35089724695994351
v 5.7999999999999989 1.7999999999999992 -0.34787524623786792
v 5.7999999999999989 1.9999999999999989 -0.35032033987688327
v 5.7999999999999989 2.1999999999999993 -0.35345213000642256
v 5.7999999999999989 2.3999999999999995 -0.3553828272716556
v 5.7999999999999989 2.5999999999999992 -0.35731352453688864
v 5.7999999999999989 2.7999999999999989 -0.35924422180212168
v 5.7999999999999989 2.9999999999999991 -0.36117491906735472
v 5.7999999999999989 3.1999999999999993 -0.36310561633258776
v 5.7999999999999989 3.3999999999999986 -0.36503631359782079
v 5.7999999999999989 3.5999999999999988 -0.36696701086305383
v 5.7999999999999989 3.7999999999999989 -0.36889770812828687
v 5.9999999999999991 1.5999999999999994 -0.3534091853755118
v 5.9999999999999991 1.7999999999999992 -0.34863344524462014
v 5.9999999999999991 1.9999999999999989 -0.34945799487295731
v 5.9999999999999991 2.1999999999999993 -0.35210278932805478
v 5.9999999999999991 2.3999999999999995 -0.35403348659328782
v 5.9999999999999991 2.5999999999999992 -0.35596418385852086
v 5.9999999999999991 2.7999999999999989 -0.35789488112375389
v 5.9999999999999991 2.9999999999999991 -0.35982557838898693
v 5.9999999999999991 3.1999999999999993 -0.36175627565422003
v 5.9999999999999991 3.3999999999999986 -0.36368697291945307
v 5.9999999999999991 3.5999999999999988 -0.36561767018468611
v 5.9999999999999991 3.7999999999999989 -0.36754836744991914
v 6.1999999999999984 1.3999999999999999 -0.36405918805516352
v 6.1999999999999984 1.5999999999999994 -0.35592112379108004
v 6.1999999999999984 1.7999999999999992 -0.34939164425137237
v 6.1999999999999984 1.9999999999999989 -0.34859564986903135
v 6.1999999999999984 2.1999999999999993 -0.35075344864968705
v 6.1999999999999984 2.3999999999999995 -0.35268414591492009
v 6.1999999999999984 2.5999999999999992 -0.35461484318015313
v 6.1999999999999984 2.7999999999999989 -0.35654554044538617
v 6.1999999999999984 2.9999999999999991 -0.35847623771061921
v 6.1999999999999984 3.1999999999999993 -0.36040693497585224
v 6.1999999999999984 3.3999999999999986 -0.36233763224108528
v 6.1999999999999984 3.5999999999999988 -0.36426832950631832
v 6.1999999999999984 3.7999999999999989 -0.36619902677155136
v 6.3999999999999986 1.3999999999999999 -0.36739249809258234
v 6.3999999999999986 1.5999999999999994 -0.35843306220664833
v 6.3999999999999986 1.7999999999999992 -0.35014984325812454
v 6.3999999999999986 1.9999999999999989 -0.3477333048651054
v 6.3999999999999986 2.1999999999999993 -0.34940410797131927
v 6.3999999999999986 2.3999999999999995 -0.35133480523655231
v 6.3999999999999986 2.5999999999999992 -0.35326550250178534
v 6.3999999999999986 2.7999999999999989 -0.35519619976701838
v 6.3999999999999986 2.9999999999999991 -0.35712689703225142
v 6.3999999999999986 3.1999999999999993 -0.35905759429748452
v 6.3999999999999986 3.3999999999999986 -0.36098829156271756
v 6.3999999999999986 3.5999999999999988 -0.36291898882795059
v 6.3999999999999986 3.7999999999999989 -0.36484968609318363
v 6.5999999999999988 1.3999999999999999 -0.37072580813000122
v 6.5999999999999988 1.5999999999999994 -0.36094500062221657
v 6.5999999999999988 1.7999999999999992 -0.35090804226487671
v 6.5999999999999988 1.9999999999999989 -0.34687095986117944
v 6.5999999999999988 2.1999999999999993 -0.34805476729295154
v 6.5999999999999988 2.3999999999999995 -0.34998546455818458
v 6.5999999999999988 2.5999999999999992 -0.35191616182341762
v 6.5999999999999988 2.7999999999999989 -0.35384685908865066
v 6.5999999999999988 2.9999999999999991 -0.35577755635388369
v 6.5999999999999988 3.1999999999999993 -0.35770825361911673
v 6.5999999999999988 3.3999999999999986 -0.35963895088434977
v 6.5999999999999988 3.5999999999999988 -0.36156964814958281
v 6.5999999999999988 3.7999999999999989 -0.36350034541481585
v 6.799999999999998 1.3999999999999999 -0.37405911816741999
v 6.799999999999998 1.5999999999999994 -0.36345693903778481
v 6.799999999999998 1.7999999999999992 -0.35166624127162893
v 6.799999999999998 1.9999999999999989 -0.34600861485725348
v 6.799999999999998 2.1999999999999993 -0.34670542661458376
v 6.799999999999998 2.3999999999999995 -0.34863612387981679
v 6.799999999999998 2.5999999999999992 -0.35056682114504983
v 6.799999999999998 2.7999999999999989 -0.35249751841028287
v 6.799999999999998 2.9999999999999991 -0.35442821567551597
v 6.799999999999998 3.1999999999999993 -0.35635891294074901
v 6.799999999999998 3.3999999999999986 -0.35828961020598205
v 6.799999999999998 3.5999999999999988 -0.36022030747121508
v 6.799999999999998 3.7999999999999989 -0.36215100473644812
v 6.9999999999999982 1.5999999999999994 -0.3659688774533531
v 6.9999999999999982 1.7999999999999992 -0.3524244402783811
v 6.9999999999999982 1.9999999999999989 -0.34514626985332753
v 6.9999999999999982 2.1999999999999993 -0.34535608593621603
v 6.9999999999999982 2.3999999999999995 -0.34728678320144907
v 6.9999999999999982 2.5999999999999992 -0.34921748046668211
v 6.9999999999999982 2.7999999999999989 -0.35114817773191515
v 6.9999999999999982 2.9999999999999991 -0.35307887499714818
v 6.9999999999999982 3.1999999999999993 -0.35500957226238122
v 6.9999999999999982 3.3999999999999986 -0.35694026952761426
v 6.9999999999999982 3.5999999999999988 -0.3588709667928473
v 6.9999999999999982 3.7999999999999989 -0.36080166405808034
v 7.1999999999999984 1.3999999999999999 -0.38072573824225769
v 7.1999999999999984 1.5999999999999994 -0.36848081586892145
v 7.1999999999999984 1.7999999999999992 -0.35318263928513333
v 7.1999999999999984 1.9999999999999989 -0.34428392484940162
v 7.1999999999999984 2.1999999999999993 -0.34400674525784825
v 7.1999999999999984 2.3999999999999995 -0.34593744252308128
v 7.1999999999999984 2.5999999999999992 -0.34786813978831432
v 7.1999999999999984 2.7999999999999989 -0.34979883705354736
v 7.1999999999999984 2.9999999999999991 -0.3517295343187804
v 7.1999999999999984 3.1999999999999993 -0.3536602315840135
v 7.1999999999999984 3.3999999999999986 -0.35559092884924653
v 7.1999999999999984 3.5999999999999988 -0.35752162611447957
v 7.1999999999999984 3.7999999999999989 -0.35945232337971261
v 7.3999999999999977 1.3999999999999999 -0.38405904827967652
v 7.3999999999999977 1.5999999999999994 -0.37099275428448958
v 7.3999999999999977 1.7999999999999992 -0.3539408382918855
v 7.3999999999999977 1.9999999999999989 -0.34342157984547567
v 7.3999999999999977 2.1999999999999993 -0.34265740457948052
v 7.3999999999999977 2.3999999999999995 -0.34458810184471356
v 7.3999999999999977 2.5999999999999992 -0.3465187991099466
v 7.3999999999999977 2.7999999999999989 -0.34844949637517963
v 7.3999999999999977 2.9999999999999991 -0.35038019364041267
v 7.3999999999999977 3.1999999999999993 -0.35231089090564571
v 7.3999999999999977 3.3999999999999986 -0.35424158817087875
v 7.3999999999999977 3.5999999999999988 -0.35617228543611179
v 7.3999999999999977 3.7999999999999989 -0.35810298270134483
v 7.5999999999999988 1.3999999999999999 -0.3873923583170954
v 7.5999999999999988 1.5999999999999994 -0.37350469270005793
v 7.5999999999999988 1.7999999999999992 -0.35469903729863772
v 7.5999999999999988 1.9999999999999989 -0.34255923484154976
v 7.5999999999999988 2.1999999999999993 -0.34130806390111273
v 7.5999999999999988 2.3999999999999995 -0.34323876116634577
v 7.5999999999999988 2.5999999999999992 -0.34516945843157881
v 7.5999999999999988 2.7999999999999989 -0.34710015569681185
v 7.5999999999999988 2.9999999999999991 -0.34903085296204489
v 7.5999999999999988 3.1999999999999993 -0.35096155022727793
v 7.5999999999999988 3.3999999999999986 -0.35289224749251097
v 7.5999999999999988 3.5999999999999988 -0.35482294475774406
v 7.5999999999999988 3.7999999999999989 -0.3567536420229771
v 7.799999999999998 1.3999999999999999 -0.39072566835451417
v 7.799999999999998 1.5999999999999994 -0.37601663111562622
v 7.799999999999998 1.7999999999999992 -0.35545723630538989
v 7.799999999999998 1.9999999999999989 -0.34169688983762375
v 7.799999999999998 2.1999999999999993 -0.33995872322274501
v 7.799999999999998 2.3999999999999995 -0.34188942048797805
v 7.799999999999998 2.5999999999999992 -0.34382011775321109
v 7.799999999999998 2.7999999999999989 -0.34575081501844412
v 7.799999999999998 2.9999999999999991 -0.34768151228367716
v 7.799999999999998 3.1999999999999993 -0.3496122095489102
v 7.799999999999998 3.3999999999999986 -0.35154290681414324
v 7.799999999999998 3.5999999999999988 -0.35347360407937628
v 7.799999999999998 3.7999999999999989 -0.35540430134460932
v 7.9999999999999973 1.5999999999999994 -0.37852856953119451
v 7.9999999999999973 1.7999999999999992 -0.35621543531214211
v 7.9999999999999973 1.9999999999999989 -0.34083454483369779
v 7.9999999999999973 2.1999999999999993 -0.33860938254437722
v 7.9999999999999973 2.3999999999999995 -0.34054007980961026
v 7.9999999999999973 2.5999999999999992 -0.3424707770748433
v 7.9999999999999973 2.7999999999999989 -0.34440147434007634
v 7.9999999999999973 2.9999999999999991 -0.34633217160530938
v 7.9999999999999973 3.1999999999999993 -0.34826286887054247
v 7.9999999999999973 3.3999999999999986 -0.35019356613577551
v 7.9999999999999973 3.5999999999999988 -0.35212426340100855
v 7.9999999999999973 3.7999999999999989 -0.35405496066624159
v 8 -1.0000000000000002 -0.46373939874487291
v 8 -1.1000000000000001 -0.46664274959291208
v 8.1999999999999975 -1.1000000000000001 -0.47148100063839676
v 8.1999999999999975 -1.0000000000000002 -0.46854219310392353
v 8.1999999999999975 -0.80000000000000027 -0.46266457803497713
v 8 -0.80000000000000027 -0.45793269704879458
v 8.1999999999999975 -0.60000000000000031 -0.45678696296603072
v 8.1999999999999975 -0.4000000000000003 -0.45090934789708437
v 8 -0.4000000000000003 -0.44631929365663792
v 8.1999999999999975 -0.20000000000000034 -0.44503173282813796
v 8 -0.20000000000000034 -0.44051259196055959
v 8.1999999999999975 -3.8857805861880479e-16 -0.43915411775919155
v 8 -3.8857805861880479e-16 -0.43470589026448125
v 8.1999999999999975 0.19999999999999957 -0.4332765026902452
v 8 0.19999999999999957 -0.42889918856840298
v 8.1999999999999975 0.39999999999999952 -0.42739888762129874
v 8.1999999999999975 0.59999999999999942 -0.42152127255235233
v 8 0.59999999999999942 -0.41728578517624637
v 8.1999999999999975 0.79999999999999938 -0.41564365748340593
v 8 0.79999999999999938 -0.41147908348016804
v 8.1999999999999975 0.99999999999999933 -0.40976604241445946
v 8 0.99999999999999933 -0.40567238178408971
v 8.1999999999999975 1.1999999999999991 -0.40388842734551311
v 8 1.1999999999999991 -0.39986568008801138
v 8.1999999999999975 1.3999999999999992 -0.39801081227656671
v 8.1999999999999975 1.5999999999999994 -0.38202348094015065
v 8.1999999999999975 1.7999999999999992 -0.3587963042305144
v 8.1999999999999975 1.9999999999999989 -0.3425401195917418
v 8.1999999999999975 2.1999999999999993 -0.33997355579686217
v 8.1999999999999975 2.3999999999999995 -0.34179888501282013
v 8.1999999999999975 2.5999999999999992 -0.34362421422877809
v 8.1999999999999975 2.7999999999999989 -0.34544954344473605
v 8.1999999999999975 2.9999999999999991 -0.34727487266069401
v 8.1999999999999975 3.1999999999999993 -0.34910020187665197
v 8.1999999999999975 3.3999999999999986 -0.35092553109260988
v 8.1999999999999975 3.5999999999999988 -0.35275086030856784
v 8.1999999999999975 3.7999999999999989 -0.35457618952452585
v 8.3999999999999968 -1.1000000000000001 -0.47647396979178369
v 8.3999999999999968 -1.0000000000000002 -0.47345061169735236
v 8.3999999999999968 -0.80000000000000027 -0.46740389550848982
v 8.3999999999999968 -0.60000000000000031 -0.46135717931962716
v 8.3999999999999968 -0.4000000000000003 -0.45531046313076451
v 8.3999999999999968 -0.20000000000000034 -0.44926374694190191
v 8.3999999999999968 -3.8857805861880479e-16 -0.44321703075303931
v 8.3999999999999968 0.19999999999999957 -0.43717031456417671
v 8.3999999999999968 0.39999999999999952 -0.43112359837531411
v 8.3999999999999968 0.59999999999999942 -0.42507688218645145
v 8.3999999999999968 0.79999999999999938 -0.41903016599758885
v 8.3999999999999968 0.99999999999999933 -0.41298344980872626
v 8.3999999999999968 1.1999999999999991 -0.40693673361986366
v 8.3999999999999968 1.3999999999999992 -0.40089001743100106
v 8.3999999999999968 1.5999999999999994 -0.38549457940723519
v 8.3999999999999968 1.7999999999999992 -0.36367794498102096
v 8.3999999999999968 1.9999999999999989 -0.34865203043427873
v 8.3999999999999968 2.1999999999999993 -0.34626831256110485
v 8.3999999999999968 2.3999999999999995 -0.34784237950571451
v 8.3999999999999968 2.5999999999999992 -0.34941644645032421
v 8.3999999999999968 2.7999999999999989 -0.35099051339493381
v 8.3999999999999968 2.9999999999999991 -0.35256458033954352
v 8.3999999999999968 3.1999999999999993 -0.35413864728415323
v 8.3999999999999968 3.3999999999999986 -0.35571271422876288
v 8.3999999999999968 3.5999999999999988 -0.35728678117337254
v 8.3999999999999968 3.7999999999999989 -0.35886084811798225
v 8.5999999999999979 -1.1000000000000001 -0.47891722185284091
v 8.5999999999999979 -1.0000000000000002 -0.47579294857394344
v 8.5999999999999979 -0.80000000000000027 -0.46954440201614867
v 8.5999999999999979 -0.60000000000000031 -0.46329585545835372
v 8.5999999999999979 -0.4000000000000003 -0.45704730890055895
v 8.5999999999999979 -0.20000000000000034 -0.45079876234276406
v 8.5999999999999979 -3.8857805861880479e-16 -0.44455021578496917
v 8.5999999999999979 0.19999999999999957 -0.43830166922717428
v 8.5999999999999979 0.39999999999999952 -0.43205312266937945
v 8.5999999999999979 0.59999999999999942 -0.42580457611158457
v 8.5999999999999979 0.79999999999999938 -0.41955602955378973
v 8.5999999999999979 0.99999999999999933 -0.41330748299599485
v 8.5999999999999979 1.1999999999999991 -0.40705893643819996
v 8.5999999999999979 1.3999999999999992 -0.40081038988040507
v 8.5999999999999979 1.5999999999999994 -0.38709028765225839
v 8.5999999999999979 1.7999999999999992 -0.36902589873310587
v 8.5999999999999979 1.9999999999999989 -0.35737995003118284
v 8.5999999999999979 2.1999999999999993 -0.35578892327667666
v 8.5999999999999979 2.3999999999999995 -0.35706309654258028
v 8.5999999999999979 2.5999999999999992 -0.35833726980848396
v 8.5999999999999979 2.7999999999999989 -0.35961144307438758
v 8.5999999999999979 2.9999999999999991 -0.36088561634029126
v 8.5999999999999979 3.1999999999999993 -0.36215978960619488
v 8.5999999999999979 3.3999999999999986 -0.36343396287209856
v 8.5999999999999979 3.5999999999999988 -0.36470813613800218
v 8.5999999999999979 3.7999999999999989 -0.3659823094039058
v 8.7999999999999972 -1.1000000000000001 -0.47821073583748697
v 8.7999999999999972 -1.0000000000000002 -0.47500191199863151
v 8.7999999999999972 -0.80000000000000027 -0.46858426432092043
v 8.7999999999999972 -0.60000000000000031 -0.46216661664320929
v 8.7999999999999972 -0.4000000000000003 -0.45574896896549827
v 8.7999999999999972 -0.20000000000000034 -0.44933132128778719
v 8.7999999999999972 -3.8857805861880479e-16 -0.44291367361007605
v 8.7999999999999972 0.19999999999999957 -0.43649602593236503
v 8.7999999999999972 0.39999999999999952 -0.43007837825465395
v 8.7999999999999972 0.59999999999999942 -0.42366073057694287
v 8.7999999999999972 0.79999999999999938 -0.41724308289923184
v 8.7999999999999972 0.99999999999999933 -0.41082543522152071
v 8.7999999999999972 1.1999999999999991 -0.40440778754380968
v 8.7999999999999972 1.3999999999999992 -0.3979901398660986
v 8.7999999999999972 1.5999999999999994 -0.38646977654540721
v 8.7999999999999972 1.7999999999999992 -0.37324889753101753
v 8.7999999999999972 1.9999999999999989 -0.36600545482438895
v 8.7999999999999972 2.1999999999999993 -0.36555057433580601
v 8.7999999999999972 2.3999999999999995 -0.36657348533036133
v 8.7999999999999972 2.5999999999999992 -0.3675963963249167
v 8.7999999999999972 2.7999999999999989 -0.36861930731947201
v 8.7999999999999972 2.9999999999999991 -0.36964221831402733
v 8.7999999999999972 3.1999999999999993 -0.37066512930858275
v 8.7999999999999972 3.3999999999999986 -0.37168804030313807
v 8.7999999999999972 3.5999999999999988 -0.37271095129769338
v 8.7999999999999972 3.7999999999999989 -0.37373386229224881
v 8.900100000000009 -1.0500000000000003 -0.47544563267392259
v 8.900100000000009 -1.1000000000000001 -0.4770630091220957
v 8.9999999999999964 -1.1000000000000001 -0.47585890497779104
v 8.8499000000000088 -1.1000000000000001 -0.47767318666270508
v 8.9000707106781274 -1.0499292893218817 -0.47544371451189071
v 8.8499000000000088 -1.0500000000000003 -0.47606141518314637
v 8.9999999999999964 -1.0000000000000002 -0.47261462445250146
v 8.8499292893218904 -1.0499292893218817 -0.47605879153961056
v 8.9000000000000092 -1.0499000000000003 -0.47544365827420132
v 8.8500000000000085 -1.0499000000000003 -0.47605701617816742
v 8.9999999999999964 -0.80000000000000027 -0.46612606340192231
v 8.9999999999999964 -0.60000000000000031 -0.45963750235134315
v 8.9999999999999964 -0.4000000000000003 -0.453148941300764
v 8.9999999999999964 -0.20000000000000034 -0.44666038025018484
v 8.9999999999999964 -3.8857805861880479e-16 -0.44017181919960563
v 8.9999999999999964 0.19999999999999957 -0.43368325814902647
v 8.9999999999999964 0.39999999999999952 -0.42719469709844732
v 8.9999999999999964 0.59999999999999942 -0.42070613604786816
v 8.9999999999999964 0.79999999999999938 -0.41421757499728895
v 8.9999999999999964 0.99999999999999933 -0.4077290139467098
v 8.9999999999999964 1.1999999999999991 -0.40124045289613064
v 8.9999999999999964 1.3999999999999992 -0.39475189184555148
v 8.9999999999999964 1.5999999999999994 -0.3848029651072446
v 8.9999999999999964 1.7999999999999992 -0.37499886429380858
v 8.9999999999999964 1.9999999999999989 -0.37088202502789291
v 8.9999999999999964 2.1999999999999993 -0.37128836808337873
v 8.9999999999999964 2.3999999999999995 -0.37220591102865896
v 8.9999999999999964 2.5999999999999992 -0.37312345397393926
v 8.9999999999999964 2.7999999999999989 -0.37404099691921949
v 8.9999999999999964 2.9999999999999991 -0.37495853986449978
v 8.9999999999999964 3.1999999999999993 -0.37587608280978002
v 8.9999999999999964 3.3999999999999986 -0.37679362575506026
v 8.9999999999999964 3.5999999999999988 -0.37771116870034055
v 8.9999999999999964 3.7999999999999989 -0.37862871164562079
v 9.1999999999999975 -1.1000000000000001 -0.47371196966065138
v 9.1999999999999975 -1.0000000000000002 -0.4704676891353618
v 9.1999999999999975 -0.80000000000000027 -0.46397912808478259
v 9.1999999999999975 -0.60000000000000031 -0.45749056703420343
v 9.1999999999999975 -0.4000000000000003 -0.45100200598362428
v 9.1999999999999975 -0.20000000000000034 -0.44451344493304512
v 9.1999999999999975 -3.8857805861880479e-16 -0.43802488388246597
v 9.1999999999999975 0.19999999999999957 -0.43153632283188681
v 9.1999999999999975 0.39999999999999952 -0.42504776178130765
v 9.1999999999999975 0.59999999999999942 -0.41855920073072844
v 9.1999999999999975 0.79999999999999938 -0.41207063968014929
v 9.1999999999999975 0.99999999999999933 -0.40558207862957013
v 9.1999999999999975 1.1999999999999991 -0.39909351757899098
v 9.1999999999999975 1.3999999999999992 -0.39260495652841176
v 9.1999999999999975 1.5999999999999994 -0.3833806635478747
v 9.1999999999999975 1.7999999999999992 -0.3751237537307579
v 9.1999999999999975 1.9999999999999989 -0.3724365972842259
v 9.1999999999999975 2.1999999999999993 -0.37327257961163268
v 9.1999999999999975 2.3999999999999995 -0.37419012255691292
v 9.1999999999999975 2.5999999999999992 -0.37510766550219321
v 9.1999999999999975 2.7999999999999989 -0.37602520844747345
v 9.1999999999999975 2.9999999999999991 -0.37694275139275368
v 9.1999999999999975 3.1999999999999993 -0.37786029433803398
v 9.1999999999999975 3.3999999999999986 -0.37877783728331421
v 9.1999999999999975 3.5999999999999988 -0.3796953802285945
v 9.1999999999999975 3.7999999999999989 -0.38061292317387474
v 9.3999292893218911 -1.0499292893218817 -0.46994135908436802
v 9.3999999999999968 -1.0499000000000054 -0.46993964980034175
v 9.3999999999999968 -1.0000000000000002 -0.46832075381822214
v 9.3999000000000095 -1.1000000000000001 -0.47156610781117014
v 9.3999000000000095 -1.0500000000000003 -0.46994396754852535
v 9.3999999999999968 -0.80000000000000027 -0.46183219276764298
v 9.3999999999999968 -0.60000000000000031 -0.45534363171706377
v 9.3999999999999968 -0.4000000000000003 -0.44885507066648461
v 9.3999999999999968 -0.20000000000000034 -0.44236650961590546
v 9.3999999999999968 -3.8857805861880479e-16 -0.4358779485653263
v 9.3999999999999968 0.19999999999999957 -0.42938938751474709
v 9.3999999999999968 0.39999999999999952 -0.42290082646416793
v 9.3999999999999968 0.59999999999999942 -0.41641226541358878
v 9.3999999999999968 0.79999999999999938 -0.40992370436300962
v 9.3999999999999968 0.99999999999999933 -0.40343514331243047
v 9.3999999999999968 1.1999999999999991 -0.39694658226185131
v 9.3999999999999968 1.3999999999999992 -0.39045802121127215
v 9.3999999999999968 1.5999999999999994 -0.3819583619885048
v 9.3999999999999968 1.7999999999999992 -0.37524864316770723
v 9.3999999999999968 1.9999999999999989 -0.37399116954055889
v 9.3999999999999968 2.1999999999999993 -0.37525679113988658
v 9.3999999999999968 2.3999999999999995 -0.37617433408516687
v 9.3999999999999968 2.5999999999999992 -0.37709187703044711
v 9.3999999999999968 2.7999999999999989 -0.37800941997572735
v 9.3999999999999968 2.9999999999999991 -0.37892696292100764
v 9.3999999999999968 3.1999999999999993 -0.37984450586628787
v 9.3999999999999968 3.3999999999999986 -0.38076204881156817
v 9.3999999999999968 3.5999999999999988 -0.3816795917568484
v 9.3999999999999968 3.7999999999999989 -0.38259713470212864
v 9.4501000000000097 -1.0500000000000003 -0.46940508678392329
v 9.4501000000000097 -1.1000000000000001 -0.47102722704656808
v 9.5999999999999979 -1.1000000000000001 -0.46941809902637199
v 9.5999999999999979 -1.0000000000000002 -0.46617381850108242
v 9.4500707106781281 -1.0499292893218817 -0.46940310714256162
v 9.4500000000000099 -1.0499000000000003 -0.46940291597105654
v 9.5999999999999979 -0.80000000000000027 -0.45968525745050326
v 9.5999999999999979 -0.60000000000000031 -0.4531966963999241
v 9.5999999999999979 -0.4000000000000003 -0.44670813534934495
v 9.5999999999999979 -0.20000000000000034 -0.44021957429876579
v 9.5999999999999979 -3.8857805861880479e-16 -0.43373101324818658
v 9.5999999999999979 0.19999999999999957 -0.42724245219760743
v 9.5999999999999979 0.39999999999999952 -0.42075389114702827
v 9.5999999999999979 0.59999999999999942 -0.41426533009644911
v 9.5999999999999979 0.79999999999999938 -0.4077767690458699
v 9.5999999999999979 0.99999999999999933 -0.40128820799529075
v 9.5999999999999979 1.1999999999999991 -0.39479964694471159
v 9.5999999999999979 1.3999999999999992 -0.38831108589413244
v 9.5999999999999979 1.5999999999999994 -0.3805360604291349
v 9.5999999999999979 1.7999999999999992 -0.37537353260465667
v 9.5999999999999979 1.9999999999999989 -0.37554574179689193
v 9.5999999999999979 2.1999999999999993 -0.37724100266814053
v 9.5999999999999979 2.3999999999999995 -0.37815854561342077
v 9.5999999999999979 2.5999999999999992 -0.37907608855870106
v 9.5999999999999979 2.7999999999999989 -0.3799936315039813
v 9.5999999999999979 2.9999999999999991 -0.38091117444926159
v 9.5999999999999979 3.1999999999999993 -0.38182871739454183
v 9.5999999999999979 3.3999999999999986 -0.38274626033982206
v 9.5999999999999979 3.5999999999999988 -0.38366380328510236
v 9.5999999999999979 3.7999999999999989 -0.38458134623038259
v 9.7999999999999972 -1.1000000000000001 -0.46727116370923233
v 9.7999999999999972 -1.0000000000000002 -0.46402688318394275
v 9.7999999999999972 -0.80000000000000027 -0.4575383221333636
v 9.7999999999999972 -0.60000000000000031 -0.45104976108278438
v 9.7999999999999972 -0.4000000000000003 -0.44456120003220523
v 9.7999999999999972 -0.20000000000000034 -0.43807263898162607
v 9.7999999999999972 -3.8857805861880479e-16 -0.43158407793104692
v 9.7999999999999972 0.19999999999999957 -0.42509551688046776
v 9.7999999999999972 0.39999999999999952 -0.41860695582988861
v 9.7999999999999972 0.59999999999999942 -0.41211839477930945
v 9.7999999999999972 0.79999999999999938 -0.40562983372873029
v 9.7999999999999972 0.99999999999999933 -0.39914127267815108
v 9.7999999999999972 1.1999999999999991 -0.39265271162757193
v 9.7999999999999972 1.3999999999999992 -0.38616415057699277
v 9.7999999999999972 1.5999999999999994 -0.37911375886976495
v 9.7999999999999972 1.7999999999999992 -0.37549842204160599
v 9.7999999999999972 1.9999999999999989 -0.37710031405322486
v 9.7999999999999972 2.1999999999999993 -0.37922521419639443
v 9.7999999999999972 2.3999999999999995 -0.38014275714167473
v 9.7999999999999972 2.5999999999999992 -0.38106030008695502
v 9.7999999999999972 2.7999999999999989 -0.38197784303223525
v 9.7999999999999972 2.9999999999999991 -0.38289538597751549
v 9.7999999999999972 3.1999999999999993 -0.38381292892279573
v 9.7999999999999972 3.3999999999999986 -0.38473047186807602
v 9.7999999999999972 3.5999999999999988 -0.38564801481335625
v 9.7999999999999972 3.7999999999999989 -0.38656555775863655
v 9.9999999999999964 -1.1000000000000001 -0.46512422839209266
v 9.9999999999999964 -1.0000000000000002 -0.46187994786680309
v 9.9999999999999964 -0.80000000000000027 -0.45539138681622393
v 9.9999999999999964 -0.60000000000000031 -0.44890282576564472
v 9.9999999999999964 -0.4000000000000003 -0.44241426471506556
v 9.9999999999999964 -0.20000000000000034 -0.43592570366448641
v 9.9999999999999964 -3.8857805861880479e-16 -0.42943714261390725
v 9.9999999999999964 0.19999999999999957 -0.42294858156332804
v 9.9999999999999964 0.39999999999999952 -0.41646002051274889
v 9.9999999999999964 0.59999999999999942 -0.40997145946216973
v 9.9999999999999964 0.79999999999999938 -0.40348289841159057
v 9.9999999999999964 0.99999999999999933 -0.39699433736101142
v 9.9999999999999964 1.1999999999999991 -0.39050577631043226
v 9.9999999999999964 1.3999999999999992 -0.38401721525985311
v 9.9999999999999964 1.5999999999999994 -0.37769145731039511
v 9.9999999999999964 1.7999999999999992 -0.37562331147855532
v 9.9999999999999964 1.9999999999999989 -0.37865488630955785
v 9.9999999999999964 2.1999999999999993 -0.38120942572464839
v 9.9999999999999964 2.3999999999999995 -0.38212696866992868
v 9.9999999999999964 2.5999999999999992 -0.38304451161520892
v 9.9999999999999964 2.7999999999999989 -0.38396205456048915
v 9.9999999999999964 2.9999999999999991 -0.38487959750576944
v 9.9999999999999964 3.1999999999999993 -0.38579714045104968
v 9.9999999999999964 3.3999999999999986 -0.38671468339632997
v 9.9999999999999964 3.5999999999999988 -0.38763222634161021
v 9.9999999999999964 3.7999999999999989 -0.38854976928689045
v 10.199999999999998 -1.1000000000000001 -0.46297729307495294
v 10.199999999999998 -1.0000000000000002 -0.45973301254966337
v 10.199999999999998 -0.80000000000000027 -0.45324445149908421
v 10.199999999999998 -0.60000000000000031 -0.44675589044850506
v 10.199999999999998 -0.4000000000000003 -0.4402673293979259
v 10.199999999999998 -0.20000000000000034 -0.43377876834734674
v 10.199999999999998 -3.8857805861880479e-16 -0.42729020729676759
v 10.199999999999998 0.19999999999999957 -0.42080164624618838
v 10.199999999999998 0.39999999999999952 -0.41431308519560922
v 10.199999999999998 0.59999999999999942 -0.40782452414503007
v 10.199999999999998 0.79999999999999938 -0.40133596309445091
v 10.199999999999998 0.99999999999999933 -0.3948474020438717
v 10.199999999999998 1.1999999999999991 -0.38835884099329254
v 10.199999999999998 1.3999999999999992 -0.38187027994271339
v 10.199999999999998 1.5999999999999994 -0.37626915575102521
v 10.199999999999998 1.7999999999999992 -0.37574820091550476
v 10.199999999999998 1.9999999999999989 -0.38020945856589083
v 10.199999999999998 2.1999999999999993 -0.38319363725290234
v 10.199999999999998 2.3999999999999995 -0.38411118019818258
v 10.199999999999998 2.5999999999999992 -0.38502872314346287
v 10.199999999999998 2.7999999999999989 -0.38594626608874311
v 10.199999999999998 2.9999999999999991 -0.3868638090340234
v 10.199999999999998 3.1999999999999993 -0.38778135197930363
v 10.199999999999998 3.3999999999999986 -0.38869889492458387
v 10.199999999999998 3.5999999999999988 -0.38961643786986411
v 10.199999999999998 3.7999999999999989 -0.3905339808151444
v 10.399999999999997 -1.1000000000000001 -0.46083035775781328
v 10.399999999999997 -1.0000000000000002 -0.4575860772325237
v 10.399999999999997 -0.80000000000000027 -0.45109751618194455
v 10.399999999999997 -0.60000000000000031 -0.44460895513136539
v 10.399999999999997 -0.4000000000000003 -0.43812039408078618
v 10.399999999999997 -0.20000000000000034 -0.43163183303020702
v 10.399999999999997 -3.8857805861880479e-16 -0.42514327197962787
v 10.399999999999997 0.19999999999999957 -0.41865471092904871
v 10.399999999999997 0.39999999999999952 -0.41216614987846956
v 10.399999999999997 0.59999999999999942 -0.4056775888278904
v 10.399999999999997 0.79999999999999938 -0.39918902777731124
v 10.399999999999997 0.99999999999999933 -0.39270046672673209
v 10.399999999999997 1.1999999999999991 -0.38621190567615293
v 10.399999999999997 1.3999999999999992 -0.37972334462557372
v 10.399999999999997 1.5999999999999994 -0.37484685419165525
v 10.399999999999997 1.7999999999999992 -0.37587309035245409
v 10.399999999999997 1.9999999999999989 -0.38176403082222388
v 10.399999999999997 2.1999999999999993 -0.38517784878115624
v 10.399999999999997 2.3999999999999995 -0.38609539172643653
v 10.399999999999997 2.5999999999999992 -0.38701293467171677
v 10.399999999999997 2.7999999999999989 -0.38793047761699706
v 10.399999999999997 2.9999999999999991 -0.3888480205622773
v 10.399999999999997 3.1999999999999993 -0.38976556350755753
v 10.399999999999997 3.3999999999999986 -0.39068310645283783
v 10.399999999999997 3.5999999999999988 -0.39160064939811806
v 10.399999999999997 3.7999999999999989 -0.39251819234339835
v 10.5 -1.1000000000000001 -0.45975689009924342
v 10.599999999999996 -1.0259495556791423 -0.45628101829668161
v 10.599999999999996 -1.0000000000000002 -0.45543914191538404
v 10.599999999999996 -0.80000000000000027 -0.44895058086480488
v 10.599999999999996 -0.60000000000000031 -0.44246201981422573
v 10.599999999999996 -0.4000000000000003 -0.43597345876364652
v 10.599999999999996 -0.20000000000000034 -0.42948489771306736
v 10.599999999999996 -3.8857805861880479e-16 -0.4229963366624882
v 10.599999999999996 0.19999999999999957 -0.41650777561190905
v 10.599999999999996 0.39999999999999952 -0.41001921456132984
v 10.599999999999996 0.59999999999999942 -0.40353065351075068
v 10.599999999999996 0.79999999999999938 -0.39704209246017153
v 10.599999999999996 0.99999999999999933 -0.39055353140959237
v 10.599999999999996 1.1999999999999991 -0.38406497035901321
v 10.599999999999996 1.3999999999999992 -0.37757640930843406
v 10.599999999999996 1.5999999999999994 -0.37342455263228547
v 10.599999999999996 1.7999999999999992 -0.37599797978940352
v 10.599999999999996 1.9999999999999989 -0.38331860307855681
v 10.599999999999996 2.1999999999999993 -0.38716206030941019
v 10.599999999999996 2.3999999999999995 -0.38807960325469043
v 10.599999999999996 2.5999999999999992 -0.38899714619997072
v 10.599999999999996 2.7999999999999989 -0.38991468914525096
v 10.599999999999996 2.9999999999999991 -0.3908322320905312
v 10.599999999999996 3.1999999999999993 -0.39174977503581149
v 10.599999999999996 3.3999999999999986 -0.39266731798109172
v 10.599999999999996 3.5999999999999988 -0.39358486092637202
v 10.599999999999996 3.76286288415114 -0.39433202937837636
v 10.500000000000002 3.7999999999999989 -0.39351029810752536
v 10.635043078967493 -1.0000000000000002 -0.45506296579610084
v 10.799999999999997 -0.87784866703742026 -0.4493292746915577
v 10.799999999999997 -0.80000000000000027 -0.44680364554766516
v 10.799999999999997 -0.60000000000000031 -0.44031508449708601
v 10.799999999999997 -0.4000000000000003 -0.43382652344650685
v 10.799999999999997 -0.20000000000000034 -0.4273379623959277
v 10.799999999999997 -3.8857805861880479e-16 -0.42084940134534854
v 10.799999999999997 0.19999999999999957 -0.41436084029476933
v 10.799999999999997 0.39999999999999952 -0.40787227924419017
v 10.799999999999997 0.59999999999999942 -0.40138371819361102
v 10.799999999999997 0.79999999999999938 -0.39489515714303186
v 10.799999999999997 0.99999999999999933 -0.38840659609245265
v 10.799999999999997 1.1999999999999991 -0.38191803504187349
v 10.799999999999997 1.3999999999999992 -0.37542947399129434
v 10.799999999999997 1.5999999999999994 -0.37200225107291551
v 10.799999999999997 1.7999999999999992 -0.37612286922635285
v 10.799999999999997 1.9999999999999989 -0.38487317533488979
v 10.799999999999997 2.1999999999999993 -0.38914627183766415
v 10.799999999999997 2.3999999999999995 -0.39006381478294438
v 10.799999999999997 2.5999999999999992 -0.39098135772822462
v 10.799999999999997 2.7999999999999989 -0.39189890067350491
v 10.799999999999997 2.9999999999999991 -0.39281644361878515
v 10.799999999999997 3.1999999999999993 -0.39373398656406544
v 10.799999999999997 3.3999999999999986 -0.39465152950934568
v 10.799999999999997 3.5999999999999988 -0.39556907245462591
v 10.799999999999997 3.6885886524534173 -0.39597549192007853
v 10.905129236902482 -0.80000000000000027 -0.44567511718981573
v 10.999999999999996 -0.72974777839569949 -0.44237753108643391
v 10.999999999999996 -0.60000000000000031 -0.43816814917994634
v 10.999999999999996 -0.4000000000000003 -0.43167958812936719
v 10.999999999999996 -0.20000000000000034 -0.42519102707878803
v 10.999999999999996 -3.8857805861880479e-16 -0.41870246602820882
v 10.999999999999996 0.19999999999999957 -0.41221390497762966
v 10.999999999999996 0.39999999999999952 -0.40572534392705051
v 10.999999999999996 0.59999999999999942 -0.39923678287647135
v 10.999999999999996 0.79999999999999938 -0.3927482218258922
v 10.999999999999996 0.99999999999999933 -0.38625966077531304
v 10.999999999999996 1.1999999999999991 -0.37977109972473388
v 10.999999999999996 1.3999999999999992 -0.37328253867415473
v 10.999999999999996 1.5999999999999994 -0.37057994951354561
v 10.999999999999996 1.7999999999999992 -0.37624775866330218
v 10.999999999999996 1.9999999999999989 -0.38642774759122278
v 10.999999999999996 2.1999999999999993 -0.39113048336591805
v 10.999999999999996 2.3999999999999995 -0.39204802631119828
v 10.999999999999996 2.5999999999999992 -0.39296556925647858
v 10.999999999999996 2.7999999999999989 -0.39388311220175881
v 10.999999999999996 2.9999999999999991 -0.3948006551470391
v 10.999999999999996 3.1999999999999993 -0.39571819809231934
v 10.999999999999996 3.3999999999999986 -0.39663574103759958
v 10.999999999999996 3.5999999999999988 -0.39755328398287987
v 10.999999999999996 3.614314420755695 -0.39761895446178064
v 11.175215394837469 -0.60000000000000031 -0.43628726858353062
v 11.199999999999996 -0.58164688975397871 -0.43542578748131006
v 11.199999999999996 -0.4000000000000003 -0.42953265281222752
v 11.199999999999996 -0.20000000000000034 -0.42304409176164837
v 11.199999999999996 -3.8857805861880479e-16 -0.41655553071106916
v 11.199999999999996 0.19999999999999957 -0.41006696966049
v 11.199999999999996 0.39999999999999952 -0.40357840860991084
v 11.199999999999996 0.59999999999999942 -0.39708984755933163
v 11.199999999999996 0.79999999999999938 -0.39060128650875248
v 11.199999999999996 0.99999999999999933 -0.38411272545817332
v 11.199999999999996 1.1999999999999991 -0.37762416440759417
v 11.199999999999996 1.3999999999999992 -0.37113560335701501
v 11.199999999999996 1.5999999999999994 -0.36915764795417572
v 11.199999999999996 1.7999999999999992 -0.37637264810025156
v 11.199999999999996 1.9999999999999989 -0.38798231984755582
v 11.199999999999996 2.1999999999999993 -0.39311469489417195
v 11.199999999999996 2.3999999999999995 -0.39403223783945224
v 11.199999999999996 2.5999999999999992 -0.39494978078473253
v 11.199999999999996 2.7999999999999989 -0.39586732373001277
v 11.199999999999996 2.9999999999999991 -0.396784866675293
v 11.199999999999996 3.1999999999999993 -0.39770240962057324
v 11.199999999999996 3.3999999999999986 -0.39861995256585353
v 11.199999999999996 3.5400401890579727 -0.39926241700348281
v 11.038544783105804 3.5999999999999988 -0.39793568899784282
v 11.399999999999997 -0.43354600111225661 -0.42847404387618615
v 11.399999999999997 -0.4000000000000003 -0.4273857174950878
v 11.399999999999997 -0.20000000000000034 -0.42089715644450865
v 11.399999999999997 -3.8857805861880479e-16 -0.41440859539392949
v 11.399999999999997 0.19999999999999957 -0.40792003434335034
v 11.399999999999997 0.39999999999999952 -0.40143147329277118
v 11.399999999999997 0.59999999999999942 -0.39494291224219197
v 11.399999999999997 0.79999999999999938 -0.38845435119161281
v 11.399999999999997 0.99999999999999933 -0.38196579014103366
v 11.399999999999997 1.1999999999999991 -0.3754772290904545
v 11.399999999999997 1.3999999999999992 -0.36898866803987529
v 11.399999999999997 1.5999999999999994 -0.36773534639480576
v 11.399999999999997 1.7999999999999992 -0.37649753753720089
v 11.399999999999997 1.9999999999999989 -0.38953689210388881
v 11.399999999999997 2.1999999999999993 -0.3950989064224259
v 11.399999999999997 2.3999999999999995 -0.39601644936770619
v 11.399999999999997 2.5999999999999992 -0.39693399231298643
v 11.399999999999997 2.7999999999999989 -0.39785153525826666
v 11.399999999999997 2.9999999999999991 -0.39876907820354696
v 11.399999999999997 3.1999999999999993 -0.39968662114882725
v 11.399999999999997 3.3999999999999986 -0.40060416409410748
v 11.399999999999997 3.4657659573602499 -0.40090587954518497
v 11.445301552772458 -0.4000000000000003 -0.42689941997724551
v 11.599999999999996 -0.28544511247053583 -0.42152230027106236
v 11.599999999999996 -0.20000000000000034 -0.41875022112736898
v 11.599999999999996 -3.8857805861880479e-16 -0.41226166007678983
v 11.599999999999996 0.19999999999999957 -0.40577309902621062
v 11.599999999999996 0.39999999999999952 -0.39928453797563146
v 11.599999999999996 0.59999999999999942 -0.3927959769250523
v 11.599999999999996 0.79999999999999938 -0.38630741587447315
v 11.599999999999996 0.99999999999999933 -0.37981885482389399
v 11.599999999999996 1.1999999999999991 -0.37333029377331484
v 11.599999999999996 1.3999999999999992 -0.36684173272273568
v 11.599999999999996 1.5999999999999994 -0.36631304483543592
v 11.599999999999996 1.7999999999999992 -0.37662242697415027
v 11.599999999999996 1.9999999999999989 -0.3910914643602218
v 11.599999999999996 2.1999999999999993 -0.39708311795067985
v 11.599999999999996 2.3999999999999995 -0.39800066089596009
v 11.599999999999996 2.5999999999999992 -0.39891820384124033
v 11.599999999999996 2.7999999999999989 -0.39983574678652062
v 11.599999999999996 2.9999999999999991 -0.40075328973180091
v 11.599999999999996 3.1999999999999993 -0.40167083267708115
v 11.599999999999996 3.3914917256625277 -0.40254934208688709
v 11.577089566211606 3.3999999999999986 -0.40236107988816028
v 11.715387710707445 -0.20000000000000034 -0.4175115713709604
v 11.799999999999997 -0.13734422382881376 -0.41457055666593845
v 11.799999999999997 -3.8857805861880479e-16 -0.41011472475965011
v 11.799999999999997 0.19999999999999957 -0.40362616370907095
v 11.799999999999997 0.39999999999999952 -0.3971376026584918
v 11.799999999999997 0.59999999999999942 -0.39064904160791258
v 11.799999999999997 0.79999999999999938 -0.38416048055733343
v 11.799999999999997 0.99999999999999933 -0.37767191950675427
v 11.799999999999997 1.1999999999999991 -0.37118335845617512
v 11.799999999999997 1.3999999999999992 -0.36469479740559596
v 11.799999999999997 1.5999999999999994 -0.36489074327606602
v 11.799999999999997 1.7999999999999992 -0.37674731641109965
v 11.799999999999997 1.9999999999999989 -0.39264603661655473
v 11.799999999999997 2.1999999999999993 -0.39906732947893375
v 11.799999999999997 2.3999999999999995 -0.39998487242421404
v 11.799999999999997 2.5999999999999992 -0.40090241536949434
v 11.799999999999997 2.7999999999999989 -0.40181995831477457
v 11.799999999999997 2.9999999999999991 -0.40273750126005481
v 11.799999999999997 3.1999999999999993 -0.40365504420533505
v 11.799999999999997 3.3172174939648049 -0.40419280462858931
v 11.985473868642433 -3.8857805861880479e-16 -0.40812372276467523
v 11.999999999999996 0.010756664812907001 -0.4076188130608146
v 11.999999999999996 0.19999999999999957 -0.40147922839193129
v 11.999999999999996 0.39999999999999952 -0.39499066734135213
v 11.999999999999996 0.59999999999999942 -0.38850210629077297
v 11.999999999999996 0.79999999999999938 -0.38201354524019382
v 11.999999999999996 0.99999999999999933 -0.37552498418961466
v 11.999999999999996 1.1999999999999991 -0.36903642313903551
v 11.999999999999996 1.3999999999999992 -0.3625478620884563
v 11.999999999999996 1.5999999999999994 -0.36346844171669612
v 11.999999999999996 1.7999999999999992 -0.37687220584804904
v 11.999999999999996 1.9999999999999989 -0.39420060887288771
v 11.999999999999996 2.1999999999999993 -0.40089631312764723
v 11.999999999999996 2.3999999999999995 -0.39963015730494406
v 11.999999999999996 2.5999999999999992 -0.39563762373162437
v 11.999999999999996 2.7999999999999989 -0.38890825629420622
v 11.999999999999996 2.9999999999999991 -0.40472171278830871
v 11.999999999999996 3.1999999999999993 -0.405639255733589
v 11.999999999999996 3.2429432622670826 -0.40583626717029142
v 12.199999999999996 0.15885755345462776 -0.40066706945569075
v 12.199999999999996 0.19999999999999957 -0.39933229307479157
v 12.199999999999996 0.39999999999999952 -0.39284373202421241
v 12.199999999999996 0.59999999999999942 -0.38635517097363326
v 12.199999999999996 0.79999999999999938 -0.3798666099230541
v 12.199999999999996 0.99999999999999933 -0.37337804887247494
v 12.199999999999996 1.1999999999999991 -0.36688948782189579
v 12.199999999999996 1.3999999999999992 -0.36040092677131663
v 12.199999999999996 1.5999999999999994 -0.36204614015732622
v 12.199999999999996 1.7999999999999992 -0.3767179303732342
v 12.199999999999996 1.9999999999999989 -0.39267270596557707
v 12.199999999999996 2.1999999999999993 -0.3941448347190038
v 12.199999999999996 2.3999999999999995 -0.38732060727455275
v 12.199999999999996 2.5999999999999992 -0.37827527854448828
v 12.199999999999996 2.7999999999999989 -0.3674320510931679
v 12.199999999999996 2.9999999999999991 -0.40670592431656266
v 12.199999999999996 3.1686690305693608 -0.40747972971199353
v 12.115634349317407 3.1999999999999993 -0.40678647077847774
v 12.255560026577422 0.19999999999999957 -0.39873587415839012
v 12.399999999999997 0.30695844209634987 -0.3937153258505669
v 12.399999999999997 0.39999999999999952 -0.39069679670707275
v 12.399999999999997 0.59999999999999942 -0.38420823565649354
v 12.399999999999997 0.79999999999999938 -0.37771967460591438
v 12.399999999999997 0.99999999999999933 -0.37123111355533522
v 12.399999999999997 1.1999999999999991 -0.36476142497925301
v 12.399999999999997 1.3999999999999992 -0.3586555315683817
v 12.399999999999997 1.5999999999999994 -0.36096636916260427
v 12.399999999999997 1.7999999999999992 -0.37298030225650758
v 12.399999999999997 1.9999999999999989 -0.38203002875791009
v 12.399999999999997 2.1999999999999993 -0.37775696960499816
v 12.399999999999997 2.3999999999999995 -0.36759651543139449
v 12.399999999999997 2.5999999999999992 -0.3565607331351377
v 12.399999999999997 2.7999999999999989 -0.34550648395842509
v 12.399999999999997 2.9999999999999991 -0.33550383931837569
v 12.399999999999997 3.0943947988716376 -0.40912319225369576
v 12.525646184512409 0.39999999999999952 -0.38934802555210501
v 12.599999999999996 0.45505933073807064 -0.38676358224544305
v 12.599999999999996 0.59999999999999942 -0.38206130033935393
v 12.599999999999996 0.79999999999999938 -0.37563442555753052
v 12.599999999999996 0.99999999999999933 -0.36953141228884301
v 12.599999999999996 1.1999999999999991 -0.3639447792357991
v 12.599999999999996 1.3999999999999992 -0.35898580637075483
v 12.599999999999996 1.5999999999999994 -0.36022469692688774
v 12.599999999999996 1.7999999999999992 -0.36593949134795822
v 12.599999999999996 1.9999999999999989 -0.36660798101710734
v 12.599999999999996 2.1999999999999993 -0.35878561591801511
v 12.599999999999996 2.3999999999999995 -0.34901463934274513
v 12.599999999999996 2.5999999999999992 -0.34055460450573993
v 12.599999999999996 2.7791481144209089 -0.33514273453927657
v 12.591576229060177 2.7999999999999989 -0.33475254579551761
v 12.51077997772963 2.9999999999999991 -0.33101006656236664
v 12.485468888039671 3.0626541189056105 -0.32983765786798847
v 12.795732342447398 0.59999999999999942 -0.37996017694581985
v 12.799999999999997 0.60316021937979269 -0.3798118386403192
v 12.799999999999997 0.79999999999999938 -0.37438519717819391
v 12.799999999999997 0.99999999999999933 -0.36914677397568069
v 12.799999999999997 1.1999999999999991 -0.36450694167949721
v 12.799999999999997 1.3999999999999992 -0.36042798967202183
v 12.799999999999997 1.5999999999999994 -0.35928844871679838
v 12.799999999999997 1.7999999999999992 -0.35816894373147495
v 12.799999999999997 1.9999999999999989 -0.35318736181806698
v 12.799999999999997 2.1999999999999993 -0.34657879058162089
v 12.799999999999997 2.2840756408681973 -0.34440672679515516
v 12.753168731721269 2.3999999999999995 -0.34223750426181959
v 12.672372480390722 2.5999999999999992 -0.33849502502866857
v 12.999999999999996 0.75126110802151347 -0.37286009503519535
v 12.999999999999996 0.79999999999999938 -0.37127886865449539
v 12.999999999999996 0.99999999999999933 -0.36935409933467961
v 12.999999999999996 1.1999999999999991 -0.36529820135912167
v 12.999999999999996 1.3999999999999992 -0.3614810342989529
v 12.999999999999996 1.5999999999999994 -0.35788109090206349
v 12.999999999999996 1.7890031673154898 -0.35367071905103364
v 12.995557485712908 1.7999999999999992 -0.35346494196127259
v 12.914761234382363 1.9999999999999989 -0.34972246272812157
v 12.833964983051816 2.1999999999999993 -0.34597998349497061
v 13.065818500382385 0.79999999999999938 -0.3705723283395348
v 13.199999999999996 0.89936199666323424 -0.3659083514300715
v 13.199999999999996 0.99999999999999933 -0.36918040044117029
v 13.199999999999996 1.1999999999999991 -0.36499423412799914
v 13.199999999999996 1.2939306937627826 -0.36293471130691213
v 13.157149988374002 1.3999999999999992 -0.36094990042757458
v 13.076353737043455 1.5999999999999994 -0.35720742119442361
v 13.32269435281129 0.99021771007660186 -0.36861790897833147
v 13.318742491035094 0.99999999999999933 -0.36843485889387662
v 13.237946239704549 1.1999999999999991 -0.36469237966072554
v 25.600000000000001 22 4.6311274317723905
v 25.470809795105652 22 4.6310954161517408
v 25.600000000000001 21.960342671976473 4.6314028982259137
v 25.541104926825575 22.199999999999999 4.6297236029774655
v 25.412133029278564 22.018011920885701 4.6309557611858159
v 25.600000000000001 22.199999999999999 4.6297381982195933
v 25.600000000000001 22.283104935572517 4.629160937395091
v 25.800000000000001 21.898948964835967 4.63187891275724
v 25.800000000000001 22 4.6311769953142656
v 25.800000000000001 22.199999999999999 4.6297877617614676
v 25.800000000000001 22.399999999999999 4.6283985282086704
v 25.68284157042849 22.399999999999999 4.6283694942750202
v 25.800000000000001 22.565318476003618 4.627250198339862
v 26 21.837555257695463 4.6323549272885653
v 26 22 4.6312265588561399
v 26 22.199999999999999 4.6298373253033427
v 26 22.399999999999999 4.6284480917505446
v 26 22.599999999999998 4.6270588581977465
v 25.824578214031405 22.599999999999998 4.627015385572574
v 26 22.799999999999997 4.6256696246449494
v 25.96631485763432 22.799999999999997 4.6256612768701277
v 26 22.84753201643472 4.6253394592846329
v 26.199999999999999 21.800000000000001 4.6326653559508122
v 26.122342368443437 21.800000000000001 4.632646111014445
v 26.199999999999999 21.776161550554956 4.6328309418198907
v 26.199999999999999 22 4.631276122398015
v 26.199999999999999 22.199999999999999 4.6298868888452169
v 26.199999999999999 22.399999999999999 4.6284976552924189
v 26.199999999999999 22.599999999999998 4.6271084217396217
v 26.199999999999999 22.799999999999997 4.6257191881868236
v 26.199999999999999 22.999999999999996 4.6243299546340255
v 26.108051501237235 22.999999999999996 4.6243071681676824
v 26.199999999999999 23.129745556865821 4.6234287202294038
v 26.399999999999999 21.71476784341445 4.633306956351217
v 26.399999999999999 21.800000000000001 4.6327149194926864
v 26.399999999999999 22 4.6313256859398892
v 26.399999999999999 22.199999999999999 4.6299364523870912
v 26.399999999999999 22.399999999999999 4.628547218834294
v 26.399999999999999 22.599999999999998 4.6271579852814959
v 26.399999999999999 22.799999999999997 4.6257687517286978
v 26.399999999999999 22.999999999999996 4.6243795181759006
v 26.399999999999999 23.199999999999996 4.6229902846231026
v 26.249788144840149 23.199999999999996 4.6229530594652362
v 26.399999999999999 23.399999999999995 4.6216010510703054
v 26.391524788443061 23.399999999999995 4.6215989507627908
v 26.399999999999999 23.411959097296922 4.6215179811741747
v 26.599999999999998 21.653374136273946 4.6337829708825424
v 26.599999999999998 21.800000000000001 4.6327644830345616
v 26.599999999999998 22 4.6313752494817635
v 26.599999999999998 22.199999999999999 4.6299860159289663
v 26.599999999999998 22.399999999999999 4.6285967823761682
v 26.599999999999998 22.599999999999998 4.6272075488233702
v 26.599999999999998 22.799999999999997 4.625818315270573
v 26.599999999999998 22.999999999999996 4.6244290817177749
v 26.599999999999998 23.199999999999996 4.6230398481649777
v 26.599999999999998 23.399999999999995 4.6216506146121796
v 26.599999999999998 23.599999999999994 4.6202613810593816
v 26.533261432045975 23.599999999999994 4.6202448420603446
v 26.599999999999998 23.694172637728023 4.6196072421189456
v 26.799999999999997 21.600000000000001 4.6342032801292339
v 26.773874941781219 21.600000000000001 4.6341968058771483
v 26.799999999999997 21.591980429133439 4.6342589854138678
v 26.799999999999997 21.800000000000001 4.6328140465764358
v 26.799999999999997 22 4.6314248130236386
v 26.799999999999997 22.199999999999999 4.6300355794708405
v 26.799999999999997 22.399999999999999 4.6286463459180425
v 26.799999999999997 22.599999999999998 4.6272571123652453
v 26.799999999999997 22.799999999999997 4.6258678788124472
v 26.799999999999997 22.999999999999996 4.62447864525965
v 26.799999999999997 23.199999999999996 4.6230894117068519
v 26.799999999999997 23.399999999999995 4.6217001781540539
v 26.799999999999997 23.599999999999994 4.6203109446012567
v 26.799999999999997 23.799999999999994 4.6189217110484586
v 26.67499807564889 23.799999999999994 4.6188907333578983
v 26.799999999999997 23.976386178159128 4.6176965030637165
v 26.999999999999996 21.530586721992936 4.6347349999451941
v 26.999999999999996 21.600000000000001 4.6342528436711081
v 26.999999999999996 21.800000000000001 4.6328636101183109
v 26.999999999999996 22 4.6314743765655129
v 26.999999999999996 22.199999999999999 4.6300851430127148
v 26.999999999999996 22.399999999999999 4.6286959094599176
v 26.999999999999996 22.599999999999998 4.6273066759071195
v 26.999999999999996 22.799999999999997 4.6259174423543215
v 26.999999999999996 22.999999999999996 4.6245282088015243
v 26.999999999999996 23.199999999999996 4.6231389752487262
v 26.999999999999996 23.399999999999995 4.621749741695929
v 26.999999999999996 23.599999999999994 4.6203605081431309
v 26.999999999999996 23.799999999999994 4.6189712745903329
v 26.999999999999996 23.999999999999993 4.6175820410375357
v 26.816734719251805 23.999999999999993 4.617536624655453
v 26.999999999999996 24.199999999999992 4.6161928074847376
v 26.95847136285472 24.199999999999992 4.6161825159530068
v 26.999999999999996 24.258599718590229 4.6157857640084874
v 27.199999999999996 21.469193014852429 4.6352110144765195
v 27.199999999999996 21.600000000000001 4.6343024072129833
v 27.199999999999996 21.800000000000001 4.6329131736601852
v 27.199999999999996 22 4.6315239401073871
v 27.199999999999996 22.199999999999999 4.6301347065545899
v 27.199999999999996 22.399999999999999 4.6287454730017918
v 27.199999999999996 22.599999999999998 4.6273562394489938
v 27.199999999999996 22.799999999999997 4.6259670058961966
v 27.199999999999996 22.999999999999996 4.6245777723433985
v 27.199999999999996 23.199999999999996 4.6231885387906013
v 27.199999999999996 23.399999999999995 4.6217993052378032
v 27.199999999999996 23.599999999999994 4.6204100716850052
v 27.199999999999996 23.799999999999994 4.619020838132208
v 27.199999999999996 23.999999999999993 4.6176316045794099
v 27.199999999999996 24.199999999999992 4.6162423710266127
v 27.199999999999996 24.399999999999991 4.6148531374738146
v 27.100208006457635 24.399999999999991 4.6148284072505614
v 27.199999999999996 24.540813259021331 4.6138750249532583
v 27.399999999999995 21.407799307711926 4.6356870290078449
v 27.399999999999995 21.600000000000001 4.6343519707548575
v 27.399999999999995 21.800000000000001 4.6329627372020594
v 27.399999999999995 22 4.6315735036492622
v 27.399999999999995 22.199999999999999 4.6301842700964642
v 27.399999999999995 22.399999999999999 4.6287950365436661
v 27.399999999999995 22.599999999999998 4.6274058029908689
v 27.399999999999995 22.799999999999997 4.6260165694380708
v 27.399999999999995 22.999999999999996 4.6246273358852736
v 27.399999999999995 23.199999999999996 4.6232381023324756
v 27.399999999999995 23.399999999999995 4.6218488687796775
v 27.399999999999995 23.599999999999994 4.6204596352268803
v 27.399999999999995 23.799999999999994 4.6190704016740822
v 27.399999999999995 23.999999999999993 4.617681168121285
v 27.399999999999995 24.199999999999992 4.616291934568487
v 27.399999999999995 24.399999999999991 4.6149027010156889
v 27.399999999999995 24.599999999999991 4.6135134674628917
v 27.24194465006055 24.599999999999991 4.6134742985481152
v 27.399999999999995 24.79999999999999 4.6121242339100936
v 27.383681293663464 24.79999999999999 4.6121201898456698
v 27.399999999999995 24.823026799452432 4.6119642858980292
v 27.599999999999994 21.400000000000002 4.6357907678495298
v 27.425407515119005 21.400000000000002 4.6357475007398525
v 27.599999999999994 21.346405600571419 4.6361630435391712
v 27.599999999999994 21.600000000000001 4.6344015342967317
v 27.599999999999994 21.800000000000001 4.6330123007439346
v 27.599999999999994 22 4.6316230671911365
v 27.599999999999994 22.199999999999999 4.6302338336383384
v 27.599999999999994 22.399999999999999 4.6288446000855412
v 27.599999999999994 22.599999999999998 4.6274553665327431
v 27.599999999999994 22.799999999999997 4.626066132979946
v 27.599999999999994 22.999999999999996 4.6246768994271479
v 27.599999999999994 23.199999999999996 4.6232876658743498
v 27.599999999999994 23.399999999999995 4.6218984323215526
v 27.599999999999994 23.599999999999994 4.6205091987687545
v 27.599999999999994 23.799999999999994 4.6191199652159565
v 27.599999999999994 23.999999999999993 4.6177307316631593
v 27.599999999999994 24.199999999999992 4.6163414981103612
v 27.599999999999994 24.399999999999991 4.614952264557564
v 27.599999999999994 24.599999999999991 4.6135630310047659
v 27.599999999999994 24.79999999999999 4.6121737974519679
v 27.599999999999994 24.999999999999989 4.6107845638991707
v 27.525417937266376 24.999999999999989 4.6107660811432236
v 27.599999999999994 25.105240339883533 4.6100535468428001
v 27.616092441433729 21.341465727388627 4.636201344719006
v 27.6575746981121 21.400000000000002 4.6358050358793337
v 27.799311341715015 21.600000000000001 4.6344509271768874
v 27.799999999999994 21.600971743463756 4.6344443479454833
v 27.799999999999994 21.800000000000001 4.6330618642858088
v 27.799999999999994 22 4.6316726307330107
v 27.799999999999994 22.199999999999999 4.6302833971802135
v 27.799999999999994 22.399999999999999 4.6288941636274155
v 27.799999999999994 22.599999999999998 4.6275049300746183
v 27.799999999999994 22.799999999999997 4.6261156965218202
v 27.799999999999994 22.999999999999996 4.6247264629690221
v 27.799999999999994 23.199999999999996 4.6233372294162249
v 27.799999999999994 23.399999999999995 4.6219479958634269
v 27.799999999999994 23.599999999999994 4.6205587623106288
v 27.799999999999994 23.799999999999994 4.6191695287578316
v 27.799999999999994 23.999999999999993 4.6177802952050335
v 27.799999999999994 24.199999999999992 4.6163910616522363
v 27.799999999999994 24.399999999999991 4.6150018280994383
v 27.799999999999994 24.599999999999991 4.6136125945466402
v 27.799999999999994 24.79999999999999 4.612223360993843
v 27.799999999999994 24.999999999999989 4.6108341274410449
v 27.799999999999994 25.199999999999989 4.6094448938882477
v 27.66715458086929 25.199999999999989 4.6094119724407774
v 27.799999999999994 25.387453880314634 4.608142807787571
v 27.94104798531793 21.800000000000001 4.6330968184744421
v 27.999999999999993 21.883185283894857 4.6325336088902542
v 27.999999999999993 22 4.6317221942748859
v 27.999999999999993 22.199999999999999 4.6303329607220878
v 27.999999999999993 22.399999999999999 4.6289437271692906
v 27.999999999999993 22.599999999999998 4.6275544936164925
v 27.999999999999993 22.799999999999997 4.6261652600636944
v 27.999999999999993 22.999999999999996 4.6247760265108973
v 27.999999999999993 23.199999999999996 4.6233867929580992
v 27.999999999999993 23.399999999999995 4.6219975594053011
v 27.999999999999993 23.599999999999994 4.6206083258525039
v 27.999999999999993 23.799999999999994 4.6192190922997058
v 27.999999999999993 23.999999999999993 4.6178298587469087
v 27.999999999999993 24.199999999999992 4.6164406251941106
v 27.999999999999993 24.399999999999991 4.6150513916413125
v 27.999999999999993 24.599999999999991 4.6136621580885153
v 27.999999999999993 24.79999999999999 4.6122729245357172
v 27.999999999999993 24.999999999999989 4.6108836909829201
v 27.999999999999993 25.199999999999989 4.609494457430122
v 27.999999999999993 25.399999999999988 4.6081052238773239
v 27.808891224472205 25.399999999999988 4.608057863738332
v 27.999999999999993 25.599999999999987 4.6067159903245267
v 27.95062786807512 25.599999999999987 4.6067037550358858
v 27.999999999999993 25.669667420745736 4.6062320687323419
v 28.082784628920844 22 4.6317427097719959
v 28.199999999999992 22.165398824325958 4.630622869835026
v 28.199999999999992 22.199999999999999 4.6303825242639629
v 28.199999999999992 22.399999999999999 4.6289932907111648
v 28.199999999999992 22.599999999999998 4.6276040571583668
v 28.199999999999992 22.799999999999997 4.6262148236055696
v 28.199999999999992 22.999999999999996 4.6248255900527715
v 28.199999999999992 23.199999999999996 4.6234363564999734
v 28.199999999999992 23.399999999999995 4.6220471229471762
v 28.199999999999992 23.599999999999994 4.6206578893943782
v 28.199999999999992 23.799999999999994 4.619268655841581
v 28.199999999999992 23.999999999999993 4.6178794222887829
v 28.199999999999992 24.199999999999992 4.6164901887359848
v 28.199999999999992 24.399999999999991 4.6151009551831876
v 28.199999999999992 24.599999999999991 4.6137117216303896
v 28.199999999999992 24.79999999999999 4.6123224880775915
v 28.199999999999992 24.999999999999989 4.6109332545247943
v 28.199999999999992 25.199999999999989 4.6095440209719962
v 28.199999999999992 25.399999999999988 4.608154787419199
v 28.199999999999992 25.599999999999987 4.606765553866401
v 28.199999999999992 25.799999999999986 4.6053763203136029
v 28.092364511678035 25.799999999999986 4.6053496463334405
v 28.199999999999992 25.951880961176837 4.6043213296771128
v 28.224521272523759 22.199999999999999 4.6303886010695505
v 28.366257916126674 22.399999999999999 4.6290344923671043
v 28.399999999999991 22.44761236475706 4.6287121307797969
v 28.399999999999991 22.599999999999998 4.6276536207002419
v 28.399999999999991 22.799999999999997 4.6262643871474438
v 28.399999999999991 22.999999999999996 4.6248751535946457
v 28.399999999999991 23.199999999999996 4.6234859200418486
v 28.399999999999991 23.399999999999995 4.6220966864890505
v 28.399999999999991 23.599999999999994 4.6207074529362533
v 28.399999999999991 23.799999999999994 4.6193182193834552
v 28.399999999999991 23.999999999999993 4.6179289858306571
v 28.399999999999991 24.199999999999992 4.61653975227786
v 28.399999999999991 24.399999999999991 4.6151505187250619
v 28.399999999999991 24.599999999999991 4.6137612851722638
v 28.399999999999991 24.79999999999999 4.6123720516194666
v 28.399999999999991 24.999999999999989 4.6109828180666685
v 28.399999999999991 25.199999999999989 4.6095935845138714
v 28.399999999999991 25.399999999999988 4.6082043509610733
v 28.399999999999991 25.599999999999987 4.6068151174082752
v 28.399999999999991 25.799999999999986 4.605425883855478
v 28.399999999999991 25.94926701017663 4.6043890501611617
v 28.234729022936342 25.999999999999986 4.6039956932277182
v 28.23410115528095 25.999999999999986 4.6039955376309942
v 28.234213338953531 26.000158298757075 4.603994465862371
v 28.507994559729585 22.599999999999998 4.6276803836646581
v 28.599999999999991 22.729825905188164 4.6268013917245678
v 28.599999999999991 22.799999999999997 4.6263139506893181
v 28.599999999999991 22.999999999999996 4.6249247171365209
v 28.599999999999991 23.199999999999996 4.6235354835837228
v 28.599999999999991 23.399999999999995 4.6221462500309256
v 28.599999999999991 23.599999999999994 4.6207570164781275
v 28.599999999999991 23.799999999999994 4.6193677829253295
v 28.599999999999991 23.999999999999993 4.6179785493725323
v 28.599999999999991 24.199999999999992 4.6165893158197342
v 28.599999999999991 24.399999999999991 4.6152000822669361
v 28.599999999999991 24.599999999999991 4.6138108487141389
v 28.599999999999991 24.79999999999999 4.6124216151613409
v 28.599999999999991 24.999999999999989 4.6110323816085437
v 28.599999999999991 25.199999999999989 4.6096431480557456
v 28.599999999999991 25.399999999999988 4.6082539145029475
v 28.599999999999991 25.599999999999987 4.6068646809501503
v 28.599999999999991 25.799999999999986 4.6054754473973523
v 28.599999999999991 25.887873303036127 4.6048650646924871
v 28.6497312033325 22.799999999999997 4.6263262749622127
v 28.791467846935415 22.999999999999996 4.6249721662597665
v 28.79999999999999 23.012039445619266 4.6248906526693387
v 28.79999999999999 23.199999999999996 4.6235850471255979
v 28.79999999999999 23.399999999999995 4.6221958135727998
v 28.79999999999999 23.599999999999994 4.6208065800200018
v 28.79999999999999 23.799999999999994 4.6194173464672046
v 28.79999999999999 23.999999999999993 4.6180281129144065
v 28.79999999999999 24.199999999999992 4.6166388793616084
v 28.79999999999999 24.399999999999991 4.6152496458088113
v 28.79999999999999 24.599999999999991 4.6138604122560132
v 28.79999999999999 24.79999999999999 4.612471178703216
v 28.79999999999999 24.999999999999989 4.6110819451504179
v 28.79999999999999 25.199999999999989 4.6096927115976198
v 28.79999999999999 25.399999999999988 4.6083034780448227
v 28.79999999999999 25.599999999999987 4.6069142444920246
v 28.79999999999999 25.799999999999986 4.6055250109392265
v 28.79999999999999 25.82647959589562 4.6053410792238134
v 28.93320449053833 23.199999999999996 4.6236180575573211
v 28.962133029278615 23.341565727388652 4.6226418872694541
v 28.999999999999989 23.341565727388652 4.6226512713753998
v 28.999999999999989 23.399999999999995 4.6222453771146741
v 28.997953848240368 23.291365727388655 4.6229994619245094
v 28.962062318600495 23.341536438066772 4.6226420731946396
v 28.962133029278615 23.291365727388655 4.6229905848912063
v 28.962062318600495 23.291395016710535 4.6229903639193051
v 28.962033029278615 23.341465727388652 4.6226425571044594
v 28.962033029278615 23.291465727388655 4.6229898654926593
v 28.962033029278615 23.591465727388655 4.6209060151634622
v 28.962033029278615 23.599999999999994 4.6208467346741608
v 28.999999999999989 23.541365727388659 4.6212634270561548
v 28.962133029278615 23.541365727388659 4.6212540429502091
v 28.962033029278615 23.541465727388658 4.6212533235516622
v 28.962062318600495 23.541395016710538 4.6212538219783079
v 28.962133029278615 23.641565727388656 4.6205580369402579
v 28.999999999999989 23.641565727388656 4.6205674210462027
v 28.999999999999989 23.799999999999994 4.6194669100090788
v 28.962033029278615 23.641465727388656 4.6205587067752631
v 28.962062318600495 23.641536438066776 4.6205582228654425
v 28.999999999999989 23.999999999999993 4.6180776764562808
v 28.999999999999989 24.199999999999992 4.6166884429034836
v 28.999999999999989 24.399999999999991 4.6152992093506855
v 28.999999999999989 24.599999999999991 4.6139099757978883
v 28.999999999999989 24.79999999999999 4.6125207422450902
v 28.999999999999989 24.999999999999989 4.6111315086922922
v 28.999999999999989 25.199999999999989 4.609742275139495
v 28.999999999999989 25.399999999999988 4.6083530415866969
v 28.999999999999989 25.599999999999987 4.6069638080338988
v 28.999999999999989 25.765085888755117 4.6058170937551388
v 28.886261596274128 25.799999999999986 4.6055463880904224
v 29.012033029278616 23.391465727388653 4.6223076396017291
v 29.012033029278616 23.399999999999995 4.6222483591124268
v 29.012033029278616 23.341565727388652 4.6226542533731516
v 29.062233029278612 23.391465727388656 4.6223200800507396
v 29.062233029278612 23.382068003672728 4.6223853582162695
v 29.074941134141245 23.399999999999995 4.6222639488548749
v 29.062233029278612 23.399999999999995 4.6222607995614373
v 29.033388009141095 23.341365727388656 4.6226609347488976
v 29.012233029278612 23.341365727388656 4.6226556921702464
v 29.012233029278612 23.311514618564953 4.622863042980077
v 29.012033029278616 23.491465727388654 4.62161302282533
v 29.012033029278616 23.541365727388659 4.6212664090539066
v 29.012033029278616 23.441465727388653 4.6219603312135291
v 29.175124652744014 23.541365727388659 4.6213068260464523
v 29.162233029278614 23.541365727388659 4.6213036312738547
v 29.162233029278614 23.523174773888282 4.6214299886886554
v 29.139690491843282 23.491365727388658 4.6216453532220632
v 29.112233029278613 23.491365727388658 4.6216385487765859
v 29.112233029278613 23.452621388780507 4.6219076734524629
v 29.104256330942555 23.441365727388657 4.6219838803976749
v 29.062233029278612 23.441365727388657 4.6219734662793162
v 29.112033029278617 23.791465727388658 4.6195539542670705
v 29.112033029278617 23.799999999999994 4.6194946737777691
v 29.012033029278616 23.641565727388656 4.6205704030439554
v 29.012133029278615 23.691565727388657 4.6202231194375267
v 29.062033029278616 23.691565727388657 4.6202354855412242
v 29.062033029278616 23.741465727388658 4.6198888717698017
v 29.062133029278616 23.741565727388657 4.6198882019347964
v 29.112033029278617 23.741565727388657 4.6199005680384939
v 29.012033029278616 23.691465727388657 4.620223789272532
v 29.012062318600496 23.691536438066777 4.6202233053627122
v 29.062062318600496 23.741536438066777 4.619888387859981
v 29.162033029278618 23.991465727388661 4.6181771115997412
v 29.162033029278618 23.999999999999993 4.6181178311104398
v 29.112133029278617 23.841565727388659 4.6192059760438662
v 29.162033029278618 23.841565727388659 4.6192183421475637
v 29.162033029278618 23.89146572738866 4.6188717283761402
v 29.162033029278618 23.94146572738866 4.6185244199879412
v 29.112033029278617 23.841465727388659 4.6192066458788714
v 29.112062318600497 23.841536438066779 4.6192061619690508
v 29.162133029278618 24.041565727388662 4.6178291333765369
v 29.199999999999989 24.041565727388662 4.6178385174824816
v 29.199999999999989 24.199999999999992 4.6167380064453578
v 29.162033029278618 24.041465727388662 4.6178298032115421
v 29.162062318600498 24.041536438066782 4.6178293193017215
v 29.199999999999989 24.399999999999991 4.6153487728925597
v 29.199999999999989 24.599999999999991 4.6139595393397626
v 29.199999999999989 24.79999999999999 4.6125703057869645
v 29.199999999999989 24.999999999999989 4.6111810722341673
v 29.199999999999989 25.199999999999989 4.6097918386813692
v 29.199999999999989 25.399999999999988 4.6084026051285711
v 29.199999999999989 25.599999999999987 4.607013371575774
v 29.199999999999989 25.70369218161461 4.6062931082864642
v 29.21667777774416 23.599999999999994 4.6209098401524287
v 29.212233029278615 23.599999999999994 4.6209087386650456
v 29.212233029278615 23.593728158996061 4.6209523039248479
v 29.312233029278616 23.741465727388661 4.6199508757606864
v 29.312233029278616 23.734834929211612 4.6199969343972338
v 29.35229545724766 23.791365727388662 4.6196141901683951
v 29.312233029278616 23.791365727388662 4.6196042619892639
v 29.281427135446201 23.691365727388661 4.6202912445196178
v 29.262233029278615 23.691365727388661 4.6202864878801941
v 29.262233029278615 23.664281544103837 4.6204746191610404
v 29.245992974545473 23.64136572738866 4.6206297716952296
v 29.212233029278615 23.64136572738866 4.6206214053829244
v 29.387729618148388 23.841365727388663 4.6192756629927834
v 29.362233029278617 23.841365727388663 4.6192693444865327
v 29.362233029278617 23.805388314319391 4.6195192496334263
v 29.362233029278617 23.999999999999993 4.6181674442158558
v 29.362233029278617 23.991565727388661 4.6182260300883815
v 29.399999999999988 23.991565727388661 4.6182353894125558
v 29.399999999999988 23.999999999999993 4.6181768035400301
v 29.31203302927862 24.191465727388664 4.6168250507033495
v 29.31203302927862 24.199999999999992 4.6167657702140481
v 29.212133029278615 24.041565727388662 4.6178415242620057
v 29.262033029278619 24.041565727388662 4.6178538903657032
v 29.262033029278619 24.091465727388663 4.6175072765942797
v 29.262133029278619 24.091565727388662 4.6175066067592745
v 29.31203302927862 24.091565727388662 4.617518972862972
v 29.31203302927862 24.141465727388663 4.6171723590915494
v 29.262062318600499 24.091536438066782 4.61750679268446
v 29.362133029278617 24.091365727388666 4.6175327777637643
v 29.312233029278616 24.091365727388666 4.6175204116600668
v 29.312233029278616 24.041565727388662 4.6178663308147136
v 29.362233029278617 24.041465727388662 4.617879416316959
v 29.399999999999988 24.141365727388667 4.6171948534815099
v 29.362233029278617 24.141365727388667 4.6171854941573365
v 29.362203739956737 24.091395016710546 4.6175325918385797
v 29.362203739956737 24.041536438066782 4.6178789178903132
v 29.362233029278617 24.091465727388666 4.617532107928759
v 29.362133029278617 24.041565727388662 4.6178786969184111
v 29.36213302927862 24.291565727388665 4.616142154977414
v 29.399999999999988 24.291565727388665 4.6161515390833587
v 29.399999999999988 24.391365727388671 4.6154583115405128
v 29.362033029278621 24.39146572738867 4.6154482080360202
v 29.362033029278621 24.399999999999991 4.6153889275467188
v 29.31213302927862 24.241565727388664 4.6164770724801452
v 29.362033029278621 24.241565727388664 4.6164894385838426
v 29.362033029278621 24.291465727388665 4.6161428248124192
v 29.362062318600501 24.291536438066785 4.6161423409025995
v 29.362062318600501 24.39139501671055 4.6154487064626659
v 29.31203302927862 24.241465727388665 4.6164777423151504
v 29.3120623186005 24.241536438066785 4.6164772584053297
v 29.36213302927862 24.391365727388671 4.615448927434568
v 29.36213302927862 24.441565727388667 4.6151002298128159
v 29.399999999999988 24.441565727388667 4.6151096139187606
v 29.399999999999988 24.599999999999991 4.6140091028816368
v 29.362033029278621 24.441465727388668 4.6151008996478211
v 29.362062318600501 24.441536438066787 4.6151004157380013
v 29.399999999999988 24.79999999999999 4.6126198693288396
v 29.399999999999988 24.999999999999989 4.6112306357760415
v 29.399999999999988 25.199999999999989 4.6098414022232435
v 29.399999999999988 25.399999999999988 4.6084521686704463
v 29.399999999999988 25.599999999999987 4.6070629351176482
v 29.399999999999988 25.642298474474103 4.6067691228177905
v 29.494032100850575 23.991365727388665 4.6182600814659489
v 29.462233029278618 23.991365727388665 4.6182522010928713
v 29.462233029278618 23.946495084534945 4.6185638801058113
v 29.423163779049119 23.891365727388663 4.6189371358171716
v 29.412233029278617 23.891365727388663 4.6189344269838015
v 29.412233029278617 23.875941699427166 4.6190415648696188
v 29.412033029278621 23.991565727388661 4.6182383714103086
v 29.412033029278621 23.999999999999993 4.6181797855377829
v 29.56223302927862 24.091465727388666 4.6175816714706333
v 29.56223302927862 24.087601854750496 4.6176085105781972
v 29.599999999999987 24.140893607343671 4.6172476964484224
v 29.599999999999987 24.141365727388667 4.6172444170233851
v 29.56223302927862 24.141365727388667 4.6172350576992107
v 29.529466261751306 24.041365727388666 4.6179215542903371
v 29.512233029278619 24.041365727388666 4.617917283590141
v 29.512233029278619 24.01704846964272 4.6180861953420047
v 29.412133029278621 24.141365727388667 4.617197860261034
v 29.412033029278621 24.041465727388662 4.6178917576388852
v 29.412133029278621 24.041565727388662 4.6178910878038799
v 29.462033029278622 24.041565727388662 4.6179034539075774
v 29.462033029278622 24.091465727388663 4.6175568401361549
v 29.462033029278622 24.141365727388667 4.6172102263647314
v 29.412062318600501 24.041536438066782 4.6178912737290654
v 29.512033029278623 24.391465727388667 4.6154853806924265
v 29.512033029278623 24.399999999999991 4.6154261002031243
v 29.412233029278617 24.399999999999991 4.6154013679957293
v 29.412133029278618 24.391365727388671 4.6154613183200368
v 29.412033029278621 24.291565727388665 4.6161545210811115
v 29.412033029278621 24.341465727388666 4.6158079073096889
v 29.462133029278618 24.341565727388666 4.6158196283601516
v 29.512033029278623 24.341565727388666 4.61583199446385
v 29.412233029278617 24.39146572738867 4.6154606484850316
v 29.412203739956738 24.39139501671055 4.6154611323948513
v 29.412133029278621 24.341565727388666 4.6158072374746837
v 29.412062318600501 24.341536438066786 4.6158074233998683
v 29.562033029278624 24.59146572738867 4.6141085380250972
v 29.562033029278624 24.599999999999991 4.6140492575357959
v 29.412133029278618 24.441565727388667 4.6151126206982847
v 29.412233029278617 24.441465727388668 4.6151133400968316
v 29.512133029278623 24.491565727388668 4.6147900940810223
v 29.562033029278624 24.491565727388668 4.6148024601847197
v 29.562033029278624 24.541465727388672 4.6144558464132972
v 29.412203739956738 24.441536438066787 4.6151128416701859
v 29.512062318600503 24.491536438066788 4.6147902800062077
v 29.512033029278623 24.441465727388668 4.6151380723042275
v 29.512033029278623 24.491465727388668 4.6147907639160275
v 29.562133029278623 24.691565727388671 4.613413251413693
v 29.599999999999987 24.691565727388671 4.6134226355196386
v 29.599999999999987 24.79999999999999 4.6126694328707138
v 29.562033029278624 24.64146572738867 4.6137612296368982
v 29.562062318600503 24.691536438066791 4.6134134373388784
v 29.562033029278624 24.691465727388671 4.6134139212486982
v 29.599999999999987 24.999999999999989 4.6112801993179158
v 29.599999999999987 25.199999999999989 4.6098909657651186
v 29.599999999999987 25.399999999999988 4.6085017322123205
v 29.599999999999987 25.5809047673336 4.6072451373491159
v 29.53779416961191 25.599999999999987 4.6070970829531266
v 29.635768744453493 24.191365727388668 4.6169059727635027
v 29.61223302927862 24.191365727388668 4.6169001401964795
v 29.61223302927862 24.158155239858274 4.6171308258143897
v 29.600334583552765 24.141365727388667 4.6172444999391145
v 29.777505388056412 24.391365727388671 4.6155518640610573
v 29.762233029278622 24.391365727388671 4.6155480793000878
v 29.762233029278622 24.369815395181604 4.6156977715229681
v 29.74207122715568 24.34136572738867 4.6158903912366682
v 29.712233029278622 24.34136572738867 4.615882996802819
v 29.712233029278622 24.299262010073825 4.6161754562867756
v 29.671202905354221 24.241365727388668 4.6165674455878918
v 29.662233029278621 24.241365727388668 4.6165652226937492
v 29.662233029278621 24.22870862496605 4.6166531410505822
v 29.612133029278624 24.791565727388672 4.6127310255227627
v 29.662033029278625 24.791565727388672 4.6127433916264602
v 29.662033029278625 24.79999999999999 4.6126848057539354
v 29.612033029278624 24.691565727388671 4.6134256175173904
v 29.612033029278624 24.741465727388672 4.6130790037459679
v 29.612062318600504 24.791536438066792 4.6127312114479482
v 29.612033029278624 24.791465727388672 4.6127316953577679
v 29.612133029278624 24.991565727388675 4.6113417919699655
v 29.662033029278625 24.991565727388675 4.611354158073663
v 29.662033029278625 24.999999999999989 4.6112955722011373
v 29.662033029278625 24.841465727388673 4.6123967778550377
v 29.662033029278625 24.891365727388678 4.6120501640836142
v 29.612133029278624 24.891365727388678 4.6120377979799168
v 29.612062318600504 24.991536438066795 4.6113419778951501
v 29.612062318600504 24.891395016710558 4.6120375770080146
v 29.612033029278624 24.991465727388675 4.6113424618049708
v 29.612033029278624 24.891465727388677 4.6120370785813698
v 29.612033029278624 24.941465727388675 4.6116897701931698
v 29.762133029278626 25.091565727388677 4.6106843478499719
v 29.799999999999986 25.091565727388677 4.6106937319559176
v 29.799999999999986 25.199999999999989 4.6099405293069928
v 29.662033029278625 25.041465727388676 4.6110075443022396
v 29.712133029278622 25.041565727388676 4.6110192653527031
v 29.762033029278626 25.041565727388676 4.6110316314564006
v 29.762033029278626 25.091465727388677 4.6106850176849772
v 29.762062318600506 25.091536438066797 4.6106845337751574
v 29.662062318600505 25.041536438066796 4.6110070603924198
v 29.662133029278625 25.041565727388676 4.6110068744672343
v 29.799999999999986 25.399999999999988 4.6085512957541948
v 29.799999999999986 25.519511060193093 4.6077211518804422
v 29.912233029278624 24.591465727388673 4.6141953237869195
v 29.912233029278624 24.581475550504933 4.6142647172315465
v 29.92536099575873 24.599999999999991 4.6141392966402002
v 29.912233029278624 24.599999999999991 4.6141360432976182
v 29.883807870758599 24.541365727388673 4.6145362825342229
v 29.862233029278624 24.541365727388673 4.6145309359064273
v 29.862233029278624 24.510922165397158 4.6147424019953531
v 29.812233029278623 24.441465727388671 4.615212467180581
v 29.812233029278623 24.440368780289379 4.6152200867591606
v 29.848373709857867 24.491365727388672 4.6148748097098338
v 29.812233029278623 24.491365727388672 4.6148658534091576
v 29.990110353460786 24.691365727388675 4.6135207010073884
v 29.962233029278625 24.691365727388675 4.6135137925127658
v 29.962233029278625 24.652028935612709 4.613787032467739
v 29.954676192560058 24.641365727388674 4.6138592281829993
v 29.912233029278624 24.641365727388674 4.613848710015497
v 29.962133029278625 25.041565727388676 4.6110812197800461
v 29.999999999999986 25.041565727388676 4.6110906038859909
v 29.999999999999986 25.199999999999989 4.6099900928488671
v 29.862233029278624 25.091465727388677 4.6107098490194565
v 29.862233029278624 25.041565727388676 4.6110564627908799
v 29.912133029278625 25.041565727388676 4.6110688288945774
v 29.812133029278623 25.091565727388677 4.6106967387354407
v 29.862203739956744 25.091536438066797 4.6107093505928116
v 29.862133029278624 25.091565727388677 4.6107091296209095
v 29.999999999999986 25.399999999999988 4.6086008592960699
v 29.999999999999986 25.458117353052589 4.6081971664117676
v 30.067097639361645 24.79999999999999 4.6127851879377539
v 30.062233029278627 24.79999999999999 4.6127839824012264
v 30.062233029278627 24.793135705828263 4.612831662940124
v 30.025544514361513 24.741365727388676 4.6131821738317766
v 30.012233029278626 24.741365727388676 4.6131788750100355
v 30.012233029278626 24.722582320720488 4.6133093477039315
v 30.112133029278628 24.991565727388675 4.6114657008246516
v 30.162033029278632 24.991565727388675 4.6114780669283491
v 30.162033029278632 24.999999999999989 4.6114194810558242
v 30.012233029278626 24.999999999999989 4.6113823579629596
v 30.012233029278626 24.991565727388675 4.6114409438354853
v 30.062133029278627 24.991565727388675 4.6114533099391828
v 30.162233029278628 24.941465727388678 4.6118261194968673
v 30.162233029278628 24.934242476043817 4.6118762934125099
v 30.199999999999985 24.987534228636978 4.6115154792827351
v 30.199999999999985 24.991365727388679 4.6114888650496182
v 30.162233029278628 24.991365727388679 4.6114795057254439
v 30.131846997063704 24.891365727388678 4.6121665923049422
v 30.112233029278627 24.891365727388678 4.6121617316163741
v 30.112233029278627 24.863689090936038 4.6123539781763174
v 30.096412836162973 24.841365727388677 4.612505119480554
v 30.062233029278627 24.841365727388677 4.6124966491191053
v 30.162133029278632 25.191565727388678 4.6100888581573223
v 30.199999999999985 25.191565727388678 4.610098242263267
v 30.199999999999985 25.199999999999989 4.6100396563907422
v 30.012133029278626 25.041565727388676 4.6110936106655149
v 30.012233029278626 25.041465727388676 4.6110943300640619
v 30.012203739956746 25.041536438066796 4.6110938316374162
v 30.162062318600512 25.191536438066798 4.6100890440825077
v 30.162033029278632 25.191465727388678 4.6100895279923275
v 30.162033029278632 25.041465727388676 4.6111314531569265
v 30.162033029278632 25.141465727388677 4.6104368363805275
v 30.162033029278632 25.091465727388677 4.6107841447687266
v 30.199999999999985 25.396723645912083 4.608673180943093
v 30.189326742949692 25.399999999999988 4.6086477778158308
v 30.20271531886516 24.991365727388679 4.6114895379537195
v 30.212033029278633 25.191565727388678 4.6101012242610198
v 30.212033029278633 25.199999999999989 4.6100426383884949
v 30.344451962468078 25.191365727388682 4.6101354292512733
v 30.31223302927863 25.191365727388682 4.6101274448290521
v 30.31223302927863 25.145902631367147 4.6104432391210883
v 30.273583640666619 25.091365727388681 4.610812483602496
v 30.262233029278629 25.091365727388681 4.6108096707199824
v 30.262233029278629 25.075349246259371 4.6109209238848949
v 30.238149479765891 25.04136572738868 4.6111510107781077
v 30.212233029278629 25.04136572738868 4.6111445882227127
v 30.212233029278629 25.004795861151592 4.6113986086487024
v 30.262033029278633 25.377650760895655 4.6088210372853817
v 30.26204643673201 25.377677342082894 4.6088208559705999
v 30.212133029278633 25.34156572738868 4.6090593238781929
v 30.262033029278633 25.34156572738868 4.6090716899818904
v 30.212033029278633 25.241465727388679 4.6097546104895972
v 30.212062318600513 25.3415364380668 4.6090595098033775
v 30.212033029278633 25.29146572738868 4.6094073021013973
v 30.212033029278633 25.34146572738868 4.6090599937131982
v 30.362133029278631 25.34156572738868 4.6090964965345984
v 30.379685902977531 25.34156572738868 4.6091008464475518
v 30.31223302927863 25.36227163725696 4.6089403037072501
v 30.31223302927863 25.34156572738868 4.6090841304309009
v 30.379886123368806 25.241365727388683 4.6097969020756624
v 30.362233029278631 25.241365727388683 4.6097925273263209
v 30.362233029278631 25.216456016474922 4.6099655543572808
v 30.412233029278632 25.291465727388683 4.6094569152068141
v 30.412233029278632 25.287009401582701 4.6094878695934733
v 30.438172751108695 25.323612105260001 4.6092400493955612
v 30.412233029278632 25.331574783686705 4.6091783109729123
v 12.485468888039671 3.0626541189056105 -0.32983765786798847
v 13.32269435281129 0.99021771007660186 -0.36861790897833147
v 13.682595306466881 1.1340764208618062 -0.36204915532091753
v 13.702740802448952 1.1424209585183127 -0.36167490988437395
v 13.591009895217745 3.5048877191606977 -0.30965240998847476
v 13.579134661202994 3.5098066021459617 -0.30965207098380843
v 13.289761367954419 3.4555291437944811 -0.31355482215024355
v 13.241479000227848 3.4435635207844144 -0.31427134317599748
v 13.153758547009755 3.407756768003217 -0.31588907321755977
v 13.111332140138561 3.39018317487441 -0.31667723396448888
v 12.868636691920248 3.2895617483153856 -0.32118792208979779
v 12.485468888039671 3.0626541189056105 -0.57983765786798847
v 13.32269435281129 0.99021771007660186 -0.61861790897833147
v 13.682595306466881 1.1340764208618062 -0.61204915532091753
v 13.702740802448952 1.1424209585183127 -0.6116749098843739
v 13.591009895217745 3.5048877191606977 -0.55965240998847476
v 13.579134661202994 3.5098066021459617 -0.55965207098380843
v 13.289761367954419 3.4555291437944811 -0.56355482215024355
v 13.241479000227848 3.4435635207844144 -0.56427134317599748
v 13.153758547009755 3.407756768003217 -0.56588907321755977
v 13.111332140138561 3.39018317487441 -0.56667723396448888
v 12.868636691920248 3.2895617483153856 -0.57118792208979774
v 14.259104995794283 1.3662078606401746 -0.23592999367966155
v 14.157123898038719 3.5225221664283279 -0.18844705651533605
v 14.150828465034131 3.5251298201598393 -0.18844687679835842
v 13.813129752624723 3.6560681477918573 -0.18863804400807038
v 13.78458840134733 3.6571158363442993 -0.18887921469907354
v 13.742161994476136 3.6395422432154922 -0.18966737544600262
v 13.642036945732396 3.5734902457131028 -0.19207942832560346
v 13.624463352603589 3.5310638388419098 -0.19319526709831272
v 13.594209430350521 3.4372359333835845 -0.19558313499787225
v 13.699524605605053 1.210425043759243 -0.24461843623621429
v 13.720900147116023 1.1943891954004466 -0.24478034295458365
v 13.763326553987216 1.1768156022716394 -0.24478155410965563
v 14.131064885588916 1.3120044062241263 -0.23833483208213632
v 14.17349129246011 1.3295779993529335 -0.23754667133520727
v 14.259104995794283 1.3662078606401746 -0.48592999367966155
v 14.157123898038719 3.5225221664283279 -0.43844705651533605
v 14.150828465034131 3.5251298201598393 -0.43844687679835842
v 13.813129752624723 3.6560681477918573 -0.43863804400807038
v 13.78458840134733 3.6571158363442993 -0.43887921469907354
v 13.742161994476136 3.6395422432154922 -0.43966737544600265
v 13.642036945732396 3.5734902457131028 -0.44207942832560343
v 13.624463352603589 3.5310638388419098 -0.4431952670983127
v 13.594209430350521 3.4372359333835845 -0.44558313499787228
v 13.699524605605053 1.210425043759243 -0.49461843623621427
v 13.720900147116023 1.1943891954004466 -0.49478034295458362
v 13.763326553987216 1.1768156022716394 -0.49478155410965563
v 14.131064885588916 1.3120044062241263 -0.48833483208213635
v 14.17349129246011 1.3295779993529335 -0.48754667133520724
v 14.732945647229249 1.5883416419633567 -0.059035578890778373
v 14.827398762620707 4.0139597050619349 -0.003682551259915956
v 14.794097190289175 4.0277536679700034 -0.0036816005933096863
v 14.751670783417982 4.0101800748411964 -0.0044697613402387981
v 14.217839858383872 3.6839647729594502 -0.016747145114516693
v 14.200266265255065 3.6415383660882572 -0.017862983887225958
v 14.162347908547458 3.4120643576628389 -0.023368414608394505
v 14.254444981518601 1.4647403894026985 -0.066249297685263303
v 14.278241523249285 1.4548835390802717 -0.066249977009871203
v 14.318892312756839 1.4498459346675423 -0.06598610954016107
v 14.380615631441398 1.4549112744223778 -0.065299906945167241
v 14.474817613712958 1.4774729864502547 -0.063919536164059543
v 14.517244020584151 1.495046579579062 -0.063131375417130431
v 14.732945647229249 1.5883416419633567 -0.30903557889077837
v 14.827398762620707 4.0139597050619349 -0.25368255125991596
v 14.794097190289175 4.0277536679700034 -0.25368160059330969
v 14.751670783417982 4.0101800748411964 -0.2544697613402388
v 14.217839858383872 3.6839647729594502 -0.26674714511451669
v 14.200266265255065 3.6415383660882572 -0.26786298388722596
v 14.162347908547458 3.4120643576628389 -0.27336841460839451
v 14.254444981518601 1.4647403894026985 -0.31624929768526333
v 14.278241523249285 1.4548835390802717 -0.31624997700987123
v 14.318892312756839 1.4498459346675423 -0.31598610954016104
v 14.380615631441398 1.4549112744223778 -0.31529990694516724
v 14.474817613712958 1.4774729864502547 -0.31391953616405954
v 14.517244020584151 1.495046579579062 -0.31313137541713043
v 14.810051475396643 3.568469971218204 0.14575735252422167
v 14.748952132893107 1.9993987107755142 0.10995087245409586
v 14.812858861385642 1.6716487595481362 0.10318261420730303
v 14.830432454514449 1.6292223526769434 0.10239274062844499
v 14.872858861385643 1.6116487595481361 0.10239152947337297
v 15.059316666588755 1.6880155972419566 0.10583591872407867
v 15.101743073459948 1.7055891903707638 0.10662407947100776
v 15.118346962306003 1.7239627011452092 0.1071907200790745
v 15.294393618684349 1.9447994088920042 0.11378320725004322
v 15.385496987890985 4.2843937890338397 0.16717315941900446
v 15.377441996657211 4.2877302756476654 0.16717338936644072
v 15.335015589786018 4.2701566825188584 0.1663852286195116
v 14.977353689623648 4.0148289708550466 0.15733375435134483
v 14.908474392589655 3.8622864904536716 0.15326899080944201
v 14.890900799460848 3.8198600835824785 0.15215315203673274
v 14.810051475396643 3.568469971218204 -0.10424264747577833
v 14.748952132893107 1.9993987107755142 -0.14004912754590415
v 14.812858861385642 1.6716487595481362 -0.14681738579269699
v 14.830432454514449 1.6292223526769434 -0.147607259371555
v 14.872858861385643 1.6116487595481361 -0.14760847052662701
v 15.059316666588755 1.6880155972419566 -0.14416408127592134
v 15.101743073459948 1.7055891903707638 -0.14337592052899223
v 15.118346962306003 1.7239627011452092 -0.14280927992092551
v 15.294393618684349 1.9447994088920042 -0.13621679274995679
v 15.385496987890985 4.2843937890338397 -0.082826840580995542
v 15.377441996657211 4.2877302756476654 -0.082826610633559283
v 15.335015589786018 4.2701566825188584 -0.083614771380488395
v 14.977353689623648 4.0148289708550466 -0.092666245648655166
v 14.908474392589655 3.8622864904536716 -0.096731009190557993
v 14.890900799460848 3.8198600835824785 -0.097846847963267258
v 15.868245943279932 2.0338968215057354 0.27730040818898627
v 15.964297491468573 4.5005636890763974 0.33359017670363589
v 15.945727527644383 4.508255619945154 0.3335907068240852
v 15.90330112077319 4.490682026816347 0.33280254607715609
v 15.413690030376602 3.850464016860967 0.31388307191689968
v 15.365395178850747 3.7681661251089964 0.31158684019607202
v 15.307504501612341 2.2814954969087569 0.27766075693808501
v 15.360813209576756 1.9234634669436852 0.27011410329699004
v 15.378386802705563 1.8810370600724924 0.26932422971813197
v 15.420813209576757 1.8634634669436851 0.26932301856305996
v 15.561843244260064 1.8979947326117217 0.27140651090627421
v 15.604269651131258 1.9155683257405289 0.27219467165320332
v 15.868245943279932 2.0338968215057354 0.027300408188986269
v 15.964297491468573 4.5005636890763974 0.083590176703635888
v 15.945727527644383 4.508255619945154 0.083590706824085204
v 15.90330112077319 4.490682026816347 0.082802546077156092
v 15.413690030376602 3.850464016860967 0.063883071916899681
v 15.365395178850747 3.7681661251089964 0.061586840196072024
v 15.307504501612341 2.2814954969087569 0.027660756938085007
v 15.360813209576756 1.9234634669436852 0.020114103296990038
v 15.378386802705563 1.8810370600724924 0.019324229718131969
v 15.420813209576757 1.8634634669436851 0.019323018563059957
v 15.561843244260064 1.8979947326117217 0.021406510906274212
v 15.604269651131258 1.9155683257405289 0.022194671653203324
v 15.869334741502271 2.061857875243605 0.42210435366124466
v 15.889057609566754 2.0536883958024013 0.42210379062860875
v 15.956644636181434 2.073032369620464 0.42316505929927573
v 15.999071043052627 2.090605962749271 0.42395322004620484
v 16.448917087596175 2.2981060048100885 0.43278547346485308
v 16.541721097940361 4.6813739667601801 0.48717206439461036
v 16.523373329495257 4.6889738612894236 0.48717258817200404
v 16.245992149940889 4.6534535955590455 0.48380232379820604
v 16.203565743069696 4.6358800024302385 0.48301416305127692
v 16.071386314817463 4.5736461266711794 0.48039057989573403
v 16.025495525213088 4.5503293120258244 0.47944130224346232
v 15.994555914370501 4.4890397995600466 0.47777785599074413
v 15.976982321241694 4.446613392688854 0.47666201721803492
v 15.954392687830635 4.2462018237631556 0.4719514638791058
v 15.869334741502271 2.061857875243605 0.17210435366124466
v 15.889057609566754 2.0536883958024013 0.17210379062860875
v 15.956644636181434 2.073032369620464 0.17316505929927573
v 15.999071043052627 2.090605962749271 0.17395322004620484
v 16.448917087596175 2.2981060048100885 0.18278547346485308
v 16.541721097940361 4.6813739667601801 0.23717206439461036
v 16.523373329495257 4.6889738612894236 0.23717258817200404
v 16.245992149940889 4.6534535955590455 0.23380232379820604
v 16.203565743069696 4.6358800024302385 0.23301416305127692
v 16.071386314817463 4.5736461266711794 0.23039057989573403
v 16.025495525213088 4.5503293120258244 0.22944130224346232
v 15.994555914370501 4.4890397995600466 0.22777785599074413
v 15.976982321241694 4.446613392688854 0.22666201721803492
v 15.954392687830635 4.2462018237631556 0.2219514638791058
v 16.471490941128764 2.8778173955402604 0.61758195127088178
v 16.586538502932068 2.3877097626397386 0.60764159100927095
v 16.604112096060874 2.3452833557685455 0.60685171743041277
v 16.646538502932067 2.3277097626397385 0.60685050627534087
v 16.688964909803261 2.3452833557685455 0.60763866702226987
v 17.061481747221094 2.5178649160668165 0.61496951153813428
v 17.101449025112252 2.5600764906470412 0.61628821090879327
v 17.11480421155634 2.5777657956936006 0.61680935550835214
v 17.117400702572731 2.5840342795199507 0.61697422021916248
v 17.28915314608852 4.7340814505341173 0.66685508779332814
v 17.271804543689683 4.9181886620233328 0.67082906221442751
v 17.254230950560878 4.9606150688945254 0.67161893579328569
v 17.211804543689684 4.9781886620233324 0.6716201469483577
v 17.13796900573324 4.9855737407999312 0.67110123651185538
v 17.095542598862046 4.9680001476711242 0.67031307576492627
v 16.54495638126507 4.4504660807796865 0.65358346362546627
v 16.531460889883625 4.4178850824557063 0.65272656473007196
v 16.471490941128764 2.8778173955402604 0.36758195127088178
v 16.586538502932068 2.3877097626397386 0.35764159100927095
v 16.604112096060874 2.3452833557685455 0.35685171743041277
v 16.646538502932067 2.3277097626397385 0.35685050627534087
v 16.688964909803261 2.3452833557685455 0.35763866702226987
v 17.061481747221094 2.5178649160668165 0.36496951153813428
v 17.101449025112252 2.5600764906470412 0.36628821090879327
v 17.11480421155634 2.5777657956936006 0.36680935550835214
v 17.117400702572731 2.5840342795199507 0.36697422021916248
v 17.28915314608852 4.7340814505341173 0.41685508779332814
v 17.271804543689683 4.9181886620233328 0.42082906221442751
v 17.254230950560878 4.9606150688945254 0.42161893579328569
v 17.211804543689684 4.9781886620233324 0.4216201469483577
v 17.13796900573324 4.9855737407999312 0.42110123651185538
v 17.095542598862046 4.9680001476711242 0.42031307576492627
v 16.54495638126507 4.4504660807796865 0.40358346362546627
v 16.531460889883625 4.4178850824557063 0.40272656473007196
v 17.222882706260744 3.2508995979082096 0.78487066552919182
v 17.267967860766237 2.7681830393538056 0.77444745002226179
v 17.285541453895043 2.7257566324826126 0.77365757644340372
v 17.298066785876642 2.6976650821383439 0.77314283087812918
v 17.340493192747836 2.6800914890095369 0.77314161972305717
v 17.400989099149164 2.6741954962325498 0.7735702579848609
v 17.577501871345877 2.7245574461033164 0.77633836941919254
v 17.619928278217071 2.7421310392321234 0.77712653016612154
v 17.623678046740572 2.743959089366331 0.77720236284915678
v 17.818660009356368 5.1848001542117181 0.83382961808640288
v 17.802833362709425 5.2230090591936547 0.83454097232891411
v 17.760406955838231 5.2405826523224617 0.83454218348398612
v 17.717980548967038 5.2230090591936547 0.83375402273705701
v 17.306670690930577 4.953371184990301 0.82388360930832816
v 17.238744865336454 4.1030558930042496 0.80415638422803482
v 17.222882706260744 3.2508995979082096 0.53487066552919182
v 17.267967860766237 2.7681830393538056 0.52444745002226179
v 17.285541453895043 2.7257566324826126 0.52365757644340372
v 17.298066785876642 2.6976650821383439 0.52314283087812918
v 17.340493192747836 2.6800914890095369 0.52314161972305717
v 17.400989099149164 2.6741954962325498 0.5235702579848609
v 17.577501871345877 2.7245574461033164 0.52633836941919254
v 17.619928278217071 2.7421310392321234 0.52712653016612154
v 17.623678046740572 2.743959089366331 0.52720236284915678
v 17.818660009356368 5.1848001542117181 0.58382961808640288
v 17.802833362709425 5.2230090591936547 0.58454097232891411
v 17.760406955838231 5.2405826523224617 0.58454218348398612
v 17.717980548967038 5.2230090591936547 0.58375402273705701
v 17.306670690930577 4.953371184990301 0.57388360930832816
v 17.238744865336454 4.1030558930042496 0.55415638422803482
v 17.799609904810289 4.9463253904856206 0.96829772502032763
v 17.651496714603624 3.0922012856110461 0.92528224136575643
v 17.690948669336702 2.9122599556711388 0.92160682152292583
v 17.708522262465507 2.8698335487999458 0.92081694794406777
v 17.781318683777528 2.8220731756939625 0.92041943114508695
v 17.823745090648721 2.8044995825651555 0.92041821999001494
v 17.866171497519915 2.8220731756939625 0.92120638073694405
v 18.20954441902488 2.9828384046700722 0.92800155272435703
v 18.305967078062427 5.4590356426769162 0.98450880595604096
v 18.273158967196565 5.4726252071533965 0.98450974253570467
v 18.26167171309201 5.4679451354755901 0.98429809651549982
v 18.219245306220817 5.4503715423467831 0.98350993576857082
v 17.799609904810289 4.9463253904856206 0.71829772502032763
v 17.651496714603624 3.0922012856110461 0.67528224136575643
v 17.690948669336702 2.9122599556711388 0.67160682152292583
v 17.708522262465507 2.8698335487999458 0.67081694794406777
v 17.781318683777528 2.8220731756939625 0.67041943114508695
v 17.823745090648721 2.8044995825651555 0.67041821999001494
v 17.866171497519915 2.8220731756939625 0.67120638073694405
v 18.20954441902488 2.9828384046700722 0.67800155272435703
v 18.305967078062427 5.4590356426769162 0.73450880595604096
v 18.273158967196565 5.4726252071533965 0.73450974253570467
v 18.26167171309201 5.4679451354755901 0.73429809651549982
v 18.219245306220817 5.4503715423467831 0.73350993576857082
v 18.742410826583662 3.1912151245659266 1.0954640953919867
v 18.811987087042422 4.9779792078062624 1.1362383636801658
v 18.564003226758409 5.5127182060487989 1.1459482115902102
v 18.521576819887215 5.5302917991776059 1.1459494227452822
v 18.479150413016022 5.5127182060487989 1.1451612619983531
v 18.461576819887217 5.4702917991776063 1.1440454232256441
v 18.288133661335081 5.0010617837804814 1.1318984075470517
v 18.20992869783688 2.9927069370502908 1.0860673993537742
v 18.219043945030609 2.9889312780382649 1.0860671391390002
v 18.395486373085696 3.0506831955961933 1.0890904058693902
v 18.709459702308319 3.1775663219956378 1.0948519581728284
v 18.742410826583662 3.1912151245659266 0.84546409539198675
v 18.811987087042422 4.9779792078062624 0.88623836368016584
v 18.564003226758409 5.5127182060487989 0.89594821159021021
v 18.521576819887215 5.5302917991776059 0.89594942274528222
v 18.479150413016022 5.5127182060487989 0.89516126199835311
v 18.461576819887217 5.4702917991776063 0.89404542322564406
v 18.288133661335081 5.0010617837804814 0.88189840754705173
v 18.20992869783688 2.9927069370502908 0.83606739935377417
v 18.219043945030609 2.9889312780382649 0.83606713913900021
v 18.395486373085696 3.0506831955961933 0.83909040586939021
v 18.709459702308319 3.1775663219956378 0.84485195817282843
v 19.389664049039816 4.1494488801668581 1.2614141973426678
v 19.383939868642898 5.4684264714456958 1.2909840741098797
v 19.373820685083512 5.4726179745161367 1.2909843629842246
v 19.06800542999931 5.5185428483810899 1.2891795720285764
v 19.025579023128117 5.5009692552522829 1.2883914112816472
v 18.977544865195458 5.478427747620314 1.2874396680578728
v 18.913117228509609 5.4350295071278927 1.285867464857376
v 18.895543635380804 5.3926031002567001 1.2847516260846668
v 18.817975104688461 5.1317554353471477 1.2781738460930752
v 18.742302052516781 3.1884217350589985 1.2338266318121001
v 18.747202687254738 3.1863918256862998 1.233826491912706
v 18.934827900220558 3.2626545767841133 1.237279370356863
v 18.977254307091751 3.2802281699129203 1.2380675311037921
v 19.125014384736129 3.350257885104742 1.2410107007524853
v 19.184429287714533 3.4289528831707781 1.2433291455369726
v 19.202002880843338 3.4713792900419711 1.2444449843096819
v 19.370072586073608 3.9189790980539496 1.2560563714301294
v 19.389664049039816 4.1494488801668581 1.0114141973426678
v 19.383939868642898 5.4684264714456958 1.0409840741098797
v 19.373820685083512 5.4726179745161367 1.0409843629842246
v 19.06800542999931 5.5185428483810899 1.0391795720285764
v 19.025579023128117 5.5009692552522829 1.0383914112816472
v 18.977544865195458 5.478427747620314 1.0374396680578728
v 18.913117228509609 5.4350295071278927 1.035867464857376
v 18.895543635380804 5.3926031002567001 1.0347516260846668
v 18.817975104688461 5.1317554353471477 1.0281738460930752
v 18.742302052516781 3.1884217350589985 0.98382663181210006
v 18.747202687254738 3.1863918256862998 0.98382649191270599
v 18.934827900220558 3.2626545767841133 0.98727937035686297
v 18.977254307091751 3.2802281699129203 0.98806753110379208
v 19.125014384736129 3.350257885104742 0.99101070075248532
v 19.184429287714533 3.4289528831707781 0.9933291455369726
v 19.202002880843338 3.4713792900419711 0.99444498430968187
v 19.370072586073608 3.9189790980539496 1.0060563714301294
v 19.382811854244856 5.7283459027860246 1.4049090199953267
v 19.3926154433825 3.4693824372708999 1.3542658007787276
v 19.615095746135456 3.5670956254671382 1.35852369155653
v 20.011194369438815 3.8379710773325391 1.3682808263854773
v 21.777971162619313 5.0706566016057009 1.4123513544042035
v 22.351486010895272 5.4776190312856565 1.426810280991653
v 22.46517752086968 5.5801849877002345 1.4301682214628624
v 22.529284719539419 5.6408198598260606 1.4321245709491401
v 22.861512762427431 5.9889177744007789 1.4430236935277012
v 22.87008592706378 6.0096152247383108 1.4435680483125162
v 20.998238236535368 7.3040770817396981 1.45528035494807
v 20.962764149995518 7.2977102845742161 1.4548083658630195
v 20.920337743124325 7.2801366914454091 1.4540202051160904
v 20.680176101256389 7.1174393635786846 1.4481388513775399
v 20.009631236737484 6.6570664906630475 1.4315804932544665
v 19.781184770000884 6.4827142171223278 1.4255460306080712
v 19.557887408213524 6.2141899661679618 1.4174443104748113
v 19.435696343239105 5.9757195257256326 1.4109552590425687
v 19.4181227501103 5.93329311885444 1.4098394202698596
v 19.382811854244856 5.7283459027860246 1.1549090199953267
v 19.3926154433825 3.4693824372708999 1.1042658007787276
v 19.615095746135456 3.5670956254671382 1.10852369155653
v 20.011194369438815 3.8379710773325391 1.1182808263854773
v 21.777971162619313 5.0706566016057009 1.1623513544042035
v 22.351486010895272 5.4776190312856565 1.176810280991653
v 22.46517752086968 5.5801849877002345 1.1801682214628624
v 22.529284719539419 5.6408198598260606 1.1821245709491401
v 22.861512762427431 5.9889177744007789 1.1930236935277012
v 22.87008592706378 6.0096152247383108 1.1935680483125162
v 20.998238236535368 7.3040770817396981 1.20528035494807
v 20.962764149995518 7.2977102845742161 1.2048083658630195
v 20.920337743124325 7.2801366914454091 1.2040202051160904
v 20.680176101256389 7.1174393635786846 1.1981388513775399
v 20.009631236737484 6.6570664906630475 1.1815804932544665
v 19.781184770000884 6.4827142171223278 1.1755460306080712
v 19.557887408213524 6.2141899661679618 1.1674443104748113
v 19.435696343239105 5.9757195257256326 1.1609552590425687
v 19.4181227501103 5.93329311885444 1.1598394202698596
v 23.167354247659187 6.4954064681137895 1.5969927254415051
v 21.54501897208911 7.6173199358171715 1.6071438121508026
v 21.50619148173832 7.6060534074487123 1.6065306793899563
v 21.463765074867126 7.5884798143199053 1.6057425186430272
v 21.239906133594101 7.494033449184335 1.6015452116668656
v 20.993454202768824 7.3708419610725242 1.5964927830204856
v 20.966429040106334 7.3550040386613533 1.5958864393670451
v 20.963439451697013 7.3516410606500724 1.5957831838151517
v 20.955873130243905 7.3333743447807018 1.595302758737464
v 22.607000352221718 6.1915500282394413 1.5849715184255693
v 22.63493086153629 6.1801966553640924 1.5849755682616302
v 22.851039775686598 6.0987277941879805 1.5851501129363745
v 22.924153453163168 6.0886187446610398 1.5856011508738961
v 22.966579860034361 6.1061923377898468 1.5863893116208252
v 22.995548926647551 6.1363725457131606 1.5873357975017046
v 23.149652511740424 6.3544000479669265 1.5936616862229505
v 23.167226104869229 6.3968264548381191 1.5947775249956595
v 23.167354247659187 6.4954064681137895 1.3469927254415051
v 21.54501897208911 7.6173199358171715 1.3571438121508026
v 21.50619148173832 7.6060534074487123 1.3565306793899563
v 21.463765074867126 7.5884798143199053 1.3557425186430272
v 21.239906133594101 7.494033449184335 1.3515452116668656
v 20.993454202768824 7.3708419610725242 1.3464927830204856
v 20.966429040106334 7.3550040386613533 1.3458864393670451
v 20.963439451697013 7.3516410606500724 1.3457831838151517
v 20.955873130243905 7.3333743447807018 1.345302758737464
v 22.607000352221718 6.1915500282394413 1.3349715184255693
v 22.63493086153629 6.1801966553640924 1.3349755682616302
v 22.851039775686598 6.0987277941879805 1.3351501129363745
v 22.924153453163168 6.0886187446610398 1.3356011508738961
v 22.966579860034361 6.1061923377898468 1.3363893116208252
v 22.995548926647551 6.1363725457131606 1.3373357975017046
v 23.149652511740424 6.3544000479669265 1.3436616862229505
v 23.167226104869229 6.3968264548381191 1.3447775249956595
v 21.385095122590155 7.7279140425111787 1.7402791308417398
v 23.090759553781325 6.5483749388794843 1.7296066466772675
v 23.114469345119481 6.5397245618756648 1.7296322590313997
v 23.296467874315265 6.4869288864634953 1.7301344262035605
v 23.338894281186459 6.5045024795923023 1.7309225869504896
v 23.542245838741216 6.7296707281014774 1.7378655899176576
v 23.641622469548675 6.8701257871463612 1.7419417227488692
v 23.659196062677481 6.9125521940175538 1.7430575615215784
v 23.658785047935769 6.9135444713813321 1.7430760352442043
v 21.96964361068849 7.9643833908072832 1.7510112764451771
v 21.743664417394271 7.9738422137102667 1.7491279159383732
v 21.701238010523078 7.9562686205814597 1.7483397551914441
v 21.404771070840006 7.7998687413492735 1.7420776444212307
v 21.387197477711201 7.757442334478081 1.7409618056485214
v 21.385095122590155 7.7279140425111787 1.4902791308417398
v 23.090759553781325 6.5483749388794843 1.4796066466772675
v 23.114469345119481 6.5397245618756648 1.4796322590313997
v 23.296467874315265 6.4869288864634953 1.4801344262035605
v 23.338894281186459 6.5045024795923023 1.4809225869504896
v 23.542245838741216 6.7296707281014774 1.4878655899176576
v 23.641622469548675 6.8701257871463612 1.4919417227488692
v 23.659196062677481 6.9125521940175538 1.4930575615215784
v 23.658785047935769 6.9135444713813321 1.4930760352442043
v 21.96964361068849 7.9643833908072832 1.5010112764451771
v 21.743664417394271 7.9738422137102667 1.4991279159383732
v 21.701238010523078 7.9562686205814597 1.4983397551914441
v 21.404771070840006 7.7998687413492735 1.4920776444212307
v 21.387197477711201 7.757442334478081 1.4909618056485214
v 21.814085360889077 8.0611583911254368 1.8970058791475501
v 23.489043862301219 7.0191428778623033 1.8891372664800488
v 23.744296961247993 7.0991991069699498 1.8933025433999138
v 23.786723368119187 7.1167727000987568 1.8940907041468429
v 24.09594549136829 7.308843683630216 1.9012722487828018
v 24.113519084497096 7.3512700905014086 1.902388087555511
v 24.108728984044639 7.362834415978865 1.9026033863711682
v 22.246812001545759 8.401720285779442 1.9086678031159179
v 22.24572064153346 8.401268229660916 1.9086475287824096
v 21.823039318100125 8.0827751560612597 1.8975744124322369
v 21.814085360889077 8.0611583911254368 1.6470058791475501
v 23.489043862301219 7.0191428778623033 1.6391372664800488
v 23.744296961247993 7.0991991069699498 1.6433025433999138
v 23.786723368119187 7.1167727000987568 1.6440907041468429
v 24.09594549136829 7.308843683630216 1.6512722487828018
v 24.113519084497096 7.3512700905014086 1.652388087555511
v 24.108728984044639 7.362834415978865 1.6526033863711682
v 22.246812001545759 8.401720285779442 1.6586678031159179
v 22.24572064153346 8.401268229660916 1.6586475287824096
v 21.823039318100125 8.0827751560612597 1.6475744124322369
v 22.234868533627175 8.40838433158474 2.0437648731499198
v 24.024907935207739 7.4096036887482928 2.0379345675977696
v 24.186941791007399 7.4404258907136969 2.0401295534734532
v 24.229368197878593 7.4579994838425039 2.0409177142203818
v 24.499858064448034 7.7457508176963215 2.0498889330595667
v 24.512521433134413 7.776322894124311 2.0506929961597988
v 22.815277234320256 8.7233269938358795 2.0562210601046287
v 22.774312252954115 8.7256969355273899 2.0558943655969286
v 22.486410035558439 8.742156602222968 2.0535939452131986
v 22.443983628687246 8.724583009094161 2.0528057844662695
v 22.349167087407189 8.6649938319182738 2.0505881129345185
v 22.334231292958869 8.6464461733118867 2.0500330315251145
v 22.247717491752603 8.4394044605535168 2.0445807202883048
v 22.234868533627175 8.40838433158474 1.7937648731499198
v 24.024907935207739 7.4096036887482928 1.7879345675977696
v 24.186941791007399 7.4404258907136969 1.7901295534734532
v 24.229368197878593 7.4579994838425039 1.7909177142203818
v 24.499858064448034 7.7457508176963215 1.7998889330595667
v 24.512521433134413 7.776322894124311 1.8006929961597988
v 22.815277234320256 8.7233269938358795 1.8062210601046287
v 22.774312252954115 8.7256969355273899 1.8058943655969286
v 22.486410035558439 8.742156602222968 1.8035939452131986
v 22.443983628687246 8.724583009094161 1.8028057844662695
v 22.349167087407189 8.6649938319182738 1.8005881129345185
v 22.334231292958869 8.6464461733118867 1.8000330315251145
v 22.247717491752603 8.4394044605535168 1.7945807202883048
v 22.255234269013794 9.0358117762439747 2.2188197937151153
v 24.254810824645695 7.9201165821207082 2.2123070084189047
v 24.360448206660692 7.9576912855554474 2.2141306117183004
v 24.402874613531885 7.9752648786842544 2.2149187724652295
v 24.451565620580158 8.0077383067380605 2.2160996688509149
v 24.746122049469417 8.3108790832855188 2.2256397200044469
v 24.763695642598222 8.3533054901567123 2.2267555587771564
v 24.795006464102755 8.4748120084537621 2.229774863613601
v 24.77743287097395 8.5172384153249556 2.2305647371924593
v 24.76582909263859 8.5368853179167044 2.2308983708701833
v 24.535871844044436 8.7397929310960549 2.2333227899632466
v 23.851840795684776 9.0428965783155792 2.2337863032900591
v 22.497488575548498 9.2152413306680678 2.225096345101758
v 22.404364642097548 9.1615500267345862 2.2230268318498787
v 22.269777651013719 9.0709226063109742 2.2197432286326588
v 22.255234269013794 9.0358117762439747 1.9688197937151153
v 24.254810824645695 7.9201165821207082 1.9623070084189047
v 24.360448206660692 7.9576912855554474 1.9641306117183004
v 24.402874613531885 7.9752648786842544 1.9649187724652295
v 24.451565620580158 8.0077383067380605 1.9660996688509149
v 24.746122049469417 8.3108790832855188 1.9756397200044469
v 24.763695642598222 8.3533054901567123 1.9767555587771564
v 24.795006464102755 8.4748120084537621 1.979774863613601
v 24.77743287097395 8.5172384153249556 1.9805647371924593
v 24.76582909263859 8.5368853179167044 1.9808983708701833
v 24.535871844044436 8.7397929310960549 1.9833227899632466
v 23.851840795684776 9.0428965783155792 1.9837863032900591
v 22.497488575548498 9.2152413306680678 1.975096345101758
v 22.404364642097548 9.1615500267345862 1.9730268318498787
v 22.269777651013719 9.0709226063109742 1.9697432286326588
v 23.655834142459852 10.091707925033495 2.3936031225509247
v 22.849139588523887 10.052464659388125 2.3852402375182153
v 22.706522818057845 9.9545095074728547 2.3817175900180123
v 22.688632814887796 9.9408167618386383 2.3812441470830854
v 22.607272717260852 9.8615754486642722 2.3787099064915522
v 22.511970813175679 9.7025049306043396 2.3742534786032783
v 22.434202871741871 9.5661238686673613 2.3704692490667196
v 22.416629278613065 9.5236974617961678 2.3693534102940101
v 22.394795760123166 9.3783112612706141 2.3658856860833937
v 22.412369353251972 9.3358848543994206 2.3650958125045354
v 22.50600322779998 9.2141578195903495 2.3632303284102032
v 24.545346302961125 8.9546462449609354 2.3763154076025041
v 24.554808098665049 8.9585654490659046 2.3764911805825712
v 24.55719885051089 8.9599408547263089 2.3765442433927033
v 24.574772443639695 9.0023672615975023 2.3776600821654124
v 24.588750487911625 9.226752621514855 2.3828291973519962
v 24.57117689478282 9.2691790283860485 2.3836190709308545
v 24.448322461352827 9.5456867615875254 2.3886897802832472
v 24.314592397421741 9.8029521336672065 2.3932274610152287
v 23.655834142459852 10.091707925033495 2.1436031225509247
v 22.849139588523887 10.052464659388125 2.1352402375182153
v 22.706522818057845 9.9545095074728547 2.1317175900180123
v 22.688632814887796 9.9408167618386383 2.1312441470830854
v 22.607272717260852 9.8615754486642722 2.1287099064915522
v 22.511970813175679 9.7025049306043396 2.1242534786032783
v 22.434202871741871 9.5661238686673613 2.1204692490667196
v 22.416629278613065 9.5236974617961678 2.1193534102940101
v 22.394795760123166 9.3783112612706141 2.1158856860833937
v 22.412369353251972 9.3358848543994206 2.1150958125045354
v 22.50600322779998 9.2141578195903495 2.1132303284102032
v 24.545346302961125 8.9546462449609354 2.1263154076025041
v 24.554808098665049 8.9585654490659046 2.1264911805825712
v 24.55719885051089 8.9599408547263089 2.1265442433927033
v 24.574772443639695 9.0023672615975023 2.1276600821654124
v 24.588750487911625 9.226752621514855 2.1328291973519962
v 24.57117689478282 9.2691790283860485 2.1336190709308545
v 24.448322461352827 9.5456867615875254 2.1386897802832472
v 24.314592397421741 9.8029521336672065 2.1432274610152287
v 22.25178341970242 12.234754915014259 2.5489250377237784
v 21.754458032793636 10.084349649518995 2.4960166698385633
v 21.772031625922441 10.041923242647801 2.495226796259705
v 21.795422754709186 10.001204502216334 2.4945292287340317
v 23.658591912173851 10.091842082242003 2.5138444322200879
v 23.952488843368755 10.216520058488314 2.519370264642999
v 24.068334656181001 10.284516489010553 2.5219717865358362
v 24.085908249309806 10.326942895881746 2.5230876253085457
v 24.280691437040812 10.890620975029444 2.537553767015428
v 24.332273492213819 11.044780068963441 2.5414944185028041
v 24.418804986811789 11.405890324975784 2.5504071247073745
v 24.412486748856189 11.421143900738501 2.5506911081357773
v 22.397675430338502 12.490202527031972 2.5560151894947301
v 22.269357012831225 12.277181321885452 2.5500408764964875
v 22.25178341970242 12.234754915014259 2.2989250377237784
v 21.754458032793636 10.084349649518995 2.2460166698385633
v 21.772031625922441 10.041923242647801 2.245226796259705
v 21.795422754709186 10.001204502216334 2.2445292287340317
v 23.658591912173851 10.091842082242003 2.2638444322200879
v 23.952488843368755 10.216520058488314 2.269370264642999
v 24.068334656181001 10.284516489010553 2.2719717865358362
v 24.085908249309806 10.326942895881746 2.2730876253085457
v 24.280691437040812 10.890620975029444 2.287553767015428
v 24.332273492213819 11.044780068963441 2.2914944185028041
v 24.418804986811789 11.405890324975784 2.3004071247073745
v 24.412486748856189 11.421143900738501 2.3006911081357773
v 22.397675430338502 12.490202527031972 2.3060151894947301
v 22.269357012831225 12.277181321885452 2.3000408764964875
v 22.322316371086973 12.530188034171905 2.6676776063790983
v 24.36429732534706 11.446713202650326 2.662281730033758
v 24.390476960059843 11.457557162406333 2.6627680724316001
v 24.408050553188648 11.499983569277527 2.6638839112043096
v 24.555406852414972 11.963250155726268 2.6756550569252981
v 24.552403465890212 11.97050097220739 2.6757900489924076
v 22.507798837076788 13.180323092081913 2.6839992308470628
v 22.490490532860118 13.138537149300348 2.6829002366463177
v 22.423156315972008 12.94822826594622 2.6780016056429781
v 22.346753989007833 12.638704200065089 2.6703414163479979
v 22.322316371086973 12.530188034171905 2.4176776063790983
v 24.36429732534706 11.446713202650326 2.412281730033758
v 24.390476960059843 11.457557162406333 2.4127680724316001
v 24.408050553188648 11.499983569277527 2.4138839112043096
v 24.555406852414972 11.963250155726268 2.4256550569252981
v 24.552403465890212 11.97050097220739 2.4257900489924076
v 22.507798837076788 13.180323092081913 2.4339992308470628
v 22.490490532860118 13.138537149300348 2.4329002366463177
v 22.423156315972008 12.94822826594622 2.4280016056429781
v 22.346753989007833 12.638704200065089 2.4203414163479979
v 24.667951265382584 12.539413273986103 2.8195414105996814
v 22.757667412184748 13.79449234533252 2.8300127497417265
v 22.756932378130255 13.794237342543065 2.8300002057061455
v 22.714505971259062 13.776663749414258 2.8292120449592164
v 22.696813196687366 13.745342934691241 2.8283445217509664
v 22.548265171435588 13.416830029895504 2.8195887613301376
v 22.530691578306783 13.37440362302431 2.8184729225574285
v 22.55702511809886 13.241170963971047 2.8157248704267546
v 22.574598711227665 13.198744557099854 2.8149349968478963
v 22.601004542229532 13.144099690899768 2.8139526211922021
v 22.623314204464869 13.111970979070881 2.8134379475891054
v 24.388875343857702 12.067262926312566 2.8063491382102481
v 24.445036044407676 12.04859928287574 2.8064508213975565
v 24.487462451278869 12.066172876004547 2.8072389821444856
v 24.593837379756248 12.160514521760593 2.8103443564333519
v 24.620080907850106 12.217641642200091 2.8118707665432936
v 24.637654500978911 12.260068049071284 2.8129866053160031
v 24.667951265382584 12.539413273986103 2.5695414105996814
v 22.757667412184748 13.79449234533252 2.5800127497417265
v 22.756932378130255 13.794237342543065 2.5800002057061455
v 22.714505971259062 13.776663749414258 2.5792120449592164
v 22.696813196687366 13.745342934691241 2.5783445217509664
v 22.548265171435588 13.416830029895504 2.5695887613301376
v 22.530691578306783 13.37440362302431 2.5684729225574285
v 22.55702511809886 13.241170963971047 2.5657248704267546
v 22.574598711227665 13.198744557099854 2.5649349968478963
v 22.601004542229532 13.144099690899768 2.5639526211922021
v 22.623314204464869 13.111970979070881 2.5634379475891054
v 24.388875343857702 12.067262926312566 2.5563491382102481
v 24.445036044407676 12.04859928287574 2.5564508213975565
v 24.487462451278869 12.066172876004547 2.5572389821444856
v 24.593837379756248 12.160514521760593 2.5603443564333519
v 24.620080907850106 12.217641642200091 2.5618707665432936
v 24.637654500978911 12.260068049071284 2.5629866053160031
v 22.966106994787761 14.262827525723935 2.975002405273004
v 22.942390256841733 13.724009717204909 2.9626811211095809
v 22.95508175526777 13.690985564455849 2.9620571351278282
v 22.969989989969228 13.654993902048538 2.9613870603962815
v 24.275983519742667 12.796940715979588 2.954228176053161
v 24.450884476279906 12.722042870403509 2.9541681248558818
v 24.4933108831511 12.704469277274702 2.95416691370081
v 24.581567240562705 12.67150163508664 2.9542450072987916
v 24.701881601707036 12.679163540369101 2.9555329165632056
v 24.74430800857823 12.696737133497908 2.9563210773101343
v 24.850475340325616 12.897518921413566 2.9618150692124319
v 24.868048933454421 12.939945328284759 2.9629309079851409
v 24.853211411533096 13.102280817092142 2.9664391990030627
v 23.007327090432675 14.315048634639989 2.9765575281251295
v 22.983680587916567 14.305253932595129 2.976118244045713
v 22.966106994787761 14.262827525723935 2.725002405273004
v 22.942390256841733 13.724009717204909 2.7126811211095809
v 22.95508175526777 13.690985564455849 2.7120571351278282
v 22.969989989969228 13.654993902048538 2.7113870603962815
v 24.275983519742667 12.796940715979588 2.704228176053161
v 24.450884476279906 12.722042870403509 2.7041681248558818
v 24.4933108831511 12.704469277274702 2.70416691370081
v 24.581567240562705 12.67150163508664 2.7042450072987916
v 24.701881601707036 12.679163540369101 2.7055329165632056
v 24.74430800857823 12.696737133497908 2.7063210773101343
v 24.850475340325616 12.897518921413566 2.7118150692124319
v 24.868048933454421 12.939945328284759 2.7129309079851409
v 24.853211411533096 13.102280817092142 2.7164391990030627
v 23.007327090432675 14.315048634639989 2.7265575281251295
v 22.983680587916567 14.305253932595129 2.726118244045713
v 23.266103779618629 14.838735028003816 3.1376546177529434
v 23.222386893163012 14.754777247183533 3.1353635638998192
v 23.073674433413554 14.433844671903255 3.1267765253550754
v 23.056100840284749 14.391418265032062 3.125660686582366
v 23.073674433413554 14.348991858160868 3.1248708130035081
v 23.194513959341855 14.192064649194323 3.1224670800473531
v 24.755808371259189 13.16627576586829 3.1139087481217609
v 24.809836238579788 13.147598532510628 3.1139903455789186
v 24.921762840485815 13.116841105829849 3.1143376031943157
v 24.964189247357009 13.134414698958656 3.1151257639412449
v 24.98823324094236 13.167785437399264 3.1160982295051602
v 25.080528297514842 13.35157105244298 3.1210818482571936
v 25.098101890643647 13.393997459314173 3.1221976870299031
v 25.095882454568088 13.503186757387676 3.1246293896521666
v 23.266103779618629 14.838735028003816 2.8876546177529434
v 23.222386893163012 14.754777247183533 2.8853635638998192
v 23.073674433413554 14.433844671903255 2.8767765253550754
v 23.056100840284749 14.391418265032062 2.875660686582366
v 23.073674433413554 14.348991858160868 2.8748708130035081
v 23.194513959341855 14.192064649194323 2.8724670800473531
v 24.755808371259189 13.16627576586829 2.8639087481217609
v 24.809836238579788 13.147598532510628 2.8639903455789186
v 24.921762840485815 13.116841105829849 2.8643376031943157
v 24.964189247357009 13.134414698958656 2.8651257639412449
v 24.98823324094236 13.167785437399264 2.8660982295051602
v 25.080528297514842 13.35157105244298 2.8710818482571936
v 25.098101890643647 13.393997459314173 2.8721976870299031
v 25.095882454568088 13.503186757387676 2.8746293896521666
v 25.302391468176221 13.821126689650269 3.2304289908958816
v 25.24561214992838 14.006072067560826 3.2340560978373527
v 23.529649096771333 15.258546762703061 3.2462711326313793
v 23.478481336072672 15.184278158129519 3.2441285867634311
v 23.407348544952018 15.026927381101858 3.239934933959757
v 23.389774951823213 14.984500974230665 3.2388190951870479
v 23.365068985265747 14.916915374271834 3.2370720575062641
v 23.348606930381621 14.854612010460892 3.2355201101809734
v 23.366180523510426 14.812185603589699 3.2347302366021151
v 23.401800489690107 14.739690532106373 3.23343241711388
v 25.009826490015307 13.565998668034657 3.2219857291985816
v 25.114197029919058 13.538541149622391 3.2223370224613839
v 25.125194984977792 13.538424842020635 3.2224364085281452
v 25.167621391848986 13.555998435149442 3.2232245692750743
v 25.284817875047416 13.778700282779075 3.2293131521231722
v 25.302391468176221 13.821126689650269 2.9804289908958816
v 25.24561214992838 14.006072067560826 2.9840560978373527
v 23.529649096771333 15.258546762703061 2.9962711326313793
v 23.478481336072672 15.184278158129519 2.9941285867634311
v 23.407348544952018 15.026927381101858 2.989934933959757
v 23.389774951823213 14.984500974230665 2.9888190951870479
v 23.365068985265747 14.916915374271834 2.9870720575062641
v 23.348606930381621 14.854612010460892 2.9855201101809734
v 23.366180523510426 14.812185603589699 2.9847302366021151
v 23.401800489690107 14.739690532106373 2.98343241711388
v 25.009826490015307 13.565998668034657 2.9719857291985816
v 25.114197029919058 13.538541149622391 2.9723370224613839
v 25.125194984977792 13.538424842020635 2.9724364085281452
v 25.167621391848986 13.555998435149442 2.9732245692750743
v 25.284817875047416 13.778700282779075 2.9793131521231722
v 23.505858383498914 15.27591151091152 3.3575029461510169
v 25.095858434955439 14.115376716144066 3.346184575446407
v 25.302222620908438 14.010944694537677 3.3457530142529741
v 25.344649027779631 13.99337110140887 3.3457518030979023
v 25.407381055383752 14.011756687634781 3.3467465206394702
v 25.449807462254945 14.029330280763588 3.3475346813863993
v 25.602347686677703 14.33681701365941 3.3558552390795997
v 25.619921279806508 14.379243420530603 3.3569710778523092
v 25.662697315986254 14.626036311449328 3.3629105254968601
v 25.661479876525096 14.628975470307823 3.3629652452833705
v 24.491961118747664 15.316698399073783 3.367564382937049
v 23.794306340630573 15.600577666514335 3.3674697848179411
v 23.75187993375938 15.583004073385528 3.366681624071012
v 23.514983718191875 15.297942017688461 3.3580823610828254
v 23.505858383498914 15.27591151091152 3.1075029461510169
v 25.095858434955439 14.115376716144066 3.096184575446407
v 25.302222620908438 14.010944694537677 3.0957530142529741
v 25.344649027779631 13.99337110140887 3.0957518030979023
v 25.407381055383752 14.011756687634781 3.0967465206394702
v 25.449807462254945 14.029330280763588 3.0975346813863993
v 25.602347686677703 14.33681701365941 3.1058552390795997
v 25.619921279806508 14.379243420530603 3.1069710778523092
v 25.662697315986254 14.626036311449328 3.1129105254968601
v 25.661479876525096 14.628975470307823 3.1129652452833705
v 24.491961118747664 15.316698399073783 3.117564382937049
v 23.794306340630573 15.600577666514335 3.1174697848179411
v 23.75187993375938 15.583004073385528 3.116681624071012
v 23.514983718191875 15.297942017688461 3.1080823610828254
v 24.275254857377849 15.44413018566128 3.5807408726478318
v 25.722254180326086 14.593237794511021 3.5750505414524039
v 25.736685895501967 14.599215606665176 3.5753186412574856
v 25.808561330951157 14.718765912341727 3.5786702194339757
v 25.847946146248443 14.79256106113149 3.5806928534903903
v 25.993015605077552 15.072264746801244 3.5883201446953841
v 26.010589198206358 15.114691153672437 3.5894359834680931
v 25.993015605077552 15.157117560543631 3.590225857046951
v 25.990001621651828 15.159938398028398 3.5902612577800239
v 24.102013238950036 16.270149663468295 3.5976857803905826
v 24.091413146934606 16.265758961593104 3.5974888611354179
v 24.000000456778167 16.212787949780431 3.5954513955161813
v 23.923154279014753 16.089707765453376 3.591974439564813
v 23.848970185368444 15.949565696190867 3.588138979074686
v 23.831396592239638 15.907139289319673 3.5870231403019766
v 23.840344978027566 15.857354866261099 3.585988020103589
v 23.857918571156372 15.814928459389906 3.5851981465247311
v 23.911614390038988 15.752595944442756 3.5842962089517791
v 24.275254857377849 15.44413018566128 3.3307408726478318
v 25.722254180326086 14.593237794511021 3.3250505414524039
v 25.736685895501967 14.599215606665176 3.3253186412574856
v 25.808561330951157 14.718765912341727 3.3286702194339757
v 25.847946146248443 14.79256106113149 3.3306928534903903
v 25.993015605077552 15.072264746801244 3.3383201446953841
v 26.010589198206358 15.114691153672437 3.3394359834680931
v 25.993015605077552 15.157117560543631 3.340225857046951
v 25.990001621651828 15.159938398028398 3.3402612577800239
v 24.102013238950036 16.270149663468295 3.3476857803905826
v 24.091413146934606 16.265758961593104 3.3474888611354179
v 24.000000456778167 16.212787949780431 3.3454513955161813
v 23.923154279014753 16.089707765453376 3.341974439564813
v 23.848970185368444 15.949565696190867 3.338138979074686
v 23.831396592239638 15.907139289319673 3.3370231403019766
v 23.840344978027566 15.857354866261099 3.335988020103589
v 23.857918571156372 15.814928459389906 3.3351981465247311
v 23.911614390038988 15.752595944442756 3.3342962089517791
v 26.217287558243655 15.64630960094431 3.7727909301909328
v 24.321979585552171 16.847438459551444 3.7821894902497624
v 24.281289181861904 16.830583942484502 3.7814335794543297
v 24.103069031831676 16.652096239703866 3.7757720524768339
v 24.085495438702871 16.609669832832672 3.7746562137041249
v 24.071326325287593 16.513889637009203 3.7723736744258933
v 24.088899918416399 16.47146323013801 3.7715838008470355
v 24.327170853803537 16.137748149348695 3.7662986757435624
v 25.971336748614718 15.170914075899969 3.7598329861379587
v 26.003493089920006 15.184233668584916 3.7604303585729761
v 26.084973890932741 15.260612928312712 3.762901439642893
v 26.105426448812985 15.297811056363845 3.7639265566699205
v 26.12300004194179 15.340237463235038 3.76504239544263
v 26.217287558243655 15.64630960094431 3.5227909301909328
v 24.321979585552171 16.847438459551444 3.5321894902497624
v 24.281289181861904 16.830583942484502 3.5314335794543297
v 24.103069031831676 16.652096239703866 3.5257720524768339
v 24.085495438702871 16.609669832832672 3.5246562137041249
v 24.071326325287593 16.513889637009203 3.5223736744258933
v 24.088899918416399 16.47146323013801 3.5215838008470355
v 24.327170853803537 16.137748149348695 3.5162986757435624
v 25.971336748614718 15.170914075899969 3.5098329861379587
v 26.003493089920006 15.184233668584916 3.5104303585729761
v 26.084973890932741 15.260612928312712 3.512901439642893
v 26.105426448812985 15.297811056363845 3.5139265566699205
v 26.12300004194179 15.340237463235038 3.51504239544263
v 26.322187034655215 16.232586580281268 3.9527359517879641
v 24.376540153197972 17.584359359479897 3.9650509713669617
v 24.364501198078639 17.579372660992668 3.9648273221692367
v 24.274394294804505 17.458014306836336 3.9612660530502879
v 24.2568207016757 17.415587899965143 3.9601502142775784
v 24.259925938607822 16.960530060890342 3.9499588530070913
v 24.277499531736627 16.918103654019149 3.949168979428233
v 24.480984945612917 16.746670706028535 3.9472059434874542
v 26.120788319484596 15.707464844407211 3.9390743940421582
v 26.12449809345798 15.708096057055196 3.939122975988615
v 26.216424237874502 15.736653931702724 3.9406169080185505
v 26.258850644745696 15.754227524831531 3.9414050687654796
v 26.276424237874501 15.796653931702725 3.9425209075381886
v 26.30717436177169 15.966056245333931 3.9466107056676312
v 26.322187034655215 16.232586580281268 3.7027359517879641
v 24.376540153197972 17.584359359479897 3.7150509713669617
v 24.364501198078639 17.579372660992668 3.7148273221692367
v 24.274394294804505 17.458014306836336 3.7112660530502879
v 24.2568207016757 17.415587899965143 3.7101502142775784
v 24.259925938607822 16.960530060890342 3.6999588530070913
v 24.277499531736627 16.918103654019149 3.699168979428233
v 24.480984945612917 16.746670706028535 3.6972059434874542
v 26.120788319484596 15.707464844407211 3.6890743940421582
v 26.12449809345798 15.708096057055196 3.689122975988615
v 26.216424237874502 15.736653931702724 3.6906169080185505
v 26.258850644745696 15.754227524831531 3.6914050687654796
v 26.276424237874501 15.796653931702725 3.6925209075381886
v 26.30717436177169 15.966056245333931 3.6966107056676312
v 24.651930654782792 17.393026909979401 4.1120558547352264
v 26.339324088710718 16.220680307149866 4.1013754566761857
v 26.343221294589839 16.222294582680359 4.1014478555645937
v 26.360794887718644 16.264720989551552 4.1025636943373032
v 26.42498474636572 16.597804519995716 4.110639744510669
v 26.464549725700881 16.844550222107976 4.1165483520681425
v 26.462077718482629 16.857163318847537 4.1168087039433754
v 24.644078863860717 18.120250360855678 4.1283157722108177
v 24.579437977976458 18.128884123763424 4.1279101798841493
v 24.537011571105264 18.111310530634618 4.1271220191372207
v 24.401962831151984 18.045589323059826 4.1243935030443399
v 24.384389238023179 18.003162916188632 4.1232776642716313
v 24.401962831151984 17.960736509317439 4.122487790692773
v 24.651930654782792 17.393026909979401 3.8620558547352264
v 26.339324088710718 16.220680307149866 3.8513754566761857
v 26.343221294589839 16.222294582680359 3.8514478555645937
v 26.360794887718644 16.264720989551552 3.8525636943373032
v 26.42498474636572 16.597804519995716 3.860639744510669
v 26.464549725700881 16.844550222107976 3.8665483520681425
v 26.462077718482629 16.857163318847537 3.8668087039433754
v 24.644078863860717 18.120250360855678 3.8783157722108177
v 24.579437977976458 18.128884123763424 3.8779101798841493
v 24.537011571105264 18.111310530634618 3.8771220191372207
v 24.401962831151984 18.045589323059826 3.8743935030443399
v 24.384389238023179 18.003162916188632 3.8732776642716313
v 24.401962831151984 17.960736509317439 3.872487790692773
v 26.573966278181636 17.445674394359198 4.2566796673644651
v 24.756634056336935 18.708298281387606 4.2681825161634199
v 24.747783086594399 18.704632089680093 4.2680180905747882
v 24.539721941605954 18.579823021972626 4.2632853799275381
v 24.476751961265155 18.437232531701973 4.2594989332007547
v 24.459178368136349 18.394806124830779 4.2583830944280452
v 24.4760619120628 18.331306466055178 4.2571135362213601
v 24.493635505191605 18.288880059183985 4.2563236626425018
v 24.508061998028047 18.256387741831603 4.255727712011879
v 24.563340900587381 18.176344496971012 4.2544426905049431
v 26.325844412747774 16.951813831264619 4.2432868813665188
v 26.350095509317178 16.961858964366083 4.2437373970664227
v 26.564346371162404 17.4224498843646 4.2560688494649472
v 26.573966278181636 17.445674394359198 4.0066796673644651
v 24.756634056336935 18.708298281387606 4.0181825161634199
v 24.747783086594399 18.704632089680093 4.0180180905747882
v 24.539721941605954 18.579823021972626 4.0132853799275381
v 24.476751961265155 18.437232531701973 4.0094989332007547
v 24.459178368136349 18.394806124830779 4.0083830944280452
v 24.4760619120628 18.331306466055178 4.0071135362213601
v 24.493635505191605 18.288880059183985 4.0063236626425018
v 24.508061998028047 18.256387741831603 4.005727712011879
v 24.563340900587381 18.176344496971012 4.0044426905049431
v 26.325844412747774 16.951813831264619 3.9932868813665188
v 26.350095509317178 16.961858964366083 3.9937373970664227
v 26.564346371162404 17.4224498843646 4.0060688494649472
v 24.819715805870064 18.664471113829201 4.4059439544057701
v 26.541955591244925 17.467914388500425 4.3950429955119681
v 26.582051095270039 17.48452249005781 4.3957878547807923
v 26.599624688398844 17.526948896929003 4.3969036935535017
v 26.697624439855513 18.057635936864155 4.4097312906976178
v 26.683728666046079 18.091183302454564 4.4103558587361178
v 24.658670726839013 19.498128326553662 4.4231735125496723
v 24.658162622742051 19.497412568563682 4.4231527250109188
v 24.640589029613245 19.454986161692489 4.4220368862382102
v 24.592620958210773 19.285740317908459 4.4177909180342931
v 24.553261276033915 19.051883702513653 4.412173690917637
v 24.57083486916272 19.009457295642459 4.4113838173387787
v 24.819715805870064 18.664471113829201 4.1559439544057701
v 26.541955591244925 17.467914388500425 4.1450429955119681
v 26.582051095270039 17.48452249005781 4.1457878547807923
v 26.599624688398844 17.526948896929003 4.1469036935535017
v 26.697624439855513 18.057635936864155 4.1597312906976178
v 26.683728666046079 18.091183302454564 4.1603558587361178
v 24.658670726839013 19.498128326553662 4.1731735125496723
v 24.658162622742051 19.497412568563682 4.1731527250109188
v 24.640589029613245 19.454986161692489 4.1720368862382102
v 24.592620958210773 19.285740317908459 4.1677909180342931
v 24.553261276033915 19.051883702513653 4.162173690917637
v 24.57083486916272 19.009457295642459 4.1613838173387787
v 27.616092441433729 21.341465727388627 4.6362013447190051
v 25.412133029278564 22.018011920885701 4.6309557611858159
v 24.917562300684164 20.413513073183793 4.5903334723879716
v 24.727976692117664 19.562007981328833 4.5694512174561153
v 24.74555028524647 19.519581574457639 4.568661343877257
v 25.002984551962548 19.258910172047045 4.5651944356254557
v 26.600080966312131 18.149299029733015 4.555085574762928
v 26.652246235031981 18.140839109479849 4.5553793689379116
v 26.694672641903175 18.158412702608654 4.5561675296848412
v 26.71224623503198 18.200839109479848 4.5572833684575498
v 27.575856140869416 21.18679360266356 4.632354394872066
v 27.605401186517906 21.295141572305951 4.6350617950806994
v 27.616092441433729 21.341465727388627 4.3862013447190051
v 25.412133029278564 22.018011920885701 4.3809557611858159
v 24.917562300684164 20.413513073183793 4.3403334723879716
v 24.727976692117664 19.562007981328833 4.3194512174561153
v 24.74555028524647 19.519581574457639 4.318661343877257
v 25.002984551962548 19.258910172047045 4.3151944356254557
v 26.600080966312131 18.149299029733015 4.305085574762928
v 26.652246235031981 18.140839109479849 4.3053793689379116
v 26.694672641903175 18.158412702608654 4.3061675296848412
v 26.71224623503198 18.200839109479848 4.3072833684575498
v 27.575856140869416 21.18679360266356 4.382354394872066
v 27.605401186517906 21.295141572305951 4.3850617950806994
vn 0.016657218774132669 -0.029017252947344328 0.99944011130937727
vn 0.018879104917924439 -0.028379540370534462 0.99941892171694202
vn 0.016657218774132725 -0.029017252947344384 0.99944011130937727
vn 0.016657218774132725 -0.029017252947344384 0.99944011130937727
vn 0.016657218774132652 -0.029017252947344273 0.99944011130937727
vn 0.015588225162182971 -0.028593355217683487 0.99946957296042205
vn 0.016657218774132686 -0.029017252947344273 0.99944011130937727
vn 0.016657218774132725 -0.029017252947344384 0.99944011130937727
vn 0.016657218774132725 -0.029017252947344384 0.99944011130937727
vn 0.016657218774132725 -0.029017252947344384 0.99944011130937727
vn 0.016657218774132725 -0.029017252947344311 0.99944011130937727
vn 0.016657218774132797 -0.029017252947344311 0.99944011130937727
vn 0.016657218774132725 -0.029017252947344311 0.99944011130937727
vn 0.0092176570034447278 -0.028595614946632524 0.99954856090396671
vn 0.016657218774132725 -0.029017252947344311 0.99944011130937727
vn 0.016657218774132725 -0.029017252947344311 0.99944011130937727
vn 0.016657218774132725 -0.029017252947344384 0.99944011130937727
vn 0.016657218774132725 -0.029017252947344384 0.99944011130937727
vn 0.016657218774132725 -0.029017252947344384 0.99944011130937727
vn 0.016657218774132725 -0.029017252947344384 0.99944011130937727
vn 0.016657218774132725 -0.029017252947344384 0.99944011130937727
vn 0.0030174925686875407 -0.0024578981668343944 0.9999924267089223
vn 0.016657218774132725 -0.029017252947344384 0.99944011130937727
vn 0.016657218774132725 -0.029017252947344384 0.99944011130937727
vn 0.016657218774132725 -0.029017252947344273 0.99944011130937727
vn 0.016657218774132652 -0.029017252947344311 0.99944011130937727
vn 0.016657218774132686 -0.029017252947344349 0.99944011130937727
vn 0.016657218774132686 -0.029017252947344349 0.99944011130937727
vn 0.016657218774132652 -0.029017252947344311 0.99944011130937727
vn 0.016657218774132725 -0.029017252947344273 0.99944011130937727
vn 0.016657218774132725 -0.029017252947344384 0.99944011130937727
vn 0.016657218774132725 -0.029017252947344384 0.99944011130937727
vn 0.016657218774132725 -0.029017252947344384 0.99944011130937727
vn 0.016657218774132725 -0.029017252947344384 0.99944011130937727
vn 0.016657218774132725 -0.029017252947344384 0.99944011130937727
vn 0.016657218774132686 -0.029017252947344349 0.99944011130937727
vn 0.016657218774132725 -0.029017252947344273 0.99944011130937727
vn 0.016657218774132763 -0.029017252947344311 0.99944011130937727
vn 0.016657218774132725 -0.029017252947344384 0.99944011130937727
vn 0.016657218774132725 -0.029017252947344273 0.99944011130937727
vn 0.016657218774132652 -0.029017252947344311 0.99944011130937727
vn 0.016657218774132686 -0.029017252947344349 0.99944011130937727
vn 0.016657218774132725 -0.029017252947344384 0.99944011130937727
vn 0.016657218774132725 -0.029017252947344384 0.99944011130937727
vn 0.016657218774132725 -0.029017252947344384 0.99944011130937727
vn 0.016657218774132725 -0.029017252947344384 0.99944011130937727
vn 0.016657218774132763 -0.029017252947344311 0.99944011130937727
vn 0.016657218774132725 -0.029017252947344273 0.99944011130937727
vn 0.016657218774132686 -0.029017252947344349 0.99944011130937727
vn 0.016657218774132725 -0.029017252947344384 0.99944011130937727
vn 0.016657218774132686 -0.029017252947344349 0.99944011130937727
vn 0.016657218774132725 -0.029017252947344273 0.99944011130937727
vn 0.016657218774132763 -0.029017252947344311 0.99944011130937727
vn 0.016657218774132725 -0.029017252947344384 0.99944011130937727
vn 0.016128309352191634 -0.015415005677564287 0.99975109664225958
vn 0.016657218774132652 -0.029017252947344384 0.99944011130937727
vn 0.016657218774132686 -0.029017252947344349 0.99944011130937727
vn 0.016657218774132686 -0.029017252947344349 0.99944011130937727
vn 0.016657218774132652 -0.029017252947344311 0.99944011130937727
vn 0.016657218774132725 -0.029017252947344273 0.99944011130937727
vn 0.016657218774132725 -0.029017252947344384 0.99944011130937727
vn 0.016657218774132763 -0.029017252947344311 0.99944011130937727
vn 0.016657218774132725 -0.029017252947344273 0.99944011130937727
vn 0.016657218774132614 -0.029017252947344384 0.99944011130937727
vn 0.016657218774132686 -0.029017252947344349 0.99944011130937727
vn 0.016657218774132725 -0.029017252947344384 0.99944011130937727
vn 0.01665721877413269 -0.029017252947344245 0.99944011130937738
vn 0.016657218774132725 -0.029017252947344297 0.99944011130937727
vn 0.016657218774132725 -0.029017252947344384 0.99944011130937727
vn 0.016657218774132725 -0.029017252947344273 0.99944011130937727
vn 0.016657218774132652 -0.029017252947344311 0.99944011130937727
vn 0.016657218774132686 -0.029017252947344349 0.99944011130937727
vn 0.016657218774132686 -0.029017252947344349 0.99944011130937727
vn 0.016657218774132614 -0.029017252947344384 0.99944011130937727
vn 0.016657218774132725 -0.029017252947344273 0.99944011130937727
vn 0.016657218774132763 -0.029017252947344311 0.99944011130937727
vn 0.016657218774132725 -0.029017252947344384 0.99944011130937727
vn 0.016657218774132964 -0.029017252947344294 0.99944011130937727
vn -0.47347580175597076 0.42568000751190582 0.77111425635647812
vn 0.016657218774132732 -0.029017252947344301 0.99944011130937727
vn -0.17198231066995326 0.12703994494227 0.97687406414833677
vn 0.0080588671003803802 -0.022177761886458393 0.99972156200552464
vn 0.016657218774132725 -0.029017252947344384 0.99944011130937727
vn 0.016657218774132686 -0.029017252947344349 0.99944011130937727
vn 0.016657218774132725 -0.029017252947344273 0.99944011130937727
vn 0.016657218774132763 -0.029017252947344311 0.99944011130937727
vn 0.016657218774132725 -0.029017252947344384 0.99944011130937727
vn 0.016657218774132763 -0.029017252947344311 0.99944011130937727
vn 0.016657218774132725 -0.029017252947344273 0.99944011130937727
vn 0.016657218774132686 -0.029017252947344349 0.99944011130937727
vn 0.016657218774132725 -0.029017252947344384 0.99944011130937727
vn 0.016657218774132392 -0.029017252947343513 0.99944011130937738
vn -0.19967092983892343 0.89704769308906374 0.39425493795366545
vn 0.016657218774132718 -0.029017252947344353 0.99944011130937738
vn 0.016657218774140461 -0.029017252947340699 0.99944011130937715
vn 0.016657218774146748 -0.029017252947368191 0.99944011130937649
vn 0.016657218774131108 -0.029017252947344741 0.99944011130937727
vn 0.016657218774132627 -0.029017252947342771 0.99944011130937727
vn 0.016657218774136496 -0.029017252947338281 0.99944011130937738
vn 0.016657218774133432 -0.029017252947343954 0.99944011130937727
vn 0.016657218774131538 -0.029017252947347649 0.99944011130937738
vn 0.016657218774133176 -0.029017252947342965 0.99944011130937727
vn 0.016657218774132725 -0.029017252947344384 0.99944011130937727
vn 0.016657218774132763 -0.029017252947344311 0.99944011130937727
vn 0.016657218774132725 -0.029017252947344273 0.99944011130937727
vn 0.016657218774132614 -0.029017252947344384 0.99944011130937727
vn 0.016657218774132686 -0.029017252947344349 0.99944011130937727
vn 0.016657218774132686 -0.029017252947344349 0.99944011130937727
vn 0.016657218774132652 -0.029017252947344311 0.99944011130937727
vn 0.016657218774132725 -0.029017252947344273 0.99944011130937727
vn 0.016125800586603355 -0.023422748810882299 0.99959558492101375
vn 0.016657218774131552 -0.029017252947342954 0.99944011130937738
vn -0.21051785780073773 0.89102667625282894 0.40218614316361639
vn 0.013553569192791607 0.0063850529768001239 0.99988775963135956
vn 0.015104972822202977 -0.010675688822762663 0.99982892009793367
vn 0.016657218774132732 -0.029017252947344366 0.99944011130937727
vn 0.0166572187741321 -0.029017252947343641 0.99944011130937738
vn 0.016657218774132548 -0.029017252947344179 0.99944011130937727
vn 0.016657218774134504 -0.029017252947344835 0.99944011130937727
vn 0.01665721877413234 -0.029017252947343929 0.99944011130937727
vn 0.016657218774134192 -0.029017252947344842 0.99944011130937727
vn 0.016657218774133724 -0.029017252947344911 0.99944011130937715
vn 0.016657218774131111 -0.029017252947343593 0.99944011130937727
vn 0.016657218774132128 -0.029017252947344127 0.99944011130937727
vn 0.016657218774132686 -0.029017252947344349 0.99944011130937727
vn 0.016657218774132614 -0.029017252947344384 0.99944011130937727
vn 0.016657218774132725 -0.029017252947344273 0.99944011130937727
vn 0.016657218774132763 -0.029017252947344311 0.99944011130937727
vn 0.016657218774132725 -0.029017252947344384 0.99944011130937727
vn 0.016657218774132725 -0.029017252947344273 0.99944011130937727
vn 0.016657218774132652 -0.029017252947344311 0.99944011130937727
vn 0.016657218774132652 -0.029017252947344311 0.99944011130937727
vn 0.010979557056300769 0.035592828646467366 0.99930605916095139
vn 0.016098639173495757 -0.02263641120227922 0.99961413890793027
vn 0.016657218774132711 -0.029017252947344349 0.99944011130937738
vn 0.0094030430468689027 0.053414066917685958 0.998528176986895
vn 0.013348489965913627 0.0087171841195632076 0.99987290618190849
vn 0.0094920819492112871 0.052408916341967295 0.99858059557961076
vn 0.01147579255155259 0.02997266367761758 0.99948484011383687
vn 0.0096037072192667709 0.051148560503806138 0.99864487860602136
vn 0.0015011102724762262 0.14197425394095772 0.98986921251540017
vn 0.0097480709378213164 0.049518176391632501 0.9987256506768204
vn 0.0099354633762847745 0.047401204202012041 0.99882651767346353
vn 0.016657218774132725 -0.029017252947344384 0.99944011130937727
vn 0.016657218774132763 -0.029017252947344311 0.99944011130937727
vn 0.016657218774132725 -0.029017252947344273 0.99944011130937727
vn 0.016657218774132686 -0.029017252947344349 0.99944011130937727
vn 0.016657218774132725 -0.029017252947344384 0.99944011130937727
vn 0.016657218774132686 -0.029017252947344349 0.99944011130937727
vn 0.016657218774132725 -0.029017252947344273 0.99944011130937727
vn 0.016657218774132797 -0.029017252947344238 0.99944011130937727
vn 0.016657218774127819 -0.02901725294734353 0.99944011130937749
vn 0.015096112980392543 0.046942181335921533 0.99878352959202765
vn 0.016657218774132624 -0.029017252947344318 0.99944011130937727
vn 0.016657218774134834 -0.029017252947344321 0.99944011130937727
vn 0.01403324973427513 0.00092675649328085078 0.99990109962150642
vn 0.016657218774133134 -0.029017252947344335 0.99944011130937727
vn 0.012683332410489452 0.016275212717137857 0.9997871026023375
vn 0.016657218774133047 -0.029017252947344474 0.99944011130937738
vn 0.011297857780105986 0.031988467966882622 0.99942438249560051
vn 0.016657218774131795 -0.029017252947343641 0.99944011130937738
vn 0.01021124367482271 0.044284803618054029 0.99896675954264058
vn 0.016657218774134355 -0.029017252947345668 0.99944011130937727
vn 0.016657218774132686 -0.029017252947344349 0.99944011130937727
vn 0.016657218774132686 -0.029017252947344349 0.99944011130937727
vn 0.016657218774132652 -0.029017252947344311 0.99944011130937727
vn 0.016657218774132725 -0.029017252947344273 0.99944011130937727
vn 0.016657218774132725 -0.029017252947344384 0.99944011130937727
vn 0.016657218774132763 -0.029017252947344311 0.99944011130937727
vn 0.016657218774132725 -0.029017252947344273 0.99944011130937727
vn 0.016657218774132575 -0.029017252947344384 0.99944011130937727
vn 0.016657218774132541 -0.029017252947344488 0.99944011130937727
vn 0.12592342864997425 0.26410166054393069 0.95623930217021147
vn 0.016657218774132707 -0.029017252947344297 0.99944011130937727
vn 0.016657218774141554 -0.029017252947343898 0.99944011130937715
vn 0.016657218774133349 -0.029017252947345369 0.99944011130937727
vn 0.016657218774128704 -0.029017252947343388 0.99944011130937738
vn 0.016657218774132999 -0.029017252947344814 0.99944011130937727
vn 0.016657218774134921 -0.029017252947345643 0.99944011130937727
vn 0.016657218774130133 -0.029017252947342132 0.99944011130937749
vn 0.016657218774131847 -0.029017252947344196 0.99944011130937727
vn 0.016657218774135122 -0.029017252947346344 0.99944011130937715
vn 0.016657218774132728 -0.029017252947344314 0.99944011130937738
vn 0.016657218774132725 -0.02901725294734437 0.99944011130937727
vn 0.016657218774132725 -0.029017252947344273 0.99944011130937727
vn 0.016657218774132652 -0.029017252947344311 0.99944011130937727
vn 0.016657218774132686 -0.029017252947344349 0.99944011130937727
vn 0.016657218774132686 -0.029017252947344349 0.99944011130937727
vn 0.016657218774132614 -0.029017252947344384 0.99944011130937727
vn 0.016122258904077112 -0.03142598620225194 0.99937604541986391
vn 0.01665721877414637 -0.029017252947343971 0.99944011130937715
vn 0.47864206614649957 0.53897670501099781 0.69311318265525579
vn 0.016657218774132721 -0.029017252947344332 0.99944011130937727
vn 0.42161809232820796 0.59285775019959952 0.68611797254538653
vn 0.01665721877413236 -0.029017252947344519 0.99944011130937738
vn 0.016657218774142606 -0.029017252947345439 0.99944011130937704
vn 0.016657218774132638 -0.029017252947345622 0.99944011130937727
vn 0.016657218774142009 -0.029017252947349761 0.99944011130937693
vn 0.016657218774132537 -0.029017252947344415 0.99944011130937738
vn 0.016657218774132773 -0.029017252947342653 0.99944011130937738
vn 0.016657218774132738 -0.029017252947344283 0.99944011130937738
vn 0.016657218774132988 -0.029017252947342788 0.99944011130937727
vn 0.016657218774132922 -0.029017252947342215 0.99944011130937727
vn 0.016657218774132763 -0.029017252947344471 0.99944011130937727
vn 0.016657218774132978 -0.02901725294734421 0.99944011130937738
vn 0.016657218774131607 -0.029017252947343346 0.99944011130937738
vn 0.016657218774486553 -0.029017252947431866 0.99944011130936883
vn 0.016657218774133939 -0.029017252947344172 0.99944011130937727
vn 0.016657218774132777 -0.029017252947344342 0.99944011130937738
vn 0.016657218774132395 -0.029017252947345258 0.99944011130937727
vn 0.016657218774132239 -0.029017252947345411 0.99944011130937727
vn 0.01665721877413209 -0.029017252947345563 0.99944011130937727
vn 0.016657218774133783 -0.029017252947345074 0.99944011130937738
vn 0.016657218774132478 -0.029017252947343815 0.99944011130937749
vn 0.016657218774132954 -0.029017252947344217 0.99944011130937738
vn 0.016657218774132804 -0.02901725294734556 0.99944011130937715
vn 0.016657218774132381 -0.029017252947344512 0.99944011130937727
vn 0.016657218774132392 -0.029017252947344557 0.99944011130937727
vn 0.016657218774132374 -0.029017252947344373 0.99944011130937738
vn 0.016657218774132915 -0.029017252947344196 0.99944011130937738
vn 0.016657218774133023 -0.029017252947344026 0.99944011130937738
vn 0.016657218774074591 -0.029017252946939329 0.99944011130939003
vn 0.016657218774132395 -0.029017252947343915 0.99944011130937738
vn 0.016657218774133137 -0.029017252947344356 0.99944011130937749
vn 0.016657218774131198 -0.029017252947343961 0.99944011130937738
vn 0.016657218774133738 -0.02901725294734556 0.99944011130937727
vn 0.016657218774076468 -0.029017252947287655 0.99944011130937982
vn 0.016657218774132787 -0.029017252947344276 0.99944011130937727
vn 0.016657218774132412 -0.029017252947343874 0.99944011130937727
vn 0.016657218774089346 -0.029017252947274794 0.99944011130938015
vn 0.016657218774133082 -0.029017252947344738 0.99944011130937727
vn 0.016657218774132412 -0.029017252947343763 0.99944011130937727
vn 0.016657218774132586 -0.029017252947344162 0.99944011130937738
vn 0.016657218774134206 -0.029017252947347034 0.99944011130937727
vn 0.016657218774132714 -0.029017252947344221 0.99944011130937727
vn 0.016657218774132416 -0.029017252947342989 0.99944011130937727
vn 0.016657218774243154 -0.029017252947675192 0.99944011130936583
vn 0.016657218774132447 -0.029017252947343353 0.99944011130937738
vn 0.016657218774132527 -0.029017252947344207 0.99944011130937727
vn 0.016657218774132707 -0.029017252947231443 0.99944011130938049
vn 0.016657218774132725 -0.029017252947344384 0.99944011130937727
vn 0.016657218774132392 -0.029017252947343045 0.99944011130937738
vn 0.016657218774132242 -0.029017252947343183 0.99944011130937727
vn 0.016657218774132648 -0.029017252947344457 0.99944011130937727
vn 0.016657218774121952 -0.029017252947345539 0.99944011130937738
vn 0.016657218774132756 -0.029017252947344439 0.99944011130937738
vn 0.016657218774447164 -0.029017252947309127 0.99944011130937294
vn 0.016657218774133085 -0.02901725294734446 0.99944011130937727
vn 0.016657218774132402 -0.029017252947344325 0.99944011130937727
vn 0.016657218774132686 -0.029017252947344349 0.99944011130937727
vn 0.016657218774132725 -0.029017252947344273 0.99944011130937727
vn 0.016657218774132763 -0.029017252947344311 0.99944011130937727
vn 0.016657218774132725 -0.029017252947344384 0.99944011130937727
vn 0.016657218774132763 -0.029017252947344311 0.99944011130937727
vn 0.016657218774132725 -0.029017252947344238 0.99944011130937727
vn 0.016657218774132697 -0.029017252947344363 0.99944011130937727
vn 0.016657218774132735 -0.029017252947344311 0.99944011130937727
vn 0.016657218774132714 -0.029017252947344252 0.99944011130937727
vn 0.016657218774133682 -0.029017252947340273 0.99944011130937738
vn 0.14370460648308636 0.10064180387963755 0.98448982391256534
vn 0.016657218774132624 -0.029017252947344734 0.99944011130937738
vn 0.016657218774129096 -0.029017252947352325 0.99944011130937727
vn 0.016657218774133051 -0.029017252947343673 0.99944011130937727
vn 0.016657218774132707 -0.029017252947344297 0.99944011130937738
vn 0.01665721877413269 -0.02901725294734428 0.99944011130937738
vn 0.016657218774132964 -0.029017252947345636 0.99944011130937727
vn 0.016657218774104209 -0.029017252947259924 0.99944011130938015
vn 0.016657218774132725 -0.029017252947344349 0.99944011130937727
vn 0.016657218774132277 -0.029017252947343801 0.99944011130937738
vn 0.016657218774134674 -0.029017252947350483 0.99944011130937704
vn 0.016657218774132548 -0.029017252947343877 0.99944011130937738
vn 0.016657218774133026 -0.029017252947344425 0.99944011130937738
vn 0.016657218774132468 -0.029017252947344141 0.99944011130937738
vn 0.016657218774048993 -0.029017252947468895 0.99944011130937505
vn 0.016657218774132572 -0.02901725294734412 0.99944011130937727
vn 0.016657218774131594 -0.029017252947345633 0.99944011130937727
vn 0.016657218774132586 -0.029017252947344276 0.99944011130937727
vn 0.016657218774132725 -0.029017252947344384 0.99944011130937727
vn 0.016657218774132763 -0.029017252947344311 0.99944011130937727
vn 0.016657218774132725 -0.029017252947344273 0.99944011130937727
vn 0.016657218774132686 -0.029017252947344349 0.99944011130937727
vn 0.016657218774132725 -0.029017252947344384 0.99944011130937727
vn 0.016657218774132686 -0.029017252947344349 0.99944011130937727
vn 0.016657218774132725 -0.029017252947344311 0.99944011130937727
vn 0.016657218774132815 -0.029017252947344283 0.99944011130937727
vn 0.016657218774133221 -0.029017252947344297 0.99944011130937727
vn 0.016657218774042328 -0.02901725294732178 0.9994401113093796
vn 0.0166572187741326 -0.029017252947342267 0.99944011130937738
vn 0.016657218774132759 -0.029017252947343548 0.99944011130937749
vn 0.016657218774131056 -0.029017252947343631 0.99944011130937738
vn 0.016657218774130608 -0.02901725294734318 0.99944011130937727
vn 0.016657218774132725 -0.029017252947344353 0.99944011130937738
vn 0.016657218774133148 -0.029017252947344252 0.99944011130937727
vn 0.016657218774132756 -0.029017252947344477 0.99944011130937738
vn 0.016657218774132697 -0.029017252947344238 0.99944011130937727
vn 0.016657218774132475 -0.029017252947344269 0.99944011130937727
vn 0.016657218774133009 -0.02901725294734642 0.99944011130937727
vn 0.016657218773894724 -0.02901725294731471 0.99944011130938204
vn 0.016657218774064245 -0.029017252947484574 0.99944011130937438
vn 0.016657218774133026 -0.029017252947344453 0.99944011130937738
vn 0.016657218774132551 -0.029017252947344686 0.99944011130937738
vn 0.016657218773799245 -0.029017252947219286 0.99944011130938648
vn 0.016657218774132572 -0.029017252947344141 0.99944011130937738
vn 0.016657218774132478 -0.029017252947342597 0.99944011130937727
vn 0.016657218774187781 -0.02901725294773063 0.99944011130936528
vn 0.016657218774132464 -0.029017252947344269 0.99944011130937715
vn 0.01665721877413268 -0.029017252947344321 0.99944011130937727
vn 0.016657218774132617 -0.029017252947344276 0.99944011130937727
vn 0.016657218774134629 -0.029017252947343423 0.99944011130937715
vn 0.016657218774132964 -0.029017252947344283 0.99944011130937738
vn 0.016657218774132794 -0.029017252947344349 0.99944011130937727
vn 0.016657218774132093 -0.029017252947344335 0.99944011130937738
vn 0.016657218774649634 -0.029017252947513471 0.99944011130936383
vn 0.016657218774131486 -0.029017252947344328 0.99944011130937727
vn 0.01665721877413397 -0.02901725294734488 0.99944011130937738
vn 0.016657218774132787 -0.02901725294734428 0.99944011130937738
vn 0.01665721877413269 -0.029017252947343419 0.99944011130937738
vn 0.016657218774133051 -0.029017252947342972 0.99944011130937738
vn 0.016657218774132836 -0.02901725294734318 0.99944011130937727
vn 0.016657218774135039 -0.029017252947340984 0.99944011130937727
vn 0.016657218774132457 -0.029017252947345192 0.99944011130937727
vn 0.016657218774132239 -0.029017252947345411 0.99944011130937727
vn 0.016657218774132239 -0.029017252947343041 0.99944011130937738
vn 0.016657218774104841 -0.029017252947259296 0.99944011130938026
vn 0.01665721877413397 -0.029017252947553956 0.99944011130937116
vn 0.01665721877413303 -0.029017252947231127 0.99944011130938071
vn 0.01665721877413304 -0.029017252947344176 0.99944011130937738
vn 0.016657218774130393 -0.029017252947341275 0.99944011130937738
vn 0.016657218774132239 -0.029017252947343117 0.99944011130937727
vn 0.016657218774129384 -0.029017252947340269 0.99944011130937749
vn 0.016657218774130757 -0.029017252947345196 0.99944011130937738
vn 0.016657218774132832 -0.029017252947343114 0.99944011130937727
vn 0.016657218774130459 -0.029017252947345498 0.99944011130937727
vn 0.016657218774065164 -0.029017252947298958 0.99944011130937971
vn 0.016657218774133006 -0.029017252947345827 0.99944011130937727
vn 0.016657218774135094 -0.029017252947344668 0.99944011130937715
vn 0.016657218774132818 -0.02901725294734438 0.99944011130937738
vn 0.016657218774133075 -0.029017252947347392 0.99944011130937727
vn 0.016657218774132856 -0.029017252947345234 0.99944011130937738
vn 0.016657218774135077 -0.029017252947343437 0.99944011130937727
vn 0.016657218774133137 -0.029017252947343832 0.99944011130937738
vn 0.016657218774132829 -0.029017252947344592 0.99944011130937727
vn 0.016657218774132829 -0.029017252947344082 0.99944011130937738
vn 0.016657218774133342 -0.029017252947344196 0.99944011130937727
vn 0.016657218774132551 -0.029017252947344193 0.99944011130937738
vn 0.016657218774132586 -0.029017252947344217 0.99944011130937738
vn 0.016657218774133013 -0.029017252947344304 0.99944011130937727
vn 0.016657218774132888 -0.029017252947345296 0.99944011130937738
vn 0.016657218774132603 -0.029017252947343912 0.99944011130937738
vn 0.016657218774132985 -0.029017252947346171 0.99944011130937727
vn 0.016657218774132638 -0.029017252947344339 0.99944011130937738
vn 0.016657218774130868 -0.029017252947341466 0.99944011130937738
vn 0.01665721877413345 -0.029017252947345633 0.99944011130937715
vn 0.016657218774132405 -0.029017252947343673 0.99944011130937727
vn 0.016657218774133599 -0.029017252947344339 0.99944011130937727
vn 0.016657218774306592 -0.029017252947171744 0.99944011130937938
vn 0.016657218774132402 -0.029017252947343947 0.99944011130937727
vn 0.016657218774131542 -0.029017252947345629 0.99944011130937738
vn 0.016657218774135348 -0.029017252947344273 0.99944011130937727
vn 0.0166572187741337 -0.02901725294734429 0.99944011130937738
vn 0.016657218774132693 -0.02901725294734437 0.99944011130937738
vn 0.016657218774132686 -0.029017252947344349 0.99944011130937727
vn 0.016657218774132652 -0.029017252947344311 0.99944011130937727
vn 0.016657218774132725 -0.029017252947344273 0.99944011130937727
vn 0.016657218774132725 -0.029017252947344384 0.99944011130937727
vn 0.016657218774132763 -0.029017252947344311 0.99944011130937727
vn 0.016657218774132725 -0.029017252947344238 0.99944011130937727
vn 0.016657218774132752 -0.029017252947344099 0.99944011130937738
vn 0.016657218774132856 -0.029017252947343839 0.99944011130937738
vn 0.016657218774132621 -0.029017252947344391 0.99944011130937738
vn 0.016657218774132183 -0.029017252947344356 0.99944011130937738
vn 0.016657218774132929 -0.029017252947345723 0.99944011130937727
vn 0.016657218774131663 -0.029017252947343187 0.99944011130937727
vn 0.016657218774132395 -0.029017252947344644 0.99944011130937727
vn 0.016657218774135278 -0.029017252947342972 0.99944011130937738
vn 0.016657218774132832 -0.029017252947345407 0.99944011130937727
vn 0.016657218774135035 -0.029017252947343208 0.99944011130937727
vn 0.016657218774131056 -0.029017252947343631 0.99944011130937738
vn 0.016657218774132836 -0.029017252947345407 0.99944011130937727
vn 0.016657218774127885 -0.02901725294734046 0.99944011130937749
vn 0.016657218774130466 -0.029017252947348932 0.99944011130937715
vn 0.016657218774132516 -0.029017252947344412 0.99944011130937738
vn 0.016657218774132867 -0.02901725294734453 0.99944011130937727
vn 0.016657218774133082 -0.029017252947344481 0.99944011130937738
vn 0.016657218774132836 -0.029017252947343079 0.99944011130937727
vn 0.016657218774132069 -0.029017252947345036 0.99944011130937727
vn 0.016657218774133734 -0.029017252947345615 0.99944011130937727
vn 0.016657218774132582 -0.029017252947344255 0.99944011130937738
vn 0.016657218774132669 -0.029017252947344304 0.99944011130937738
vn 0.0166572187741337 -0.029017252947343551 0.99944011130937738
vn 0.01665721877413176 -0.029017252947343093 0.99944011130937727
vn 0.01665721877413304 -0.029017252947344276 0.99944011130937738
vn 0.016657218774133703 -0.029017252947345022 0.99944011130937715
vn 0.016657218774132666 -0.02901725294734437 0.99944011130937727
vn 0.016657218774132603 -0.029017252947345008 0.99944011130937727
vn 0.016657218774132964 -0.029017252947344214 0.99944011130937727
vn 0.016657218774133394 -0.029017252947346986 0.99944011130937715
vn 0.016657218774130886 -0.029017252947233271 0.9994401113093806
vn 0.016657218774100216 -0.029017252947263927 0.99944011130938026
vn 0.016657218774132367 -0.029017252947344387 0.99944011130937727
vn 0.016657218774132777 -0.029017252947344307 0.99944011130937738
vn 0.016657218774132371 -0.029017252947344398 0.99944011130937738
vn 0.016657218774132215 -0.029017252947345619 0.99944011130937738
vn 0.01665721877413243 -0.029017252947344391 0.99944011130937727
vn 0.01665721877435276 -0.029017252947565589 0.99944011130936727
vn 0.016657218774132607 -0.029017252947345036 0.99944011130937738
vn 0.016657218774132471 -0.029017252947344797 0.99944011130937727
vn 0.016657218774131212 -0.02901725294734479 0.99944011130937738
vn 0.016657218774155543 -0.029017252947208628 0.99944011130938093
vn 0.01665721877413151 -0.029017252947345105 0.99944011130937738
vn 0.016657218774132409 -0.029017252947344328 0.99944011130937727
vn 0.016657218774132225 -0.029017252947344148 0.99944011130937727
vn 0.016657218774132555 -0.029017252947344776 0.99944011130937738
vn 0.016657218773978282 -0.029017252947400048 0.99944011130937827
vn 0.016657218774132808 -0.029017252947343818 0.99944011130937738
vn 0.016657218774132666 -0.029017252947344394 0.99944011130937727
vn 0.016657218774133089 -0.029017252947347614 0.99944011130937727
vn 0.016657218774133023 -0.029017252947344904 0.99944011130937727
vn 0.016657218774133006 -0.029017252947344325 0.99944011130937727
vn 0.016657218774132301 -0.029017252947344065 0.99944011130937727
vn 0.016657218774132686 -0.029017252947343718 0.99944011130937727
vn 0.016657218774133113 -0.029017252947343673 0.99944011130937727
vn 0.016657218774133096 -0.029017252947344023 0.99944011130937738
vn 0.016657218774130244 -0.02901725294734556 0.99944011130937727
vn 0.016657218774132419 -0.029017252947344103 0.99944011130937749
vn 0.016657218774134317 -0.029017252947343693 0.99944011130937727
vn 0.016657218773983268 -0.029017252947382756 0.99944011130937871
vn 0.016657218774132801 -0.029017252947342937 0.99944011130937738
vn 0.016657218774132759 -0.029017252947344311 0.99944011130937727
vn 0.016657218774188975 -0.02901725294717521 0.99944011130938126
vn 0.016657218774132471 -0.029017252947344249 0.99944011130937727
vn 0.016657218774132228 -0.029017252947344693 0.99944011130937738
vn 0.016657218774336222 -0.029017252947204804 0.99944011130937804
vn 0.016657218774133089 -0.029017252947344099 0.99944011130937727
vn 0.016657218774132725 -0.029017252947344384 0.99944011130937727
vn 0.016657218774132725 -0.029017252947344273 0.99944011130937727
vn 0.016657218774132652 -0.029017252947344311 0.99944011130937727
vn 0.016657218774132686 -0.029017252947344349 0.99944011130937727
vn 0.016657218774132686 -0.029017252947344349 0.99944011130937727
vn 0.016117686346458247 -0.039423183608826566 0.99909260470738237
vn 0.016657218774132725 -0.029017252947344238 0.99944011130937727
vn 0.016657218774132756 -0.029017252947344318 0.99944011130937727
vn 0.016657218774132745 -0.029017252947344259 0.99944011130937738
vn 0.016657218774132523 -0.029017252947344214 0.99944011130937749
vn 0.016657218774132745 -0.029017252947344294 0.99944011130937727
vn 0.016657218774136912 -0.029017252947343763 0.99944011130937727
vn 0.016657218774134466 -0.029017252947344984 0.99944011130937738
vn 0.016657218774132478 -0.029017252947343725 0.99944011130937738
vn 0.0166572187740807 -0.029017252947283426 0.99944011130938004
vn 0.016657218774133214 -0.029017252947345785 0.99944011130937715
vn 0.016657218774132836 -0.029017252947345407 0.99944011130937727
vn 0.016657218774132839 -0.029017252947344484 0.99944011130937727
vn 0.016657218774133432 -0.029017252947345269 0.99944011130937738
vn 0.016657218774132645 -0.029017252947344332 0.99944011130937738
vn 0.016657218774132652 -0.029017252947345567 0.99944011130937727
vn 0.016657218774133349 -0.029017252947344536 0.99944011130937738
vn 0.016657218774132919 -0.02901725294734421 0.99944011130937727
vn 0.016657218774132711 -0.02901725294734429 0.99944011130937727
vn 0.016657218774070056 -0.029017252947488307 0.99944011130937416
vn 0.016657218774155661 -0.029017252947208506 0.99944011130938082
vn 0.016657218774132898 -0.029017252947344349 0.99944011130937727
vn 0.016657218774132475 -0.029017252947343468 0.99944011130937738
vn 0.016657218773959717 -0.029017252946825521 0.99944011130939525
vn 0.016657218774132801 -0.029017252947344398 0.99944011130937727
vn 0.016657218774132863 -0.029017252947344474 0.99944011130937727
vn 0.016657218774133023 -0.029017252947345192 0.99944011130937727
vn 0.016657218774133078 -0.029017252947344141 0.99944011130937727
vn 0.01665721877413286 -0.029017252947344491 0.99944011130937727
vn 0.01665721877413005 -0.029017252947344852 0.99944011130937738
vn 0.016657218774047623 -0.029017252947315834 0.9994401113093796
vn 0.016657218774133183 -0.029017252947344221 0.99944011130937727
vn 0.016657218774133838 -0.02901725294734421 0.99944011130937727
vn 0.016657218774132614 -0.029017252947344384 0.99944011130937727
vn 0.016657218774135438 -0.029017252947348009 0.99944011130937715
vn 0.016657218774132836 -0.029017252947345407 0.99944011130937727
vn 0.016657218774133089 -0.029017252947344335 0.99944011130937727
vn 0.016657218774134373 -0.029017252947342712 0.99944011130937727
vn 0.016657218774133026 -0.029017252947344207 0.99944011130937727
vn 0.016657218774134626 -0.029017252947342528 0.99944011130937738
vn 0.016657218774016113 -0.029017252947434992 0.9994401113093766
vn 0.016657218774133106 -0.02901725294734394 0.99944011130937727
vn 0.016657218774132686 -0.029017252947344349 0.99944011130937727
vn 0.016657218774132686 -0.029017252947344349 0.99944011130937727
vn 0.016657218774132725 -0.029017252947344273 0.99944011130937727
vn 0.016657218774132763 -0.029017252947344311 0.99944011130937727
vn 0.016657218774132725 -0.029017252947344384 0.99944011130937727
vn 0.016657218774132725 -0.029017252947344384 0.99944011130937727
vn 0.016657218774132791 -0.029017252947344283 0.99944011130937738
vn 0.016657218774132662 -0.029017252947344349 0.99944011130937727
vn 0.016657218774133148 -0.02901725294734572 0.99944011130937727
vn 0.016657218774132836 -0.029017252947345407 0.99944011130937727
vn 0.016657218774134293 -0.029017252947346868 0.99944011130937727
vn 0.016657218774134775 -0.029017252947346212 0.99944011130937715
vn 0.016657218774132242 -0.029017252947344953 0.99944011130937738
vn 0.0166572187741337 -0.029017252947345678 0.99944011130937727
vn 0.016657218774132423 -0.029017252947344762 0.99944011130937738
vn 0.016657218774132836 -0.029017252947345407 0.99944011130937727
vn 0.016657218774132721 -0.029017252947344491 0.99944011130937738
vn 0.016657218774132822 -0.029017252947344079 0.99944011130937727
vn 0.016657218774131295 -0.029017252947343242 0.99944011130937738
vn 0.016657218774132079 -0.029017252947344006 0.99944011130937727
vn 0.016657218774133016 -0.029017252947343697 0.99944011130937727
vn 0.016657218774132548 -0.02901725294734437 0.99944011130937738
vn 0.016657218774133047 -0.029017252947344276 0.99944011130937727
vn 0.016657218774132707 -0.029017252947344977 0.99944011130937727
vn 0.016657218774132818 -0.02901725294734428 0.99944011130937738
vn 0.016657218774132614 -0.029017252947344304 0.99944011130937738
vn 0.016657218774155543 -0.029017252947208631 0.99944011130938082
vn 0.016657218774362929 -0.029017252947229483 0.99944011130937682
vn 0.016657218774132721 -0.029017252947344283 0.99944011130937738
vn 0.016657218774132725 -0.029017252947344366 0.99944011130937727
vn 0.016657218774132551 -0.029017252947343936 0.99944011130937738
vn 0.016657218774132641 -0.029017252947344134 0.99944011130937727
vn 0.016657218774133023 -0.029017252947344623 0.99944011130937738
vn 0.016657218774132471 -0.029017252947342718 0.99944011130937738
vn 0.016657218774132562 -0.029017252947344269 0.99944011130937715
vn 0.016657218774220675 -0.02901725294769766 0.99944011130936561
vn 0.016657218774132395 -0.029017252947231759 0.9994401113093806
vn 0.016657218774132596 -0.029017252947344401 0.99944011130937727
vn 0.016657218774132298 -0.029017252947344568 0.99944011130937727
vn 0.016657218774351584 -0.029017252947218415 0.99944011130937727
vn 0.016657218774133054 -0.029017252947344176 0.99944011130937738
vn 0.016657218774132725 -0.029017252947344273 0.99944011130937727
vn 0.016657218774132763 -0.029017252947344311 0.99944011130937727
vn 0.016657218774132763 -0.029017252947344311 0.99944011130937727
vn 0.016657218774132725 -0.029017252947344273 0.99944011130937727
vn 0.016657218774132614 -0.029017252947344384 0.99944011130937727
vn 0.016657218774132686 -0.029017252947344349 0.99944011130937727
vn 0.016657218774132725 -0.029017252947344384 0.99944011130937727
vn 0.016657218774132478 -0.029017252947343954 0.99944011130937727
vn 0.016657218774132166 -0.029017252947344276 0.99944011130937738
vn 0.016657218774132405 -0.029017252947343981 0.99944011130937738
vn 0.016657218774220769 -0.029017252947697515 0.99944011130936572
vn 0.016657218774133498 -0.029017252947343343 0.99944011130937727
vn 0.016657218774132922 -0.029017252947344488 0.99944011130937727
vn 0.016657218774133113 -0.029017252947343728 0.99944011130937738
vn 0.016657218774132742 -0.029017252947342188 0.99944011130937727
vn 0.0166572187741327 -0.029017252947342271 0.99944011130937727
vn 0.016657218774132641 -0.029017252947344196 0.99944011130937727
vn 0.016657218774132652 -0.029017252947345463 0.99944011130937727
vn 0.016657218774132627 -0.029017252947344953 0.99944011130937727
vn 0.016657218774131632 -0.029017252947344401 0.99944011130937727
vn 0.016657218774132371 -0.029017252947343697 0.99944011130937727
vn 0.016657218774132624 -0.029017252947344384 0.99944011130937727
vn 0.016657218774132954 -0.029017252947344249 0.99944011130937727
vn 0.016657218774132773 -0.029017252947345491 0.99944011130937727
vn 0.016657218774132475 -0.029017252947343749 0.99944011130937727
vn 0.016657218774426826 -0.029017252947491558 0.99944011130936805
vn 0.016657218774133033 -0.02901725294734404 0.99944011130937727
vn 0.016657218774131472 -0.02901725294734428 0.99944011130937727
vn 0.01665721877413303 -0.029017252947344151 0.99944011130937727
vn 0.016657218774132499 -0.029017252947344179 0.99944011130937749
vn 0.01665721877413304 -0.029017252947344026 0.99944011130937738
vn 0.016657218774132697 -0.02901725294734436 0.99944011130937727
vn 0.016657218774133412 -0.029017252947230746 0.9994401113093806
vn 0.016657218774132281 -0.029017252947343031 0.99944011130937727
vn 0.016657218774132475 -0.02901725294734387 0.99944011130937738
vn 0.016657218774132121 -0.029017252947345397 0.99944011130937715
vn 0.016657218774132947 -0.029017252947344793 0.99944011130937727
vn 0.016657218774046596 -0.029017252946911255 0.99944011130939137
vn 0.016657218774132086 -0.029017252947343652 0.99944011130937738
vn 0.016657218774132988 -0.029017252947344821 0.99944011130937738
vn 0.01665721877404933 -0.029017252947470765 0.99944011130937493
vn 0.016657218774132215 -0.029017252947550361 0.99944011130937138
vn 0.016657218774132326 -0.029017252947343686 0.99944011130937749
vn 0.016657218774091358 -0.029017252947511698 0.99944011130937316
vn 0.016657218774132738 -0.029017252947344641 0.99944011130937727
vn 0.016657218774132503 -0.029017252947343405 0.99944011130937738
vn 0.016657218774133148 -0.029017252947342257 0.99944011130937727
vn 0.016657218774132933 -0.029017252947344446 0.99944011130937738
vn 0.016657218774133203 -0.029017252947344516 0.99944011130937738
vn 0.016657218774132471 -0.02901725294734386 0.99944011130937727
vn 0.01665721877413185 -0.029017252947344384 0.99944011130937727
vn 0.016657218774020859 -0.029017252947344328 0.99944011130937915
vn 0.016657218774134685 -0.029017252947343947 0.99944011130937738
vn 0.016657218774132589 -0.029017252947343877 0.99944011130937727
vn 0.016657218774134681 -0.029017252947342968 0.99944011130937727
vn 0.016657218774132239 -0.029017252947345411 0.99944011130937727
vn 0.016657218774132586 -0.02901725294734445 0.99944011130937738
vn 0.016657218774133207 -0.02901725294734505 0.99944011130937715
vn 0.016657218774132947 -0.029017252947345411 0.99944011130937727
vn 0.016657218774133328 -0.029017252947346552 0.99944011130937727
vn 0.016657218774134685 -0.029017252947343818 0.99944011130937727
vn 0.016657218774134681 -0.029017252947342968 0.99944011130937727
vn 0.016657218774134466 -0.029017252947343183 0.99944011130937727
vn 0.016657218774132936 -0.029017252947345105 0.99944011130937727
vn 0.01665721877413422 -0.029017252947342972 0.99944011130937738
vn 0.016657218774134008 -0.029017252947343187 0.99944011130937738
vn 0.016657218774132888 -0.029017252947344193 0.99944011130937738
vn 0.016657218774479548 -0.029017252947344606 0.99944011130937149
vn 0.016657218774132038 -0.029017252947338912 0.9994401113093776
vn 0.01665721877413353 -0.029017252947343686 0.99944011130937738
vn 0.016657218774132662 -0.029017252947344398 0.99944011130937738
vn 0.016657218774132752 -0.029017252947344273 0.99944011130937727
vn 0.016657218773958867 -0.029017252946823023 0.99944011130939536
vn 0.0166572187741344 -0.029017252947344276 0.99944011130937738
vn 0.016657218774132936 -0.029017252947344495 0.99944011130937727
vn 0.016657218774132555 -0.029017252947344668 0.99944011130937727
vn 0.01665721877413176 -0.029017252947347177 0.99944011130937715
vn 0.01665721877413268 -0.029017252947344477 0.99944011130937738
vn 0.01665721877413251 -0.029017252947344679 0.99944011130937727
vn 0.016657218774132367 -0.02901725294734446 0.99944011130937727
vn 0.016657218774135594 -0.029017252947342625 0.99944011130937727
vn 0.016657218774132475 -0.029017252947344262 0.99944011130937727
vn 0.016657218774132017 -0.029017252947345511 0.99944011130937727
vn 0.016657218774132718 -0.029017252947344339 0.99944011130937738
vn 0.016657218774133023 -0.029017252947344304 0.99944011130937727
vn 0.016657218774132471 -0.029017252947344408 0.99944011130937715
vn 0.016657218774384648 -0.029017252947249758 0.99944011130937593
vn 0.016657218774130813 -0.029017252947349373 0.99944011130937727
vn 0.016657218774134907 -0.029017252947343419 0.99944011130937738
vn 0.016657218774219218 -0.029017252947084415 0.99944011130938337
vn 0.016657218774132693 -0.029017252947344158 0.99944011130937749
vn 0.016657218774132298 -0.029017252947344221 0.99944011130937727
vn 0.01665721877413244 -0.02901725294734419 0.99944011130937727
vn 0.016657218774132263 -0.029017252947344439 0.99944011130937727
vn 0.016657218774133148 -0.029017252947344901 0.99944011130937727
vn 0.016657218774132839 -0.0290172529473448 0.99944011130937738
vn 0.016657218774132818 -0.029017252947344425 0.99944011130937738
vn 0.016657218774133148 -0.02901725294734572 0.99944011130937727
vn 0.016657218774132836 -0.029017252947345407 0.99944011130937727
vn 0.016657218774132138 -0.029017252947344706 0.99944011130937727
vn 0.016657218774132496 -0.02901725294734445 0.99944011130937727
vn 0.016657218774132877 -0.029017252947344311 0.99944011130937727
vn 0.016657218774133054 -0.029017252947344419 0.99944011130937738
vn 0.016657218774133852 -0.029017252947344037 0.99944011130937727
vn 0.016657218774131573 -0.029017252947345498 0.99944011130937738
vn 0.016657218774133245 -0.02901725294734412 0.99944011130937738
vn 0.016657218774132562 -0.029017252947344748 0.99944011130937727
vn 0.016657218774132898 -0.02901725294734453 0.99944011130937727
vn 0.016657218774132693 -0.02901725294734428 0.99944011130937738
vn 0.016657218774132652 -0.029017252947344349 0.99944011130937727
vn 0.016657218774132686 -0.029017252947344349 0.99944011130937727
vn 0.016657218774132652 -0.029017252947344349 0.99944011130937727
vn 0.016657218774132725 -0.029017252947344311 0.99944011130937727
vn 0.016657218774132725 -0.029017252947344297 0.99944011130937727
vn 0.016657218774132725 -0.029017252947344384 0.99944011130937727
vn 0.016657218774132725 -0.029017252947344412 0.99944011130937738
vn 0.016657218774132856 -0.029017252947344155 0.99944011130937727
vn 0.01665721877404841 -0.029017252947315691 0.99944011130937949
vn 0.016657218774132919 -0.02901725294734318 0.99944011130937727
vn 0.016657218774133113 -0.029017252947344533 0.99944011130937727
vn 0.01665721877413455 -0.029017252947343093 0.99944011130937727
vn 0.016657218774134466 -0.029017252947343183 0.99944011130937727
vn 0.016657218774134178 -0.029017252947343471 0.99944011130937727
vn 0.016657218774132912 -0.029017252947343107 0.99944011130937738
vn 0.016657218774132336 -0.029017252947345414 0.99944011130937738
vn 0.016657218774132898 -0.029017252947344245 0.99944011130937738
vn 0.016657218774130924 -0.029017252947341275 0.99944011130937738
vn 0.016657218774132836 -0.029017252947343187 0.99944011130937727
vn 0.016657218774129852 -0.029017252947340203 0.99944011130937749
vn 0.016657218774130331 -0.029017252947341275 0.99944011130937738
vn 0.016657218774132242 -0.029017252947343183 0.99944011130937727
vn 0.016657218774129259 -0.029017252947340203 0.99944011130937749
vn 0.01665721877413302 -0.029017252947342975 0.99944011130937738
vn 0.01665721877413295 -0.029017252947343187 0.99944011130937738
vn 0.016657218774132541 -0.029017252947343905 0.99944011130937749
vn 0.016657218774133148 -0.029017252947345105 0.99944011130937727
vn 0.016657218774132836 -0.029017252947344949 0.99944011130937727
vn 0.016657218774132801 -0.029017252947343818 0.99944011130937738
vn 0.016657218773924176 -0.029017252947344148 0.99944011130938082
vn 0.016657218774132346 -0.029017252947344429 0.99944011130937727
vn 0.016657218774134088 -0.029017252947351739 0.99944011130937704
vn 0.016657218774132818 -0.029017252947344026 0.99944011130937738
vn 0.016657218774169522 -0.02901725294719466 0.99944011130938104
vn 0.016657218774134352 -0.029017252947343933 0.99944011130937715
vn 0.016657218774134605 -0.029017252947343863 0.99944011130937738
vn 0.016657218774132357 -0.029017252947344186 0.99944011130937727
vn 0.016657218774130723 -0.029017252947342226 0.99944011130937738
vn 0.016657218774188957 -0.029017252947175234 0.99944011130938137
vn 0.016657218774132312 -0.029017252947345109 0.99944011130937738
vn 0.016657218774132659 -0.029017252947344484 0.99944011130937727
vn 0.016657218774132645 -0.029017252947344599 0.99944011130937727
vn 0.016657218774133151 -0.029017252947344103 0.99944011130937738
vn 0.016657218774133013 -0.029017252947344339 0.99944011130937727
vn 0.016657218774132506 -0.029017252947344415 0.99944011130937727
vn 0.016657218774128086 -0.029017252947345057 0.99944011130937738
vn 0.016657218774124745 -0.029017252947338427 0.9994401113093776
vn 0.016657218774132874 -0.029017252947345046 0.99944011130937727
vn 0.016657218774132638 -0.029017252947344044 0.99944011130937738
vn 0.016657218774132416 -0.029017252947345629 0.99944011130937727
vn 0.016657218773958388 -0.02901725294737861 0.99944011130937915
vn 0.01665721877413294 -0.029017252947344269 0.99944011130937727
vn 0.016657218774132999 -0.029017252947344307 0.99944011130937727
vn 0.016657218774133085 -0.029017252947343548 0.99944011130937727
vn 0.016657218774133151 -0.029017252947344582 0.99944011130937727
vn 0.016657218774132808 -0.029017252947344249 0.99944011130937738
vn 0.016657218774132707 -0.029017252947344377 0.99944011130937727
vn 0.016657218774132912 -0.029017252947344276 0.99944011130937738
vn 0.016657218774132242 -0.029017252947343666 0.99944011130937749
vn 0.016657218774133009 -0.029017252947343943 0.99944011130937727
vn 0.016657218774132787 -0.029017252947344398 0.99944011130937738
vn 0.016657218774132378 -0.029017252947345518 0.99944011130937727
vn 0.016657218774132503 -0.029017252947344002 0.99944011130937727
vn 0.016657218774132829 -0.029017252947341476 0.99944011130937738
vn 0.016657218774132964 -0.02901725294734428 0.99944011130937727
vn 0.016657218774131437 -0.029017252947344183 0.99944011130937727
vn 0.016657218774133127 -0.029017252947231034 0.9994401113093806
vn 0.016657218774132093 -0.029017252947344769 0.99944011130937738
vn 0.016657218774132752 -0.029017252947345411 0.99944011130937738
vn 0.016657218774132392 -0.029017252947344332 0.99944011130937727
vn 0.016657218774133051 -0.029017252947342972 0.99944011130937738
vn 0.016657218774132836 -0.02901725294734318 0.99944011130937727
vn 0.016657218774133974 -0.02901725294734293 0.99944011130937738
vn 0.01665721877413329 -0.029017252947230864 0.99944011130938049
vn 0.016657218774133436 -0.029017252947343915 0.99944011130937738
vn 0.016657218774133072 -0.029017252947343183 0.99944011130937727
vn 0.016657218774133144 -0.0290172529473442 0.99944011130937727
vn 0.016657218774134681 -0.029017252947342968 0.99944011130937727
vn 0.016657218774132239 -0.029017252947345411 0.99944011130937727
vn 0.016657218774136669 -0.029017252947340987 0.99944011130937738
vn 0.016657218774134681 -0.029017252947342968 0.99944011130937727
vn 0.016657218774132239 -0.029017252947345411 0.99944011130937727
vn 0.016657218774136669 -0.029017252947340987 0.99944011130937738
vn 0.016657218774132555 -0.029017252947343499 0.99944011130937738
vn 0.016657218774132242 -0.029017252947343183 0.99944011130937727
vn 0.016657218774131479 -0.029017252947342417 0.99944011130937738
vn 0.016657218774130348 -0.029017252947345203 0.99944011130937738
vn 0.016657218774132367 -0.029017252947343187 0.99944011130937738
vn 0.016657218774131247 -0.029017252947345303 0.99944011130937738
vn 0.016657218774130927 -0.029017252947342892 0.99944011130937749
vn 0.016657218774132836 -0.029017252947343839 0.99944011130937727
vn 0.016657218774132069 -0.029017252947343457 0.99944011130937727
vn 0.016657218774132277 -0.029017252947344266 0.99944011130937738
vn 0.016657218774132638 -0.029017252947346757 0.99944011130937727
vn 0.016657218774133616 -0.029017252947343072 0.99944011130937727
vn 0.016657218773960134 -0.029017252946826028 0.99944011130939525
vn 0.016657218774134012 -0.029017252947342604 0.99944011130937727
vn 0.016657218774133592 -0.029017252947344606 0.99944011130937727
vn 0.016657218774133838 -0.029017252947343364 0.99944011130937727
vn 0.016657218774132995 -0.0290172529473437 0.99944011130937738
vn 0.016657218774130129 -0.029017252947347173 0.99944011130937727
vn 0.016657218774132884 -0.02901725294734412 0.99944011130937727
vn 0.01665721877413302 -0.029017252947344443 0.99944011130937727
vn 0.016657218774132711 -0.029017252947344287 0.99944011130937727
vn 0.02064057440338965 -0.02908726462923316 0.99936374645305548
vn 0.016657218774132575 -0.029017252947343451 0.99944011130937738
vn 0.016657218774133547 -0.029017252947346178 0.99944011130937738
vn 0.016657218774132725 -0.02901725294734419 0.99944011130937727
vn 0.016657218774132777 -0.029017252947344245 0.99944011130937738
vn 0.016657218774132163 -0.029017252947341865 0.99944011130937749
vn 0.016657218774132683 -0.029017252947344703 0.99944011130937738
vn 0.016657218774439531 -0.029017252947306164 0.99944011130937327
vn 0.016657218774132867 -0.029017252947346459 0.99944011130937715
vn 0.01665721877413397 -0.029017252947341501 0.99944011130937749
vn 0.01665721877413286 -0.029017252947344415 0.99944011130937727
vn 0.016657218774029519 -0.029017252947449435 0.99944011130937593
vn 0.016657218774132475 -0.029017252947343794 0.99944011130937738
vn 0.016657218774131496 -0.029017252947344904 0.99944011130937727
vn 0.016657218774136756 -0.029017252947343423 0.99944011130937727
vn 0.016657218773966802 -0.029017252947412673 0.99944011130937804
vn 0.016657218774136048 -0.029017252947343249 0.99944011130937727
vn 0.016657218774130809 -0.029017252947346982 0.99944011130937727
vn 0.016657218774133016 -0.029017252947345723 0.99944011130937727
vn 0.016657218774132478 -0.029017252947343645 0.99944011130937738
vn 0.016657218774131451 -0.029017252947345633 0.99944011130937738
vn 0.016657218774135507 -0.029017252947342059 0.99944011130937727
vn 0.016657218774132745 -0.029017252947344412 0.99944011130937727
vn 0.016657218774132558 -0.029017252947344328 0.99944011130937727
vn 0.016657218774134501 -0.029017252947229663 0.99944011130938071
vn 0.016657218774132072 -0.029017252947344373 0.99944011130937749
vn 0.016657218774562943 -0.029017252947430967 0.99944011130936761
vn 0.016657218774132159 -0.029017252947344207 0.99944011130937738
vn 0.016657218774133082 -0.029017252947344571 0.99944011130937727
vn 0.016657218774132718 -0.029017252947344221 0.99944011130937738
vn 0.016657218774130872 -0.029017252947343478 0.99944011130937738
vn 0.016657218774132711 -0.029017252947344401 0.99944011130937727
vn 0.016657218774132478 -0.029017252947344509 0.99944011130937738
vn 0.016657218774139261 -0.029017252947343357 0.99944011130937715
vn 0.016657218774069116 -0.029017252947849077 0.99944011130936372
vn 0.0166572187741327 -0.029017252947344328 0.99944011130937715
vn 0.016657218774132395 -0.029017252947344373 0.99944011130937738
vn 0.016657218774132423 -0.029017252947344668 0.99944011130937727
vn 0.016657218774444531 -0.02901725294730954 0.99944011130937316
vn 0.016657218774132631 -0.029017252947344221 0.99944011130937727
vn 0.016657218774132881 -0.029017252947344249 0.99944011130937738
vn 0.016657218774128648 -0.029017252947344675 0.99944011130937727
vn 0.016657218774132811 -0.02901725294734336 0.99944011130937738
vn 0.016657218774132686 -0.029017252947344002 0.99944011130937727
vn 0.016657218774132503 -0.029017252947344311 0.99944011130937727
vn 0.018508145279774051 -0.029062364604463285 0.99940623748398738
vn 0.016657218774132725 -0.029017252947344311 0.99944011130937727
vn 0.016657218774132874 -0.029017252947344311 0.99944011130937727
vn 0.01665721877413278 -0.029017252947344328 0.99944011130937727
vn 0.017012463388562868 -0.054427719260229816 0.99837277580349837
vn -0.46452764553212916 0.83311000775750998 0.30023620952619656
vn -0.44862145639271611 0.57302524237671426 0.6858431748316709
vn -0.71352410771377806 0.49271955019167318 0.49810720991586954
vn -0.63343444122363013 0.56786643132469083 0.52563154856445571
vn -0.71461974660057415 0.30593456155815313 0.62906491065131886
vn -0.60038824724732365 0.52520639061489949 0.60306898429993572
vn -0.54185273505630793 0.40700994732736562 0.73534924783301014
vn -0.60793273029225248 0.49054131389918704 0.62432925191557909
vn -0.63128362177842434 0.57197542580531369 0.5237605379838628
vn -0.56436425824938286 0.47996707526353288 0.67165809060383852
vn -0.566552012311205 0.50746575148013107 0.64922825602466672
vn -0.53679249953804642 0.48156712258369411 0.69278201397420647
vn -0.58712129727332474 0.51859691035665034 0.62156723438146644
vn -0.61618550490131285 0.58372146177290307 0.52875767475774682
vn -0.52193608078598719 0.47874745636708815 0.70596288896499837
vn -0.62095206634584754 0.59457978981565074 0.51077725560521847
vn -0.58359241921934124 0.43822425672846416 0.6836515114036551
vn -0.57004903465540313 0.48365195240247677 0.66417233232476303
vn -0.5286503389996321 0.49741117884520036 0.68783060286338094
vn -0.56476238986442395 0.54461593043058942 0.62002978260390651
vn -0.59863553391540592 0.60071511053579407 0.52988381132828122
vn -0.48116181897447585 0.48239717304857299 0.73196739776845177
vn -0.60702624993074294 0.61957325433705035 0.49764255686709102
vn -0.55288990609480049 0.50539527144635132 0.66248650653288899
vn -0.54226981958082665 0.50787845878985327 0.66933019793598214
vn -0.5358528614502045 0.51732074431575104 0.66726378470304049
vn -0.51081249645580218 0.51432472743548496 0.68886912270256773
vn -0.53282734493685169 0.57345169428713005 0.62229267616352768
vn -0.57943149427530305 0.62026152121486744 0.52871049615276988
vn -0.44181457393156215 0.49176140798382706 0.75031366766135632
vn -0.57784239260648196 0.64738493575137024 0.49698180476654341
vn -0.50637777802540229 0.55417419001624468 0.66066066406431045
vn -0.51804141326173903 0.51914745128954431 0.67979336416689906
vn -0.50898037341613356 0.5330248743556093 0.67588716720719022
vn -0.48960323615126439 0.555636056319605 0.671980092017469
vn -0.4851422529425316 0.52889474942083259 0.69635288356186154
vn -0.48656576285123987 0.60776301712844227 0.62759690361881471
vn -0.56253338647785467 0.6393485456730752 0.52420380220242613
vn -0.40049544557955752 0.50154804669889874 0.76684610902224104
vn -0.4815533504160775 0.70766054625892771 0.51703280550809017
vn -0.4319021151671682 0.47426681897233042 0.76715809800587587
vn -0.46195662101981699 0.50079370896358433 0.73198479585196974
vn -0.47651549880252686 0.5519360702023498 0.68432415842973549
vn -0.46749564190185094 0.56179151652932136 0.68252334521132807
vn -0.43976892348758095 0.5904803381855942 0.67670988181849434
vn -0.45239071681876941 0.54251673194955363 0.70782641579060612
vn -0.38848525802487804 0.69773700504955016 0.60186566282005804
vn -0.5439144741144224 0.66692331770245994 0.50928413793635374
vn -0.2838393488132242 0.40212270970665837 0.87047834574069638
vn -0.39385569134033444 0.78444575854960075 0.47908511382881513
vn -0.34889092197369537 0.39166629315842244 0.85139452627315237
vn -0.36683772808617077 0.45819287827423083 0.80962297864583399
vn -0.42728950062822463 0.53804499574430509 0.72658878687149664
vn -0.43187058429723352 0.58261162179909476 0.68851397702834949
vn -0.41533150459671575 0.59545656384634782 0.68769995045930354
vn -0.40236745973167071 0.60778878970352279 0.68461172533035775
vn -0.41293750407143492 0.5991902892010238 0.68589621303696324
vn -0.37228526378342686 0.75603647306791777 0.5383423945415482
vn -0.2535526156887935 0.70691432233687534 0.66029024826387317
vn -0.32836191497427331 0.39346558541188376 0.85869860014495869
vn -0.3129464910890456 0.42880281311000323 0.84746247184403478
vn -0.33499431176625721 0.50278333755766524 0.79686117144621027
vn -0.38882942477815041 0.58426655669058691 0.71235122598309464
vn -0.3900251645709773 0.60159019504639233 0.69711520441418129
vn -0.34593056391787702 0.64303171281368543 0.68325856106115312
vn -0.39311405332450317 0.58887615265618565 0.7061771859183984
vn -0.36087844840966676 0.70266945790172453 0.61320663597642844
vn -0.56173229997564178 0.47490169913164992 0.67744018136360018
vn -0.49494233090690343 0.68059101273235567 0.54021103511904289
vn -0.28726790559609916 0.7937400326692392 0.53614728475733797
vn -0.26415018063113477 0.46866473868196512 0.84295791400799147
vn -0.25142223437929329 0.43898585807456392 0.86259971972535598
vn -0.2747947621853073 0.45638009735771323 0.8462889845739956
vn -0.32243876880482197 0.5524162270655929 0.76868039681407641
vn -0.33760272743972775 0.63178149285437668 0.69776539303117646
vn -0.33442487178245567 0.6252965246549268 0.70509876002426675
vn -0.29774711686285932 0.66711301427329261 0.68286666384225869
vn -0.33264139218648653 0.610070284270119 0.7191411213766129
vn -0.24617161715128638 0.80779642955407382 0.53559729583784388
vn -0.24234817733485634 0.87635572045400179 0.41625474432133563
vn -0.17021788811510044 0.44689851613249765 0.87824118944866547
vn -0.23656005800650248 0.39762964539332113 0.88652693363503721
vn -0.22759430620563462 0.4511082545007572 0.86296128215816015
vn -0.23639116577078367 0.51758333964701064 0.82233004521626052
vn -0.29917735138870261 0.61586799744309195 0.7288343585078001
vn -0.30180594974883357 0.64293304640588866 0.7039533127526626
vn -0.2574449750931096 0.67805252810289884 0.68845250666445812
vn -0.31728530999875632 0.62227804618798033 0.71561167213193433
vn -0.25815995552387649 0.76040371645797367 0.59593592387169603
vn -0.58718022954330695 0.68153055329912149 0.43673273629676862
vn -0.44303079290044051 0.71175635015614425 0.5450932163900144
vn -0.26810813406775746 0.92115556857216796 0.28211778911509872
vn -0.12069554208196397 0.28601744638146887 0.95059276585032171
vn -0.16901737668609618 0.35453584973944252 0.91963985213108379
vn -0.17450317635417156 0.46694269461056176 0.86689858772069339
vn -0.19492879144592673 0.4721902195671413 0.85967387002895768
vn -0.23837245515868932 0.58534863643164381 0.77494873794931363
vn -0.24513661780006418 0.67203413846675308 0.6987690286130277
vn -0.23972471466119782 0.65796657859345087 0.71387116669230699
vn -0.22490977523347847 0.68810504278083195 0.68987465753136301
vn -0.23802779737447199 0.67041874703440818 0.70276701068125802
vn -0.24867947605510926 0.80100459407753155 0.54456419130865108
vn -0.03628354813880949 0.13497233522706337 0.99018481752540111
vn -0.087486272215542893 0.30142949331100133 0.9494663831521899
vn -0.16186249766420205 0.43885296435860255 0.88386006105241188
vn -0.15997878687963552 0.46051706046946278 0.87311558499724717
vn -0.16800678102215538 0.55806694332229034 0.8126099976627712
vn -0.20834455456680859 0.66831880266231714 0.7141026008847503
vn -0.21450973141301749 0.66152683410731283 0.71858738013206924
vn -0.17133683390123913 0.71284166738019084 0.68007385378010865
vn -0.22977385729254199 0.64075506259706005 0.73255506568526596
vn -0.13211032514628074 0.83268512115810112 0.53775677679752454
vn -0.23605016462621858 0.85943767901016732 0.45348340176631785
vn -0.0063026162580127531 0.048832238637479777 0.99878710919692826
vn -0.057134885304185881 0.21229539954285118 0.97553383755470979
vn -0.13949677070112312 0.40467739887581322 0.90375707676513628
vn -0.12128352128604229 0.47922899893336163 0.86926973606918256
vn -0.12802077265029801 0.52261591022043385 0.84290170966399647
vn -0.17641956973215434 0.64549046228227214 0.74311385299840849
vn -0.17809021206041717 0.6841986745320503 0.7072171166882637
vn -0.14841860502265092 0.70320761191714232 0.69532076930357845
vn -0.19976023296168385 0.66312005978674871 0.7213651195029549
vn -0.14264999008256188 0.8013581103859434 0.58092698271651588
vn -0.31968488146878576 0.78698728135789242 0.52768607669826006
vn -0.11476046055897168 0.62413469152149148 0.77284275472547792
vn 0.0037242163611650786 3.0102419063463676e-05 0.99999306462912008
vn -0.030344367596183044 0.12752452006070036 0.99137112936502025
vn -0.09235127382932265 0.38025581870422226 0.92025906926456469
vn -0.090329938892668049 0.49111805852566287 0.86639688060936049
vn -0.10065049818859285 0.49022111637243831 0.86576713628836022
vn -0.13590861977221755 0.62174707468422818 0.77133612789316153
vn -0.1381052559327838 0.70266706681257896 0.69798705682895512
vn -0.12725351601486121 0.68701409142730507 0.71541469151965964
vn -0.14518361478724717 0.69607460126780185 0.70313716120482417
vn -0.14252573652479686 0.73605510985941525 0.66174714935382095
vn -0.23921402876542711 0.80211686910110502 0.54716101537413475
vn -0.10344765034245683 0.75340679414935141 0.64936644983262071
vn 0.011657994616357298 -0.022914030797632854 0.99966946455022332
vn -0.0052458233426630006 0.0722975072832754 0.99736931563893749
vn -0.04728500737913504 0.35412692981250293 0.93400120217199178
vn -0.069994006438646922 0.48626174492434959 0.87100536995232902
vn -0.079707445259041637 0.47071664346459718 0.87867659849099222
vn -0.097100344607456507 0.60199720033348381 0.7925723272154791
vn -0.10630620986076778 0.70957809577869568 0.69656149458329852
vn -0.10690615074458658 0.67806567893531211 0.72718499020742322
vn -0.098262135790461405 0.7199778843466994 0.68700538478351647
vn -0.10309770503339687 0.68913141014089829 0.71726477870732208
vn -0.12057911116944688 0.82964802983963459 0.54510991967932398
vn -0.0768478489200215 0.76015393474102655 0.64518245761497628
vn 0.016288630831495558 -0.028648871563789646 0.99945681380625784
vn 0.008891465347254662 0.043600474724359378 0.99900947965862119
vn -0.024335843006522691 0.31973932259180476 0.94719297523455881
vn -0.060964778437800557 0.47087353837213425 0.88009170354624755
vn -0.062111348212972706 0.46630615115642376 0.8824402267671444
vn -0.06891499763634816 0.58479924779454562 0.80824536056801211
vn -0.086614998297047621 0.70624729052684254 0.70264685774113866
vn -0.090032316890358163 0.67947942130678218 0.72814963979662495
vn -0.073509323349231187 0.72925236067901433 0.6802847740651139
vn -0.088868351907200924 0.67626361065255958 0.73127966260279742
vn -0.071165594796983339 0.83421656446989834 0.54682554958709773
vn -0.060226358635553458 0.74757749676929441 0.66143833578774169
vn 0.01665721877413217 -0.029017252947344491 0.99944011130937738
vn 0.011384764825805705 0.0258662278619235 0.9996005829260286
vn -0.017203425864500053 0.2802209903894492 0.95978134941437632
vn -0.05271224228832222 0.45660582680877315 0.88810615268514725
vn -0.04763876157680362 0.47112814255663166 0.88077739621686857
vn -0.052153931412736811 0.56741401557594306 0.82177935138708558
vn -0.072945849350905104 0.69799972223595097 0.7123729997838284
vn -0.076257559437981695 0.68628777695800192 0.7233214166790628
vn -0.060858796345485668 0.72862758257345628 0.68220088890336394
vn -0.084205658681949888 0.67781209044867841 0.7303972734666605
vn -0.052567977434414694 0.83433500583366871 0.54874557473294205
vn -0.048045359287014887 0.73497793113093846 0.67638678594533996
vn 0.016657218774132565 -0.02901725294734301 0.99944011130937738
vn 0.012636518953461974 0.012541282903678026 0.99984150474556144
vn -0.011428497214197378 0.24246212179560986 0.97009355680047471
vn -0.043969810752872839 0.44491733105747716 0.89449160100419478
vn -0.037658254824659981 0.47813861641129396 0.87747667737658663
vn -0.041092410280618434 0.55077738855718517 0.83364001947570687
vn -0.062214473333252959 0.6880473577893339 0.72299390920462292
vn -0.065543713198350159 0.69384120375498948 0.71713904204972667
vn -0.052352473127159231 0.72381964632013662 0.68800024575465246
vn -0.077295455906693622 0.68302079917175862 0.72629745999483453
vn -0.040951028134211274 0.8351592409614903 0.54848159087737702
vn -0.040037252246929458 0.72331073010598634 0.68936101292868368
vn 0.016657218774132364 -0.029017252947343749 0.99944011130937727
vn 0.013512213130199065 0.0022088950268548901 0.99990626604651522
vn -0.0069337075068534792 0.20803024752448873 0.9780978170996546
vn -0.037111885684459618 0.43403077751841629 0.90013331907429284
vn -0.031628560161425387 0.48508868704817987 0.87389278511725232
vn -0.034525455467905225 0.53543203123975858 0.84387234392839283
vn -0.055235726323618124 0.67712179355534974 0.73379499264432768
vn -0.058873807310145194 0.7007231120771451 0.71099999649348
vn -0.047708710079466359 0.71728578533170195 0.69514385643810239
vn -0.072134317965206057 0.68909807911333665 0.72106898250722462
vn -0.034503986023781102 0.83617633506649702 0.54737428841993674
vn -0.07133312331108721 0.80540252887632802 0.58842021719031767
vn 0.016657218774132714 -0.029017252947344491 0.99944011130937727
vn 0.014095670670759976 -0.0060816879632577692 0.99988215562628124
vn -0.003847250465232517 0.17644142614521094 0.98430362277282202
vn -0.03289221634438777 0.42277843886280336 0.90563596093390919
vn -0.029047257352043471 0.49123190353426621 0.87054435486678428
vn -0.031709682965159129 0.52122703443232088 0.85282874868471537
vn -0.051981767675015604 0.66535449399852309 0.74471557869118743
vn -0.056057566531776522 0.70660936306385813 0.70537986735164493
vn -0.046522002379210378 0.71004527568948639 0.70261754160116874
vn -0.069509805327730906 0.69518268309467579 0.71546448136059737
vn -0.051142516344286772 0.8229540224732228 0.56580130780788818
vn -0.12733692340816322 0.86746623515751675 0.48092373490875612
vn 0.0033785681653678004 0.12041673961326731 0.99271768096375834
vn -0.011475557008366789 0.28543045019819646 0.95833072041493206
vn 0.016657218774132908 -0.029017252947344488 0.99944011130937727
vn 0.014464540426338462 -0.013047675869385766 0.99981024960972575
vn -0.0016984449809350783 0.14666698812713666 0.98918446706282304
vn -0.029906103451544801 0.41062947351557211 0.91131172518335879
vn -0.028144869088866091 0.49620974202118306 0.86774636747568201
vn -0.031059781045393323 0.50786885421902983 0.86087427474379896
vn -0.050618328252220221 0.65284463233339463 0.75579869732517091
vn -0.054909793814365337 0.71161304995304608 0.70042257365092653
vn -0.047132362515588257 0.70253490002498631 0.71008679374466732
vn -0.06735751481541298 0.70149273440449422 0.70948636968978984
vn -0.058594797166085871 0.79689139363361117 0.60127427726267002
vn -0.14231983352945768 0.84452575688618015 0.51625702023311226
vn 0.016657218774133301 -0.029017252947344488 0.99944011130937727
vn 0.014844076246116604 -0.018880351045164813 0.99971155127107081
vn 0.00074866798818821513 0.11890621264191027 0.99290520800900239
vn -0.026092035051760002 0.39757602959247623 0.91719818272843323
vn -0.027410546011996297 0.49937948213736172 0.86594964910642747
vn -0.030852108130484782 0.49548186573809855 0.86807019770788008
vn -0.048951922348805223 0.63998911978914041 0.76682307988862575
vn -0.053612527555358502 0.71563226682257031 0.69641665371494066
vn -0.047984050294236941 0.6951789282279226 0.7172334269017564
vn -0.063881930895130154 0.70818107035056055 0.70313488784318212
vn -0.060175791252332557 0.76522301057714648 0.64094665786663096
vn -0.13705964909417487 0.83147197134094586 0.53839484903236479
vn -0.035526038832345452 0.5873575110581406 0.8085474969155918
vn 0.016657218774133106 -0.029017252947344488 0.99944011130937727
vn 0.015264913795229738 -0.023486059114331891 0.99960761673473775
vn 0.0036653466588149647 0.094077195711754213 0.99555815826142624
vn -0.021146477129868998 0.38344511227331962 0.92332154333076033
vn -0.026662568143639129 0.50001108783178894 0.86560846778740386
vn -0.030861693974468075 0.48449144194304433 0.87425145040141405
vn -0.046651419703376149 0.62721932105300837 0.7774442541671156
vn -0.051968581119672334 0.71833800398592496 0.69375051611218663
vn -0.048846056692227101 0.68859830651818255 0.72349598133362902
vn -0.058922736469374959 0.71502102531551881 0.69661542079091598
vn -0.05903810676333545 0.73245047488501547 0.67825570678801983
vn -0.11191931879195902 0.86229443560703667 0.49388497891947042
vn -0.032063908988115154 0.50371859112064399 0.86327254485465676
vn 0.016657218774132714 -0.029017252947344491 0.99944011130937727
vn 0.015727351585384245 -0.02674129431989708 0.99951866095146347
vn 0.0070469170641996358 0.073167655750799684 0.99729475838982662
vn -0.01504414851704175 0.36801543575000761 0.92969796850650854
vn -0.025910637118291422 0.49733853950941093 0.86716954282468328
vn -0.031088297485819091 0.47537423897257736 0.87923424107610593
vn -0.043679027980560482 0.6150251554645908 0.78729676784579095
vn -0.05000386322149513 0.71936969906528159 0.69282526637648856
vn -0.049676793845199782 0.6834929103390498 0.72826482660466119
vn -0.052543467011484761 0.72175332328985531 0.6901531166302608
vn -0.054467864718028003 0.70412621166517775 0.70798271854551931
vn -0.08526236099504951 0.79131175636410078 0.60543871204070832
vn -0.039366851186206114 0.79022072422034184 0.61155658613112929
vn 0.016630908628056766 -0.029017265657748242 0.99944054909331792
vn 0.016218520609128276 -0.028509547106868607 0.99946193790109517
vn 0.010601277705921848 0.0569957478744035 0.99831813448180906
vn -0.0090021135754595576 0.35067855781695079 0.93645262081890623
vn -0.026190241776674793 0.49070515398710929 0.87093198533879035
vn -0.031451600836771565 0.46894697416435344 0.88266614992697068
vn -0.040228928517749472 0.60374101736054553 0.79616481790315696
vn -0.048703686465329799 0.71819025274747939 0.69414026808938145
vn -0.050697516047496095 0.68084594721611291 0.73066993781461131
vn -0.046630735348062967 0.72760947401532461 0.684404871288948
vn -0.048413415858891959 0.68766776106141059 0.72440954684602321
vn -0.058511690039873845 0.8379320429977708 0.54262903852103217
vn -0.033258878407384222 0.73070122475046562 0.68188677003975695
vn 0.016484247619713205 -0.028964745339155426 0.9994445022650581
vn 0.016560855371026102 -0.028881481619050537 0.99944564538991743
vn 0.012892101567753713 0.044891610047641882 0.99890867303497621
vn -0.0064846891336849304 0.32995596573395647 0.94397405127652301
vn -0.028942955309519326 0.48093664095974131 0.87627749755446316
vn -0.03159293010142384 0.46635192946714077 0.88403493406645506
vn -0.037451427562321046 0.59266398171183121 0.80457864460537509
vn -0.049286483055206956 0.71443827570522023 0.69796045217146818
vn -0.052435772521580042 0.6811893954670224 0.73022701762077902
vn -0.04429690260270315 0.73097421241666527 0.68096584730927778
vn -0.050756700201719358 0.68195576315685835 0.72963010798745143
vn -0.044337959778835818 0.82303744671054235 0.56625392416727816
vn -0.02599909730343972 0.68679399020577847 0.72638699186909417
vn 0.016245840457730872 -0.02864534992662272 0.99945761120489907
vn 0.016524973494910986 -0.028625605623148476 0.99945360070075306
vn 0.013119609494746077 0.034150425358005512 0.99933058809113451
vn -0.0068302158842045713 0.30549044760948857 0.95217064361926729
vn -0.03186187738153267 0.47048357566938059 0.88183333220914162
vn -0.031290191507445303 0.46749816629731161 0.88344008762568527
vn -0.035866086173758992 0.5806938391107046 0.81333159847718173
vn -0.050613981360464015 0.70854577494354631 0.70384736250162361
vn -0.054292159594529023 0.68388336063691801 0.72756849193084039
vn -0.044255175990600672 0.73133464989122932 0.68058144939934573
vn -0.057999882415108103 0.68063529784046017 0.73032294567092826
vn -0.040447744778008519 0.8225962606049787 0.56718548287229575
vn -0.024920773706129457 0.68176390556236632 0.73114768146403686
vn 0.016021838329586969 -0.027969375628668872 0.99948037235529685
vn 0.016472121656788505 -0.028175503465204137 0.99946726320205515
vn 0.013281245611707692 0.023865546299574249 0.99962695252520295
vn -0.00687753416468663 0.27832411795190709 0.96046258901120474
vn -0.033798490385895039 0.46002455503296863 0.88726268422285948
vn -0.030869546847008981 0.47119206725624324 0.88149027608490849
vn -0.034505336955795073 0.56781385116568517 0.82243346973841003
vn -0.051583358643686093 0.70096552849080918 0.71132726995289408
vn -0.055545921389539746 0.688079501332031 0.72350622005871557
vn -0.044441472943548471 0.72925372306509362 0.68279862542209879
vn -0.063501459438717128 0.68136127288217807 0.72918747964123132
vn -0.036757891866595525 0.82393106485179501 0.56549664699068791
vn -0.023825490117604913 0.6749019329686925 0.73752269585130614
vn 0.015822071120961588 -0.026963051855474266 0.99951120849147179
vn 0.016425362142366149 -0.027572291214001475 0.99948485543088772
vn 0.013482907066155266 0.014129266961010231 0.99980926932700021
vn -0.0064801495230523863 0.24916655036996146 0.96843896959947473
vn -0.034704464181016005 0.44944136110148986 0.89263545924254473
vn -0.030356013303611696 0.47656949211854804 0.8786125605966375
vn -0.033358473806679861 0.55427871571410725 0.83166238193849373
vn -0.052157727345043363 0.69187856437858786 0.72012750512088097
vn -0.056231816170388228 0.69325354514004101 0.71849669797497662
vn -0.044822640348128405 0.72518559981245689 0.68709298987609357
vn -0.06725231599952447 0.68386836606694656 0.72649926626640504
vn -0.033508855384996906 0.82627330758412387 0.5622718006309575
vn -0.022856796864400238 0.66681476313609012 0.74487290090381164
vn 0.015646506327974721 -0.025662452262774239 0.99954821063497956
vn 0.016384682242600934 -0.026834021275642401 0.99950561653748971
vn 0.01372476002294137 0.0050697068237423124 0.99989295878860651
vn -0.0056255975955752562 0.21878841322268316 0.97575610830329584
vn -0.0345635303406416 0.43858482249377756 0.89802489712061617
vn -0.029766043077668756 0.48278256713071294 0.87523424039178066
vn -0.032424415144861059 0.54038240107375468 0.84079457533471136
vn -0.052298118190094882 0.68148051092866424 0.72996521838932948
vn -0.056391156483016028 0.69890290892119689 0.71299001491745795
vn -0.045366971004241384 0.71955769222537636 0.69294917959486113
vn -0.069270768593205953 0.68785809826047828 0.72253221192967221
vn -0.030873248431459607 0.82898872948964752 0.55841250783845209
vn -0.019151799899199372 0.64126647194742914 0.76707921397774692
vn 0.015495112283518974 -0.024103650878594379 0.99958937344773924
vn 0.016350069387278995 -0.025978746715752284 0.99952877895041625
vn 0.01400700702749709 -0.0031859381638250851 0.99989682145316772
vn -0.0043045294000655489 0.18804905571811384 0.98215020423057997
vn -0.033359105530981203 0.42729352336299403 0.90349732427396345
vn -0.029115709301432424 0.48901245028768675 0.8717907426300805
vn -0.031703488646858492 0.52646091947570728 0.84960802083808717
vn -0.051960607900108396 0.66999868432504084 0.74054159790613094
vn -0.056068468194262165 0.7045604295808543 0.70742556353526775
vn -0.046042683893078334 0.71280984368723377 0.69984440985300689
vn -0.069596182068656351 0.69301613377236482 0.71755488275996704
vn -0.040910053327117606 0.82831532194148549 0.55876658362302356
vn -0.11724849745448747 0.87324778947395076 0.47295992221701366
vn -0.069144591034869821 0.49815955018162084 0.86432406427998165
vn 0.015367859289075851 -0.022322732348501052 0.99963269480413075
vn 0.016321511471256499 -0.025024523325038073 0.99955359110737441
vn 0.014329884979999969 -0.010511507777310081 0.99984206882922644
vn -0.0025115914141696956 0.1578799422224178 0.9874551208801412
vn -0.031073483025079115 0.4153935077553948 0.90911092412717098
vn -0.028420394801874492 0.49447652535284059 0.86872622098926378
vn -0.031196886433444423 0.51289215670051058 0.85788600051053254
vn -0.051098294322760092 0.6577061842589883 0.7515394464063655
vn -0.05530835901129319 0.70979879658344291 0.70222977278962917
vn -0.046816746127460319 0.70542408404122769 0.70723762197484352
vn -0.068282784475987041 0.69902664977845808 0.71182807210990973
vn -0.057433376453472768 0.80801225790225384 0.58635961520968949
vn -0.14104010761635871 0.8508354990615874 0.50614883342766437
vn -0.024412042213545801 0.43195552328462916 0.90156446142184776
vn 0.015264720452596392 -0.020355799628988508 0.99967626246248775
vn 0.016298997124083177 -0.023989411198451511 0.99957933694284662
vn 0.014693660850517633 -0.016781858854902444 0.99975120182182531
vn -0.0002455111321107824 0.12926015718823874 0.99161068544462339
vn -0.027687165131672291 0.40269773468267284 0.9149141792367278
vn -0.027694375804016992 0.49842349764819732 0.86649122242580345
vn -0.030906097752034449 0.50009262333902826 0.86542023387694755
vn -0.049663644764722389 0.64493351330178017 0.76262329220192737
vn -0.054152700663002769 0.71422677139440816 0.6978163110980018
vn -0.047654038454929992 0.69794469673673321 0.71456440781500274
vn -0.065393775664056769 0.70558335038792863 0.7056031389951043
vn -0.059847486641141825 0.77771998097941364 0.62575547103330931
vn -0.14060961698545238 0.83583701741176697 0.53066506945097303
vn -0.036245341941672629 0.58213600149230449 0.81228317165510866
vn 0.015185676553972008 -0.018238978883829617 0.99971832776881375
vn 0.016282518057062378 -0.022891477948925723 0.99960535204801471
vn 0.015098623986835121 -0.021872719807889417 0.99964674544656507
vn 0.0024916021926837126 0.10318898708208156 0.9946586474079876
vn -0.023178302210785484 0.38900537560503584 0.92094385499714926
vn -0.02695023995338245 0.50011663498514614 0.86553858144948637
vn -0.030832202829759917 0.48851099005077653 0.87201283698594401
vn -0.04761104306588293 0.6320765831384243 0.77344190578622862
vn -0.052637975635218548 0.71747835877782362 0.69458912186018773
vn -0.048516689780738038 0.69098671565742165 0.72123747101609281
vn -0.060995593162193523 0.71239705976169809 0.69912085282709158
vn -0.059845458833084529 0.74484889631536333 0.66454393587997085
vn -0.12716125913639356 0.82630543254414357 0.54867963906352735
vn -0.039683257168291859 0.66520634241316956 0.74560429258005756
vn 0.015129394434915708 -0.016008430433165598 0.99975738635886013
vn 0.016271406425903478 -0.021748143044575997 0.99963106174580019
vn 0.015545078537918795 -0.025660425082512359 0.99954984523926305
vn 0.0056953458443349137 0.080661073235940184 0.99672531537035802
vn -0.017520474918238479 0.37410203923259172 0.92722203230976774
vn -0.026186877795548548 0.49880870312876791 0.86631641166165008
vn -0.030953310349222999 0.47862109197457409 0.87747577909335539
vn -0.04486302649547623 0.61960514517254328 0.78363050791133571
vn -0.050732358150730107 0.71920320445411212 0.69294514829054299
vn -0.04928947306198711 0.68523256826124512 0.72665457766353436
vn -0.055060074076885394 0.71920888193279664 0.6926088162820514
vn -0.056573278170740336 0.71401387696984275 0.697842136655211
vn -0.099708344991429221 0.82300111945585952 0.55922035309301144
vn -0.043941514049463976 0.75996277856149674 0.64847954365895777
vn 0.015149484098245151 -0.013636359082352015 0.99979224984120285
vn 0.016289743034822488 -0.020632388894211717 0.99965441468558403
vn 0.016030979820379473 -0.028019551817026665 0.99947882038689129
vn 0.0093019729698694369 0.062621347586362855 0.99799400806083793
vn -0.010999319881794631 0.35766406824467689 0.93378553707412115
vn -0.025694465244265323 0.49374546334619601 0.86922678967048705
vn -0.031206584024538964 0.47103304339753538 0.88156339598532274
vn -0.04135203722295952 0.60802523461211122 0.79284003625725041
vn -0.048575491993038442 0.71901616333171048 0.69329371729836209
vn -0.049702601845918973 0.68152698696024405 0.73010315532439474
vn -0.048006654679252331 0.72558999875628305 0.68645066451374659
vn -0.04989255060876175 0.69215674460702314 0.72002067629253563
vn -0.06652499557518804 0.83828485538726827 0.54115887333764368
vn -0.043764272277512062 0.80440372692764683 0.59246884523739429
vn 0.014250170981257086 -0.0014899979525277375 0.99989735099814436
vn 0.015645458077021578 -0.010997138527895859 0.99981712457116789
vn 0.016537333392232092 -0.021772261204332535 0.99962617274975574
vn 0.016484277132134569 -0.028837703155363992 0.99944817548693043
vn 0.012316056090161355 0.049287661642316814 0.99870868684127134
vn -0.0067533786952863701 0.33849371015764118 0.9409444192192824
vn -0.026914688984876058 0.4851236009853655 0.87403128735980584
vn -0.030447669904598702 0.46699076124380201 0.88373783913008663
vn -0.036908508135758668 0.59731769766511955 0.80115499753994779
vn -0.046710771173671388 0.71654947028979532 0.695970516964458
vn -0.048874892419147269 0.68093082534006633 0.73071503063281296
vn -0.042106470997323169 0.7301784082905689 0.68195787052163492
vn -0.044614365515376779 0.68371259444997756 0.72838633058298186
vn -0.046590384255617484 0.83701400080388833 0.54519436768292318
vn -0.039876427855583992 0.79815668610956225 0.60112875070161143
vn 0.014931837281905841 -0.0091998320819137169 0.99984618983374207
vn 0.015518814318351074 -0.0087622744476470588 0.99984118186272786
vn 0.016099033188590618 -0.01966369971832866 0.99967702786639046
vn 0.016559462368390041 -0.028765599942791317 0.99944901043825196
vn 0.013185262694282718 0.038416431730996702 0.99917482285170722
vn -0.0053185333677516428 0.31641119094706316 0.94860722717375356
vn -0.026916971480648835 0.47590437083452203 0.87908503938294147
vn -0.027099303131621268 0.4668399415174061 0.88392652227083068
vn -0.031825976747747495 0.58659171822124001 0.80925722938896572
vn -0.043451493892009529 0.71239633801616919 0.70043088542675247
vn -0.045561956489209222 0.6830648527557005 0.72893519262737527
vn -0.03742302584514224 0.73181374202467098 0.68047642436784106
vn -0.045286186920387321 0.68227645315901497 0.7296903471603321
vn -0.038089142675084543 0.8345528001208512 0.54960971699991201
vn -0.034145045436794891 0.7904476248350073 0.61157719730612503
vn 0.014972274124118503 -0.0079498137564261735 0.99985630541032755
vn 0.015545299232446148 -0.0075984907406394563 0.99985029209889131
vn 0.015977639817502675 -0.019241554984615404 0.99968718986872884
vn 0.016539205770777977 -0.028451740252851715 0.99945832987126393
vn 0.0136184118610652 0.028880644668259924 0.99949009360870023
vn -0.0031833189556402185 0.29370006437916391 0.95589232587363182
vn -0.023356950085111933 0.46809520565245838 0.88336930630846822
vn -0.021230330058462244 0.46901561636365841 0.88293466615182037
vn -0.02494603256605743 0.57609865790316361 0.81699940747921418
vn -0.036800400656189301 0.70766771594041011 0.70558637623414122
vn -0.038300236092293265 0.68666999209168111 0.72595965030853149
vn -0.03061894803649386 0.73112648079082754 0.68155450927094463
vn -0.040609095014415515 0.68367390272201045 0.7286569125033846
vn -0.028915284903864687 0.8332229087289369 0.55218066850281711
vn -0.026451252494403141 0.78298467265672878 0.62147834525919943
vn 0.015176808722819386 -0.0069838035793222224 0.99986043574318728
vn 0.015773220809576056 -0.0067495819717513384 0.99985281349231558
vn 0.016003815927238374 -0.01884361544314881 0.99969435130583684
vn 0.016553282728909248 -0.02811097608812517 0.99946773927639587
vn 0.014226238438773459 0.020975966968472901 0.99967875987720212
vn 0.00054791854520591166 0.27305333478841509 0.96199874019989939
vn -0.015873482105702903 0.46238938482299569 0.88653487769452777
vn -0.012877634302027759 0.47195623374694717 0.88152792352947074
vn -0.0159544048712193 0.56672653632707137 0.82375147343596655
vn -0.026355127532064957 0.70327664136267043 0.71042759868012628
vn -0.026961710337830385 0.69070409474046801 0.7226347069470227
vn -0.021124713005359765 0.72902139956102929 0.68416485256297643
vn -0.029952350436058033 0.68690592075438905 0.72612885408577488
vn -0.018655610211779538 0.83238123306006984 0.55388938521786446
vn -0.016932973924023226 0.77689850684832096 0.62939811284348313
vn 0.015556416500068126 -0.0063440402540210711 0.99985886557000225
vn 0.016212147949570124 -0.0062589122862800025 0.99984898473512174
vn 0.016188595898495785 -0.01851687567898206 0.99969748158026506
vn 0.016602202712730753 -0.027846780625237492 0.99947432366914524
vn 0.01498311707201079 0.015183465445001527 0.99977245840235418
vn 0.0057893298520994068 0.25716986343166232 0.96634887333840447
vn -0.0046050923677414309 0.4593155869505971 0.88826121423177828
vn -0.0019520325067549674 0.47432501130339516 0.88034764338931848
vn -0.004651167774589013 0.55943592114776208 0.8288605532705049
vn -0.012017879151179894 0.70011340894841678 0.71393051846194011
vn -0.011609299460666968 0.69420461927118537 0.71968407704254589
vn -0.0086748762248305602 0.72636084077909246 0.68725881260641086
vn -0.013827724463299496 0.69093754084784953 0.72278220003213489
vn -0.0073087974316095213 0.83143190246853449 0.55557859303401624
vn 0.016121262697533906 -0.0060789855580491983 0.99985156439524669
vn 0.016887799808259888 -0.0061153109579400256 0.99983868958423683
vn 0.016566940932994458 -0.016877452813980755 0.9997203049126463
vn 0.016681231320345668 -0.027759062903152148 0.99947544789673348
vn 0.015881231849837633 0.011940175263410596 0.9998025898594235
vn 0.0125602019025296 0.24873978305879821 0.96848890631335038
vn 0.010468206469599742 0.4594811112128952 0.88812584980501097
vn 0.0119197732650566 0.47500822208249405 0.87990062391121049
vn 0.0094121803977223299 0.55515852907594077 0.83169129997517632
vn 0.0064972067041277138 0.6990092265687079 0.71508313326274209
vn 0.0079987004140129082 0.69629754803973232 0.71770867723996723
vn 0.0071522453698187856 0.72386473001411888 0.68990484708237598
vn 0.0073889967634490922 0.69472252808342561 0.71923988467006184
vn 0.0056310762056435626 0.82996704225777329 0.55778400814889784
vn 0.0078961107022054045 0.77498941300396362 0.63192488570046867
vn 0.017011774030797389 -0.0061916391463061708 0.99983611814587248
vn 0.016977277463148616 -0.020193045620003999 0.99965194590843853
vn 0.016771108328795893 -0.027919144222598315 0.99946948493253229
vn 0.016981115300021679 0.011794219973847445 0.99978624620384526
vn 0.021140168849313565 0.25049753627121935 0.96788639704413215
vn 0.02935192518787107 0.46344860672654309 0.88563754065136135
vn 0.029056481394386699 0.47311185652004811 0.88052307869193935
vn 0.026780935826251816 0.55487061675165383 0.83150549014538044
vn 0.029386589784247356 0.70058701274202406 0.71296161602014674
vn 0.031906241914113766 0.69610313056773887 0.71723247510184007
vn 0.026642979810547598 0.72211181896415089 0.69126309936166852
vn 0.032927336588593446 0.69716755135158859 0.71615165701659278
vn 0.020910501719590979 0.82778761348908914 0.56065177951369527
vn 0.024087496036845582 0.77784198128660653 0.62799812474465355
vn 0.01781313881988613 -0.0068884473923828508 0.99981760405481246
vn 0.017764865768885574 -0.0069289880558289349 0.99981818280562185
vn 0.017392933444390541 -0.018545977021353566 0.99967671404435665
vn 0.016828542306305184 -0.028316638558865837 0.99945733683062798
vn 0.01836583776309492 0.015519647060923193 0.99971087648297807
vn 0.031677523194035884 0.26485989916705999 0.9637664490619634
vn 0.051032999022557174 0.47125822229229436 0.88051764373729047
vn 0.049091695736377512 0.46826614638907949 0.8822226598516093
vn 0.047607557396864182 0.55955293965483011 0.82742614667554615
vn 0.055857638355412929 0.70490482368001961 0.70709908343173267
vn 0.05899929518538935 0.69275297799319535 0.71875753536862952
vn 0.049288004506176132 0.72157529403373322 0.69057931307846931
vn 0.060373892725230423 0.69698806413897241 0.71453665513044873
vn 0.038962537277433783 0.82516711855787128 0.5635433853216667
vn 0.042614682436775866 0.77217397909879304 0.63398054768545498
vn 0.018764966490904922 -0.0082699942350912409 0.99978971950503015
vn 0.018124973257370978 -0.0084888622788430231 0.99979969221921183
vn 0.017556567488559851 -0.019033394835710257 0.99966469219386134
vn 0.016776097638746983 -0.028777155860427946 0.99944506494784391
vn 0.020119268870309615 0.024142126447056322 0.99950606438917544
vn 0.043995949994183728 0.29297200293743914 0.95510824615796008
vn 0.07305441834345075 0.48204159424229481 0.8730973332801143
vn 0.071474884322352356 0.46166837734775873 0.88416833819595353
vn 0.072663602375818148 0.56992422660847097 0.81847808572649361
vn 0.084939486462863312 0.71101528173785589 0.69802761605445263
vn 0.087745473282268366 0.68564940544161457 0.72262412410327881
vn 0.074895042368543177 0.72244381337734498 0.68736138176465367
vn 0.086132504688069642 0.69261857544319894 0.7161429330707616
vn 0.060567163441127045 0.82341211880970744 0.56420218123470967
vn 0.06382081991979989 0.77379569651833002 0.63021196671792667
vn 0.019563172849012329 -0.010819992654859284 0.99975007378195702
vn 0.021198616678623657 -0.010921010292811841 0.99971563466072544
vn 0.018124100151881012 -0.019311272627025363 0.99964923435333519
vn 0.016658102144624404 -0.029015488482985866 0.99944014781328094
vn 0.024479246136563687 0.040083323655162921 0.99889643791202942
vn 0.063920367206408993 0.3348732192624157 0.94009260909605286
vn 0.094879230497571174 0.49247388859384444 0.86514010464978808
vn 0.09526914328625391 0.45735450691125135 0.88416663890098768
vn 0.10421207998586295 0.586621701001934 0.80312814811748301
vn 0.11690551424358897 0.71643207128128517 0.68779225641108321
vn 0.1157934382885794 0.67470325198294134 0.72894951911154471
vn 0.10514019224834439 0.72458551463680632 0.6811177372176529
vn 0.10488620150560191 0.6812623183720492 0.72448639621463351
vn 0.089805570932843234 0.82668058965299196 0.55545851521099898
vn 0.089716134188586441 0.77468197556423979 0.62595435297004054
vn 0.02255149960056058 0.006003831605068748 0.9997276548499715
vn 0.02087560470910816 -0.014810584149894461 0.99967237419324939
vn 0.017797232359245529 -0.024030330291300531 0.99955280087969445
vn 0.017713548977147039 -0.026907141586768605 0.99948098326794788
vn 0.040577158853066869 0.073892619971662493 0.99644035189926772
vn 0.1070079926322562 0.38749772437600649 0.91563901353985111
vn 0.12455081035270553 0.4934922216511235 0.86078599129535271
vn 0.12118117765186721 0.46050125269380165 0.87934846247113319
vn 0.1450846061965374 0.61072856345294357 0.77843501901411116
vn 0.15682990720752485 0.7165685658364519 0.67965717141833326
vn 0.1442792666589042 0.66066959683390625 0.73668119090397055
vn 0.14847860924488809 0.72660246403990636 0.67082260087734114
vn 0.12519799352936262 0.66100535303754648 0.73986308576109538
vn 0.17428680296771348 0.84323543137953272 0.50850576946330384
vn 0.13320804456091712 0.74614940745544578 0.65231639456489499
vn 0.020615763005666376 -0.021314799608990562 0.99956023812140649
vn 0.017499680024867011 -0.027143817309994493 0.99947835113166361
vn 0.021853613596802643 -0.015469567107081946 0.9996414917690648
vn 0.074503296159689633 0.14661085766690032 0.9863845676385643
vn 0.16426632562899485 0.43899359764492002 0.88334658854331871
vn 0.15763216517844122 0.4739856792104053 0.86630807245725661
vn 0.15214478195671893 0.4782659910566448 0.86493560865647545
vn 0.19498627921210698 0.64209741498681272 0.74141166741984244
vn 0.20246449425720831 0.70478652802052277 0.67991475824984826
vn 0.17735017331331082 0.6520359330813783 0.73715402596501833
vn 0.20360016706627201 0.72323550303969986 0.65990709885066279
vn 0.17883984238684289 0.67248917034671551 0.71817450981041886
vn 0.27728730582603617 0.86319575696411555 0.42190619240168287
vn 0.14049045020594167 0.55975306505247668 0.8166632963255358
vn 0.018468542786646065 -0.026952588718936094 0.99946609291595567
vn 0.016720892868557182 -0.028890068238003181 0.99944273257594984
vn 0.031290391778235144 0.013517874915672778 0.99941892039330971
vn 0.11801252929641731 0.2596043911484589 0.95847723135476726
vn 0.19995198369713538 0.47246816842020628 0.85836649168361423
vn 0.18541156647478008 0.44490200214401326 0.87617621487096786
vn 0.19548406008355315 0.51639098922873727 0.83374236338128827
vn 0.24087578401090379 0.67176654740667385 0.70050593321002597
vn 0.2413098966255513 0.67780082788254692 0.69451822979119848
vn 0.21264183097645209 0.66088139077096086 0.71973553410375857
vn 0.24542684135743639 0.70649966314052137 0.66379506741436523
vn 0.2340730031382427 0.78311183185211641 0.57614727979490321
vn 0.37943484050492998 0.86048963858426175 0.33998056370934665
vn 0.029583633324399037 0.024362337315656877 0.9992653727413181
vn 0.01678450538354586 -0.028890037441769587 0.999441667190058
vn 0.01848347834803421 -0.025368922135627532 0.99950726801651324
vn 0.067574921869888269 0.079177531159106376 0.9945675183183027
vn 0.20166280539687784 0.38198852789819238 0.90189626757938901
vn 0.23437581254469342 0.47027367426633626 0.85082938935256258
vn 0.21264330440662702 0.4334406149661747 0.87573515310781891
vn 0.2563240760560106 0.57071170426392293 0.78011929770401212
vn 0.28826465764139059 0.6842651322610801 0.66983932097676879
vn 0.26507292471806271 0.63670992409169436 0.72411105304681078
vn 0.25963495537029135 0.6873393357316625 0.67834676051841192
vn 0.25269731217354791 0.66058225661574699 0.70694777081812177
vn 0.18575380810269321 0.76858214413376602 0.61219033845209503
vn 0.17256976271768784 0.77199760330477163 0.61175107477408608
vn 0.23851444980837239 0.68534247804895632 0.68805271964750303
vn 0.016657218774132364 -0.029017252947343749 0.99944011130937727
vn 0.038873166592612744 0.0076354263663820842 0.9992149804637972
vn 0.16045173691130285 0.22647715210882463 0.96070981034588288
vn 0.2715135197832636 0.45084878060177236 0.85030334916710659
vn 0.25365163975174054 0.43184333588711726 0.86554732909364329
vn 0.2603586547710417 0.46561259236717395 0.84582402703809112
vn 0.3232706745192459 0.62341850913054631 0.71193077856580889
vn 0.33067445866577966 0.66551246753664262 0.6691394159212134
vn 0.29109549168918847 0.60561190136388809 0.7406062649239783
vn 0.31873681822251332 0.70000192480471501 0.63906505613989162
vn 0.35252954779384355 0.65303295569408137 0.67027671652066212
vn 0.44393294342624129 0.78733550471273861 0.42781578367289214
vn 0.02616478614367276 -0.011325569540744013 0.99959348509313206
vn 0.099819197268465207 0.10547609420884263 0.98939927299706798
vn 0.27186755014653957 0.38671022917389991 0.88121690509748418
vn 0.30521607249870136 0.44451089000524036 0.84217172699825105
vn 0.27245178362415345 0.41197145957874182 0.86951109371449575
vn 0.33130832610754551 0.53933898522283807 0.77417585345360362
vn 0.3769318060179796 0.64835298562185961 0.66148380150026709
vn 0.34664014281112215 0.61425534023129347 0.70889420112540247
vn 0.33826092188989521 0.63497087653713524 0.69454412003260113
vn 0.34359672875662534 0.66211348980897167 0.66599325417058897
vn 0.19015373672720634 0.74956371408719924 0.63403138323941333
vn 0.26429658059924799 0.8472222942739106 0.46082719274018136
vn 0.42220403547002738 0.75145943312995289 0.50700342483343608
vn 0.092599785178463748 0.081152631437367909 0.9923908152515788
vn 0.25653860763858194 0.30185110601983006 0.9181905317446174
vn 0.33621417533727532 0.43809732115883093 0.83368505174060303
vn 0.29618557940275736 0.39928868452811506 0.86766505574539565
vn 0.32843373625672845 0.46228882178428921 0.8236627502453534
vn 0.39632336439752153 0.60300447188327089 0.69232463318981141
vn 0.39802791620117423 0.63045593772587716 0.66640759937949101
vn 0.35498703839934587 0.57088208029920906 0.74032280321607591
vn 0.38804900098523054 0.6713812357132658 0.63139940542139639
vn 0.41768870276763836 0.61340717515069065 0.67027441026339141
vn 0.4872409856694831 0.7461426888990399 0.45372602932423989
vn 0.39635524524997617 0.76837769909217479 0.50249202093231926
vn 0.25953971896608402 0.29237859916776254 0.92040963110329477
vn 0.34065721340056909 0.41417846863712909 0.84404316185581507
vn 0.32789941200356526 0.40225200517939774 0.85479547257625899
vn 0.32523726793972718 0.41026318979733017 0.85200048981231347
vn 0.40160224829267871 0.54817468648468304 0.73363488689107825
vn 0.43851481080817123 0.62022800508300768 0.65040140099220745
vn 0.39370790322957561 0.56929757136190939 0.72173011727099401
vn 0.4092591197769998 0.61728733331010721 0.6719102030883678
vn 0.39665243552619461 0.62299574725923834 0.67419814912831177
vn 0.25786189985182922 0.73579457417813443 0.62618973579484916
vn 0.3344979643456491 0.79040415436942046 0.51319819232356823
vn 0.35641482136260566 0.41804184468883243 0.83558930773569617
vn 0.35908143497629658 0.40665214776241337 0.84005628012388556
vn 0.32881966099721366 0.38172874289403191 0.86380599522706469
vn 0.40233073036940026 0.49635174117032121 0.76926259004166797
vn 0.46182999757447346 0.59606619145712059 0.65682429061520342
vn 0.43307585879129934 0.58077295491437775 0.68930985439945702
vn 0.40832988052960695 0.55792782647454287 0.72248408225515204
vn 0.43638041908320796 0.64369110916155714 0.62867629653672186
vn 0.44779921081074209 0.61133490342534802 0.65249176443170287
vn 0.540521973581779 0.72686828841201989 0.42367261815727375
vn 0.42710060446270687 0.68523811334319262 0.58994389706941808
vn 0.36682541123222773 0.3941498051565534 0.84266544296616208
vn 0.33745489576921639 0.36746127102023307 0.86665818384273163
vn 0.39863485510389801 0.45339277627406355 0.79719837099607227
vn 0.47038709750590979 0.56822439256795199 0.67517184345227832
vn 0.46550310695980163 0.58249580353710406 0.66633737421251926
vn 0.41779991651572917 0.52536474891666007 0.74123890234875311
vn 0.4649890904299302 0.62225617352079943 0.62974788629768241
vn 0.41221239359097384 0.54038993653699663 0.73352549993816907
vn 0.42058877650816295 0.73738956618744711 0.52854678955912238
vn 0.33855108508907461 0.75135800252716289 0.56643120925969681
vn 0.63466275874101419 0.50983029691649462 0.58075489753706266
vn 0.34300669651794541 0.35870564984925013 0.86814553095093072
vn 0.39439599225728972 0.42137068053971849 0.81663856807824253
vn 0.4739979936689247 0.53952999955252645 0.69586872438749892
vn 0.49178351962550287 0.57648631478523715 0.65254310102098956
vn 0.44053556241936165 0.51806318419121855 0.73317048183182632
vn 0.47888237884744622 0.58422429785311392 0.65525081993649348
vn 0.45767319905691473 0.58031529868990672 0.67362407689411918
vn 0.48878150766515543 0.64845093038259838 0.58361290994161552
vn 0.5982667564867632 0.72650840295193786 0.33802726002947259
vn 0.34618507684241856 0.46286484250705767 0.81603433147296289
vn 0.40534691107330523 0.42130113869106267 0.81129478749770356
vn 0.47674045580943186 0.5137904261836036 0.71325867380403163
vn 0.51085589097533957 0.56621041700402797 0.64686321763717314
vn 0.46355531752312301 0.51968818541965878 0.7176633316056068
vn 0.47900799993267218 0.54764724033683032 0.68602757681594351
vn 0.48696785666654663 0.59214119670514764 0.64205226402387638
vn 0.48531194060859084 0.59497933964630245 0.64068081420998801
vn 0.61297771811468904 0.66568726912712262 0.42558051743117009
vn 0.42824617661193609 0.74567128951349149 0.5104699209674799
vn 0.48686913775906432 0.5619158082680763 0.66873691921126943
vn 0.49250415130711667 0.51745925977279372 0.69976822978801279
vn 0.52426371264931604 0.55444013814739135 0.6463309468145999
vn 0.48320882762358819 0.51955763467997929 0.70467658762895091
vn 0.47556992316711344 0.51895936932223952 0.71029178593834896
vn 0.50913740829871601 0.58811642742822734 0.62840923549859229
vn 0.50853207384092503 0.55523581310832137 0.6581096578207839
vn 0.59780710035339268 0.64729012095440241 0.47290820470986084
vn 0.38861877568238595 0.73519735339987935 0.5553920225758886
vn 0.61465754345593993 0.46906862241973124 0.63416932418240213
vn 0.53392302571163708 0.55068385145625953 0.64161787565515283
vn 0.49913628351451189 0.51656410913048489 0.6957186871412534
vn 0.4750362781664958 0.49710970288968598 0.72610087296370329
vn 0.52613107088974398 0.57813664722812208 0.62365384098571619
vn 0.52068115536197968 0.54452689530809884 0.65755729388170936
vn 0.58932155315991752 0.63117201542925516 0.50430347403141562
vn 0.37991653610795834 0.70488802078893853 0.59899607990368642
vn 0.66630187951100928 0.41626533886822309 0.61868002474382489
vn 0.4948980451076711 0.49902038932695791 0.71137513028259347
vn 0.47743944924357529 0.48118584007191556 0.73519504869134988
vn 0.53868716025901664 0.56649555790817718 0.62361761219707368
vn 0.47418899365685241 0.4899744341586626 0.73148469031525187
vn 0.47756478583552886 0.69669466331462993 0.53530217768918131
vn 0.54364783490822877 0.57716617822097849 0.60936543577510605
vn 0.48182063757191523 0.47568031842736269 0.73591922645806429
vn 0.54746724638878019 0.55540690507803903 0.62594151797362085
vn 0.49453199143696891 0.49860663070453803 0.71191961432654327
vn 0.56659601014170424 0.59092623233825947 0.57426052382695714
vn 0.64685701309368404 0.68162671952307707 0.34199564301862956
vn 0.179563063145777 0.15778647755522962 0.97101005857530576
vn 0.56849456264259246 0.56749995537672171 0.59561542365290232
vn 0.50874885791656899 0.50167979496088 0.6996370365386585
vn 0.56010355020678393 0.56930625557764325 0.60180927244926996
vn 0.64842632591022753 0.66744228322225996 0.36614764567537517
vn 0.33284525465078418 0.32327771451672099 0.88583607724753455
vn 0.53591653472329448 0.60256859786470751 0.59135822703124397
vn 0.47088018637658552 0.45286848428688453 0.75708783243270539
vn 0.55836387623927908 0.55282619057764704 0.61855717983259562
vn 0.65039423256013795 0.65629229641238762 0.38244968809277891
vn 0.40217783980441513 0.38915618125954482 0.8287402800381688
vn 0.56134005558756905 0.59986285390932559 0.5701419985343158
vn 0.60153854702514598 0.59094124016511307 0.53753123361809807
vn 0.65267289165393338 0.64814493953887131 0.39233433937172202
vn 0.43005778771722164 0.40869262043937121 0.80499729268002462
vn 0.58197742786898266 0.5956150409984623 0.55366505794334098
vn 0.57502029948046129 0.74024323077436804 0.34841299412927507
vn 0.43437339217373389 0.40395880327098765 0.80506958794339956
vn 0.59873076012309945 0.59166287221980884 0.53986713413489207
vn 0.01665721877413141 -0.029017252947344141 0.99944011130937738
vn 0.016657218774134654 -0.029017252947344661 0.99944011130937738
vn 0.016657218774129599 -0.029017252947340158 0.99944011130937738
vn 0.016657218774135091 -0.029017252947347492 0.99944011130937715
vn 0.016657218774132596 -0.029017252947344311 0.99944011130937727
vn 0.016657218774122559 -0.029017252947324032 0.99944011130937804
vn 0.016657218774129144 -0.029017252947340526 0.99944011130937749
vn 0.016657218774131982 -0.029017252947344856 0.99944011130937727
vn 0.016657218774133106 -0.029017252947341966 0.99944011130937749
vn 0.016657218774133262 -0.029017252947343801 0.99944011130937727
vn 0.016657218774132305 -0.029017252947345688 0.99944011130937727
vn 0.016657218774131261 -0.029017252947346913 0.99944011130937727
vn 0.016657218774132457 -0.029017252947344238 0.99944011130937727
vn 0.016657218774131392 -0.029017252947344113 0.99944011130937738
vn 0.016657218774132523 -0.029017252947344137 0.99944011130937727
vn 0.016657218774134303 -0.029017252947344811 0.99944011130937727
vn 0.016657218774131559 -0.029017252947343329 0.99944011130937738
vn 0.016657218774132881 -0.029017252947344242 0.99944011130937738
vn 0.016657218774133745 -0.029017252947345012 0.99944011130937727
vn 0.016657218774131611 -0.029017252947343818 0.99944011130937738
vn 0.01665721877413277 -0.02901725294734437 0.99944011130937727
vn 0.01665721877413234 -0.02901725294734429 0.99944011130937738
vn 0.016657218774132655 -0.029017252947344255 0.99944011130937738
vn 0.016657218774132818 -0.02901725294734438 0.99944011130937738
vn 0.016657218774132856 -0.029017252947344321 0.99944011130937738
vn 0.016657218774133287 -0.029017252947344817 0.99944011130937727
vn 0.016657218774132801 -0.029017252947344356 0.99944011130937727
vn 0.01665721877413336 -0.029017252947344984 0.99944011130937738
vn 0.01665721877413312 -0.029017252947344616 0.99944011130937727
vn 0.016657218774133089 -0.029017252947344262 0.99944011130937727
vn 0.016657218774131226 -0.029017252947343745 0.99944011130937727
vn 0.016657218774133661 -0.029017252947345237 0.99944011130937727
vn 0.016657218774133641 -0.029017252947344776 0.99944011130937738
vn 0.01665721877413304 -0.029017252947344523 0.99944011130937715
vn 0.016657218774133651 -0.029017252947344644 0.99944011130937727
vn 0.016657218774131701 -0.029017252947343381 0.99944011130937727
vn 0.016657218774131576 -0.029017252947343614 0.99944011130937749
vn 0.01665721877413345 -0.029017252947344932 0.99944011130937715
vn 0.016657218774133082 -0.029017252947344557 0.99944011130937738
vn 0.016657218774132333 -0.029017252947343461 0.99944011130937727
vn 0.016657218774132433 -0.029017252947344321 0.99944011130937749
vn 0.01665721877413295 -0.029017252947344786 0.99944011130937738
vn 0.01665721877413328 -0.029017252947345005 0.99944011130937738
vn 0.016657218774131149 -0.029017252947343749 0.99944011130937727
vn 0.016657218774131437 -0.029017252947343315 0.99944011130937749
vn 0.016657218774134688 -0.029017252947345973 0.99944011130937715
vn 0.016657218774133949 -0.029017252947344908 0.99944011130937727
vn 0.016657218774132673 -0.029017252947341907 0.99944011130937738
vn 0.016657218774135236 -0.029017252947337722 0.99944011130937738
vn 0.01665721877413227 -0.029017252947344602 0.99944011130937727
vn 0.016657218774137967 -0.029017252947339835 0.99944011130937738
vn 0.016657218774133172 -0.029017252947346344 0.99944011130937727
vn 0.016657218774136211 -0.029017252947337816 0.99944011130937749
vn 0.016657218774132638 -0.029017252947344859 0.99944011130937738
vn 0.016657218774135767 -0.029017252947335561 0.99944011130937749
vn 0.016657218774132947 -0.029017252947343419 0.99944011130937727
vn 0.016657218774133158 -0.029017252947342864 0.99944011130937727
vn 0.01665721877413168 -0.02901725294734676 0.99944011130937727
vn 0.016657218774132586 -0.029017252947344741 0.99944011130937715
vn 0.016657218774133762 -0.029017252947342174 0.99944011130937727
vn 0.016657218774132513 -0.029017252947344693 0.99944011130937738
vn -0.082779026859707741 0.97525559939612649 0.20499792330329067
vn -0.082597175502860234 0.97408184358489103 0.21057603994094257
vn -0.082242051442902309 0.9717497838782182 0.22122070994167617
vn -0.079435259957411838 0.95183686109177501 0.29613616689363625
vn -0.078152639627472126 0.94206632387814182 0.32619504339272631
vn -0.07681174029461621 0.93151226271340881 0.35550648512714617
vn -0.075418529294401376 0.92023587719839106 0.38402861319956016
vn -0.073986629215616675 0.90836371835407581 0.41158393296540169
vn -0.07253748294457385 0.89609522931271546 0.4378945690129733
vn -0.082810261952141917 0.97545574781140265 0.2040307441958554
vn -0.082685053567122233 0.97465084110922928 0.20789160599137735
vn -0.08240204978700609 0.97280681777711564 0.21646430993875565
vn -0.081908412876018258 0.96951707070501258 0.23092782749530899
vn -0.020727115434628796 0.0023796504657233792 0.99978233828639951
vn -0.020727115434628705 0.0023796504657234733 0.99978233828639951
vn -0.020727115434628796 0.0023796504657234729 0.99978233828639951
vn -0.020727115434628861 0.0023796504657233137 0.99978233828639951
vn -0.020727115434628844 0.0023796504657233788 0.99978233828639951
vn -0.020727115434628889 0.0023796504657233788 0.99978233828639951
vn -0.020727115434628848 0.002379650465723286 0.99978233828639951
vn -0.020727115434628799 0.0023796504657232855 0.99978233828639951
vn -0.020727115434628841 0.0023796504657233779 0.99978233828639951
vn -0.020727115434628889 0.0023796504657233783 0.99978233828639951
vn -0.020727115434628754 0.0023796504657234248 0.99978233828639951
vn -0.020727115434628709 0.0023796504657233779 0.99978233828639951
vn -0.020727115434628799 0.0023796504657233315 0.99978233828639951
vn -0.020727115434628799 0.0023796504657233783 0.99978233828639951
vn -0.020727115434628844 0.0023796504657233788 0.99978233828639951
vn -0.020727115434628889 0.0023796504657233788 0.99978233828639951
vn -0.020727115434628844 0.002379650465723286 0.99978233828639951
vn -0.020727115434628796 0.002379650465723286 0.99978233828639951
vn -0.020727115434628841 0.0023796504657233788 0.99978233828639951
vn -0.020727115434628889 0.0023796504657233788 0.99978233828639951
vn -0.020727115434628754 0.0023796504657234248 0.99978233828639951
vn -0.020727115434628709 0.0023796504657233779 0.99978233828639951
vn -0.020727115434628803 0.0023796504657233328 0.99978233828639951
vn -0.020727115434628796 0.0023796504657233796 0.99978233828639951
vn -0.020727115434628841 0.0023796504657233792 0.99978233828639951
vn -0.020727115434628886 0.0023796504657233775 0.99978233828639951
vn -0.020727068010676804 0.0031998023828846492 0.9997800507693636
vn -0.020328314431274051 0.0036210933648328884 0.99978680093069172
vn -0.019928622562344917 0.010453919149193884 0.99974675072099606
vn -0.018677508662252193 0.014816888162016571 0.9997157648528735
vn -0.017821401048651625 0.027435236346549315 0.99946470946765908
vn -0.016181714946989861 0.031553617225783821 0.99937106288972721
vn -0.015392050573313427 0.037521858273580067 0.99917725901405796
vn -0.014370656093375048 0.03508142711470174 0.99928113047082101
vn -0.014135583973265302 0.032429625965271755 0.99937405641005483
vn -0.013900302236042049 0.029938960521944231 0.9994550716468511
vn -0.013901114762691853 0.027920153389594662 0.999513493677327
vn -0.013901114762691718 0.027920153389594689 0.999513493677327
vn -0.013901114762691853 0.027920153389594707 0.999513493677327
vn -0.013901114762691716 0.027920153389594707 0.999513493677327
vn -0.013901114762691853 0.027920153389594683 0.999513493677327
vn -0.013901114762691718 0.027920153389594665 0.999513493677327
vn -0.013901114762691852 0.027920153389594592 0.999513493677327
vn -0.013901114762691728 0.027920153389594627 0.999513493677327
vn -0.013901114762691754 0.027920153389594683 0.999513493677327
vn -0.013901114762691581 0.027920153389594662 0.999513493677327
vn -0.013901114762691518 0.027920153389594277 0.99951349367732689
vn -0.013901114762691791 0.027920153389594655 0.999513493677327
vn -0.013901114762691848 0.027920153389594398 0.999513493677327
vn -0.013901114762827271 0.027920153389797926 0.99951349367731934
vn -0.013901114762690738 0.027920153389594426 0.999513493677327
vn -0.01390111476269087 0.027920153389594467 0.999513493677327
vn -0.013901114762691905 0.027920153389594773 0.999513493677327
vn -0.013901114762692166 0.027920153389594891 0.999513493677327
vn -0.013901114762691911 0.027920153389594752 0.999513493677327
vn -0.013901114762691716 0.027920153389596185 0.999513493677327
vn -0.01390111476269134 0.0279201533895947 0.999513493677327
vn -0.01390111476269165 0.027920153389594599 0.99951349367732689
vn -0.013901114762691701 0.027920153389594766 0.999513493677327
vn -0.013901114762691845 0.027920153389594624 0.999513493677327
vn -0.013901114762691213 0.027920153389595047 0.99951349367732689
vn -0.013901114762691326 0.027920153389594433 0.99951349367732711
vn -0.013901114762692955 0.027920153389595168 0.999513493677327
vn -0.013901114762693087 0.027920153389595234 0.99951349367732689
vn -0.013901114762691911 0.027920153389594679 0.99951349367732689
vn -0.013901114762691765 0.027920153389679903 0.99951349367732467
vn -0.013901114762690682 0.027920153389592042 0.99951349367732711
vn -0.013901114762689647 0.027920153389594117 0.999513493677327
vn -0.01390111476269161 0.027920153389594592 0.999513493677327
vn -0.013901114762776603 0.027920153389849711 0.99951349367731879
vn -0.013901114762691097 0.027920153389593971 0.999513493677327
vn -0.013901114762691291 0.027920153389594193 0.999513493677327
vn -0.01390111476269079 0.027920153389593975 0.99951349367732711
vn -0.013901114762694315 0.0279201533895964 0.99951349367732689
vn -0.013901114762306106 0.027920153389210861 0.99951349367734299
vn -0.0139011147626919 0.027920153389594658 0.999513493677327
vn -0.013901114762691716 0.027920153389595824 0.99951349367732689
vn -0.01390111476269134 0.0279201533895947 0.999513493677327
vn -0.013901114762690734 0.027920153389594624 0.999513493677327
vn -0.013901114762690866 0.027920153389594665 0.99951349367732689
vn -0.01390111476269207 0.027920153389595526 0.999513493677327
vn -0.013901114762691884 0.027920153389596612 0.999513493677327
vn -0.013901114762690094 0.027920153389592795 0.999513493677327
vn -0.013901114762691597 0.027920153389595644 0.99951349367732689
vn -0.013901114762942254 0.027920153389344539 0.99951349367733044
vn -0.013901114762691912 0.027920153389595529 0.99951349367732689
vn -0.013901114762691329 0.027920153389594193 0.99951349367732711
vn -0.013901114762690779 0.027920153389593923 0.99951349367732711
vn -0.01390111476268845 0.027920153389596188 0.99951349367732689
vn -0.013901114762691897 0.027920153389594814 0.99951349367732711
vn -0.020727115434628886 0.0023796504657234729 0.99978233828639951
vn -0.020727115434628792 0.0023796504657234096 0.99978233828639951
vn -0.020727115434628848 0.0023796504657233319 0.99978233828639951
vn -0.020727115434628841 0.0023796504657233311 0.99978233828639951
vn -0.020727115434628698 0.0023796504657234699 0.99978233828639951
vn -0.020727115434628848 0.0023796504657233319 0.99978233828639951
vn -0.020727115434628844 0.0023796504657233319 0.99978233828639951
vn -0.020727115434628848 0.0023796504657233319 0.99978233828639951
vn -0.020727115434628844 0.0023796504657233319 0.99978233828639951
vn -0.020727115434628702 0.0023796504657234707 0.99978233828639951
vn -0.020727115434628848 0.0023796504657233319 0.99978233828639951
vn -0.020727115434628841 0.0023796504657233328 0.99978233828639951
vn -0.020727115434628837 0.0023796504657233315 0.99978233828639951
vn -0.020527647194343541 0.0040087766954731074 0.99978124877898689
vn -0.019302500922727228 0.014909653558608606 0.99970251359536466
vn -0.016999809510413019 0.032799740663046688 0.99931735874498162
vn -0.014880099161080306 0.038619361515203655 0.99914319672663265
vn -0.014017698039607488 0.031774822579207905 0.99939675044084975
vn -0.013901114762691853 0.027920153389594669 0.999513493677327
vn -0.013901114762691942 0.027920153389594655 0.999513493677327
vn -0.013901114762691992 0.027920153389594665 0.999513493677327
vn -0.01390111476269199 0.027920153389594641 0.999513493677327
vn -0.013901114762691832 0.027920153389594648 0.999513493677327
vn -0.013901114762691799 0.027920153389594644 0.99951349367732711
vn -0.013901114762691779 0.027920153389594454 0.999513493677327
vn -0.013901114763161828 0.027920153389594835 0.99951349367732034
vn -0.013901114762691172 0.027920153389593971 0.999513493677327
vn -0.013901114762692377 0.027920153389594683 0.999513493677327
vn -0.013901114762584221 0.027920153389487112 0.99951349367733155
vn -0.013901114762691794 0.027920153389594839 0.999513493677327
vn -0.013901114762539616 0.027920153389594946 0.99951349367732911
vn -0.013901114762691872 0.02792015338959488 0.999513493677327
vn -0.01390111476269198 0.027920153389594554 0.999513493677327
vn -0.013901114762692894 0.027920153389596136 0.99951349367732689
vn -0.013901114762691512 0.027920153389897017 0.99951349367731845
vn -0.013901114762655459 0.027920153389613435 0.99951349367732689
vn -0.013901114762692953 0.02792015338959606 0.999513493677327
vn -0.013901114762691909 0.027920153389595123 0.99951349367732711
vn -0.013901114762691643 0.027920153389594644 0.99951349367732689
vn -0.013901114762691787 0.027920153389594835 0.999513493677327
vn -0.013901114762691878 0.027920153389594589 0.99951349367732689
vn -0.013901114762691931 0.0279201533895953 0.999513493677327
vn -0.013901114762692708 0.027920153389593978 0.99951349367732711
vn -0.01390111476239847 0.027920153389594506 0.99951349367733111
vn -0.013901114762692148 0.027920153389594728 0.99951349367732689
vn -0.013901114762691685 0.02792015338959462 0.999513493677327
vn -0.013901114762691388 0.027920153389596695 0.99951349367732689
vn -0.013901114762691676 0.027920153389595071 0.99951349367732689
vn -0.013901114762522234 0.027920153390103255 0.99951349367731512
vn -0.01390111476269206 0.027920153389594322 0.999513493677327
vn -0.013901114762690863 0.027920153389594391 0.999513493677327
vn -0.013901114762692901 0.027920153389594433 0.999513493677327
vn -0.013901114762692023 0.027920153389594679 0.999513493677327
vn -0.01390111476344333 0.027920153389845326 0.99951349367730957
vn -0.013901114762691992 0.027920153389594433 0.999513493677327
vn -0.020727115434628702 0.0023796504657234733 0.99978233828639951
vn -0.020727115434628858 0.0023796504657232864 0.99978233828639951
vn -0.020727115434628837 0.0023796504657233315 0.99978233828639951
vn -0.020727115434628705 0.0023796504657234707 0.99978233828639951
vn -0.020727115434628844 0.0023796504657233315 0.99978233828639951
vn -0.020727115434628837 0.0023796504657233315 0.99978233828639951
vn -0.020727115434628841 0.0023796504657233315 0.99978233828639951
vn -0.020727115434628837 0.0023796504657233315 0.99978233828639951
vn -0.020727115434628702 0.0023796504657234712 0.99978233828639951
vn -0.020727115434628841 0.0023796504657233319 0.99978233828639951
vn -0.020727115434628837 0.0023796504657233315 0.99978233828639951
vn -0.020727115434628844 0.0023796504657233332 0.99978233828639951
vn -0.020727115434628837 0.0023796504657233315 0.99978233828639951
vn -0.020527594282426762 0.0046071017792790603 0.99977867174998847
vn -0.019301927172018694 0.016784874121383148 0.99967279827360278
vn -0.016998388443449093 0.035253685857877234 0.99923382269805083
vn -0.014879200039309759 0.04015121532981674 0.99908282405100368
vn -0.014017539209306255 0.032129079314073196 0.99938542657822749
vn -0.013901114762691897 0.027920153389594578 0.999513493677327
vn -0.013901114762691897 0.02792015338959461 0.999513493677327
vn -0.013901114762691853 0.027920153389594672 0.999513493677327
vn -0.013901114762691808 0.027920153389594731 0.999513493677327
vn -0.013901114762691827 0.027920153389594689 0.999513493677327
vn -0.01390111476269181 0.027920153389594617 0.999513493677327
vn -0.013901114762691753 0.027920153389593968 0.999513493677327
vn -0.013901114762692115 0.027920153389594693 0.999513493677327
vn -0.013901114762692174 0.027920153389594981 0.99951349367732689
vn -0.013901114762692832 0.027920153389595161 0.999513493677327
vn -0.013901114762692653 0.027920153389595075 0.99951349367732689
vn -0.013901114762693857 0.027920153389596407 0.99951349367732689
vn -0.013901114762620575 0.027920153389450773 0.999513493677332
vn -0.013901114762691801 0.027920153389594613 0.999513493677327
vn -0.013901114762691753 0.027920153389593968 0.999513493677327
vn -0.013901114762692115 0.027920153389594693 0.999513493677327
vn -0.013901114762692833 0.027920153389594478 0.999513493677327
vn -0.013901114762691799 0.027920153389594346 0.999513493677327
vn -0.013901114762691787 0.027920153389593774 0.999513493677327
vn -0.013901114762691798 0.027920153389679864 0.99951349367732456
vn -0.013901114762691092 0.027920153389593944 0.999513493677327
vn -0.01390111476269241 0.027920153389595526 0.99951349367732689
vn -0.013901114762692068 0.027920153389595272 0.99951349367732689
vn -0.013901114762692948 0.027920153389595994 0.99951349367732689
vn -0.013901114762691775 0.027920153389594853 0.999513493677327
vn -0.013901114762690694 0.027920153389593815 0.99951349367732711
vn -0.013901114762692004 0.027920153389594821 0.99951349367732711
vn -0.013901114762692535 0.027920153389594204 0.99951349367732689
vn -0.013901114762690812 0.027920153389595064 0.99951349367732689
vn -0.013901114762691621 0.027920153389594901 0.999513493677327
vn -0.013901114762692056 0.027920153389594471 0.99951349367732711
vn -0.013901114762694707 0.027920153389592521 0.999513493677327
vn -0.013901114762693357 0.027920153389593871 0.99951349367732689
vn -0.013901114762694513 0.027920153389592705 0.99951349367732689
vn -0.013901114762691629 0.027920153389594683 0.999513493677327
vn -0.013901114762691543 0.027920153389594575 0.99951349367732689
vn -0.013901114762691562 0.027920153389595297 0.999513493677327
vn -0.01390111476269207 0.027920153389594714 0.99951349367732711
vn -0.013901114762691812 0.027920153389594242 0.999513493677327
vn -0.013901114762693139 0.027920153389593905 0.999513493677327
vn -0.013901114763029333 0.027920153389429356 0.99951349367732689
vn -0.013901114762690681 0.027920153389592858 0.999513493677327
vn -0.013901114762691414 0.027920153389594977 0.999513493677327
vn -0.020727115434628889 0.0023796504657231034 0.99978233828639951
vn -0.020727115434628834 0.0023796504657232868 0.99978233828639951
vn -0.020727115434628705 0.0023796504657234707 0.99978233828639951
vn -0.020727115434628841 0.0023796504657233315 0.99978233828639951
vn -0.020727115434628841 0.0023796504657233315 0.99978233828639951
vn -0.020727115434628848 0.0023796504657233319 0.99978233828639951
vn -0.020727115434628844 0.0023796504657233319 0.99978233828639951
vn -0.020727115434628705 0.0023796504657234707 0.99978233828639951
vn -0.020727115434628844 0.0023796504657233319 0.99978233828639951
vn -0.020727115434628844 0.0023796504657233319 0.99978233828639951
vn -0.020727115434628848 0.0023796504657233319 0.99978233828639951
vn -0.020727115434628841 0.0023796504657233332 0.99978233828639951
vn -0.020727115434628705 0.0023796504657234707 0.99978233828639951
vn -0.020527534021993296 0.0052054219150917203 0.99977573681784349
vn -0.01930128557249354 0.018659917581520701 0.99963956897028639
vn -0.016996865168885801 0.037706993549907954 0.99914427847626586
vn -0.014878266065344665 0.041682786086854232 0.99902011118041378
vn -0.014017378621715799 0.032483323940463257 0.99937397742904743
vn -0.01390111476269181 0.027920153389594624 0.999513493677327
vn -0.013901114762691716 0.027920153389594703 0.999513493677327
vn -0.013901114762691716 0.027920153389594672 0.999513493677327
vn -0.013901114762691761 0.027920153389594683 0.999513493677327
vn -0.013901114762691824 0.027920153389594644 0.999513493677327
vn -0.013901114762691874 0.027920153389594748 0.99951349367732689
vn -0.013901114762691711 0.027920153389595061 0.99951349367732689
vn -0.013901114762691546 0.027920153389594547 0.999513493677327
vn -0.013901114762861645 0.02792015338976404 0.99951349367732001
vn -0.01390111476269134 0.027920153389594006 0.999513493677327
vn -0.013901114762691687 0.027920153389594603 0.999513493677327
vn -0.013901114762691786 0.027920153389594509 0.99951349367732711
vn -0.013901114762691815 0.0279201533895947 0.999513493677327
vn -0.013901114762691924 0.027920153389594905 0.999513493677327
vn -0.013901114762664299 0.027920153389621366 0.99951349367732656
vn -0.013901114762691891 0.027920153389594943 0.99951349367732689
vn -0.013901114762691477 0.027920153389595307 0.99951349367732689
vn -0.013901114762691501 0.027920153389594547 0.99951349367732711
vn -0.013901114762693095 0.02792015338959395 0.99951349367732689
vn -0.013901114762692098 0.027920153389594464 0.999513493677327
vn -0.01390111476269164 0.027920153389595827 0.999513493677327
vn -0.013901114762692986 0.02792015338959504 0.999513493677327
vn -0.013901114762691352 0.027920153389594912 0.999513493677327
vn -0.013901114763079946 0.027920153388433618 0.99951349367735409
vn -0.020727115434628796 0.0023796504657232881 0.99978233828639951
vn -0.020727115434628709 0.002379650465723472 0.99978233828639951
vn -0.020727115434628848 0.0023796504657233319 0.99978233828639951
vn -0.020727115434628841 0.0023796504657233315 0.99978233828639951
vn -0.020727115434628844 0.0023796504657233315 0.99978233828639951
vn -0.020727115434628844 0.0023796504657233319 0.99978233828639951
vn -0.020727115434628705 0.0023796504657234707 0.99978233828639951
vn -0.020727115434628848 0.0023796504657233319 0.99978233828639951
vn -0.020727115434628844 0.0023796504657233319 0.99978233828639951
vn -0.020727115434628844 0.0023796504657233319 0.99978233828639951
vn -0.020727115434628844 0.0023796504657233319 0.99978233828639951
vn -0.020727115434628705 0.002379650465723472 0.99978233828639951
vn -0.020727115434628844 0.0023796504657233319 0.99978233828639951
vn -0.020527466413236672 0.0058037364603860204 0.99977244399200749
vn -0.019300576144455583 0.020534764181007577 0.99960282673696077
vn -0.016995239769272349 0.040159619619632346 0.99904873093217594
vn -0.014877297258913413 0.043214063062840549 0.99895505943954788
vn -0.014017216277017654 0.03283755632543512 0.99936240300624546
vn -0.013901114762691852 0.027920153389594672 0.999513493677327
vn -0.013901114762691852 0.027920153389594703 0.999513493677327
vn -0.013901114762691864 0.027920153389594651 0.99951349367732689
vn -0.013901114762691867 0.027920153389594565 0.999513493677327
vn -0.013901114762661485 0.027920153389594578 0.99951349367732734
vn -0.01390111476269147 0.027920153389594762 0.99951349367732711
vn -0.013901114762691812 0.027920153389594582 0.999513493677327
vn -0.013901114762691905 0.027920153389358604 0.99951349367733366
vn -0.013901114762691916 0.02792015338959453 0.99951349367732711
vn -0.013901114762691815 0.027920153389593621 0.99951349367732711
vn -0.013901114762691822 0.027920153389594839 0.99951349367732711
vn -0.013901114762692532 0.027920153389594457 0.999513493677327
vn -0.013901114762691865 0.027920153389594575 0.99951349367732689
vn -0.013901114762691522 0.027920153389594964 0.999513493677327
vn -0.01390111476269169 0.02792015338959411 0.99951349367732689
vn -0.013901114762691432 0.027920153389594374 0.99951349367732711
vn -0.013901114762691806 0.027920153389594572 0.99951349367732689
vn -0.013901114762692254 0.027920153389594408 0.99951349367732711
vn -0.013901114762691928 0.027920153389594846 0.999513493677327
vn -0.013901114762691815 0.027920153389594658 0.999513493677327
vn -0.013901114762691852 0.027920153389594676 0.99951349367732689
vn -0.013901114762692922 0.027920153389594873 0.99951349367732689
vn -0.013901114762691432 0.02792015338959385 0.99951349367732711
vn -0.013901114762691805 0.02792015338959504 0.999513493677327
vn -0.013901114762584316 0.027920153389488115 0.99951349367733144
vn -0.013901114762691579 0.027920153389594825 0.999513493677327
vn -0.01390111476269075 0.027920153389593104 0.999513493677327
vn -0.013901114762692244 0.027920153389594849 0.999513493677327
vn -0.013901114762692538 0.02792015338959419 0.999513493677327
vn -0.013901114762692511 0.027920153389594114 0.99951349367732689
vn -0.013901114762692254 0.027920153389594374 0.99951349367732689
vn -0.013901114762692337 0.027920153389594294 0.999513493677327
vn -0.013901114762692079 0.02792015338959446 0.999513493677327
vn -0.013901114762691992 0.027920153389595311 0.999513493677327
vn -0.01390111476269181 0.027920153389594773 0.999513493677327
vn -0.013901114762691848 0.027920153389594776 0.99951349367732689
vn -0.013901114762692171 0.02792015338959377 0.999513493677327
vn -0.013901114762692759 0.027920153389595064 0.99951349367732711
vn -0.013901114762690783 0.027920153389594207 0.999513493677327
vn -0.013901114762584351 0.02792015338948698 0.99951349367733155
vn -0.013901114762692159 0.027920153389594783 0.99951349367732689
vn -0.013901114762692927 0.027920153389594811 0.999513493677327
vn -0.013901114762691897 0.02792015338959479 0.99951349367732711
vn -0.013901114762691564 0.027920153389593614 0.999513493677327
vn -0.013901114762691839 0.027920153389594714 0.99951349367732689
vn -0.01390111476269159 0.027920153389594637 0.999513493677327
vn -0.01390111476269182 0.027920153389594558 0.999513493677327
vn -0.013901114762691628 0.027920153389594846 0.999513493677327
vn -0.013901114762692743 0.02792015338959538 0.99951349367732689
vn -0.013901114762691874 0.027920153389594488 0.999513493677327
vn -0.013901114762691754 0.027920153389594367 0.999513493677327
vn -0.013901114762690762 0.02792015338959368 0.999513493677327
vn -0.01390111476269203 0.0279201533895942 0.999513493677327
vn -0.013901114762690707 0.02792015338959368 0.99951349367732711
vn -0.013901114762690315 0.027920153389595064 0.999513493677327
vn -0.013901114762691496 0.027920153389594811 0.999513493677327
vn -0.020727115434628796 0.0023796504657234729 0.99978233828639951
vn -0.020727115434628896 0.0023796504657233489 0.99978233828639951
vn -0.020727115434628844 0.0023796504657233319 0.99978233828639951
vn -0.020727115434628841 0.0023796504657233315 0.99978233828639951
vn -0.020727115434628841 0.0023796504657233315 0.99978233828639951
vn -0.020727115434628705 0.0023796504657234707 0.99978233828639951
vn -0.020727115434628848 0.0023796504657233319 0.99978233828639951
vn -0.020727115434628844 0.0023796504657233319 0.99978233828639951
vn -0.020727115434628844 0.0023796504657233319 0.99978233828639951
vn -0.020727115434628844 0.0023796504657233319 0.99978233828639951
vn -0.020727115434628705 0.0023796504657234707 0.99978233828639951
vn -0.020727115434628844 0.0023796504657233332 0.99978233828639951
vn -0.020727115434628844 0.0023796504657233319 0.99978233828639951
vn -0.020527391456375142 0.0064020447726659884 0.99976879328308976
vn -0.019299798910350802 0.02240939417220951 0.9995625727361217
vn -0.016993512332647925 0.042611520009033822 0.9989471852411016
vn -0.014876293640473413 0.044745035544628567 0.9988876702020264
vn -0.014017052175395176 0.03319177633606897 0.99935070332289688
vn -0.013901114762691855 0.027920153389594672 0.999513493677327
vn -0.013901114762691855 0.027920153389594703 0.999513493677327
vn -0.013901114762691914 0.027920153389594613 0.99951349367732689
vn -0.013901114762693316 0.027920153389595057 0.99951349367732689
vn -0.013901114762692493 0.02792015338959478 0.999513493677327
vn -0.013901114762583665 0.027920153389485735 0.99951349367733155
vn -0.013901114762691817 0.027920153389593999 0.999513493677327
vn -0.013901114762691966 0.027920153389594717 0.999513493677327
vn -0.013901114762691872 0.027920153389593937 0.999513493677327
vn -0.013901114762691895 0.027920153389594686 0.999513493677327
vn -0.013901114762691964 0.027920153389594235 0.999513493677327
vn -0.013901114762691867 0.027920153389594509 0.999513493677327
vn -0.013901114762691817 0.027920153389594526 0.999513493677327
vn -0.013901114762692037 0.0279201533895942 0.999513493677327
vn -0.013901114762691775 0.027920153389594814 0.999513493677327
vn -0.01390111476269118 0.027920153389595064 0.99951349367732711
vn -0.013901114762691812 0.027920153389594651 0.99951349367732711
vn -0.013901114762692008 0.027920153389594558 0.999513493677327
vn -0.013901114762691322 0.027920153389593499 0.999513493677327
vn -0.013901114762691841 0.027920153389594658 0.99951349367732689
vn -0.013901114762691966 0.027920153389594249 0.99951349367732689
vn -0.013901114762691765 0.027920153389594849 0.999513493677327
vn -0.013901114762691649 0.027920153389595314 0.999513493677327
vn -0.013901114762692058 0.027920153389594485 0.999513493677327
vn -0.013901114762691824 0.027920153389595064 0.999513493677327
vn -0.013901114762691829 0.027920153389594627 0.99951349367732689
vn -0.013901114762692058 0.027920153389594016 0.999513493677327
vn -0.013901114762628243 0.027920153389855002 0.99951349367732067
vn -0.013901114762691883 0.027920153389409133 0.99951349367733222
vn -0.013901114762691765 0.027920153389594322 0.99951349367732711
vn -0.013901114762691897 0.027920153389594183 0.999513493677327
vn -0.013901114762692251 0.02792015338959488 0.99951349367732689
vn -0.013901114762692079 0.027920153389595061 0.99951349367732689
vn -0.013901114762691747 0.027920153389594592 0.99951349367732711
vn -0.013901114762692223 0.027920153389594783 0.999513493677327
vn -0.013901114762691964 0.027920153389595002 0.99951349367732711
vn -0.013901114762691789 0.027920153389595026 0.999513493677327
vn -0.013901114762691746 0.027920153389594832 0.999513493677327
vn -0.013901114762691322 0.027920153389594714 0.999513493677327
vn -0.013901114762692164 0.027920153389595331 0.999513493677327
vn -0.013901114762691499 0.027920153389594162 0.99951349367732689
vn -0.013901114762692054 0.027920153389595137 0.99951349367732689
vn -0.013901114762692138 0.027920153389594585 0.99951349367732689
vn -0.013901114762691555 0.027920153389595314 0.999513493677327
vn -0.013901114762692113 0.0279201533895942 0.999513493677327
vn -0.013901114762691687 0.027920153389595068 0.999513493677327
vn -0.013901114762692244 0.02792015338959395 0.999513493677327
vn -0.013901114762692091 0.027920153389594894 0.999513493677327
vn -0.013901114762691961 0.027920153389595019 0.99951349367732689
vn -0.013901114762691399 0.027920153389594755 0.999513493677327
vn -0.013901114762691779 0.027920153389594658 0.999513493677327
vn -0.013901114762691904 0.027920153389594856 0.99951349367732689
vn -0.01390111476269195 0.027920153389594728 0.99951349367732711
vn -0.013901114762692547 0.02792015338959446 0.999513493677327
vn -0.013901114762691728 0.027920153389594814 0.999513493677327
vn -0.013901114762691813 0.027920153389594991 0.99951349367732689
vn -0.013901114762691878 0.027920153389594995 0.99951349367732689
vn -0.020727115434628893 0.0023796504657234729 0.99978233828639951
vn -0.020727115434628799 0.00237965046572341 0.99978233828639951
vn -0.020727115434628754 0.0023796504657233779 0.99978233828639951
vn -0.020727115434628799 0.0023796504657232847 0.99978233828639951
vn -0.020727115434628709 0.0023796504657234703 0.99978233828639951
vn -0.020727115434628848 0.0023796504657233315 0.99978233828639951
vn -0.020727115434628844 0.0023796504657233311 0.99978233828639951
vn -0.020727115434628754 0.0023796504657233779 0.99978233828639951
vn -0.020727115434628799 0.0023796504657232855 0.99978233828639951
vn -0.020727115434628705 0.0023796504657234707 0.99978233828639951
vn -0.020727115434628848 0.0023796504657233315 0.99978233828639951
vn -0.020727115434628844 0.0023796504657233324 0.99978233828639951
vn -0.020727115434628754 0.0023796504657233779 0.99978233828639951
vn -0.020527309151649971 0.0070003462094693093 0.99976478470285202
vn -0.019298953894764766 0.024283787818910548 0.9995188082411125
vn -0.016991682952530056 0.045062650725517468 0.99883964690035743
vn -0.014875255231208747 0.046275692829772654 0.99881794489032427
vn -0.014016886317033472 0.03354598383946792 0.99933887839221858
vn -0.013901114762691853 0.027920153389594676 0.999513493677327
vn -0.013901114762691898 0.02792015338959461 0.999513493677327
vn -0.013901114762691857 0.027920153389594676 0.999513493677327
vn -0.013901114762691812 0.027920153389594742 0.999513493677327
vn -0.013901114762691881 0.027920153389594665 0.99951349367732689
vn -0.013901114762691864 0.02792015338959446 0.999513493677327
vn -0.013901114762692223 0.027920153389594519 0.999513493677327
vn -0.013901114762692035 0.027920153389594464 0.999513493677327
vn -0.01390111476269195 0.027920153389594207 0.999513493677327
vn -0.013901114762691883 0.027920153389594485 0.999513493677327
vn -0.01390111476269117 0.027920153389594499 0.99951349367732689
vn -0.013901114762691756 0.027920153389594513 0.999513493677327
vn -0.013901114762691852 0.027920153389594651 0.99951349367732711
vn -0.013901114762692037 0.027920153389594488 0.999513493677327
vn -0.013901114762692271 0.027920153389265488 0.99951349367733611
vn -0.013901114762691994 0.027920153389595602 0.999513493677327
vn -0.013901114762463754 0.027920153389594502 0.99951349367733011
vn -0.013901114762692082 0.02792015338959463 0.999513493677327
vn -0.013901114762691864 0.02792015338959445 0.999513493677327
vn -0.013901114762724936 0.027920153389726744 0.99951349367732278
vn -0.013901114762691957 0.027920153389595064 0.999513493677327
vn -0.013901114762692134 0.027920153389594898 0.999513493677327
vn -0.013901114762691905 0.027920153389594721 0.99951349367732689
vn -0.013901114762692133 0.027920153389595023 0.999513493677327
vn -0.013901114762692247 0.027920153389595141 0.999513493677327
vn -0.013901114762692615 0.027920153389594363 0.99951349367732689
vn -0.013901114762691933 0.027920153389594936 0.99951349367732689
vn -0.013901114762691692 0.02792015338959377 0.999513493677327
vn -0.013901114762691692 0.02792015338959377 0.999513493677327
vn -0.013901114762691692 0.02792015338959377 0.999513493677327
vn -0.013901114762691692 0.02792015338959377 0.999513493677327
vn -0.020727115434628709 0.0023796504657234733 0.99978233828639951
vn -0.020727115434628709 0.0023796504657234712 0.99978233828639951
vn -0.020727115434628803 0.0023796504657232855 0.99978233828639951
vn -0.020727115434628754 0.0023796504657233779 0.99978233828639951
vn -0.020727115434628851 0.0023796504657233315 0.99978233828639951
vn -0.020727115434628844 0.0023796504657233319 0.99978233828639951
vn -0.020727115434628709 0.0023796504657234707 0.99978233828639951
vn -0.020727115434628803 0.0023796504657232855 0.99978233828639951
vn -0.020727115434628754 0.0023796504657233783 0.99978233828639951
vn -0.020727115434628844 0.0023796504657233319 0.99978233828639951
vn -0.020727115434628844 0.0023796504657233319 0.99978233828639951
vn -0.020727115434628709 0.002379650465723472 0.99978233828639951
vn -0.020727115434628803 0.0023796504657232855 0.99978233828639951
vn -0.020527219499326448 0.0075986401283708056 0.99976041826420892
vn -0.019298041124422124 0.026157925397348649 0.9994715346360129
vn -0.016989751727898818 0.047512967845830811 0.99872612172842723
vn -0.014874182053030665 0.047806024226898419 0.99874588497568817
vn -0.014016718702120345 0.033900178702758493 0.99932692822756786
vn -0.013901114762691855 0.027920153389594669 0.999513493677327
vn -0.013901114762691812 0.027920153389594665 0.999513493677327
vn -0.013901114762691767 0.027920153389594721 0.999513493677327
vn -0.013901114762691855 0.027920153389594637 0.999513493677327
vn -0.013901114762691829 0.027920153389594693 0.999513493677327
vn -0.013901114762691791 0.027920153389594658 0.999513493677327
vn -0.013901114762691891 0.027920153389595061 0.99951349367732711
vn -0.013901114762691876 0.027920153389594655 0.999513493677327
vn -0.013901114762429143 0.027920153389594624 0.99951349367733067
vn -0.013901114762636326 0.027920153389594467 0.99951349367732789
vn -0.013901114762691846 0.027920153389594388 0.999513493677327
vn -0.013901114762691801 0.027920153389594488 0.999513493677327
vn -0.013901114762691791 0.027920153389594651 0.999513493677327
vn -0.013901114762419915 0.02792015338959479 0.99951349367733078
vn -0.013901114762691996 0.027920153389594905 0.999513493677327
vn -0.013901114762692068 0.027920153389471493 0.99951349367733044
vn -0.013901114762691945 0.027920153389594686 0.999513493677327
vn -0.013901114762691165 0.027920153389593954 0.999513493677327
vn -0.013901114762691283 0.027920153389594197 0.99951349367732711
vn -0.013901114762619857 0.027920153389451488 0.999513493677332
vn -0.013901114762691791 0.027920153389594651 0.999513493677327
vn -0.013901114762419915 0.02792015338959479 0.99951349367733078
vn -0.013901114762636326 0.027920153389594467 0.99951349367732789
vn -0.013901114762691742 0.027920153389594603 0.999513493677327
vn -0.013901114762691914 0.027920153389594731 0.99951349367732689
vn -0.013901114762691891 0.027920153389594471 0.999513493677327
vn -0.013901114762692164 0.027920153389595016 0.999513493677327
vn -0.013901114762691678 0.027920153389594624 0.999513493677327
vn -0.013901114762692908 0.027920153389597867 0.99951349367732678
vn -0.013901114762692058 0.027920153389594627 0.999513493677327
vn -0.013901114762691737 0.027920153389594728 0.999513493677327
vn -0.013901114762692009 0.027920153389595036 0.999513493677327
vn -0.013901114762691969 0.027920153389594967 0.999513493677327
vn -0.013901114762386963 0.027920153389898821 0.99951349367732267
vn -0.013901114762691862 0.027920153389594977 0.999513493677327
vn -0.013901114762691761 0.02792015338959529 0.99951349367732689
vn -0.013901114762692034 0.027920153389595179 0.999513493677327
vn -0.013901114762693333 0.027920153389593961 0.99951349367732689
vn -0.013901114762692521 0.027920153389594166 0.999513493677327
vn -0.020727115434628796 0.0023796504657234729 0.99978233828639951
vn -0.020727115434628896 0.0023796504657233489 0.99978233828639951
vn -0.020727115434628844 0.0023796504657233319 0.99978233828639951
vn -0.020727115434628841 0.0023796504657233315 0.99978233828639951
vn -0.020727115434628841 0.0023796504657233315 0.99978233828639951
vn -0.020727115434628705 0.0023796504657234707 0.99978233828639951
vn -0.020727115434628848 0.0023796504657233319 0.99978233828639951
vn -0.020727115434628844 0.0023796504657233319 0.99978233828639951
vn -0.020727115434628844 0.0023796504657233319 0.99978233828639951
vn -0.020727115434628844 0.0023796504657233319 0.99978233828639951
vn -0.020727115434628705 0.0023796504657234707 0.99978233828639951
vn -0.020727115434628844 0.0023796504657233332 0.99978233828639951
vn -0.020727115434628844 0.0023796504657233319 0.99978233828639951
vn -0.02052712249969342 0.0081969258869854043 0.99975569398122754
vn -0.019297060628182167 0.028031787197253039 0.99942075341551728
vn -0.016987718763184161 0.049962427519966053 0.9986066158640925
vn -0.014873074128575711 0.049336019056073627 0.99867149197805016
vn -0.014016549330844705 0.034254360793091521 0.99931485284244259
vn -0.013901114762691852 0.027920153389594672 0.999513493677327
vn -0.013901114762691852 0.027920153389594703 0.999513493677327
vn -0.013901114762691853 0.027920153389594672 0.999513493677327
vn -0.01390111476269185 0.027920153389594637 0.999513493677327
vn -0.013901114762691862 0.027920153389594693 0.99951349367732689
vn -0.013901114762691884 0.027920153389594738 0.99951349367732689
vn -0.013901114762691954 0.027920153389594648 0.99951349367732711
vn -0.013901114762691692 0.027920153389593968 0.999513493677327
vn -0.013901114762691652 0.027920153389594655 0.999513493677327
vn -0.013901114762691983 0.027920153389594478 0.999513493677327
vn -0.013901114762691864 0.027920153389594186 0.99951349367732689
vn -0.013901114762692093 0.027920153389593843 0.999513493677327
vn -0.013901114762691914 0.027920153389594266 0.999513493677327
vn -0.013901114762691964 0.027920153389594585 0.999513493677327
vn -0.013901114762691673 0.027920153389594551 0.999513493677327
vn -0.013901114762691435 0.02792015338959437 0.99951349367732689
vn -0.013901114762691477 0.027920153389594957 0.999513493677327
vn -0.013901114762690542 0.027920153389935507 0.99951349367731734
vn -0.0139011147626914 0.027920153389594558 0.99951349367732711
vn -0.013901114762690974 0.027920153389595082 0.99951349367732689
vn -0.013901114762691848 0.027920153389594946 0.999513493677327
vn -0.013901114762690786 0.027920153389680877 0.99951349367732456
vn -0.013901114762691806 0.027920153389594665 0.999513493677327
vn -0.013901114762691964 0.027920153389594585 0.999513493677327
vn -0.013901114762692067 0.027920153389395748 0.99951349367733255
vn -0.013901114762691366 0.02792015338959463 0.999513493677327
vn -0.013901114762691793 0.027920153389594884 0.99951349367732711
vn -0.013901114762692011 0.027920153389594662 0.99951349367732711
vn -0.013901114762691576 0.02792015338959463 0.999513493677327
vn -0.013901114762776395 0.027920153389849128 0.99951349367731879
vn -0.013901114762691728 0.027920153389594905 0.99951349367732689
vn -0.013901114762693073 0.027920153389594193 0.999513493677327
vn -0.020727115434628889 0.0023796504657234729 0.99978233828639951
vn -0.020727115434628799 0.0023796504657234104 0.99978233828639951
vn -0.020727115434628848 0.0023796504657233319 0.99978233828639951
vn -0.020727115434628841 0.0023796504657233315 0.99978233828639951
vn -0.020727115434628705 0.0023796504657234703 0.99978233828639951
vn -0.020727115434628848 0.0023796504657233319 0.99978233828639951
vn -0.020727115434628844 0.0023796504657233319 0.99978233828639951
vn -0.020727115434628848 0.0023796504657233319 0.99978233828639951
vn -0.020727115434628844 0.0023796504657233319 0.99978233828639951
vn -0.020727115434628702 0.0023796504657234707 0.99978233828639951
vn -0.020727115434628848 0.0023796504657233319 0.99978233828639951
vn -0.020727115434628841 0.0023796504657233332 0.99978233828639951
vn -0.020727115434628844 0.0023796504657233319 0.99978233828639951
vn -0.020527018153063275 0.0087952028429721558 0.9997506118691275
vn -0.019296012437038604 0.029905353522875901 0.99936646618480329
vn -0.01698558416824842 0.052410985975050721 0.99848113576551178
vn -0.014871931481203268 0.05086566664917791 0.99859476746593911
vn -0.014016378203398173 0.034608529977641349 0.99930265225048109
vn -0.013901114762691855 0.027920153389594672 0.999513493677327
vn -0.013901114762691855 0.027920153389594703 0.999513493677327
vn -0.013901114762691855 0.027920153389594672 0.999513493677327
vn -0.013901114762691855 0.027920153389594637 0.999513493677327
vn -0.013901114762691824 0.027920153389594672 0.999513493677327
vn -0.013901114762690613 0.027920153389593975 0.999513493677327
vn -0.013901114762692426 0.027920153389594651 0.99951349367732689
vn -0.013901114762918094 0.02792015338970762 0.99951349367732067
vn -0.013901114762691786 0.027920153389594221 0.999513493677327
vn -0.013901114762665076 0.027920153389621973 0.99951349367732656
vn -0.013901114762690734 0.027920153389593631 0.99951349367732711
vn -0.013901114762691961 0.027920153389595435 0.999513493677327
vn -0.013901114762692242 0.027920153389594637 0.99951349367732689
vn -0.013901114762691881 0.027920153389594745 0.99951349367732689
vn -0.013901114762691789 0.027920153389594995 0.99951349367732689
vn -0.01390111476269219 0.027920153389594186 0.999513493677327
vn -0.013901114762691839 0.027920153389594669 0.99951349367732711
vn -0.013901114762691421 0.027920153389595085 0.999513493677327
vn -0.013901114762691942 0.02792015338959461 0.999513493677327
vn -0.013901114762691935 0.027920153389594665 0.99951349367732689
vn -0.020727115434628712 0.0023796504657234733 0.99978233828639951
vn -0.020727115434628872 0.0023796504657232864 0.99978233828639951
vn -0.020727115434628858 0.0023796504657233324 0.99978233828639951
vn -0.020727115434628716 0.0023796504657234703 0.99978233828639951
vn -0.020727115434628855 0.0023796504657233315 0.99978233828639951
vn -0.020727115434628858 0.0023796504657233324 0.99978233828639951
vn -0.020727115434628861 0.0023796504657233324 0.99978233828639951
vn -0.020727115434628858 0.0023796504657233324 0.99978233828639951
vn -0.020727115434628716 0.0023796504657234712 0.99978233828639951
vn -0.020727115434628858 0.0023796504657233324 0.99978233828639951
vn -0.020727115434628858 0.0023796504657233324 0.99978233828639951
vn -0.020727115434628858 0.0023796504657233332 0.99978233828639951
vn -0.020727115434628851 0.0023796504657233319 0.99978233828639951
vn -0.020526906459772089 0.0093934703540372467 0.9997451719442807
vn -0.019294896584114946 0.031778604694025804 0.99930867465939133
vn -0.016983348058370571 0.054858599519220473 0.99834968820925574
vn -0.014870754134996153 0.052394956350269875 0.99851571305638942
vn -0.014016205319973881 0.034962686123607097 0.99929032646546234
vn -0.01390111476269177 0.027920153389594721 0.999513493677327
vn -0.013901114762691813 0.027920153389594658 0.999513493677327
vn -0.01390111476269186 0.027920153389594676 0.999513493677327
vn -0.01390111476269186 0.027920153389594644 0.999513493677327
vn -0.013901114762691812 0.027920153389594658 0.999513493677327
vn -0.013901114762691786 0.02792015338959505 0.999513493677327
vn -0.013901114762691614 0.027920153389594658 0.999513493677327
vn -0.013901114762861468 0.027920153389764214 0.9995134936773199
vn -0.013901114762691883 0.027920153389594811 0.999513493677327
vn -0.013901114762691966 0.02792015338959429 0.999513493677327
vn -0.013901114762691942 0.027920153389594821 0.99951349367732711
vn -0.013901114762691888 0.02792015338959461 0.999513493677327
vn -0.013901114762691694 0.027920153389594495 0.99951349367732711
vn -0.013901114762691938 0.027920153389594124 0.99951349367732711
vn -0.013901114762691879 0.027920153389594169 0.999513493677327
vn -0.013901114762690125 0.027920153389595328 0.99951349367732689
vn -0.013901114762584715 0.027920153389487501 0.99951349367733144
vn -0.013901114762692082 0.027920153389594596 0.999513493677327
vn -0.013901114762692049 0.02792015338959445 0.999513493677327
vn -0.01390111476269147 0.027920153389594814 0.999513493677327
vn -0.013901114762691747 0.027920153389594887 0.999513493677327
vn -0.013901114762692146 0.027920153389111604 0.99951349367734055
vn -0.013901114762691983 0.027920153389594502 0.99951349367732689
vn -0.013901114762691982 0.027920153389595279 0.999513493677327
vn -0.013901114762692618 0.02792015338959505 0.999513493677327
vn -0.013901114762692301 0.027920153389595262 0.99951349367732689
vn -0.013901114762692179 0.027920153389595082 0.99951349367732689
vn -0.013901114762692656 0.027920153389594148 0.999513493677327
vn -0.013901114762691704 0.027920153389594707 0.999513493677327
vn -0.013901114762691453 0.027920153389593576 0.999513493677327
vn -0.013901114762692126 0.027920153389594572 0.999513493677327
vn -0.013901114762861485 0.027920153389424815 0.99951349367732933
vn -0.013901114762637994 0.027920153389433058 0.99951349367733222
vn -0.013901114762692006 0.027920153389594655 0.99951349367732689
vn -0.013901114762692082 0.027920153389595043 0.999513493677327
vn -0.013901114762691886 0.027920153389594891 0.999513493677327
vn -0.01390111476269194 0.027920153389594457 0.999513493677327
vn -0.013901114762691803 0.027920153389594721 0.99951349367732689
vn -0.013901114762428467 0.027920153389594672 0.99951349367733067
vn -0.01390111476269195 0.027920153389594745 0.999513493677327
vn -0.013901114762691824 0.027920153389594748 0.999513493677327
vn -0.013901114762691756 0.027920153389594724 0.999513493677327
vn -0.013901114762691761 0.027920153389594731 0.99951349367732689
vn -0.013901114762691564 0.027920153389594755 0.99951349367732689
vn -0.013901114762692053 0.027920153389594724 0.99951349367732711
vn -0.013901114762691777 0.027920153389594849 0.99951349367732711
vn -0.013901114762691602 0.027920153389594842 0.999513493677327
vn -0.013901114762691628 0.027920153389594714 0.99951349367732711
vn -0.013901114762691775 0.027920153389594925 0.999513493677327
vn -0.013901114762691869 0.027920153389594974 0.99951349367732689
vn -0.01390111476269193 0.027920153389594929 0.999513493677327
vn -0.013901114762691881 0.027920153389594929 0.999513493677327
vn -0.013901114762691938 0.02792015338959488 0.999513493677327
vn -0.020727115434628896 0.0023796504657231034 0.99978233828639951
vn -0.020727115434628834 0.0023796504657232868 0.99978233828639951
vn -0.020727115434628702 0.0023796504657234703 0.99978233828639951
vn -0.020727115434628841 0.0023796504657233315 0.99978233828639951
vn -0.020727115434628841 0.0023796504657233315 0.99978233828639951
vn -0.020727115434628844 0.0023796504657233319 0.99978233828639951
vn -0.020727115434628841 0.0023796504657233319 0.99978233828639951
vn -0.020727115434628702 0.0023796504657234703 0.99978233828639951
vn -0.020727115434628844 0.0023796504657233324 0.99978233828639951
vn -0.020727115434628844 0.0023796504657233324 0.99978233828639951
vn -0.020727115434628844 0.0023796504657233319 0.99978233828639951
vn -0.020727115434628841 0.0023796504657233332 0.99978233828639951
vn -0.020727115434628705 0.0023796504657234707 0.99978233828639951
vn -0.020526787420180052 0.0099917277779370938 0.99973937422421177
vn -0.019293713104662477 0.033651521047097704 0.99924738066499408
vn -0.016981010554229299 0.05730522454547405 0.99821228028929287
vn -0.014869542114757125 0.053923877515955954 0.99843433041484586
vn -0.01401603068076691 0.035316829098212162 0.99927787550130598
vn -0.013901114762691855 0.027920153389594676 0.999513493677327
vn -0.013901114762691898 0.027920153389594613 0.999513493677327
vn -0.013901114762691855 0.027920153389594679 0.999513493677327
vn -0.013901114762691812 0.027920153389594738 0.999513493677327
vn -0.013901114762691806 0.027920153389594655 0.999513493677327
vn -0.013901114762690984 0.02792015338991179 0.99951349367731812
vn -0.013901114762691492 0.02792015338959394 0.999513493677327
vn -0.013901114762691884 0.02792015338959462 0.999513493677327
vn -0.013901114762691579 0.027920153389594658 0.99951349367732711
vn -0.013901114762691888 0.02792015338959453 0.99951349367732711
vn -0.013901114762220369 0.027920153389710722 0.99951349367733022
vn -0.01390111476269193 0.027920153389594325 0.999513493677327
vn -0.013901114762691612 0.027920153389594683 0.99951349367732711
vn -0.013901114762691697 0.027920153389594755 0.99951349367732689
vn -0.013901114762691921 0.027920153389594672 0.999513493677327
vn -0.013901114762691878 0.027920153389594804 0.99951349367732711
vn -0.013901114762691943 0.02792015338959462 0.999513493677327
vn -0.013901114762691954 0.02792015338959504 0.99951349367732689
vn -0.013901114762853687 0.027920153389595422 0.99951349367732478
vn -0.013901114762691498 0.027920153389594263 0.999513493677327
vn -0.013901114762692707 0.027920153389593992 0.999513493677327
vn -0.013901114762691732 0.027920153389594689 0.999513493677327
vn -0.013901114762691994 0.027920153389594738 0.999513493677327
vn -0.013901114762691971 0.027920153389594787 0.99951349367732689
vn -0.01390111476269157 0.027920153389594683 0.99951349367732689
vn -0.013901114762692308 0.027920153389596129 0.99951349367732689
vn -0.013901114762691749 0.027920153389594464 0.999513493677327
vn -0.013901114762691879 0.027920153389594752 0.999513493677327
vn -0.013901114762691808 0.027920153389594707 0.999513493677327
vn -0.013901114762691902 0.02792015338959556 0.999513493677327
vn -0.013901114762691626 0.027920153389595827 0.99951349367732678
vn -0.013901114762692127 0.027920153389594988 0.99951349367732689
vn -0.013901114762692431 0.027920153389594637 0.99951349367732689
vn -0.013901114762691198 0.027920153389594912 0.999513493677327
vn -0.013901114762691041 0.027920153389595071 0.999513493677327
vn -0.013901114762691633 0.027920153389594502 0.999513493677327
vn -0.013901114762692037 0.027920153389594544 0.99951349367732689
vn -0.013901114762691718 0.027920153389594679 0.999513493677327
vn -0.013901114762691898 0.027920153389594717 0.99951349367732711
vn -0.0139011147626919 0.027920153389594724 0.999513493677327
vn -0.013901114762692818 0.027920153389594211 0.999513493677327
vn -0.013901114762691794 0.02792015338959463 0.999513493677327
vn -0.013901114762691649 0.027920153389594572 0.999513493677327
vn -0.013901114762691425 0.027920153389595154 0.99951349367732689
vn -0.013901114762692183 0.027920153389594245 0.999513493677327
vn -0.013901114762692986 0.027920153389594974 0.99951349367732689
vn -0.013901114762692058 0.027920153389594565 0.99951349367732689
vn -0.013901114762692311 0.027920153389594218 0.999513493677327
vn -0.013901114762692944 0.02792015338959488 0.999513493677327
vn -0.013901114762690641 0.02792015338959505 0.99951349367732711
vn -0.01390111476269194 0.027920153389594929 0.999513493677327
vn -0.013901114762691834 0.027920153389594384 0.99951349367732689
vn -0.013901114762690832 0.027920153389594377 0.999513493677327
vn -0.020727115434628775 0.0023796504657232881 0.99978233828639951
vn -0.020727115434628681 0.0023796504657234716 0.99978233828639951
vn -0.02072711543462882 0.0023796504657233319 0.99978233828639951
vn -0.020727115434628816 0.0023796504657233315 0.99978233828639951
vn -0.02072711543462882 0.0023796504657233315 0.99978233828639951
vn -0.020727115434628816 0.0023796504657233319 0.99978233828639951
vn -0.020727115434628678 0.0023796504657234703 0.99978233828639951
vn -0.02072711543462882 0.0023796504657233319 0.99978233828639951
vn -0.02072711543462882 0.0023796504657233324 0.99978233828639951
vn -0.02072711543462882 0.0023796504657233324 0.99978233828639951
vn -0.020727115434628816 0.0023796504657233319 0.99978233828639951
vn -0.020727115434628681 0.002379650465723472 0.99978233828639951
vn -0.02072711543462882 0.0023796504657233324 0.99978233828639951
vn -0.020526661034670171 0.010589974472483204 0.99973321872759635
vn -0.019292462036057102 0.035524082936100286 0.99918258613735678
vn -0.016978571781884326 0.059750817535513277 0.99806891941593145
vn -0.014868295446008912 0.055452419515755476 0.99835062125506724
vn -0.014015854285974792 0.035670958768704276 0.99926529937207154
vn -0.013901114762691931 0.027920153389594627 0.999513493677327
vn -0.013901114762691836 0.027920153389594707 0.999513493677327
vn -0.013901114762691839 0.027920153389594679 0.999513493677327
vn -0.013901114762691888 0.027920153389594689 0.999513493677327
vn -0.013901114762691931 0.027920153389594658 0.999513493677327
vn -0.01390111476269186 0.027920153389594717 0.99951349367732711
vn -0.01390111476269224 0.02792015338959505 0.99951349367732689
vn -0.013901114762690308 0.027920153389594218 0.999513493677327
vn -0.013901114762584092 0.027920153389487237 0.99951349367733155
vn -0.013901114762691867 0.027920153389594637 0.99951349367732689
vn -0.013901114762691647 0.027920153389594679 0.99951349367732689
vn -0.01390111476269122 0.027920153389594179 0.999513493677327
vn -0.013901114762691879 0.027920153389595116 0.999513493677327
vn -0.013901114762570029 0.027920153389688795 0.99951349367732611
vn -0.013901114762692271 0.027920153389594551 0.99951349367732689
vn -0.013901114762691938 0.027920153389595075 0.999513493677327
vn -0.013901114762691669 0.027920153389594651 0.999513493677327
vn -0.013901114762690828 0.027920153389594683 0.999513493677327
vn -0.013901114762690771 0.027920153389594755 0.999513493677327
vn -0.013901114762691949 0.027920153389594218 0.999513493677327
vn -0.01390111476269202 0.027920153389594457 0.99951349367732689
vn -0.013901114762691113 0.02792015338959505 0.99951349367732689
vn -0.013901114762691838 0.027920153389594637 0.99951349367732689
vn -0.01390111476269219 0.027920153389594624 0.99951349367732711
vn -0.013901114762691808 0.027920153389594464 0.999513493677327
vn -0.013901114762691456 0.027920153389594773 0.99951349367732689
vn -0.020727115434628698 0.0023796504657234733 0.99978233828639951
vn -0.020727115434628858 0.0023796504657232864 0.99978233828639951
vn -0.020727115434628844 0.0023796504657233319 0.99978233828639951
vn -0.020727115434628844 0.0023796504657233319 0.99978233828639951
vn -0.020727115434628841 0.0023796504657233315 0.99978233828639951
vn -0.020727115434628705 0.0023796504657234707 0.99978233828639951
vn -0.020727115434628848 0.0023796504657233319 0.99978233828639951
vn -0.020727115434628844 0.0023796504657233319 0.99978233828639951
vn -0.020727115434628848 0.0023796504657233328 0.99978233828639951
vn -0.020727115434628844 0.0023796504657233319 0.99978233828639951
vn -0.020727115434628705 0.0023796504657234707 0.99978233828639951
vn -0.020727115434628848 0.0023796504657233337 0.99978233828639951
vn -0.020727115434628844 0.0023796504657233319 0.99978233828639951
vn -0.020526527303649945 0.011188209795543802 0.99972670547426279
vn -0.019291143417795985 0.037396270733682513 0.99911429312208677
vn -0.016976031872757997 0.062195335063561674 0.99791961331471302
vn -0.014867014154992775 0.056980571732466186 0.99826458733902645
vn -0.014015676135796462 0.036025075002356889 0.99925259809195943
vn -0.013901114762691855 0.027920153389594676 0.999513493677327
vn -0.013901114762691853 0.027920153389594703 0.999513493677327
vn -0.013901114762691855 0.027920153389594676 0.999513493677327
vn -0.013901114762691855 0.027920153389594644 0.999513493677327
vn -0.013901114762691855 0.027920153389594703 0.999513493677327
vn -0.013901114762691947 0.027920153389594658 0.999513493677327
vn -0.013901114762691969 0.027920153389594683 0.99951349367732711
vn -0.013901114762666365 0.027920153389594148 0.99951349367732722
vn -0.013901114762691775 0.027920153389594339 0.999513493677327
vn -0.013901114762691858 0.027920153389594481 0.999513493677327
vn -0.013901114762691957 0.027920153389594637 0.999513493677327
vn -0.013901114762691945 0.027920153389594752 0.99951349367732689
vn -0.013901114762693885 0.027920153389598485 0.99951349367732689
vn -0.013901114762692238 0.02792015338959505 0.99951349367732711
vn -0.022443801742496463 0.0023795622471431853 0.99974527428083182
vn -0.023560065222652884 0.0020166020259528004 0.9997203892303953
vn -0.025206175745769561 0.001835078471854865 0.99968058958413086
vn -0.026838024739376954 0.0018350004956312991 0.9996381111188537
vn -0.028469659203356989 0.001834917637093723 0.99959297295554739
vn -0.030101066136347849 0.0018348298982277878 0.99954517617599448
vn -0.031732232546069404 0.0018347372811358615 0.99949472192540934
vn -0.033363145449840037 0.0018346397880364298 0.99944161141236298
vn -0.034993791875090538 0.0018345374212640844 0.9993858459087025
vn -0.036624158859877291 0.0018344301832699242 0.99932742674946595
vn -0.038254233453396472 0.0018343180766197747 0.99926635533279462
vn -0.039884002716494088 0.0018342011039963286 0.99920263311983959
vn -0.041513453722178024 0.0018340792681970236 0.9991362616346654
vn -0.042941000991590317 0.011234149669381939 0.99901444649967208
vn -0.0415886986472025 0.039563653979520934 0.9983511894261563
vn -0.036067642121227261 0.066029432066751562 0.9971656027424719
vn -0.029650757158680596 0.059931192101132034 0.99776203817005094
vn -0.026882365209934408 0.036614039696946689 0.99896784259444016
vn -0.027160180477735031 0.02759617582591721 0.99925010666809633
vn -0.028109303167928392 0.027595451468590444 0.99922387788405953
vn -0.029058349838719865 0.027594702274018414 0.99919674975004746
vn -0.030007317932021153 0.027593928248275716 0.99916872248602517
vn -0.030956204890805212 0.027593129397637677 0.99913979631921568
vn -0.031905008159140186 0.027592305728579777 0.99910997148409331
vn -0.036640691580473859 0.027524565633825611 0.99894937709934728
vn -0.034963791972087196 0.027399594760033834 0.99901291055617414
vn -0.013901114762691498 0.027920153389594471 0.999513493677327
vn -0.013901114762691678 0.027920153389594613 0.99951349367732689
vn -0.013901114762691825 0.027920153389594658 0.99951349367732689
vn -0.013901114762638276 0.027920153389433554 0.99951349367733233
vn -0.01390111476269219 0.027920153389595328 0.999513493677327
vn -0.013901114762692093 0.027920153389595047 0.999513493677327
vn -0.024413096898768121 0.00020209334258404675 0.99970193550782538
vn -0.026129066403507654 -0.0010261192144100204 0.99965805101956684
vn -0.030396345258333728 -0.001640021747892244 0.99953657888223513
vn -0.035916009337100485 -0.0016397213008470365 0.99935346679108128
vn -0.041432388431141061 -0.0016393709909185011 0.99913996499571833
vn -0.046944981233199692 -0.0016389709140876391 0.99889613199339067
vn -0.052453288161928742 -0.001638521179837813 0.99862203451022691
vn -0.057956811586430984 -0.0016380219110710573 0.99831774745065693
vn -0.063455056048737607 -0.0016374732440143642 0.99798335384074754
vn -0.068947528483993728 -0.0016368753281190416 0.99761894476553981
vn -0.074433738438121233 -0.0016362283259460822 0.99722461930048178
vn -0.079913198282744791 -0.0016355324130454751 0.99680048443705549
vn -0.085385423427160573 -0.0016347877778237162 0.99634665500270836
vn -0.0897912549152768 0.010061527606952765 0.99590978316459677
vn -0.086815769878435617 0.045260250995102176 0.99519572536274226
vn -0.074225777112394489 0.076756359566378357 0.99428315648922572
vn -0.060692789446914815 0.067556432721655527 0.99586771898032567
vn -0.056132808054686248 0.037178245814656091 0.99773086847007031
vn -0.058086855467555959 0.02554229171269563 0.99798472360851032
vn -0.061285951811823683 0.025537397621880453 0.99779350240078268
vn -0.064483160540088194 0.025532243321488627 0.99759211432214789
vn -0.067678384780785958 0.025526829286322314 0.99738057792401935
vn -0.070871527966008277 0.025521156014559648 0.99715891267111678
vn -0.074062493845827262 0.025515224027626082 0.99692713893652074
vn -0.077251186502507063 0.025509033870063987 0.99668527799650519
vn -0.088204295677579092 0.024418513776782579 0.99580306206044333
vn -0.014566589655794576 -0.0060798242710920153 0.99987541734089669
vn -0.016516552906657558 -0.0079780216385461674 0.99983176317359335
vn -0.022535303719687472 -0.0089261319115902515 0.99970619896815593
vn -0.031070199847421407 -0.008924088709890636 0.99947736508744367
vn -0.039598305070539921 -0.0089213965720007626 0.99917585184928559
vn -0.048117765868367725 -0.00891805726049167 0.99880185665753329
vn -0.0566267381337172 -0.0089140729577056564 0.9983556239294894
vn -0.065123389152550851 -0.0089094462618060991 0.99783744465348334
vn -0.07360589955486832 -0.0089041801820904688 0.99724765586387998
vn -0.082072465232029768 -0.0088982781335816725 0.99658664003537323
vn -0.090521299215883547 -0.008891743930918003 0.99585482439868489
vn -0.098950633515232936 -0.0088845817815638075 0.99505268018005
vn -0.10735872090536663 -0.0088767962783595292 0.99418072176712224
vn -0.11382584039952737 0.0077466493615691917 0.99347051666418884
vn -0.11020985750503454 0.054881291931235532 0.99239197452653682
vn -0.094867196485887068 0.093757458421581216 0.99106495953657525
vn -0.079751417625277363 0.078096927690639931 0.99375076416173969
vn -0.076181682483355995 0.036660040332756647 0.99641978738722659
vn -0.079930104450939163 0.021279681117317564 0.99657330566998792
vn -0.084850654695327654 0.021270996964699942 0.99616660809620705
vn -0.089765004940297044 0.021261802232368156 0.99573599897457765
vn -0.094672807429635755 0.021252098923785653 0.99528157213158774
vn -0.099573716769156301 0.021241889148208404 0.99480342634823649
vn -0.10446739004367614 0.021231175119426203 0.99430166530108499
vn -0.10819834840776189 0.021626047890502972 0.99389407456452339
vn -0.11475379639240346 0.020367724356267318 0.99318513984960433
vn 0.0047314449875455692 -0.014874599014270943 0.99987817244527066
vn 0.0024596425197014756 -0.016772783058384231 0.99985630162896499
vn -0.003596904548714067 -0.017721686583834387 0.99983648868317054
vn -0.012139211585943313 -0.017720495429597725 0.99976928517723596
vn -0.020678861675081275 -0.017718011762073226 0.99962915960821286
vn -0.029213988252109167 -0.017714237211217398 0.99941620393629316
vn -0.037742729696590156 -0.017709174251822321 0.99913055778630289
vn -0.046263231356260592 -0.017702826199013536 0.99877240819370083
vn -0.054773647553905486 -0.017695197202232286 0.99834198926500861
vn -0.063272143571475425 -0.017686292237720037 0.99783958175387721
vn -0.071756897606508122 -0.017676117099537432 0.99726551255429097
vn -0.0802261026960394 -0.017664678389142794 0.99662015411269533
vn -0.088677968603342164 -0.017651983503572419 0.9959039237611097
vn -0.09531533144498229 0.0046081348518851551 0.99543646340925251
vn -0.093668575433127149 0.063827062541059229 0.99355538550385214
vn -0.082986048366585019 0.10921527422690261 0.99054799967091012
vn -0.07316708558326146 0.086364228265108423 0.99357324725629759
vn -0.072296275702810858 0.034734982854303181 0.99677817466355789
vn -0.076538324008313952 0.016184624944392764 0.99693527516755454
vn -0.081463413590288455 0.016178289380407079 0.99654501915314464
vn -0.086382542774042045 0.016171564513477926 0.9961307829823739
vn -0.091295362145421166 0.016164451811476199 0.99569265707263843
vn -0.096201524571493502 0.016156952823376799 0.99523073683723384
vn -0.10188481118835103 0.014796084860792877 0.99468616212446948
vn -0.11719374865465951 0.019040836968809222 0.99292651883399508
vn -0.11824899948361531 0.020806368296243875 0.99276596897730385
vn -0.11063418173338915 0.015990583698083562 0.99373254906195863
vn -0.11354517180591707 0.016246977302937376 0.99339998474334723
vn -0.1170359519922453 0.015006271404949431 0.99301429886975434
vn -0.11403289669328003 0.015857903117002813 0.99335040412760267
vn -0.11669263935750264 0.015179606581523085 0.99305206684433722
vn -0.12146192894770046 0.0159658344513098 0.9924676780362055
vn -0.12146100152913514 0.015969569263722599 0.99246773144776379
vn -0.1180379565164838 0.017305868534497774 0.99285827172647334
vn -0.11803749627610101 0.017305401917595754 0.99285833457615691
vn -0.11803790056786743 0.017305811374637135 0.99285827937435056
vn -0.11617959201003406 0.015979155096880131 0.99309967727452808
vn -0.11098176336515422 0.015985092260408892 0.9936938789314278
vn -0.11687234684177714 0.018659220910257516 0.99297164512322178
vn -0.12357379550723842 0.0074486654348490172 0.99230742940238781
vn -0.12061554142517573 0.019918561050105834 0.99249944185999661
vn -0.1205018385170064 0.020091884882104009 0.99250975968798705
vn -0.12248537749056161 0.01865365037655697 0.99229500332744991
vn -0.11485309800335415 0.015979605489184964 0.99325395447863274
vn -0.11420012372453101 0.016644333839590058 0.9933183265662312
vn 0.01911138100952714 -0.023159174972376153 0.9995491022108457
vn 0.016431970049448682 -0.024387694207677304 0.99956752184708697
vn 0.012057314938730938 -0.02500291956670567 0.99961466334263471
vn 0.0065309737064877171 -0.025004203935723515 0.99966601231010443
vn 0.0010040340119108503 -0.0250047246092144 0.9996868287933578
vn -0.00452299769445686 -0.025004481444043457 0.99967710706986301
vn -0.010049614919915843 -0.025003474507059458 0.99963684981223866
vn -0.015575311361654243 -0.025001704075044394 0.99956606808621284
vn -0.021099581138589042 -0.024999170634502452 0.99946478134217565
vn -0.026621919022756575 -0.024995874881288439 0.99933301740033831
vn -0.032141820670005442 -0.024991817720076984 0.99917081242951833
vn -0.037658782849746865 -0.024987000263673068 0.99897821091958694
vn -0.043172303673519798 -0.024981423832166515 0.99875526564761552
vn -0.047662274133785071 0.0012515261534016197 0.99886272395494036
vn -0.048666891381451111 0.068003633356378712 0.9964973856130267
vn -0.046477619346581664 0.11686392052984272 0.99205980413393879
vn -0.045304548712383777 0.089145452350650786 0.99498773167872034
vn -0.047357708175117016 0.032003491492493041 0.99836517567906502
vn -0.050591548050933785 0.011977139490469935 0.998647607214595
vn -0.053795500859140422 0.011975131298359303 0.99848016520995608
vn -0.056997793041440946 0.011973000599826839 0.99830250868413706
vn -0.060198326997401921 0.011970747591714716 0.99811465404972854
vn -0.063397005396584633 0.011968372481960915 0.9979166186445031
vn -0.058825308130556378 0.010508641798358221 0.99821297906353568
vn -0.10835182203425744 0.01471499216515855 0.99400369801497024
vn -0.1089752511076867 0.015350668010001917 0.99392592864743368
vn -0.05869520120310831 0.0089268033304735258 0.99823603698625596
vn -0.086248141993209848 0.013547789138363615 0.99618156749268438
vn -0.087752869618455923 0.016588600165335941 0.9960041426712446
vn -0.099929322298765208 0.013531798336475864 0.99490251832965548
vn -0.09992617050977097 0.013534981289618511 0.99490279159762229
vn -0.099935565108735191 0.013525496371874453 0.99490197696772731
vn -0.10348475948004712 0.014786184055224246 0.99452112763703604
vn -0.090747302152823922 0.022658863047509376 0.99561614243511454
vn -0.099882256844365469 0.013574810586555974 0.99490665857919325
vn -0.08309521658850727 0.014937718789532881 0.99642965107300663
vn -0.079125383770265553 0.011708500881275657 0.99679590922631767
vn -0.08972275888802507 0.0033221477189083739 0.99596123914139101
vn -0.07686153815733808 0.012465230282532821 0.99696385189538927
vn -0.089697378592142218 0.0032901712025466042 0.99596363138779109
vn -0.091030991047673773 0.005323398506879698 0.99583383156890948
vn -0.079672063349454605 0.012415310749065434 0.99674380980302291
vn -0.089487247977536988 0.011914799000346483 0.99591669833083341
vn -0.10838021269340752 0.015981020382132331 0.99398105438890416
vn -0.11257204309528164 0.015983805614753717 0.99351499891618344
vn -0.08626041794674337 0.013539545595573086 0.99618061665579416
vn -0.09734607647411031 0.014633936302011142 0.99514299942440698
vn -0.10834535878145336 0.015985775335111897 0.99398477765881987
vn -0.086244706270033181 0.013554691693925321 0.99618177105058403
vn -0.11019551968116875 0.019694032279812469 0.99371479436242616
vn -0.10910994912882996 0.016231547823560448 0.99389715557312852
vn -0.086257792606810546 0.013551901829444943 0.9961806759676709
vn -0.11086257238641219 0.014716261139541668 0.99372678423294014
vn -0.10877970693705118 0.016814749705237848 0.99392365881441802
vn -0.10228316125220313 0.013530916130330839 0.99466329440315115
vn -0.10229426030452361 0.013533422574602253 0.9946621189037852
vn 0.020228868758337858 -0.027710376549505072 0.99941129066077827
vn 0.017182318358491658 -0.027929472782930322 0.99946221163478466
vn 0.010652755699724153 -0.027932011519948865 0.99955306088694029
vn 0.0073874110515120333 -0.027932834301758889 0.99958250431158835
vn 0.00412183006965792 -0.027933359244309602 0.99960128949406879
vn 0.00085611721476529809 -0.027933586297220186 0.99960941463148012
vn -0.0056752861829599379 -0.027933146675543339 0.99959368267488768
vn -0.0089407677659647296 -0.027932480043150631 0.9995698270908312
vn -0.012205963335776761 -0.027931515605495678 0.99953531448119715
vn -0.015470768493431696 -0.027930253455121037 0.99949014815762705
vn -0.0085787383437464435 0.075123262213203437 0.99713735298747874
vn -0.0096123102142800527 0.11486955395661327 0.99333407727015643
vn -0.014993995941307675 0.086346465661457872 0.99615233170107409
vn -0.01816858931098262 0.029594234910428473 0.99939685992228089
vn -0.019531259919063439 0.0099679468053963001 0.99975955605458389
vn -0.020481215317944865 0.0099677572901386308 0.99974054815922353
vn -0.021431115249125027 0.0099675587841257119 0.99972063851411186
vn -0.022380957144686252 0.0099673512889697242 0.9996998272809543
vn -0.023330738437496151 0.0099671348063557364 0.99967811462876033
vn -0.024280456561242447 0.0099669093380415266 0.99965550073384024
vn -0.0194952782082152 0.0096512019851683339 0.99976336621613893
vn -0.054244494726017174 0.010162042158332985 0.99847597251565912
vn -0.054233319076153176 0.010150834672893943 0.9984766935975159
vn -0.059909675449862886 0.015842036279747122 0.99807808345539939
vn -0.032648231041181801 -0.0078695519037359375 0.99943592248963919
vn -0.036269406997467439 0.0097740179081648761 0.99929425030367447
vn -0.036263797476515758 0.0097796342775169111 0.9992943989365598
vn -0.047905313505737582 0.0013760373974679543 0.99885093355264865
vn -0.062744448918007109 0.018674282526325012 0.99785490192818238
vn -0.016856328390714138 -0.094841797631252167 0.99534963586433145
vn -0.047939577663470324 -0.0019358602456353428 0.99884836153370016
vn -0.070643184700829018 0.010742741968364791 0.99744379989567611
vn -0.070658532164741272 0.010732613611672707 0.99744282183861899
vn -0.053635786877420578 0.0037826235875302754 0.9985534007377046
vn -0.069069291315181899 0.011522168061539804 0.99754532360208081
vn -0.017101744340373603 0.0097176115853776345 0.99980653046756607
vn -0.016969653535161146 0.0097836202248218328 0.99980813741147012
vn -0.013645748057627555 0.0096961019305364018 0.99985987976681023
vn -0.0076183346279800005 0.0096527564239113888 0.99992438977700548
vn 0.016660594184144069 0.020905076953461738 0.99964263732545999
vn 0.01246020863174602 0.055491190939073579 0.9983814255729202
vn 0.0038793567811386612 0.10748382428241336 0.99419926478980647
vn -0.003355957348195856 0.081222910341898089 0.99669031117286833
vn -0.0063382483763090572 0.028066123258630633 0.99958597395759397
vn -0.0067462355303013226 0.0096528168888575273 0.99993065331165831
vn -0.0067462355303013226 0.0096528168888575377 0.99993065331165831
vn -0.0067462355303013243 0.0096528168888575273 0.99993065331165831
vn -0.0067462355303013711 0.0096528168888575638 0.99993065331165842
vn -0.0067462355303013789 0.0096528168888575724 0.99993065331165831
vn -0.0067462355303013971 0.0096528168888575568 0.99993065331165831
vn -0.0067462355303013017 0.0096528168888575083 0.99993065331165831
vn -0.0067462355303019514 0.009652816888858419 0.99993065331165831
vn -0.0067462355303012627 0.0096528168888575395 0.99993065331165831
vn -0.0067462355303012575 0.0096528168888578882 0.99993065331165831
vn -0.0067462355303017302 0.0096528168888571266 0.99993065331165842
vn -0.0067462355303010198 0.009652816888857902 0.99993065331165831
vn -0.0067462355303011387 0.0096528168888578257 0.99993065331165831
vn -0.0067462355303007805 0.0096528168888583756 0.99993065331165831
vn 0.015293282831335126 0.018169518794829503 0.99971795226804094
vn 0.011764612501611588 0.054153654107663526 0.99846330710721376
vn 0.0038827217388931684 0.099183005919687345 0.99506163417581006
vn -0.0033573433650852802 0.076002875756963836 0.9971019462031957
vn -0.0063384601828406504 0.02685003536785022 0.99961937732481743
vn -0.0067462355303013382 0.0096528168888575256 0.99993065331165831
vn -0.0067462355303013373 0.009652816888857536 0.99993065331165842
vn -0.0067462355303013364 0.0096528168888575256 0.99993065331165831
vn -0.0067462355303012905 0.0096528168888576071 0.99993065331165831
vn -0.0067462355303013243 0.0096528168888576227 0.99993065331165831
vn -0.0067462355303002574 0.0096528168888572637 0.99993065331165842
vn -0.0067462355303011838 0.0096528168888573903 0.99993065331165831
vn -0.0067462355306027412 0.0096528168890081083 0.99993065331165487
vn -0.0067462355303012349 0.009652816888857366 0.99993065331165831
vn -0.0067462355303020399 0.009652816888858046 0.99993065331165831
vn -0.0067462355303015654 0.0096528168888579784 0.99993065331165842
vn -0.0067462355303013659 0.0096528168888576106 0.99993065331165831
vn -0.0067462355303007492 0.0096528168888570555 0.99993065331165831
vn -0.006746235530300241 0.0096528168888544881 0.99993065331165831
vn -0.006746235530301195 0.0096528168888576418 0.99993065331165831
vn -0.0067462355302909489 0.0096528168888678767 0.9999306533116582
vn -0.006746235530300332 0.009652816888856823 0.99993065331165831
vn -0.0067462355302757258 0.0096528168887802662 0.99993065331165931
vn -0.0067462355303012349 0.0096528168888582091 0.99993065331165831
vn -0.0067462355303014527 0.0096528168888579645 0.99993065331165831
vn -0.0067462355303015246 0.0096528168888581102 0.99993065331165831
vn -0.006746235530300751 0.0096528168888574545 0.99993065331165842
vn -0.0067462355303027424 0.0096528168888567172 0.99993065331165831
vn -0.0067462355303007293 0.0096528168888574666 0.99993065331165842
vn -0.0067462355303016574 0.0096528168888572619 0.99993065331165842
vn -0.0067462355303010554 0.0096528168888578257 0.99993065331165831
vn -0.0067462355303013286 0.0096528168888575031 0.99993065331165842
vn -0.0067462355303009288 0.0096528168888582039 0.99993065331165831
vn -0.0067462355303011083 0.0096528168888576679 0.99993065331165831
vn -0.0067462355303014405 0.0096528168888573053 0.99993065331165831
vn -0.006746235530301398 0.0096528168888573591 0.99993065331165842
vn -0.0067462355303530008 0.0096528168887028473 0.99993065331165942
vn 0.015294294891432853 0.014064749713742398 0.99978411037546688
vn 0.011768466535741217 0.047741404165400125 0.9987903991948025
vn 0.0038858212065831744 0.090861430258856762 0.99585596392493703
vn -0.0033586383265538093 0.070776584675355553 0.99748653856093894
vn -0.0063386626214656204 0.025633828256370648 0.99965130330785545
vn -0.0067462355303013364 0.0096528168888575256 0.99993065331165831
vn -0.0067462355303013382 0.0096528168888575377 0.99993065331165842
vn -0.0067462355303013382 0.0096528168888575256 0.99993065331165831
vn -0.0067462355303013859 0.009652816888857562 0.99993065331165831
vn -0.0067462355303013624 0.0096528168888575881 0.99993065331165831
vn -0.0067462355303012644 0.0096528168888575083 0.99993065331165831
vn -0.006746235530536028 0.0096528168888573868 0.99993065331165676
vn -0.0067462355303012861 0.0096528168888574475 0.99993065331165831
vn -0.0067462355301672865 0.0096528168885892263 0.99993065331166187
vn -0.0067462355303012905 0.0096528168888572637 0.99993065331165842
vn -0.006746235530426142 0.0096528168888578066 0.99993065331165742
vn -0.0067462355303012358 0.0096528168888578899 0.99993065331165831
vn -0.0067462355303013902 0.0096528168888575117 0.99993065331165842
vn -0.0067462355303015654 0.0096528168888575447 0.99993065331165842
vn -0.0067462355303016851 0.009652816888857732 0.99993065331165831
vn -0.0067462355302727109 0.0096528168888004341 0.99993065331165909
vn -0.0067462355303014735 0.0096528168888572619 0.99993065331165842
vn -0.0067462355303015394 0.0096528168888572637 0.99993065331165842
vn -0.0067462355303019843 0.0096528168888575985 0.99993065331165842
vn -0.0067462355302326908 0.0096528168888231538 0.99993065331165909
vn -0.0067462355303014605 0.0096528168888574978 0.99993065331165831
vn -0.0067462355303015333 0.0096528168888576696 0.99993065331165842
vn -0.0067462355303015316 0.0096528168888576609 0.99993065331165853
vn -0.0067462355303018577 0.0096528168888575239 0.99993065331165831
vn -0.006746235530301248 0.009652816888857732 0.99993065331165831
vn -0.0067462355303014422 0.0096528168888572897 0.99993065331165831
vn -0.0067462355303014795 0.0096528168888573521 0.99993065331165831
vn -0.0067462355303018169 0.0096528168888790535 0.9999306533116582
vn -0.0067462355303016001 0.0096528168888580582 0.99993065331165831
vn -0.0067462355303010268 0.009652816888857824 0.99993065331165831
vn -0.0067462355303002123 0.0096528168888583721 0.99993065331165831
vn -0.0067462355303007501 0.0096528168888562211 0.99993065331165842
vn -0.0067462355303014752 0.0096528168888574649 0.99993065331165842
vn 0.015295049261258442 0.0099592694354314164 0.99983342333631164
vn 0.01177183734698554 0.041323246450402647 0.99907648012966221
vn 0.0038886532470761488 0.082520778079830603 0.99658175758992473
vn -0.0033598419137182136 0.065544458327526631 0.99784399354050635
vn -0.0063388556894887309 0.024417507309906036 0.99968175148159955
vn -0.0067462355303013694 0.0096528168888575724 0.99993065331165831
vn -0.0067462355303013226 0.0096528168888575377 0.99993065331165831
vn -0.0067462355303013226 0.0096528168888575273 0.99993065331165831
vn -0.0067462355303012774 0.0096528168888576089 0.99993065331165842
vn -0.0067462355303012774 0.0096528168888576297 0.99993065331165831
vn -0.0067462355303013512 0.009652816888857543 0.99993065331165842
vn -0.0067462355303013156 0.0096528168888574996 0.99993065331165831
vn -0.0067462355303014041 0.0096528168888573573 0.99993065331165831
vn -0.0067462355303006677 0.0096528168888570104 0.99993065331165831
vn -0.0067462355303004613 0.0096528168888557198 0.99993065331165831
vn -0.0067462355302755307 0.0096528168887804067 0.99993065331165931
vn -0.0067462355303012263 0.0096528168888578257 0.99993065331165831
vn -0.0067462355303014102 0.0096528168888583687 0.99993065331165831
vn -0.0067462355303009123 0.0096528168888570971 0.99993065331165831
vn -0.0067462355303014518 0.0096528168888565594 0.99993065331165831
vn -0.0067462355303010146 0.0096528168888572827 0.99993065331165831
vn -0.0067462355302999686 0.0096528168888582056 0.99993065331165842
vn -0.0067462355303005072 0.0096528168888576696 0.99993065331165842
vn -0.0067462355303005072 0.0096528168888579367 0.99993065331165842
vn -0.0067462355303011708 0.0096528168888577424 0.99993065331165831
vn -0.00674623553030147 0.0096528168888575655 0.99993065331165842
vn -0.0067462355303011924 0.0096528168888577754 0.99993065331165831
vn -0.006746235530301045 0.0096528168888576574 0.99993065331165831
vn -0.0067462355303018594 0.0096528168888576679 0.99993065331165842
vn -0.0067462355303010025 0.0096528168888572324 0.99993065331165842
vn -0.0067462355303014414 0.0096528168888575117 0.99993065331165831
vn 0.011774723684972054 0.034899969318637612 0.99932144379258703
vn 0.0038912160831350477 0.074162749961511551 0.99723855970150921
vn -0.0033609538296059715 0.060306920333048658 0.9981742229437196
vn -0.0063390393843382829 0.023201077916696389 0.99971072144055118
vn -0.0067462355303012774 0.0096528168888576193 0.99993065331165831
vn -0.0067462355303013226 0.0096528168888575377 0.99993065331165831
vn -0.0067462355303013243 0.0096528168888575273 0.99993065331165831
vn -0.0067462355303013711 0.0096528168888575638 0.99993065331165842
vn -0.0067462355303014613 0.0096528168888575377 0.99993065331165831
vn -0.0067462355303014613 0.0096528168888575377 0.99993065331165831
vn -0.006746235530301352 0.009652816888857569 0.99993065331165831
vn -0.0067462355303013191 0.0096528168888574632 0.99993065331165831
vn -0.0067462355303012566 0.0096528168888565611 0.99993065331165842
vn -0.0067462355303014466 0.0096528168888573122 0.99993065331165842
vn -0.006746235529921046 0.0096528168888574076 0.99993065331166087
vn 0.015295784511447325 0.0017470054068443916 0.99988148645141328
vn 0.011777124477519153 0.028472364289554287 0.99952519918749627
vn 0.0038935081004840325 0.065789064605203881 0.99782595655406947
vn -0.0033619737993585549 0.055064396532490401 0.99847714513987995
vn -0.0063392137035680942 0.021984545467387571 0.99973821279883712
vn -0.0067462355303014613 0.0096528168888575273 0.99993065331165831
vn -0.0067462355303013694 0.0096528168888575828 0.99993065331165831
vn -0.0067462355303013226 0.0096528168888575273 0.99993065331165831
vn -0.0067462355303013243 0.0096528168888575169 0.99993065331165842
vn -0.0067462355303013234 0.0096528168888575377 0.99993065331165831
vn -0.0067462355303012774 0.0096528168888576297 0.99993065331165831
vn -0.0067462355303012792 0.0096528168888576089 0.99993065331165842
vn -0.0067462355303013694 0.0096528168888575135 0.99993065331165842
vn 0.015295765280246842 -0.0023593630176787024 0.9998802293128124
vn 0.011779038831741136 0.02204122556135469 0.99968767053512952
vn 0.00389552785060886 0.057401457114344495 0.99834357692325304
vn -0.0033629015704183438 0.04981731481718342 0.99875268512151361
vn -0.0063393786448555662 0.020767915354913017 0.99976422519022368
vn -0.0067462355303012913 0.0096528168888576175 0.99993065331165831
vn -0.0067462355303012905 0.0096528168888576297 0.99993065331165842
vn -0.0067462355303013382 0.0096528168888575256 0.99993065331165831
vn -0.0067462355303013382 0.0096528168888575152 0.99993065331165831
vn -0.006746235530301339 0.009652816888857536 0.99993065331165842
vn -0.006746235530301385 0.0096528168888575846 0.99993065331165842
vn -0.0067462355303013833 0.0096528168888575603 0.99993065331165831
vn -0.0067462355303012983 0.0096528168888575169 0.99993065331165842
vn 0.015295488135695404 -0.0064656120929199347 0.99986211244498835
vn 0.011780466034969005 0.015607349522400388 0.99980879735121586
vn 0.003897274053282327 0.04900167723445676 0.99879109271316779
vn -0.0033637369127010744 0.044566104957029423 0.99900077455572633
vn -0.0063395342060030948 0.019551192974373927 0.9997887582681303
vn -0.0067462355303013833 0.0096528168888575724 0.99993065331165831
vn -0.006746235530301385 0.0096528168888575828 0.99993065331165842
vn -0.0067462355303013364 0.0096528168888575256 0.99993065331165831
vn -0.0067462355303013382 0.0096528168888575152 0.99993065331165831
vn -0.006746235530301339 0.0096528168888575377 0.99993065331165842
vn -0.0067462355303012922 0.0096528168888576297 0.99993065331165842
vn -0.0067462355303012931 0.0096528168888576071 0.99993065331165831
vn -0.0067462355303013807 0.0096528168888575152 0.99993065331165842
vn 0.015294953119847866 -0.010571534126400462 0.99982713859710559
vn 0.011781405555486199 0.0091715342594577039 0.99988853450895454
vn 0.0038987455988062731 0.040591487557397235 0.99916821953094248
vn -0.0033644796187550299 0.039311198426507467 0.99922135183109784
vn -0.0063396803849378432 0.018334383722919664 0.99981181170564182
vn -0.0067462355303012774 0.0096528168888576193 0.99993065331165831
vn -0.0067462355303012757 0.0096528168888576297 0.99993065331165831
vn -0.0067462355303013243 0.0096528168888575273 0.99993065331165831
vn -0.0067462355303013243 0.0096528168888575169 0.99993065331165842
vn -0.0067462355303013243 0.0096528168888575377 0.99993065331165831
vn -0.0067462355303013694 0.0096528168888575846 0.99993065331165831
vn -0.0067462355303014639 0.0096528168888575169 0.99993065331165842
vn -0.0067462355303013685 0.0096528168888576089 0.99993065331165842
vn 0.011781857043079243 0.0027345790634852392 0.9999268522856869
vn 0.0038999415499615026 0.032172661694118657 0.99947471718669445
vn -0.0033651295039030219 0.034053028229046448 0.99941436210005197
vn -0.0063398171797116546 0.01711749299962886 0.99983338519552112
vn -0.0067462355303013833 0.0096528168888575724 0.99993065331165831
vn -0.0067462355303013841 0.0096528168888575811 0.99993065331165842
vn -0.0067462355303013364 0.0096528168888575256 0.99993065331165831
vn -0.0067462355303013382 0.0096528168888575152 0.99993065331165831
vn -0.0067462355303013382 0.009652816888857536 0.99993065331165842
vn -0.0067462355303013399 0.0096528168888575377 0.99993065331165842
vn -0.0067462355303012905 0.0096528168888576071 0.99993065331165831
vn -0.0067462355303012974 0.0096528168888577008 0.99993065331165842
vn 0.015293109838051521 -0.018781566764142634 0.99970664374173557
vn 0.01178182032939915 -0.0037027160663230816 0.99992373639366006
vn 0.0039008611436621636 0.023746982420316705 0.99971039011719143
vn -0.0033656864063694261 0.028792028719924756 0.99957975731664606
vn -0.0063399445885012323 0.015900526205389471 0.99985347845022099
vn -0.0067462355303012913 0.0096528168888576175 0.99993065331165831
vn -0.0067462355303012913 0.0096528168888576297 0.99993065331165842
vn -0.0067462355303013382 0.0096528168888575256 0.99993065331165831
vn -0.0067462355303013382 0.0096528168888575152 0.99993065331165831
vn -0.0067462355303013399 0.0096528168888575377 0.99993065331165842
vn -0.006746235530301339 0.009652816888857536 0.99993065331165842
vn -0.0067462355303013859 0.009652816888857562 0.99993065331165831
vn -0.0067462355303013798 0.0096528168888576089 0.99993065331165842
vn 0.015291801851657797 -0.022885262606754241 0.99962114100870703
vn 0.01178129542813738 -0.010139550919518805 0.99987918799482245
vn 0.0039015037923045707 0.015316239799440806 0.99987508773174494
vn -0.0033661501873921158 0.02352863542786706 0.99971749626973039
vn -0.0063400626096080503 0.014683488742779001 0.99987209120189313
vn -0.0067462355303013694 0.0096528168888575742 0.99993065331165831
vn -0.0067462355303014596 0.0096528168888575377 0.99993065331165831
vn -0.0067462355303014613 0.0096528168888575273 0.99993065331165831
vn -0.0067462355303013694 0.009652816888857562 0.99993065331165842
vn -0.0067462355303013234 0.0096528168888575377 0.99993065331165831
vn -0.0067462355303013243 0.0096528168888575377 0.99993065331165831
vn -0.0067462355303012774 0.0096528168888576089 0.99993065331165842
vn -0.0067462355303012766 0.0096528168888577008 0.99993065331165842
vn 0.015290236552961413 -0.026987801988971761 0.99951881783684215
vn 0.011780282535009628 -0.016575125571689747 0.99979322369961987
vn 0.0039018690848092795 0.0068822292876554621 0.99996870467914001
vn -0.0033665207313180539 0.018263284875506953 0.9998275446114302
vn -0.0063401712414588602 0.013466386015944708 0.99988922320239992
vn -0.0067462355303013243 0.0096528168888575273 0.99993065331165831
vn -0.0067462355303013226 0.0096528168888575377 0.99993065331165831
vn -0.0067462355303012774 0.0096528168888576193 0.99993065331165831
vn -0.0067462355303012792 0.0096528168888576089 0.99993065331165842
vn -0.0067462355303013243 0.0096528168888575377 0.99993065331165831
vn -0.0067462355303013243 0.0096528168888575377 0.99993065331165831
vn -0.0067462355303013711 0.0096528168888575638 0.99993065331165842
vn -0.0067462355303014622 0.0096528168888575135 0.99993065331165842
vn 0.015288414179108712 -0.031088978155565859 0.99939968972835425
vn 0.011778782027555104 -0.023008640881332292 0.99966587554979647
vn 0.0039019567873509933 -0.0015532501745853218 0.99999118103467532
vn -0.0033667979456841516 0.012996414398887541 0.99990987488091421
vn -0.006340270482605226 0.012249223430484055 0.99990487422332197
vn -0.0067462355303013226 0.0096528168888575273 0.99993065331165831
vn -0.0067462355303013226 0.0096528168888575377 0.99993065331165831
vn -0.0067462355303013694 0.0096528168888575742 0.99993065331165831
vn -0.0067462355303014639 0.0096528168888575169 0.99993065331165842
vn -0.0067462355303013694 0.0096528168888575828 0.99993065331165831
vn -0.0067462355303013243 0.0096528168888575377 0.99993065331165831
vn -0.0067462355303013243 0.0096528168888575169 0.99993065331165842
vn -0.0067462355303012774 0.0096528168888575135 0.99993065331165842
vn 0.011776794464744323 -0.02943929898559183 0.99949719098523349
vn 0.0039017668437728316 -0.0099883980796269412 0.99994250240666327
vn -0.0033669817612805215 0.0077284619661754546 0.99996446652341431
vn -0.0063403603317239232 0.011032006393324502 0.99991904405596821
vn -0.0067462355303013382 0.0096528168888575256 0.99993065331165831
vn -0.0067462355303013373 0.009652816888857536 0.99993065331165842
vn -0.0067462355303013364 0.0096528168888575256 0.99993065331165831
vn -0.0067462355303012905 0.0096528168888576071 0.99993065331165831
vn -0.0067462355303012922 0.0096528168888576297 0.99993065331165842
vn -0.0067462355303013399 0.0096528168888575377 0.99993065331165842
vn -0.0067462355303013382 0.0096528168888575152 0.99993065331165831
vn -0.0067462355303013902 0.0096528168888575169 0.99993065331165842
vn 0.015283999348327351 -0.039286415592438909 0.99911109337941917
vn 0.01177432058640215 -0.035866303794151053 0.99928723279489273
vn 0.0039012993756881794 -0.018421414273600899 0.99982269996201911
vn -0.0033670721321982337 0.0024598659957605165 0.99999130590447605
vn -0.0063404407876166396 0.0098147403126034941 0.99993173251138245
vn -0.0067462355303013364 0.0096528168888575256 0.99993065331165831
vn -0.0067462355303013382 0.0096528168888575377 0.99993065331165842
vn -0.0067462355303013382 0.0096528168888575256 0.99993065331165831
vn -0.0067462355303013859 0.009652816888857562 0.99993065331165831
vn -0.006746235530301385 0.0096528168888575828 0.99993065331165842
vn -0.006746235530301339 0.009652816888857536 0.99993065331165842
vn -0.0067462355303013382 0.0096528168888575152 0.99993065331165831
vn -0.0067462355303012887 0.0096528168888575152 0.99993065331165842
vn 0.015281407559134288 -0.043382265278788461 0.99894166878866975
vn 0.011771361312443022 -0.042288861480554427 0.99903607905196823
vn 0.0039005546822629845 -0.026850500876532107 0.99963185037085023
vn -0.0033670690358621152 -0.0028089348260816106 0.99999038631941373
vn -0.0063405118492105925 0.0085974305975483351 0.99994293942035029
vn -0.0067462355303013243 0.0096528168888575273 0.99993065331165831
vn -0.0067462355303013226 0.0096528168888575377 0.99993065331165831
vn -0.0067462355303013226 0.0096528168888575273 0.99993065331165831
vn -0.0067462355303012774 0.0096528168888576089 0.99993065331165842
vn -0.0067462355303012774 0.0096528168888576297 0.99993065331165831
vn -0.0067462355303013243 0.0096528168888575377 0.99993065331165831
vn -0.0067462355303013243 0.0096528168888575169 0.99993065331165842
vn -0.0067462355303013694 0.0096528168888575135 0.99993065331165842
vn 0.015278560029975703 -0.04747592868445534 0.99875552654238609
vn 0.011767917741922452 -0.048706180970264176 0.99874382303336984
vn 0.0038995332396852128 -0.035273864196789281 0.99937007567023894
vn -0.0033669724730455482 -0.0080775017277863216 0.99996170799796302
vn -0.0063405735155578945 0.0073800826583563222 0.99995266463340637
vn -0.0067462355303013364 0.0096528168888575256 0.99993065331165831
vn -0.0067462355303013373 0.009652816888857536 0.99993065331165842
vn -0.0067462355303013382 0.0096528168888575256 0.99993065331165831
vn -0.0067462355303012905 0.0096528168888576071 0.99993065331165831
vn -0.0067462355303013382 0.009652816888857536 0.99993065331165842
vn -0.0067462355303013399 0.0096528168888575377 0.99993065331165842
vn -0.0067462355303013382 0.0096528168888575152 0.99993065331165831
vn -0.0067462355303012983 0.0096528168888575169 0.99993065331165842
vn 0.015275457190600994 -0.05156720128907688 0.99855269473314723
vn 0.011763991151906345 -0.055117474424750131 0.99841057312370984
vn 0.0038982357003187382 -0.043689716635128314 0.99903754304769099
vn -0.0033667824678707378 -0.013345396035180082 0.99990527810412044
vn -0.0063406257858362085 0.0061627019060742031 0.99996090802083903
vn -0.0067462355303013382 0.0096528168888575256 0.99993065331165831
vn -0.0067462355303013382 0.0096528168888575377 0.99993065331165842
vn -0.0067462355303012913 0.0096528168888576175 0.99993065331165831
vn -0.0067462355303012931 0.0096528168888576071 0.99993065331165831
vn -0.0067462355303013399 0.0096528168888575377 0.99993065331165842
vn -0.006746235530301339 0.009652816888857536 0.99993065331165842
vn -0.0067462355303013382 0.0096528168888575152 0.99993065331165831
vn -0.0067462355303013807 0.0096528168888575152 0.99993065331165842
vn 0.011759582996157762 -0.061521957720928722 0.99803645270397856
vn 0.0038966628915488395 -0.052096278573621979 0.99863446454500515
vn -0.0033664990677907494 -0.018612179354065249 0.99982111073117408
vn -0.006340668659348102 0.0049452937524782879 0.99996766947269555
vn -0.0067462355303013226 0.0096528168888575273 0.99993065331165831
vn -0.0067462355303013226 0.0096528168888575377 0.99993065331165831
vn -0.0067462355303013694 0.0096528168888575742 0.99993065331165831
vn -0.0067462355303014639 0.0096528168888575169 0.99993065331165842
vn -0.0067462355303013694 0.0096528168888575828 0.99993065331165831
vn -0.0067462355303013243 0.0096528168888575377 0.99993065331165831
vn -0.0067462355303013243 0.0096528168888575169 0.99993065331165842
vn -0.0067462355303012774 0.0096528168888575135 0.99993065331165842
vn 0.015268487490228114 -0.059741759064716488 0.99809708721827961
vn 0.011754694903648681 -0.067918850925272528 0.99762160002513611
vn 0.0038948158143196233 -0.060491780244841684 0.99816109668358755
vn -0.0033661223435584083 -0.023877413752534705 0.99970922689192898
vn -0.0063407021355220633 0.0037278636099538692 0.99997294889878596
vn -0.0067462355303013382 0.0096528168888575256 0.99993065331165831
vn -0.0067462355303013373 0.009652816888857536 0.99993065331165842
vn -0.0067462355303013364 0.0096528168888575256 0.99993065331165831
vn -0.0067462355303012905 0.0096528168888576071 0.99993065331165831
vn -0.0067462355303012922 0.0096528168888576297 0.99993065331165842
vn -0.0067462355303013399 0.0096528168888575377 0.99993065331165842
vn -0.0067462355303013382 0.0096528168888575152 0.99993065331165831
vn -0.0067462355303013902 0.0096528168888575169 0.99993065331165842
vn 0.01526462167815529 -0.063824638396526481 0.99784438008066934
vn 0.011749328676896334 -0.07430737876193326 0.99716616806687375
vn 0.0038926956413713448 -0.068874463576741277 0.99761774001250592
vn -0.0033656523891751355 -0.02914066194283553 0.99956965450414148
vn -0.0063407262139111142 0.0025104168913753417 0.99997674622868693
vn -0.0067462355303013199 0.0096528168888575239 0.99993065331165831
vn -0.0067462355303013226 0.0096528168888575377 0.99993065331165831
vn -0.0067462355303013234 0.0096528168888575256 0.99993065331165831
vn -0.0067462355303013694 0.0096528168888575603 0.99993065331165831
vn -0.0067462355303014605 0.009652816888857536 0.99993065331165831
vn -0.0067462355303014605 0.009652816888857536 0.99993065331165831
vn -0.0067462355303013677 0.0096528168888575586 0.99993065331165831
vn -0.0067462355303012662 0.0096528168888575117 0.99993065331165831
vn 0.015260502653282007 -0.067904315348317229 0.99757512048759789
vn 0.011743486290126347 -0.080686771074231528 0.99667032438182301
vn 0.0038903037151800826 -0.077242584008799783 0.99700473858083893
vn -0.0033650893218278976 -0.034401487462609757 0.99940242837118221
vn -0.0063407408941945215 0.0012929590099853866 0.99997906141174331
vn -0.0067462355303013226 0.0096528168888575256 0.99993065331165831
vn -0.0067462355303013217 0.009652816888857536 0.99993065331165831
vn -0.0067462355303013208 0.0096528168888575256 0.99993065331165831
vn -0.0067462355303013234 0.0096528168888575152 0.99993065331165842
vn -0.0067462355303013234 0.0096528168888575377 0.99993065331165831
vn -0.0067462355303012766 0.009652816888857628 0.99993065331165831
vn -0.0067462355303012783 0.0096528168888576089 0.99993065331165842
vn -0.0067462355303013781 0.0096528168888575135 0.99993065331165831
vn 0.015256131033474818 -0.071980588899516737 0.9972893488288983
vn 0.011737169887269194 -0.087056263278883828 0.9961342509255241
vn 0.0038876415456117969 -0.085594412275109 0.99632247933612916
vn -0.0033644332818061977 -0.039659454855334862 0.99920759015795613
vn -0.0063407461761760013 7.5495379275087595e-05 0.99997989441707125
vn -0.0067462355303013503 0.0096528168888575239 0.99993065331165831
vn -0.0067462355303013512 0.009652816888857536 0.99993065331165831
vn -0.006746235530301352 0.0096528168888575239 0.99993065331165831
vn -0.0067462355303013538 0.0096528168888575152 0.99993065331165842
vn -0.006746235530301261 0.0096528168888575828 0.99993065331165831
vn -0.0067462355303012592 0.0096528168888575828 0.99993065331165831
vn -0.0067462355303013538 0.0096528168888575152 0.99993065331165842
vn -0.0067462355303013069 0.0096528168888575152 0.99993065331165842
vn 0.013874550492581654 -0.093112807924474225 0.99555888919191959
vn 0.0077248887641918236 -0.093235587835698949 0.9956141076011894
vn 0.0024292625844652858 -0.044295064229745253 0.99901553840177004
vn 0.00032158250579218309 -0.0010206632304350697 0.9999994274154671
vn -0.00013852564127905001 0.0095652419162002445 0.99995424243198816
vn -0.00040193368239263571 0.0095652412353399285 0.99995417125457542
vn -0.00066534163984318263 0.00956523989080715 0.99995403069657829
vn -0.0009287494588019941 0.0095652378826028631 0.99995382075808481
vn -0.0011921570844406655 0.0095652352107281693 0.99995354143922588
vn -0.0014555644619310038 0.0095652318751846318 0.9999531927401758
vn -0.0017189715364447123 0.0095652278759746669 0.99995277466115251
vn -0.00033584308453350471 0.0094774467058849256 0.99995503159560117
vn 0.023908293220731007 -0.029189991358295374 0.99928791542766793
vn 0.024173999199520031 -0.029012798392065553 0.99928668323567826
vn 0.024372341238466478 -0.029248665413723843 0.99927498945689208
vn 0.024358313015508594 -0.029487270786755244 0.99926831904578428
vn 0.023860850877160583 -0.029448723110436396 0.99928145810006042
vn 0.02352470730285568 -0.029131254317495903 0.99929873319653739
vn 0.023261574422500708 -0.029449139150914058 0.9992955755724412
vn 0.022662272891279343 -0.029449544620544367 0.99930933434499836
vn 0.02281644550112763 -0.029131732646468331 0.99931514146825018
vn 0.022062946928213232 -0.02944993951801643 0.99932273437324937
vn 0.02246230165020114 -0.029131966333619037 0.99932315771331559
vn 0.021463597178150533 -0.029450323842053268 0.99933577561386855
vn 0.02210814934328471 -0.029132196368859442 0.99933104868574019
vn 0.020864224286067455 -0.029450697591412459 0.99934845802468719
vn 0.021753988713436884 -0.029132422751930363 0.99933881437661498
vn 0.020264828897065143 -0.029451060764885351 0.99936078156469388
vn 0.019665411656365709 -0.029451413361297165 0.99937274619403516
vn 0.021045643017259769 -0.029132864560544047 0.99935396987878489
vn 0.019065973209309344 -0.029451755379507925 0.99938435187401631
vn 0.02069145821712531 -0.029133079985588329 0.99936135967296746
vn 0.018466514201350308 -0.029452086818411112 0.99939559856709992
vn 0.020337265626448216 -0.029133291757464749 0.99936862415137573
vn 0.017867035278053615 -0.029452407676934831 0.99940648623690875
vn 0.019983065378363189 -0.029133499875934683 0.99937576330580624
vn 0.017280881256520737 -0.050722534312937488 0.99856326572524723
vn 0.01608284266660295 -0.096318766696151414 0.9952205973320154
vn 0.016671152550538856 -0.096339742866145897 0.99520888592150425
vn 0.018211916549710438 -0.045691770648202144 0.99878956151464582
vn 0.018903743593209517 -0.001612617827224687 0.9998200077723518
vn 0.01837348059458262 0.0090031824139547283 0.99979065704639469
vn 0.017482370819738736 0.0090033262939672159 0.99980663471801667
vn 0.016591219383196319 0.009003463026500038 0.99982181867216169
vn 0.015700028406229166 0.0090035926105762228 0.99983620880029467
vn 0.014808800010581805 0.0090037150452689368 0.99984980499954601
vn 0.013917536318444614 0.0090038303297032118 0.99986260717271491
vn 0.013026239452428508 0.0090039384630549325 0.99987461522827026
vn 0.015567203655221698 0.0087064903520797897 0.99984091694434363
vn 0.020560829764376003 -0.029931990968492139 0.99934044659268262
vn 0.018696093054354147 -0.030138845157338667 0.99937085514691926
vn 0.017216400191080703 -0.030242526595134718 0.99939430914409511
vn 0.01628988606456367 -0.030242996155887363 0.99940982624522878
vn 0.015363329973916403 -0.03024343976090544 0.99942448561336594
vn 0.014436734303703784 -0.030243857406761766 0.99943828713523075
vn 0.013510101439000338 -0.030244249090228641 0.99945123070416808
vn 0.012583433765360003 -0.03024461480827919 0.99946331622014606
vn 0.011656733668785037 -0.03024495455808662 0.99947454358975762
vn 0.010730003535694853 -0.030245268337025018 0.99948491272622286
vn 0.0098032457528962821 -0.030245556142668762 0.99949442354939078
vn 0.008876462707551885 -0.030245817972793285 0.99950307598574106
vn 0.0079496567871498343 -0.030246053825374476 0.99951086996838567
vn 0.0076489020194994012 -0.054185507978543691 0.99850158989508042
vn 0.012392143727736275 -0.092405275392367731 0.99564436414489477
vn 0.023371455220651843 -0.08961788310613511 0.99570196851690729
vn 0.034386252698037745 -0.040801605251699159 0.99857539256396222
vn 0.038639554725596242 -0.0011533034792669094 0.99925254800860652
vn 0.038172043311591852 0.0078238622237931238 0.99924055276460888
vn 0.036797098984489962 0.0078242660373738157 0.99929212664130507
vn 0.035421945651118343 0.0078246550772565638 0.99934181366497987
vn 0.034046591082282869 0.0078250293368175936 0.9993896129896257
vn 0.032671043054495655 0.0078253888096821642 0.99943552380116474
vn 0.031295309349757008 0.0078257334897270606 0.99947954531748717
vn 0.029919397755335621 0.007826063371079009 0.99952167678848758
vn 0.031362836385251482 0.0073666860213907259 0.99948091749214218
vn 0.006795103338653824 -0.030890885304058761 0.99949966472017815
vn 0.0045690902526299756 -0.031097050063559561 0.99950592639143854
vn 0.0029222118118615802 -0.031200128058253916 0.99950888574703278
vn 0.0019953430614312764 -0.03120019916274783 0.99951116360862724
vn 0.001068469168441253 -0.031200243463549389 0.99951258280296373
vn 0.00014159252169002227 -0.031200260960316806 0.99951314331906915
vn -0.00078528448998787116 -0.031200251652914134 0.99951284515260963
vn -0.0017121594777531229 -0.031200215541413303 0.99951168830589077
vn -0.0026390300527929359 -0.031200152626094029 0.99950967278785696
vn -0.0035658938263511864 -0.031200062907442341 0.99950679861409186
vn -0.0044927484097593978 -0.031199946386152057 0.9995030658068178
vn -0.0054195914144677011 -0.03119980306312432 0.99949847439489492
vn -0.0063464204520749081 -0.031199632939466645 0.9994930244138216
vn -0.0057050217478394867 -0.051389820343613113 0.99866237492553411
vn 0.0037196137551940684 -0.080492391007564001 0.99674828289964845
vn 0.022641599003475947 -0.072843364209319167 0.99708635648334609
vn 0.040324298498938919 -0.030046196614877101 0.99873478812923533
vn 0.046957095400324257 0.00040411992517689835 0.99889682544227298
vn 0.046735154171448329 0.0064042552492482524 0.99888678581672774
vn 0.045361673162156398 0.0064046611705238865 0.99895009831483605
vn 0.043987934857867471 0.0064050550324765724 0.99901152989190822
vn 0.042613946989154265 0.0064054368284122611 0.99907107950387741
vn 0.041239717293651348 0.0064058065518401118 0.99912874613833436
vn 0.039865253515837515 0.0064061641964722332 0.99918452881457576
vn 0.038490563406819951 0.0064065097562247082 0.99923842658365025
vn 0.03809802786959525 0.0059476693405338997 0.99925630621070549
vn -0.0045210678781907468 -0.031696116507619124 0.99948732665480855
vn -0.0070284951219342189 -0.031923187746611147 0.99946561238514631
vn -0.0086229333153740664 -0.031988844663717451 0.99945102873433433
vn -0.0092225907942159457 -0.031988673490987538 0.99944568065869865
vn -0.0098222383233485481 -0.031988490816648257 0.9994399732298046
vn -0.010421875256089334 -0.031988296641290735 0.99943390646612318
vn -0.011021500945813133 -0.031988090965542941 0.99942748038728724
vn -0.011621114745955462 -0.031987873790070551 0.99942069501409259
vn -0.012220716010016012 -0.031987645115576807 0.99941355036849611
vn -0.012820304091561735 -0.031987404942801043 0.99940604647361686
vn -0.013419878344231289 -0.03198715327252101 0.99939818335373531
vn -0.0140194381217371 -0.031986890105550468 0.99938996103429323
vn -0.014618982777870155 -0.031986615442741013 0.99938137954189377
vn -0.013238422464029349 -0.046682184308689229 0.99882206515416627
vn -0.0029853464644809917 -0.064445299323747429 0.99791677563891046
vn 0.015730665434154995 -0.051905730809681201 0.99852808737366605
vn 0.032074998307391973 -0.017575326632500998 0.99933092735957174
vn 0.037794414264338216 0.0023454643642507175 0.99928278332378551
vn 0.037708103190161019 0.0052323378078243743 0.99927509805601833
vn 0.036818396025163062 0.0052325115216331789 0.99930827402624367
vn 0.035928601298890354 0.0052326810987262549 0.9993406599639707
vn 0.035038721116370145 0.0052328465378951149 0.99937225563832821
vn 0.034148757583643836 0.0052330078379597385 0.99940306082404085
vn 0.033258712807742674 0.0052331649977697958 0.99943307530143222
vn 0.032368588896663483 0.005233318016205071 0.99946229885643023
vn 0.029397962343053793 0.004936746669087274 0.99955559542348704
vn -0.012045758473409019 -0.032327951289340698 0.99940472445763151
vn -0.012045919476427471 -0.032328272871351961 0.99940471211472826
vn -0.011306562371417615 -0.032410033737818984 0.99941070204418692
vn -0.010864601988845684 -0.032118823350659381 0.99942500549575664
vn -0.012093831349929234 -0.032422777613946518 0.99940107201016948
vn -0.011061479896769949 -0.032217123650169988 0.99941968191856367
vn -0.011494048682613741 -0.03237759341817896 0.99940961486736191
vn -0.011404469056287734 -0.032559394986203881 0.99940473477149205
vn -0.012260253180910782 -0.032090955475894932 0.9994097541892335
vn -0.011995046437358227 -0.032885660345124502 0.9993871383025853
vn -0.01156509856229841 -0.032364579021528311 0.9994092167475761
vn -0.011742253013180397 -0.03236451219583044 0.99940715318857931
vn -0.011919406358370917 -0.032364444354561088 0.9994050582690106
vn -0.012096558581197811 -0.032364375497739288 0.99940293198946184
vn -0.012273709664989692 -0.032364305625384185 0.99940077435053365
vn -0.012450859593075791 -0.03236423473751579 0.99939858535283532
vn -0.012628008348785613 -0.03236416283415413 0.99939636499698525
vn -0.012805155915449581 -0.032364089915319548 0.9993941132836105
vn -0.012982302276398178 -0.032364015981032501 0.99939183021334721
vn -0.013159447414962621 -0.032363941031313709 0.99938951578683999
vn -0.013336591314475186 -0.032363865066184758 0.99938717000474275
vn -0.012141621371420644 -0.042362057180865706 0.99902854671019192
vn -0.0054719595511959233 -0.051556589889753833 0.99865508344853959
vn 0.0059992975904945879 -0.036094341520920663 0.99933037927333701
vn 0.015601636430816886 -0.008801112114206134 0.99983955181130624
vn 0.018855687918850388 0.0037548602781407661 0.99981516494670075
vn 0.018950175684894301 0.0046746307528589747 0.99980950118951961
vn 0.018686898359625476 0.0046746539215521271 0.99981445650701151
vn 0.018423617147097667 0.0046746767663302987 0.99981934254561577
vn 0.018160332102003698 0.0046746992871794313 0.99982415930228419
vn 0.017897043279040618 0.0046747214840851198 0.99982890677401115
vn 0.017633750732909632 0.0046747433570339062 0.99983358495783459
vn 0.017370454518315152 0.0046747649060120472 0.99983819385083539
vn 0.014770353791628586 0.0045871659904174189 0.9998803901252622
vn -0.010728414259175107 -0.03242387897801452 0.99941662643739448
vn -0.010728414259175156 -0.032423878978014638 0.9994166264373946
vn -0.010728414259175144 -0.032423878978014582 0.9994166264373946
vn -0.010728414259175192 -0.032423878978014534 0.9994166264373946
vn -0.010728414259175237 -0.032423878978014492 0.9994166264373946
vn -0.010728414259175192 -0.032423878978014541 0.9994166264373946
vn -0.010728414259175098 -0.032423878978014499 0.9994166264373946
vn -0.01072841425917519 -0.032423878978014541 0.9994166264373946
vn -0.010728414259175281 -0.032423878978014582 0.9994166264373946
vn -0.010728414259175234 -0.032423878978014638 0.9994166264373946
vn -0.010728414259175098 -0.032423878978014499 0.9994166264373946
vn -0.010728414259175097 -0.032423878978014506 0.99941662643739448
vn -0.010728414259175142 -0.032423878978014575 0.9994166264373946
vn -0.010122247601255439 -0.039852265391210485 0.99915431092834073
vn -0.0064195897543350934 -0.044343892006489319 0.99899569974505031
vn 0.0005263280759985852 -0.027252112991353293 0.99962845363478059
vn 0.0069392746180639833 -0.0037944469954493305 0.99996872383078761
vn 0.0095624801721937158 0.0047415757966224759 0.99994303659354578
vn 0.0099204650376141564 0.0045874406934690113 0.99994026809671055
vn 0.0099204650376141096 0.0045874406934689228 0.99994026809671044
vn 0.0099204650376140176 0.0045874406934688717 0.99994026809671055
vn 0.0099204650376140679 0.0045874406934689601 0.99994026809671055
vn 0.0099204650376141113 0.0045874406934689228 0.99994026809671044
vn 0.0099204650376141564 0.0045874406934690156 0.99994026809671044
vn 0.0099204650376141113 0.0045874406934689133 0.99994026809671055
vn 0.0099204650376140315 0.0045874406934688205 0.99994026809671055
vn -0.010728414259623037 -0.032423878978013111 0.99941662643738971
vn -0.01072841425917522 -0.032423878978013486 0.99941662643739448
vn -0.010728414259175145 -0.032423878978014513 0.99941662643739448
vn -0.010728414259175163 -0.032423878978014589 0.99941662643739448
vn -0.010728414259175249 -0.032423878978014492 0.9994166264373946
vn -0.010728414259175142 -0.032423878978014582 0.9994166264373946
vn -0.010728414259175142 -0.032423878978014575 0.9994166264373946
vn -0.010728414259175098 -0.032423878978014492 0.9994166264373946
vn -0.010728414259175097 -0.032423878978014492 0.9994166264373946
vn -0.010728414259175234 -0.032423878978014631 0.9994166264373946
vn -0.010728414259175282 -0.032423878978014582 0.9994166264373946
vn -0.010728414259175189 -0.032423878978014541 0.9994166264373946
vn -0.010728414259175097 -0.032423878978014492 0.9994166264373946
vn -0.010728414259175189 -0.032423878978014534 0.9994166264373946
vn -0.010728414259175234 -0.032423878978014506 0.9994166264373946
vn -0.010728414259175189 -0.032423878978014541 0.9994166264373946
vn -0.010122961260176743 -0.038044895162009727 0.99922475530154709
vn -0.0064211021315968477 -0.038679144296390119 0.99923105098066023
vn 0.00052642024309995856 -0.019816163036930859 0.99980350197637402
vn 0.0069393220450309264 0.00085371868639252978 0.99997555818827888
vn 0.0095624259590765762 0.0058155798213465728 0.99993736755914797
vn 0.0099204650376140627 0.0045874406934689627 0.99994026809671044
vn 0.0099204650376140176 0.0045874406934688769 0.99994026809671044
vn 0.0099204650376141131 0.0045874406934689194 0.99994026809671055
vn 0.0099204650376141582 0.0045874406934690044 0.99994026809671055
vn 0.0099204650376141113 0.0045874406934689237 0.99994026809671044
vn 0.0099204650376140645 0.0045874406934689688 0.99994026809671044
vn 0.0099204650376140194 0.0045874406934688665 0.99994026809671055
vn 0.0099204650376140957 0.0045874406934688196 0.99994026809671055
vn -0.010728414259175201 -0.032423878978014256 0.99941662643739448
vn -0.010728414259175312 -0.032423878978014589 0.99941662643739448
vn -0.010728414259175225 -0.032423878978014499 0.99941662643739448
vn -0.010728414259175246 -0.032423878978014506 0.99941662643739448
vn -0.010728414259275792 -0.03242387897831514 0.99941662643738371
vn -0.010728414259175055 -0.032423878978014235 0.9994166264373946
vn -0.010728414259175192 -0.032423878978014541 0.9994166264373946
vn -0.010728414259175189 -0.032423878978014534 0.9994166264373946
vn -0.010728414259175239 -0.032423878978014492 0.9994166264373946
vn -0.010728414259175282 -0.032423878978014582 0.9994166264373946
vn -0.010728414259175237 -0.032423878978014638 0.9994166264373946
vn -0.010728414259175098 -0.032423878978014499 0.9994166264373946
vn -0.010728414259175095 -0.032423878978014499 0.9994166264373946
vn -0.010728414259175142 -0.032423878978014582 0.9994166264373946
vn -0.010728414259175144 -0.032423878978014582 0.9994166264373946
vn -0.010728414259175189 -0.032423878978014554 0.99941662643739448
vn -0.010728414259175235 -0.032423878978014492 0.9994166264373946
vn -0.010123641892783574 -0.036237151484647401 0.99929193968885066
vn -0.0064224086321996833 -0.03301066501296996 0.99943436435954247
vn 0.00052648330082777969 -0.012376923275672459 0.9999232643486009
vn 0.0069392195459465917 0.0055018290342372031 0.99996078778588671
vn 0.0095623607164243164 0.0068895637212267446 0.99993054517264357
vn 0.0099204650376140645 0.0045874406934689645 0.99994026809671055
vn 0.0099204650376142033 0.0045874406934689688 0.99994026809671044
vn 0.0099204650376142033 0.0045874406934689645 0.99994026809671055
vn 0.0099204650376141113 0.0045874406934689133 0.99994026809671055
vn 0.0099204650376140176 0.0045874406934688769 0.99994026809671044
vn 0.0099204650376140645 0.0045874406934689697 0.99994026809671044
vn 0.0099204650376141113 0.0045874406934689133 0.99994026809671055
vn 0.0099204650376141252 0.0045874406934689133 0.99994026809671055
vn -0.010728414259175144 -0.032423878978014527 0.9994166264373946
vn -0.010728414259175145 -0.032423878978014506 0.99941662643739448
vn -0.010728414259175192 -0.032423878978014582 0.9994166264373946
vn -0.010728414259175284 -0.032423878978014624 0.9994166264373946
vn -0.010728414259175284 -0.032423878978014485 0.9994166264373946
vn -0.010728414259175239 -0.032423878978014541 0.9994166264373946
vn -0.010728414259175145 -0.032423878978014499 0.9994166264373946
vn -0.010728414259175237 -0.032423878978014541 0.9994166264373946
vn -0.010728414259175284 -0.032423878978014499 0.9994166264373946
vn -0.010728414259175235 -0.032423878978014541 0.9994166264373946
vn -0.01072841425917519 -0.032423878978014582 0.9994166264373946
vn -0.010728414259175189 -0.032423878978014603 0.99941662643739448
vn -0.010728414259175144 -0.032423878978014485 0.9994166264373946
vn -0.010124289479048466 -0.034429052008236281 0.9993558621133708
vn -0.0064235088781922555 -0.027338998430605197 0.99960558106610398
vn 0.00052651721777585182 -0.0049356277583328112 0.99998768110324765
vn 0.0069389671407406464 0.010149582800680543 0.99992441549548716
vn 0.0095622844449146892 0.0079635237803871457 0.99992256950485614
vn 0.0099204650376142484 0.0045874406934691032 0.99994026809671055
vn 0.009920465037614153 0.0045874406934689228 0.99994026809671044
vn 0.009920465037614061 0.0045874406934688725 0.99994026809671055
vn 0.0099204650376140645 0.0045874406934688665 0.99994026809671055
vn 0.0099204650376141564 0.0045874406934689237 0.99994026809671044
vn 0.0099204650376142015 0.0045874406934690148 0.99994026809671044
vn 0.0099204650376141564 0.0045874406934689133 0.99994026809671055
vn 0.0099204650376141564 0.0045874406934690052 0.99994026809671055
vn -0.010728414259175202 -0.03242387897801452 0.99941662643739448
vn -0.010728414259175225 -0.032423878978014506 0.99941662643739448
vn -0.010728414259175234 -0.032423878978014631 0.9994166264373946
vn -0.010728414259175142 -0.032423878978014575 0.9994166264373946
vn -0.010728414259175098 -0.032423878978014492 0.9994166264373946
vn -0.010728414259175097 -0.032423878978014492 0.9994166264373946
vn -0.010728414259175144 -0.032423878978014582 0.9994166264373946
vn -0.010728414259175235 -0.032423878978014631 0.9994166264373946
vn -0.010728414259175234 -0.032423878978014492 0.9994166264373946
vn -0.010728414259175235 -0.032423878978014492 0.9994166264373946
vn -0.01072841425917519 -0.032423878978014541 0.9994166264373946
vn -0.010728414259175187 -0.032423878978014548 0.9994166264373946
vn -0.010728414259175235 -0.032423878978014492 0.9994166264373946
vn -0.010124903999909767 -0.032620614399325468 0.99941652069355102
vn -0.0064244025509709391 -0.021664690359995638 0.99974465152031133
vn 0.00052652197704392814 0.0025064877577344012 0.99999672014148522
vn 0.0069385648784829604 0.014796678853857813 0.99986644838814487
vn 0.0095621971453390842 0.0090374562833639063 0.99991344063857845
vn 0.0099204650376140627 0.0045874406934689627 0.99994026809671044
vn 0.0099204650376140176 0.0045874406934688769 0.99994026809671044
vn 0.0099204650376141131 0.0045874406934689194 0.99994026809671055
vn 0.0099204650376142033 0.0045874406934689584 0.99994026809671055
vn 0.0099204650376142033 0.0045874406934689697 0.99994026809671044
vn 0.0099204650376141096 0.0045874406934689228 0.99994026809671044
vn 0.0099204650376140176 0.0045874406934688665 0.99994026809671055
vn 0.0099204650376140038 0.0045874406934689133 0.99994026809671055
vn -0.010728414259175261 -0.03242387897801452 0.99941662643739448
vn -0.010728414259175246 -0.032423878978014506 0.99941662643739448
vn -0.010728414259175192 -0.032423878978014541 0.9994166264373946
vn -0.010728414259175097 -0.032423878978014492 0.9994166264373946
vn -0.010728414259175192 -0.032423878978014534 0.9994166264373946
vn -0.010728414259175237 -0.032423878978014499 0.9994166264373946
vn -0.010728414259175235 -0.032423878978014631 0.9994166264373946
vn -0.010728414259175145 -0.032423878978014582 0.9994166264373946
vn -0.010728414259175095 -0.032423878978014499 0.9994166264373946
vn -0.010728414259175097 -0.032423878978014499 0.9994166264373946
vn -0.010728414259175145 -0.032423878978014582 0.9994166264373946
vn -0.01072841425917514 -0.032423878978014596 0.99941662643739448
vn -0.010728414259175097 -0.032423878978014492 0.9994166264373946
vn -0.010125485437272994 -0.030811856341042047 0.99947391364331206
vn -0.0064250893915365525 -0.015988287886532015 0.99985153541751792
vn 0.00052649757625940923 0.0099481868341555046 0.99995037695828437
vn 0.0069380128373563556 0.019442816274965299 0.99978689773029461
vn 0.0095620988186036274 0.010111357515169807 0.99990315866857016
vn 0.0099204650376140645 0.0045874406934689645 0.99994026809671055
vn 0.0099204650376141096 0.0045874406934689228 0.99994026809671044
vn 0.0099204650376141564 0.0045874406934690113 0.99994026809671055
vn 0.0099204650376141113 0.0045874406934689133 0.99994026809671055
vn 0.0099204650376140176 0.0045874406934688769 0.99994026809671044
vn 0.0099204650376140194 0.0045874406934688769 0.99994026809671044
vn 0.0099204650376141131 0.0045874406934689142 0.99994026809671055
vn 0.0099204650376142189 0.004587440693469098 0.99994026809671055
vn -0.010728414259175152 -0.032423878978014575 0.99941662643739448
vn -0.010728414259175152 -0.032423878978014485 0.99941662643739448
vn -0.010728414259175145 -0.032423878978014499 0.9994166264373946
vn -0.010728414259175192 -0.032423878978014575 0.9994166264373946
vn -0.010728414259175284 -0.032423878978014624 0.9994166264373946
vn -0.010728414259175284 -0.032423878978014499 0.9994166264373946
vn -0.010728414259175239 -0.032423878978014541 0.9994166264373946
vn -0.010728414259175145 -0.032423878978014499 0.9994166264373946
vn -0.010728414259175237 -0.032423878978014541 0.9994166264373946
vn -0.010728414259175282 -0.032423878978014499 0.9994166264373946
vn -0.010728414259175237 -0.032423878978014541 0.9994166264373946
vn -0.010728414259175142 -0.032423878978014506 0.99941662643739448
vn -0.01072841425917519 -0.032423878978014575 0.9994166264373946
vn -0.010126033774012623 -0.029002795532230445 0.99952803927219724
vn -0.006425569200701798 -0.010310339107229978 0.99992620176088043
vn 0.00052644402758282507 0.017388233378436115 0.99984867464865046
vn 0.0069373111246158947 0.024087694455620805 0.99968577897766098
vn 0.0095619894657291548 0.01118522376135922 0.99989172370155444
vn 0.0099204650376141078 0.0045874406934689645 0.99994026809671055
vn 0.0099204650376141078 0.0045874406934689688 0.99994026809671044
vn 0.0099204650376141078 0.0045874406934689645 0.99994026809671055
vn 0.0099204650376139691 0.0045874406934688205 0.99994026809671055
vn 0.0099204650376141096 0.0045874406934689697 0.99994026809671044
vn 0.009920465037614153 0.0045874406934689228 0.99994026809671044
vn 0.0099204650376141859 0.0045874406934689931 0.99994026809671044
vn 0.0099204650376141634 0.004587440693469098 0.99994026809671055
vn -0.010728414259175039 -0.032423878978014992 0.9994166264373946
vn -0.010728414259175185 -0.032423878978014541 0.9994166264373946
vn -0.010728414259175242 -0.032423878978014437 0.9994166264373946
vn -0.010728414259175232 -0.032423878978014485 0.9994166264373946
vn -0.010728414259175235 -0.032423878978014624 0.9994166264373946
vn -0.010728414259175145 -0.032423878978014582 0.9994166264373946
vn -0.010728414259175097 -0.032423878978014492 0.9994166264373946
vn -0.010728414259175097 -0.032423878978014492 0.9994166264373946
vn -0.010728414259175234 -0.032423878978014631 0.9994166264373946
vn -0.010728414259175281 -0.032423878978014589 0.9994166264373946
vn -0.010728414259175235 -0.032423878978014492 0.9994166264373946
vn -0.010728414259175235 -0.032423878978014492 0.9994166264373946
vn -0.010728414259175326 -0.032423878978014548 0.9994166264373946
vn -0.010728414259175327 -0.032423878978014541 0.9994166264373946
vn -0.01012654899397278 -0.027193449686589176 0.99957889598551231
vn -0.0064258418392524209 -0.0046313928665239739 0.99996862888631299
vn 0.00052636135768883529 0.024825392670190162 0.99969166387566322
vn 0.0069364598765299891 0.028731013194989333 0.99956311176692114
vn 0.0095618690878506076 0.012259051308091341 0.99987913585621546
vn 0.0099204650376141096 0.0045874406934689176 0.99994026809671044
vn 0.0099204650376140627 0.0045874406934689697 0.99994026809671044
vn 0.0099204650376140211 0.0045874406934688725 0.99994026809671055
vn 0.0099204650376141113 0.0045874406934689133 0.99994026809671055
vn 0.0099204650376141564 0.0045874406934690148 0.99994026809671044
vn 0.0099204650376141113 0.0045874406934689237 0.99994026809671044
vn 0.0099204650376140645 0.0045874406934689315 0.99994026809671055
vn 0.0099204650376139378 0.00458744069346883 0.99994026809671055
vn 0.0099204650376140714 0.0045874406934689506 0.99994026809671055
vn -0.010728414259175935 -0.032423878978013625 0.9994166264373946
vn -0.010728414259175353 -0.032423878978014402 0.9994166264373946
vn -0.010728414259175232 -0.032423878978014471 0.99941662643739448
vn -0.010728414259175178 -0.032423878978014554 0.9994166264373946
vn -0.010728414259175097 -0.032423878978014492 0.9994166264373946
vn -0.010728414259175098 -0.032423878978014499 0.9994166264373946
vn -0.010728414259175235 -0.032423878978014631 0.9994166264373946
vn -0.010728414259175237 -0.032423878978014638 0.9994166264373946
vn -0.010728414259175095 -0.032423878978014499 0.9994166264373946
vn -0.010728414259175097 -0.032423878978014499 0.9994166264373946
vn -0.010728414259175145 -0.032423878978014582 0.9994166264373946
vn -0.01072841425917514 -0.032423878978014596 0.99941662643739448
vn -0.010728414259175097 -0.032423878978014492 0.9994166264373946
vn -0.010127031081969599 -0.025383836531808382 0.99962648228445372
vn -0.0064259072280592076 0.0010480015087805032 0.99997880447994192
vn 0.00052624960773166448 0.032258432384712751 0.99947942280040525
vn 0.0069354592583078471 0.033372472796601639 0.99941891990511977
vn 0.0095617376862171654 0.013332836442194386 0.99986539526319518
vn 0.0099204650376140176 0.0045874406934688717 0.99994026809671055
vn 0.0099204650376140645 0.0045874406934689697 0.99994026809671044
vn 0.0099204650376141096 0.0045874406934689176 0.99994026809671055
vn 0.0099204650376141599 0.0045874406934690061 0.99994026809671055
vn 0.0099204650376141113 0.0045874406934689228 0.99994026809671044
vn 0.0099204650376140176 0.0045874406934688769 0.99994026809671044
vn 0.0099204650376140454 0.0045874406934689211 0.99994026809671044
vn 0.0099204650376141339 0.0045874406934689055 0.99994026809671055
vn -0.010728414259175074 -0.032423878978014437 0.99941662643739448
vn -0.010728414259175121 -0.032423878978014548 0.99941662643739448
vn -0.010728414259175175 -0.03242387897801452 0.9994166264373946
vn -0.010728414259175161 -0.032423878978014471 0.99941662643739448
vn -0.010728414259175192 -0.032423878978014582 0.9994166264373946
vn -0.010728414259175237 -0.032423878978014679 0.9994166264373946
vn -0.010728414259175145 -0.032423878978014499 0.9994166264373946
vn -0.010728414259175144 -0.032423878978014499 0.9994166264373946
vn -0.010728414259175235 -0.032423878978014541 0.9994166264373946
vn -0.010728414259175237 -0.032423878978014541 0.9994166264373946
vn -0.010728414259175142 -0.032423878978014506 0.99941662643739448
vn -0.010728414259175144 -0.032423878978014485 0.9994166264373946
vn -0.010127480023791768 -0.02357397380870287 0.99967079676623249
vn -0.0064257653481408954 0.0067272944750996532 0.99995672558803061
vn 0.00052610883328651061 0.039686123611915848 0.99921205697397142
vn 0.0069343094640092846 0.038011774164791311 0.99925323135684796
vn 0.0095615952621925654 0.014406575451230533 0.99985050206508874
vn 0.0099204650376141078 0.0045874406934689645 0.99994026809671055
vn 0.0099204650376141998 0.0045874406934690148 0.99994026809671044
vn 0.0099204650376141547 0.0045874406934689185 0.99994026809671055
vn 0.0099204650376141096 0.0045874406934689593 0.99994026809671055
vn 0.0099204650376139691 0.00458744069346883 0.99994026809671044
vn 0.0099204650376141044 0.0045874406934689653 0.99994026809671055
vn 0.0099204650376141564 0.0045874406934689549 0.99994026809671055
vn 0.0099204650376130427 0.0045874406934660137 0.99994026809671055
vn -0.010728414259175218 -0.03242387897801461 0.99941662643739448
vn -0.010728414259175239 -0.032423878978014423 0.99941662643739448
vn -0.010728414259175223 -0.032423878978014437 0.99941662643739448
vn -0.010728414259175234 -0.032423878978014631 0.9994166264373946
vn -0.010728414259175144 -0.032423878978014582 0.9994166264373946
vn -0.010728414259175097 -0.032423878978014492 0.9994166264373946
vn -0.010728414259175142 -0.032423878978014582 0.9994166264373946
vn -0.010728414259175234 -0.032423878978014631 0.9994166264373946
vn -0.010728414259175235 -0.032423878978014492 0.9994166264373946
vn -0.010728414259175234 -0.032423878978014506 0.9994166264373946
vn -0.010728414259175235 -0.032423878978014492 0.9994166264373946
vn -0.010127895806201628 -0.02176387927034491 0.99971183812418896
vn -0.0064254162406807468 0.012405936537908354 0.99990239861936092
vn 0.00052593910427306404 0.047107241868669235 0.99888969919185044
vn 0.0069330107164409672 0.04264861890068114 0.99906607822919813
vn 0.0095614418172548232 0.015480264623559652 0.99983445641644086
vn 0.0099204650376142015 0.0045874406934691024 0.99994026809671044
vn 0.0099204650376141113 0.0045874406934689228 0.99994026809671044
vn 0.0099204650376140194 0.0045874406934688725 0.99994026809671055
vn 0.0099204650376140194 0.0045874406934688665 0.99994026809671055
vn 0.0099204650376142015 0.0045874406934689697 0.99994026809671044
vn 0.0099204650376142293 0.0045874406934689853 0.99994026809671055
vn 0.0099204650376140784 0.0045874406934688083 0.99994026809671044
vn 0.0099204650376141339 0.004587440693468961 0.99994026809671044
vn -0.010728414259175326 -0.032423878978014353 0.99941662643739448
vn -0.01072841425917522 -0.032423878978014506 0.9994166264373946
vn -0.010728414259175182 -0.032423878978014554 0.99941662643739448
vn -0.010728414259175098 -0.032423878978014499 0.9994166264373946
vn -0.01072841425917519 -0.032423878978014541 0.9994166264373946
vn -0.010728414259175234 -0.032423878978014631 0.9994166264373946
vn -0.010728414259175142 -0.032423878978014582 0.9994166264373946
vn -0.010728414259175098 -0.032423878978014499 0.9994166264373946
vn -0.010728414259175097 -0.032423878978014506 0.99941662643739448
vn -0.010728414259175142 -0.032423878978014575 0.9994166264373946
vn -0.010128278416936361 -0.019953570681196329 0.9997496051478989
vn -0.0064248600069924762 0.018083378517521054 0.99981583934006701
vn 0.00052574050485998316 0.05452056810260511 0.9985125093110705
vn 0.0069315632670372178 0.047282709397644514 0.99885749675451352
vn 0.0095612773529960334 0.016553900248403204 0.99981725848374159
vn 0.0099204650376140645 0.0045874406934689636 0.99994026809671055
vn 0.0099204650376139257 0.0045874406934688309 0.99994026809671044
vn 0.0099204650376140645 0.0045874406934689645 0.99994026809671055
vn 0.0099204650376142518 0.0045874406934690521 0.99994026809671055
vn 0.0099204650376141738 0.0045874406934689515 0.99994026809671066
vn 0.0099204650376140784 0.0045874406934688135 0.99994026809671055
vn 0.0099204650376140124 0.0045874406934686947 0.99994026809671055
vn -0.010728414259174663 -0.032423878978014985 0.99941662643739448
vn -0.010728414259175071 -0.032423878978014596 0.99941662643739448
vn -0.010728414259175161 -0.032423878978014527 0.9994166264373946
vn -0.010728414259175258 -0.032423878978014603 0.99941662643739448
vn -0.010728414259175282 -0.032423878978014582 0.9994166264373946
vn -0.010728414259175189 -0.032423878978014541 0.9994166264373946
vn -0.010728414259175187 -0.032423878978014541 0.9994166264373946
vn -0.010728414259175235 -0.032423878978014492 0.9994166264373946
vn -0.010728414259175234 -0.032423878978014506 0.9994166264373946
vn -0.010728414259175189 -0.032423878978014541 0.9994166264373946
vn -0.010128627844709663 -0.01814306581623825 0.99978409672327317
vn -0.006424096808439291 0.023759071814518484 0.99969707286092835
vn 0.00052551313334865516 0.06192488968547865 0.99808067403060563
vn 0.006929967395724144 0.051913748936171671 0.99862752727094717
vn 0.0095611018711222028 0.017627478615908344 0.99979890844542119
vn 0.0099204650376140176 0.0045874406934688708 0.99994026809671044
vn 0.0099204650376142033 0.0045874406934689705 0.99994026809671044
vn 0.0099204650376142518 0.0045874406934690573 0.99994026809671055
vn 0.0099204650376140645 0.0045874406934689584 0.99994026809671055
vn 0.0099204650376138997 0.0045874406934688031 0.99994026809671055
vn 0.0099204650376141044 0.0045874406934690165 0.99994026809671066
vn 0.0099204650376139222 0.0045874406934688118 0.99994026809671044
vn -0.010728414259175133 -0.032423878978014686 0.9994166264373946
vn -0.010728414259175248 -0.032423878978014589 0.99941662643739448
vn -0.010728414259175222 -0.032423878978014589 0.99941662643739448
vn -0.010728414259175107 -0.032423878978014478 0.99941662643739448
vn -0.010728414259175142 -0.032423878978014582 0.9994166264373946
vn -0.010728414259175142 -0.032423878978014582 0.9994166264373946
vn -0.010728414259175098 -0.032423878978014499 0.9994166264373946
vn -0.010728414259175095 -0.032423878978014506 0.99941662643739448
vn -0.010728414259175097 -0.032423878978014492 0.9994166264373946
vn -0.010128944079211775 -0.016332382460100017 0.99981531183264905
vn -0.0064231268663032838 0.029432468674520165 0.99954613361714462
vn 0.00052525710203868675 0.069319001394210697 0.99759440663562571
vn 0.0069282234107704349 0.056541441778070828 0.99837621420085298
vn 0.0093023044251671731 0.018571758054514761 0.99978425519466252
vn 0.005893365072913632 0.0027679070811888491 0.99997880324460242
vn -0.0041096846306621212 0.00049598004474610854 0.99999143221131237
vn -0.020941674017593268 -0.0017843163621789704 0.99977910685533955
vn -0.0024918358264451185 0.016998466852354507 0.99985241054811858
vn 0.0099204650376140992 0.00458744069346902 0.99994026809671055
vn 0.0099204650376143854 0.0045874406934694753 0.99994026809671055
vn -0.010728414259175248 -0.032423878978014575 0.99941662643739448
vn -0.010728414259175232 -0.032423878978014437 0.99941662643739448
vn -0.010728414259175248 -0.032423878978014478 0.99941662643739448
vn -0.010728414259175237 -0.032423878978014541 0.9994166264373946
vn -0.010728414259175145 -0.032423878978014499 0.9994166264373946
vn -0.010728414259175147 -0.032423878978014499 0.9994166264373946
vn -0.010728414259175142 -0.032423878978014506 0.99941662643739448
vn -0.01072841425917519 -0.032423878978014575 0.9994166264373946
vn -0.010129227111110575 -0.014521538406187121 0.99984324955487358
vn -0.0064219504616074598 0.035103022452002704 0.99936306534062125
vn 6.1069501810644301e-05 0.076471123170521085 0.99707179460235207
vn 0.00143756410486349 0.058586038964153521 0.99828132780691392
vn -0.0097719440999792778 0.011039440506237846 0.99989131402458742
vn -0.031102697551569213 -0.013678816552342177 0.99942258938986517
vn -0.058610849263169118 -0.02459315993951311 0.99797792802889163
vn -0.069954836760174832 0.0068517557143952072 0.99752662834507211
vn -0.0078981687522262679 0.05629524004212997 0.99838292497365977
vn 0.0099204650376141842 0.0045874406934692099 0.99994026809671055
vn 0.0099204650376140541 0.0045874406934691683 0.99994026809671066
vn -0.010728414259175326 -0.032423878978014499 0.9994166264373946
vn -0.010728414259175227 -0.032423878978014541 0.99941662643739448
vn -0.01072841425917523 -0.032423878978014506 0.99941662643739437
vn -0.010728414259175327 -0.032423878978014541 0.9994166264373946
vn -0.010728414259175376 -0.032423878978014492 0.9994166264373946
vn -0.010728414259175371 -0.032423878978014506 0.9994166264373946
vn -0.010696987537096567 -0.032408188516880924 0.99941747221803434
vn -0.0094447079271507087 -0.012391836530700216 0.99987861257232979
vn -0.0057484208801528713 0.040257179755932737 0.9991728154506021
vn -0.0086346722776583593 0.075279179871240415 0.99712511126366232
vn -0.028987267477853785 0.042110894480078424 0.99869235047148275
vn -0.057591396935226843 -0.013512472258331533 0.99824878867570732
vn -0.081186147119293992 -0.038089329789680201 0.99597088936981359
vn -0.098860900643934754 -0.047662215987624962 0.99395917194370664
vn -0.088314979223540105 0.051082464570282336 0.99478190889167839
vn -0.14106216702000593 0.067028041922500128 0.98772906539782224
vn -0.090804557711461814 0.21728100646582485 0.97187627634798457
vn 0.0099204650376141183 0.0045874406934690087 0.99994026809671066
vn -0.010728414259174521 -0.03242387897801513 0.9994166264373946
vn -0.010728414259174974 -0.032423878978014631 0.9994166264373946
vn -0.010728414259175154 -0.032423878978014686 0.9994166264373946
vn -0.010728414259175152 -0.032423878978014575 0.99941662643739448
vn -0.01062569313141545 -0.032372593140688646 0.99941938637332051
vn -0.0099165617546823851 -0.03207197427028359 0.9994363662932082
vn -0.0077747860809730006 -0.031006111484588508 0.99948895629316503
vn -0.0039386881335400732 -0.0090861136866196776 0.99995096343463785
vn -0.005871052157750069 0.037107303685285691 0.99929404019025803
vn -0.02740201742969469 0.053069165994219208 0.99821480306668497
vn -0.062837687163152342 0.0097252407849584433 0.99797637485246127
vn -0.087821895165021799 -0.036097518215373652 0.99548193550074771
vn -0.097159422621152097 -0.050700079465800178 0.99397663379884638
vn -0.090562790540096597 -0.049671906787674913 0.99465123668835154
vn -0.12788241330510214 -0.0052958816824606458 0.99177519731261099
vn -0.17056737379734579 0.15483748180871118 0.97310437529743621
vn 0.004885485225113304 0.52260325503850924 0.85256200352658829
vn -0.010728414259175182 -0.032423878978014659 0.99941662643739448
vn -0.010728414259175149 -0.032423878978014561 0.99941662643739448
vn -0.010660285293083969 -0.03228548882196744 0.99942183562747766
vn -0.0087659337294720054 -0.030877922734991542 0.99948472339171957
vn -0.0051931715366477166 -0.02922661844316075 0.99955932077279386
vn -0.00046927657819467126 -0.026521446017695408 0.99964813443562406
vn 0.0028044117519650906 -0.0076733097711507142 0.99996662723907004
vn -0.0074602587596714429 0.020646491498392715 0.99975900442458909
vn -0.038283726916962746 0.017232118065402709 0.99911831649726424
vn -0.070169084182101285 -0.019583152983926551 0.99734286970141484
vn -0.074466869486246895 -0.041871688580324959 0.99634404050225056
vn -0.070032082085259906 -0.046239429713369966 0.9964724896446393
vn -0.06613661444292751 -0.036945572700875 0.99712635753340306
vn -0.028433570386318451 -0.030182930970232284 0.9991398914832359
vn -0.063683771332225775 -0.042573271561068445 0.99706162989932179
vn -0.11151733825984168 0.044122882276595214 0.99278248097307087
vn -0.7063414561960909 -0.29736919626726183 0.64238096825026536
vn -0.010728414259175461 -0.032423878978013881 0.9994166264373946
vn -0.010441274158346319 -0.029110234199407153 0.99952167263086689
vn -0.0091575780281062096 -0.027821764219390862 0.99957095205912205
vn -0.0024150295300784295 -0.022717330625293696 0.99973901120323894
vn 0.0036293884814219742 -0.022038200551999745 0.99975054151307208
vn 0.0040376190451649422 -0.01084532572981514 0.9999330360290436
vn -0.011541947429098637 -0.004890696020562804 0.9999214291843026
vn -0.037798899449853644 -0.013503619173761465 0.99919412301593824
vn -0.053835760695873626 -0.031139236662642927 0.99806415565852502
vn -0.054620250470021336 -0.033713033746126386 0.99793790367648871
vn -0.017621513572428856 -0.02582201137138114 0.99951123354775395
vn -0.049533406538098852 -0.039453474577274515 0.99799291830178416
vn -0.036736862539199708 -0.036537889559894093 0.9986567906729944
vn -0.014336472126845448 -0.028760793828996926 0.99948350777052941
vn -0.012317940729909549 -0.017559836999104877 0.99976993376513346
vn -0.0031519836883660544 -0.0121094077309812 0.99992171055699819
vn 0.00097448958366774037 -0.020113725587140485 0.99979722364740375
vn -0.001046852927216871 -0.016235166471024923 0.99986765297643609
vn -0.0075285658565778513 -0.020119220808078094 0.99976924220052843
vn -0.0088204774345786614 -0.022270334660854731 0.99971307452284508
vn -0.018223486173460899 -0.01879919773697172 0.99965718859823727
vn -0.027347429999206405 -0.028126805572586407 0.99923020414753294
vn -0.026452435786049385 -0.030883930735811829 0.99917288367093449
vn -0.010728414259175 -0.032423878978014908 0.9994166264373946
vn -0.01250161043994508 0.0054133422004950648 0.99990719842524789
vn -0.0027717106469500128 -0.0088476914484551684 0.99995701706429485
vn -0.0025454830061896073 -0.020844397736726573 0.99977949148762724
vn -0.0079526296821286306 -0.021920021545573768 0.99972809720272471
vn -0.0028554261828803115 -0.020027296476916583 0.9997953560289925
vn -0.0060231381387221145 -0.020073358009694679 0.99978036693324623
vn 0.027653196452053361 -0.0075333358807124651 0.99958919040598515
vn -0.0048579938547448336 -0.0034313947377537144 0.9999823125565076
vn -0.0068125890430209895 -0.021243561263783517 0.99975111889677959
vn -0.00024781172347142352 0.006945999983091887 0.99997584554507335
vn -0.00024781172347126788 0.0069459999830936954 0.99997584554507335
vn -0.00024781172346992092 0.0069459999830980591 0.99997584554507346
vn -0.00024781172347741 0.0069459999830963244 0.99997584554507335
vn -0.00024781172347811635 0.0069459999830970738 0.99997584554507335
vn -0.00024781172347107321 0.0069459999830922339 0.99997584554507346
vn -0.00024781172347119318 0.0069459999830909927 0.99997584554507346
vn -0.00024781172347160702 0.0069459999830952792 0.99997584554507346
vn -0.00024781172347085204 0.0069459999830933884 0.99997584554507346
vn -0.00024781172347145339 0.0069459999830917222 0.99997584554507346
vn -0.00024781172347116174 0.0069459999830921342 0.99997584554507346
vn -0.00024781172347147198 0.0069459999830928472 0.99997584554507346
vn -0.00024781172347002387 0.0069459999830943581 0.99997584554507335
vn -0.00024781172347025106 0.0069459999830942566 0.99997584554507346
vn -0.0002478117234723317 0.0069459999830923493 0.99997584554507346
vn -0.0002478117234717426 0.0069459999830920102 0.99997584554507335
vn -0.0002478117234695685 0.0069459999830942774 0.99997584554507346
vn -0.00024781172347137083 0.0069459999830916667 0.99997584554507346
vn -0.00024781172347260465 0.0069459999830928402 0.99997584554507346
vn -0.0002478117234722165 0.0069459999830927118 0.99997584554507346
vn -0.00024781172349057877 0.0069459999831061195 0.99997584554507335
vn -0.00024781172346964098 0.0069459999830934083 0.99997584554507346
vn -0.00024781172346883694 0.0069459999830923415 0.99997584554507335
vn -0.00024781172347160041 0.0069459999830926988 0.99997584554507346
vn -0.00024781172347223136 0.0069459999830889197 0.99997584554507357
vn -0.00024781172347062999 0.0069459999830917343 0.99997584554507335
vn -0.0002478117234695221 0.0069459999830942315 0.99997584554507335
vn -0.0002478117234717426 0.006945999983092011 0.99997584554507335
vn -0.0002478117234717426 0.0069459999830920102 0.99997584554507335
vn -0.0002478117234696766 0.0069459999830943867 0.99997584554507357
vn -0.00024781172347078601 0.0069459999830916155 0.99997584554507346
vn -0.00024781172346536169 0.0069459999830885173 0.99997584554507346
vn -0.00024781172347111322 0.0069459999830924135 0.99997584554507346
vn -0.00024781172346899371 0.0069459999831003767 0.99997584554507335
vn -0.00024781172347094409 0.0069459999830924352 0.99997584554507357
vn -0.00024781172347026234 0.0069459999830927509 0.99997584554507335
vn -0.0002478117234717426 0.006945999983092011 0.99997584554507335
vn -0.0002478117234717426 0.0069459999830920102 0.99997584554507335
vn -0.0002478117234695221 0.0069459999830942315 0.99997584554507335
vn -0.0002478117234717426 0.006945999983092011 0.99997584554507335
vn -0.00024781172347184311 0.0069459999830921125 0.99997584554507346
vn -0.00024781172347196876 0.0069459999830918939 0.99997584554507346
vn -0.00024781172347191239 0.0069459999830916537 0.99997584554507335
vn -0.00024781172347178667 0.0069459999830922348 0.99997584554507357
vn -0.00024781172348101855 0.0069459999830985431 0.99997584554507346
vn -0.00024781172347055074 0.0069459999830948161 0.99997584554507346
vn -0.0002478117234703294 0.0069459999830944856 0.99997584554507335
vn -0.00024781172347083816 0.0069459999830923285 0.99997584554507346
vn -0.0002478117234717426 0.006945999983092011 0.99997584554507335
vn -0.0002478117234717426 0.0069459999830920102 0.99997584554507335
vn -0.0002478117234695221 0.0069459999830942315 0.99997584554507335
vn -0.0002478117234717426 0.006945999983092011 0.99997584554507335
vn -0.0002478117234717426 0.0069459999830920102 0.99997584554507335
vn -0.0002478117234717426 0.006945999983092011 0.99997584554507335
vn -0.0002478117234717426 0.0069459999830920102 0.99997584554507335
vn -0.00024781172346989479 0.0069459999830946044 0.99997584554507346
vn -0.00024781172347146748 0.0069459999830921281 0.99997584554507335
vn -0.00024781172346793017 0.006945999983090337 0.99997584554507346
vn -0.00024781172347248067 0.006945999983093561 0.99997584554507346
vn -0.00024781172347203837 0.0069459999830940623 0.99997584554507346
vn -0.0002478117234708863 0.006945999983091684 0.99997584554507346
vn -0.00024781172348941884 0.0069459999830437181 0.99997584554507379
vn -0.0002478117234721733 0.0069459999830915817 0.99997584554507335
vn -0.0002478117234717426 0.0069459999830920102 0.99997584554507335
vn -0.0002478117234695221 0.0069459999830942315 0.99997584554507335
vn -0.0002478117234717426 0.006945999983092011 0.99997584554507335
vn -0.0002478117234717426 0.0069459999830920102 0.99997584554507335
vn -0.00024781172347026234 0.0069459999830927509 0.99997584554507335
vn -0.00024781172347100258 0.0069459999830912703 0.99997584554507335
vn -0.0002478117234695221 0.0069459999830942315 0.99997584554507335
vn -0.0002478117234717426 0.006945999983092011 0.99997584554507335
vn -0.00024781172347197099 0.00694599998309224 0.99997584554507346
vn -0.00024781172347088716 0.006945999983093973 0.99997584554507335
vn -0.0002478117234741479 0.0069459999830946556 0.99997584554507335
vn -0.00024781172347152305 0.0069459999830911723 0.99997584554507346
vn -0.0002478117234695015 0.0069459999830970114 0.99997584554507335
vn -0.00024781172347204878 0.0069459999830924542 0.99997584554507346
vn -0.0002478117234717426 0.0069459999830920102 0.99997584554507335
vn -0.0002478117234695221 0.0069459999830942315 0.99997584554507335
vn -0.0002478117234717426 0.006945999983092011 0.99997584554507335
vn -0.0002478117234717426 0.0069459999830920102 0.99997584554507335
vn -0.0002478117234695221 0.0069459999830942315 0.99997584554507335
vn -0.00024781172347100252 0.0069459999830912712 0.99997584554507335
vn -0.00024781172347026234 0.0069459999830927509 0.99997584554507335
vn -0.0002478117234717426 0.006945999983092011 0.99997584554507335
vn -0.0002478117234717426 0.0069459999830920102 0.99997584554507335
vn -0.0002478117234695221 0.0069459999830942315 0.99997584554507335
vn -0.00024781172347142558 0.0069459999830916944 0.99997584554507346
vn -0.00024781172347128339 0.0069459999830923189 0.99997584554507335
vn -0.00024781172347191515 0.0069459999830939591 0.99997584554507346
vn -0.00024781172347202937 0.0069459999830926997 0.99997584554507346
vn -0.00024781172347363816 0.0069459999830948777 0.99997584554507346
vn -0.00024781172347234276 0.006945999983092397 0.99997584554507357
vn -0.00024781172347118293 0.0069459999830919416 0.99997584554507357
vn -0.00024781172347103825 0.0069459999830916563 0.99997584554507335
vn -0.0002478117234695221 0.0069459999830942315 0.99997584554507335
vn -0.0002478117234717426 0.006945999983092011 0.99997584554507335
vn -0.0002478117234717426 0.0069459999830920102 0.99997584554507335
vn -0.0002478117234695221 0.0069459999830942315 0.99997584554507335
vn -0.0002478117234717426 0.006945999983092011 0.99997584554507335
vn -0.0002478117234717426 0.0069459999830920102 0.99997584554507335
vn -0.0002478117234717426 0.006945999983092011 0.99997584554507335
vn -0.0002478117234717426 0.0069459999830920102 0.99997584554507335
vn -0.0002478117234695221 0.0069459999830942315 0.99997584554507335
vn -0.0002478117234717426 0.006945999983092011 0.99997584554507335
vn -0.0002478117234717426 0.0069459999830920102 0.99997584554507335
vn -0.0002478117234717426 0.006945999983092011 0.99997584554507335
vn -0.00024781172347208423 0.0069459999830923528 0.99997584554507335
vn -0.00024781172347023599 0.006945999983093633 0.99997584554507346
vn -0.00024781172346919397 0.006945999983091233 0.99997584554507346
vn -0.00024781172347102974 0.0069459999830920197 0.99997584554507346
vn -0.00024781172347000256 0.0069459999830904159 0.99997584554507346
vn -0.0002478117234695595 0.0069459999830928654 0.99997584554507346
vn -0.0002478117234717426 0.006945999983092011 0.99997584554507335
vn -0.0002478117234717426 0.0069459999830920102 0.99997584554507335
vn -0.0002478117234695221 0.0069459999830942315 0.99997584554507335
vn -0.0002478117234717426 0.006945999983092011 0.99997584554507335
vn -0.0002478117234717426 0.0069459999830920102 0.99997584554507335
vn -0.0002478117234717426 0.006945999983092011 0.99997584554507335
vn -0.0002478117234717426 0.0069459999830920102 0.99997584554507335
vn -0.0002478117234695221 0.0069459999830942315 0.99997584554507335
vn -0.0002478117234717426 0.006945999983092011 0.99997584554507335
vn -0.0002478117234717426 0.0069459999830920102 0.99997584554507335
vn -0.00024781172347026234 0.0069459999830927509 0.99997584554507335
vn -0.00024781172347100258 0.0069459999830912703 0.99997584554507335
vn -0.0002478117234695221 0.0069459999830942315 0.99997584554507335
vn -0.00024781172347153546 0.0069459999830918037 0.99997584554507346
vn -0.00024781172347176461 0.0069459999830924959 0.99997584554507346
vn -0.00024781172347135142 0.0069459999830925653 0.99997584554507335
vn -0.00024781172346979077 0.0069459999830935671 0.99997584554507346
vn -0.00024781172344255631 0.0069459999830722126 0.99997584554507357
vn -0.00024781172347045007 0.0069459999830908834 0.99997584554507346
vn -0.00024781172347152164 0.0069459999830943928 0.99997584554507346
vn -0.0002478117234714445 0.0069459999830928437 0.99997584554507335
vn -0.0002478117234720439 0.0069459999830966861 0.99997584554507346
vn -0.00024781172347110368 0.0069459999830922105 0.99997584554507346
vn -0.00024781172347111647 0.0069459999830913857 0.99997584554507346
vn -0.0002478117234695221 0.0069459999830942315 0.99997584554507335
vn -0.0002478117234717426 0.006945999983092011 0.99997584554507335
vn -0.0002478117234717426 0.0069459999830920102 0.99997584554507335
vn -0.0002478117234717426 0.006945999983092011 0.99997584554507335
vn -0.0002478117234717426 0.0069459999830920102 0.99997584554507335
vn -0.0002478117234695221 0.0069459999830942315 0.99997584554507335
vn -0.0002478117234717426 0.006945999983092011 0.99997584554507335
vn -0.0002478117234717426 0.0069459999830920102 0.99997584554507335
vn -0.0002478117234695221 0.0069459999830942315 0.99997584554507335
vn -0.00024781172347100252 0.0069459999830912712 0.99997584554507335
vn -0.00024781172347026234 0.0069459999830927509 0.99997584554507335
vn -0.0002478117234717426 0.006945999983092011 0.99997584554507335
vn -0.0002478117234717426 0.0069459999830920102 0.99997584554507335
vn -0.0002478117234695221 0.0069459999830942315 0.99997584554507335
vn -0.00024781172347136129 0.0069459999830916302 0.99997584554507335
vn -0.00024781172347117171 0.0069459999830921177 0.99997584554507346
vn -0.00024781172347278761 0.0069459999830937796 0.99997584554507335
vn -0.00024781172347233425 0.0069459999830930744 0.99997584554507335
vn -0.0002478117234699522 0.0069459999830973765 0.99997584554507346
vn -0.00024781172346930222 0.0069459999830940441 0.99997584554507335
vn -0.00024781172347019431 0.0069459999830941508 0.99997584554507335
vn -0.0002478117234704955 0.0069459999830903153 0.99997584554507335
vn -0.00024781172347010784 0.0069459999830933207 0.99997584554507346
vn -0.00024781172347160572 0.006945999983091874 0.99997584554507335
vn -0.0002478117234717426 0.0069459999830920102 0.99997584554507335
vn -0.0002478117234717426 0.006945999983092011 0.99997584554507335
vn -0.0002478117234717426 0.0069459999830920102 0.99997584554507335
vn -0.0002478117234695221 0.0069459999830942315 0.99997584554507335
vn -0.0002478117234717426 0.006945999983092011 0.99997584554507335
vn -0.0002478117234717426 0.0069459999830920102 0.99997584554507335
vn -0.0002478117234695221 0.0069459999830942315 0.99997584554507335
vn -0.0002478117234717426 0.006945999983092011 0.99997584554507335
vn -0.0002478117234717426 0.0069459999830920102 0.99997584554507335
vn -0.0002478117234717426 0.006945999983092011 0.99997584554507335
vn -0.0002478117234717426 0.0069459999830920102 0.99997584554507335
vn -0.0002478117234695221 0.0069459999830942315 0.99997584554507335
vn -0.0002478117234717426 0.006945999983092011 0.99997584554507335
vn -0.0002478117234717426 0.0069459999830920102 0.99997584554507335
vn -0.00024781172347165223 0.0069459999830919208 0.99997584554507335
vn -0.00024781172347236911 0.0069459999830930527 0.99997584554507346
vn -0.00024781172347650783 0.0069459999830964155 0.99997584554507335
vn -0.00024781172347157899 0.0069459999830942133 0.99997584554507346
vn -0.00024781172347229918 0.0069459999830934326 0.99997584554507335
vn -0.00024781172347080205 0.0069459999830922443 0.99997584554507335
vn -0.00024781172347168861 0.0069459999830909598 0.99997584554507346
vn -0.00024781172347217276 0.0069459999830924421 0.99997584554507346
vn -0.0002478117234717426 0.0069459999830920102 0.99997584554507335
vn -0.0002478117234695221 0.0069459999830942315 0.99997584554507335
vn -0.0002478117234717426 0.006945999983092011 0.99997584554507335
vn -0.0002478117234717426 0.0069459999830920102 0.99997584554507335
vn -0.0002478117234695221 0.0069459999830942315 0.99997584554507335
vn -0.0002478117234717426 0.006945999983092011 0.99997584554507335
vn -0.0002478117234717426 0.0069459999830920102 0.99997584554507335
vn -0.0002478117234717426 0.006945999983092011 0.99997584554507335
vn -0.0002478117234717426 0.0069459999830920102 0.99997584554507335
vn -0.0002478117234695221 0.0069459999830942315 0.99997584554507335
vn -0.0002478117234717426 0.006945999983092011 0.99997584554507335
vn -0.0002478117234717426 0.0069459999830920102 0.99997584554507335
vn -0.00024781172347026234 0.0069459999830927509 0.99997584554507335
vn -0.00024781172347100258 0.0069459999830912703 0.99997584554507335
vn -0.00024781172346970587 0.0069459999830944145 0.99997584554507335
vn -0.000247811723471337 0.0069459999830912425 0.99997584554507346
vn -0.00024781172347089513 0.0069459999830906571 0.99997584554507346
vn -0.00024781172347148331 0.0069459999830928393 0.99997584554507346
vn -0.00024781172348006906 0.0069459999831002284 0.99997584554507335
vn -0.00024781172346990076 0.00694599998309328 0.99997584554507346
vn -0.00024781172346598554 0.0069459999830858111 0.99997584554507335
vn -0.00024781172347182733 0.0069459999830919078 0.99997584554507346
vn -0.00024781172347119286 0.0069459999830925479 0.99997584554507357
vn -0.0002478117234703636 0.0069459999830937631 0.99997584554507346
vn -0.00024781172347226226 0.0069459999830925323 0.99997584554507346
vn -0.0002478117234717426 0.0069459999830920102 0.99997584554507335
vn -0.0002478117234695221 0.0069459999830942315 0.99997584554507335
vn -0.0002478117234717426 0.006945999983092011 0.99997584554507335
vn -0.0002478117234717426 0.0069459999830920102 0.99997584554507335
vn -0.0002478117234717426 0.006945999983092011 0.99997584554507335
vn -0.0002478117234717426 0.0069459999830920102 0.99997584554507335
vn -0.0002478117234695221 0.0069459999830942315 0.99997584554507335
vn -0.0002478117234717426 0.006945999983092011 0.99997584554507335
vn -0.0002478117234717426 0.0069459999830920102 0.99997584554507335
vn -0.0002478117234695221 0.0069459999830942315 0.99997584554507335
vn -0.00024781172347100252 0.0069459999830912712 0.99997584554507335
vn -0.00024781172347026234 0.0069459999830927509 0.99997584554507335
vn -0.0002478117234717426 0.006945999983092011 0.99997584554507335
vn -0.0002478117234717426 0.0069459999830920102 0.99997584554507335
vn -0.00024781172346982681 0.006945999983094535 0.99997584554507335
vn -0.00024781172347072014 0.0069459999830916476 0.99997584554507335
vn -0.00024781172346421618 0.0069459999830877063 0.99997584554507346
vn -0.00024781172347078872 0.006945999983091697 0.99997584554507335
vn -0.00024781172346588878 0.0069459999830908436 0.99997584554507346
vn -0.00024781172346975081 0.0069459999830918029 0.99997584554507335
vn -0.0002478117234715778 0.0069459999830926416 0.99997584554507346
vn -0.00024781172347105115 0.0069459999830919373 0.99997584554507335
vn -0.00024781172347010291 0.0069459999830948117 0.99997584554507346
vn -0.0002478117234717426 0.006945999983092011 0.99997584554507335
vn -0.0002478117234717426 0.0069459999830920102 0.99997584554507335
vn -0.0002478117234717426 0.006945999983092011 0.99997584554507335
vn -0.0002478117234717426 0.0069459999830920102 0.99997584554507335
vn -0.0002478117234695221 0.0069459999830942315 0.99997584554507335
vn -0.0002478117234717426 0.006945999983092011 0.99997584554507335
vn -0.0002478117234717426 0.0069459999830920102 0.99997584554507335
vn -0.0002478117234695221 0.0069459999830942315 0.99997584554507335
vn -0.0002478117234717426 0.006945999983092011 0.99997584554507335
vn -0.0002478117234717426 0.0069459999830920102 0.99997584554507335
vn -0.0002478117234717426 0.006945999983092011 0.99997584554507335
vn -0.0002478117234717426 0.0069459999830920102 0.99997584554507335
vn -0.0002478117234695221 0.0069459999830942315 0.99997584554507335
vn -0.0002478117234717426 0.006945999983092011 0.99997584554507335
vn -0.00024781172347209074 0.0069459999830922547 0.99997584554507346
vn -0.00024781172346979949 0.0069459999830948941 0.99997584554507335
vn -0.0002478117234711599 0.0069459999830940641 0.99997584554507346
vn -0.00024781172315425785 0.0069459999828720455 0.99997584554507501
vn -0.00024781172315425378 0.0069459999852682693 0.99997584554505847
vn -0.00024781172346425271 0.0069459999830876447 0.99997584554507346
vn -0.00024781172347073982 0.0069459999830938732 0.99997584554507335
vn -0.0002478117234714877 0.0069459999830933485 0.99997584554507346
vn -0.00024781172347163461 0.0069459999830909598 0.99997584554507346
vn -0.00024781172347215265 0.0069459999830924204 0.99997584554507335
vn -0.0002478117234717426 0.0069459999830920102 0.99997584554507335
vn -0.0002478117234695221 0.0069459999830942315 0.99997584554507335
vn -0.0002478117234717426 0.006945999983092011 0.99997584554507335
vn -0.0002478117234717426 0.0069459999830920102 0.99997584554507335
vn -0.0002478117234695221 0.0069459999830942315 0.99997584554507335
vn -0.0002478117234717426 0.006945999983092011 0.99997584554507335
vn -0.0002478117234717426 0.0069459999830920102 0.99997584554507335
vn -0.0002478117234717426 0.006945999983092011 0.99997584554507335
vn -0.0002478117234717426 0.0069459999830920102 0.99997584554507335
vn -0.0002478117234695221 0.0069459999830942315 0.99997584554507335
vn -0.0002478117234717426 0.006945999983092011 0.99997584554507335
vn -0.0002478117234717426 0.0069459999830920102 0.99997584554507335
vn -0.00024781172346944138 0.0069459999830945845 0.99997584554507357
vn -0.00024781172347065964 0.0069459999830923276 0.99997584554507346
vn -0.00024781172348003398 0.0069459999831012935 0.99997584554507335
vn -0.00024781172347091199 0.0069459999830895442 0.99997584554507346
vn -0.00024781172347214885 0.0069459999830917976 0.99997584554507346
vn -0.0002478117234712024 0.0069459999830928992 0.99997584554507346
vn -0.00024781172346952205 0.0069459999830942306 0.99997584554507335
vn -0.00024781172347094815 0.0069459999830923718 0.99997584554507335
vn -0.00024781172347129846 0.0069459999830915661 0.99997584554507335
vn -0.0002478117234695221 0.0069459999830942315 0.99997584554507335
vn -0.0002478117234717426 0.006945999983092011 0.99997584554507335
vn -0.0002478117234717426 0.0069459999830920102 0.99997584554507335
vn -0.0002478117234717426 0.006945999983092011 0.99997584554507335
vn -0.0002478117234717426 0.0069459999830920102 0.99997584554507335
vn -0.0002478117234695221 0.0069459999830942315 0.99997584554507335
vn -0.0002478117234717426 0.006945999983092011 0.99997584554507335
vn -0.0002478117234717426 0.0069459999830920102 0.99997584554507335
vn -0.00024781172346992396 0.006945999983093829 0.99997584554507346
vn -0.00024781172347168237 0.0069459999830922868 0.99997584554507346
vn -0.0002478117234793679 0.0069459999830695637 0.99997584554507357
vn -0.00024781172346983674 0.0069459999830932626 0.99997584554507335
vn -0.00024781172347917144 0.0069459999830987062 0.99997584554507346
vn -0.00024781172346665981 0.0069459999831034819 0.99997584554507335
vn -0.00024781172347113181 0.0069459999830938533 0.99997584554507346
vn -0.00024781172347094306 0.0069459999830977694 0.99997584554507335
vn -0.00024781172345691071 0.0069459999830805237 0.99997584554507346
vn -0.00024781172346030985 0.0069459999830805141 0.99997584554507357
vn -0.0002478117221042893 0.0069459999806708887 0.99997584554509056
vn -0.00024781172346689416 0.0069459999830935107 0.99997584554507335
vn -0.00024781172347728553 0.0069459999831064708 0.99997584554507357
vn -0.00024781172347059199 0.0069459999830916068 0.99997584554507346
vn -0.00024781172347425665 0.0069459999830852256 0.99997584554507346
vn -0.00024781172346990846 0.0069459999830892329 0.99997584554507357
vn -0.0002478117234760117 0.0069459999830878572 0.99997584554507335
vn -0.00024781172346888616 0.0069459999831064725 0.99997584554507335
vn -0.00024781172562329075 0.0069459999771515355 0.99997584554511409
vn -0.00024781172347916955 0.0069459999830961154 0.99997584554507346
vn -0.00024781172346666094 0.0069459999830922712 0.99997584554507335
vn -0.00024781172347048861 0.006945999983092652 0.99997584554507357
vn -0.00024781172347125558 0.006945999983093855 0.99997584554507346
vn -0.00024781172635687701 0.0069459999837811846 0.99997584554506802
vn -0.00024781172347130193 0.0069459999830926086 0.99997584554507346
vn -0.00024781172347129846 0.0069459999830915661 0.99997584554507335
vn -0.00024781172347026234 0.0069459999830927509 0.99997584554507335
vn -0.00024781172347100258 0.0069459999830912703 0.99997584554507335
vn -0.0002478117234695221 0.0069459999830942315 0.99997584554507335
vn -0.0002478117234717426 0.006945999983092011 0.99997584554507335
vn -0.0002478117234717426 0.0069459999830920102 0.99997584554507335
vn -0.0002478117234695221 0.0069459999830942315 0.99997584554507335
vn -0.00024781172347119475 0.0069459999830920501 0.99997584554507346
vn -0.00024781172347146342 0.0069459999830928732 0.99997584554507335
vn -0.00024781172347139999 0.0069459999830913518 0.99997584554507335
vn -0.00024781172350267592 0.006945999983088284 0.99997584554507357
vn -0.00024781172345036869 0.0069459999830919252 0.99997584554507357
vn -0.00024781172345145398 0.006945999983093731 0.99997584554507346
vn -0.00024781172344438455 0.0069459999830791871 0.99997584554507357
vn -0.0002478117234157743 0.0069459999830365875 0.9999758455450739
vn -0.00024781172346636219 0.0069459999830910509 0.99997584554507346
vn -0.0002478117234748458 0.0069459999830965005 0.99997584554507335
vn -0.00024781172346404222 0.0069459999830946617 0.99997584554507346
vn -0.00024781172346404222 0.0069459999830946617 0.99997584554507346
vn -0.00024781172346404222 0.0069459999830946617 0.99997584554507346
vn -0.00024781172343395756 0.0069459999830924135 0.99997584554507346
vn -0.00024781172340409587 0.0069459999830996134 0.99997584554507335
vn -0.00024781172341256804 0.0069459999830913917 0.99997584554507346
vn -0.00024781172349353441 0.006945999983102703 0.99997584554507335
vn -0.00024781172349353441 0.006945999983102703 0.99997584554507335
vn -0.00024781172349353441 0.006945999983102703 0.99997584554507335
vn -0.00024781172344661112 0.0069459999830933337 0.99997584554507357
vn -0.00024781172344661112 0.0069459999830933337 0.99997584554507357
vn -0.00024781172344661112 0.0069459999830933337 0.99997584554507357
vn -0.00024781172347479577 0.0069459999830950815 0.99997584554507346
vn -0.00024781172347446503 0.0069459999830947458 0.99997584554507335
vn -0.00024781172347238255 0.0069459999830896934 0.99997584554507357
vn -0.00024781172347337335 0.00694599998309243 0.99997584554507346
vn -0.00024781172345319033 0.0069459999830941482 0.99997584554507346
vn -0.0002478117234610798 0.0069459999830767307 0.99997584554507346
vn -0.00024781172346665959 0.0069459999830823113 0.99997584554507357
vn -0.00024781172346889066 0.0069459999830845526 0.99997584554507357
vn -0.00024781172347887416 0.0069459999831123238 0.99997584554507335
vn -0.00024781172346665954 0.0069459999831001087 0.99997584554507335
vn -0.0002478117234647875 0.006945999983090121 0.99997584554507346
vn -0.00024781172347548093 0.0069459999830945463 0.99997584554507346
vn -0.00024781172347162697 0.0069459999830967642 0.99997584554507346
vn -0.0002478117234708689 0.0069459999830920292 0.99997584554507346
vn -0.00024781172347425117 0.0069459999830852265 0.99997584554507346
vn -0.00024781172347887416 0.0069459999831123238 0.99997584554507335
vn -0.00024781172346665954 0.0069459999831001087 0.99997584554507335
vn -0.00024781172347407282 0.0069459999830922972 0.99997584554507357
vn -0.00024781172347350031 0.0069459999830941083 0.99997584554507346
vn -0.00024781172345504995 0.0069459999831069982 0.99997584554507324
vn -0.00024781172346929138 0.0069459999830983219 0.99997584554507335
vn -0.00024781172347919297 0.0069459999830964259 0.99997584554507346
vn -0.00024781172347397551 0.0069459999830925826 0.99997584554507346
vn -0.00024781172347103706 0.0069459999830931178 0.99997584554507346
vn -0.00024781172347156875 0.0069459999830939114 0.99997584554507346
vn -0.00024781172635727935 0.0069459999837815862 0.9999758455450678
vn -0.00024781172347079772 0.0069459999830919876 0.99997584554507335
vn -0.0002478117234695221 0.0069459999830924551 0.99997584554507335
vn -0.0002478117234717426 0.006945999983092011 0.99997584554507335
vn -0.0002478117234717426 0.0069459999830920102 0.99997584554507335
vn -0.0002478117234695221 0.0069459999830942315 0.99997584554507335
vn -0.0002478117234717426 0.006945999983092011 0.99997584554507335
vn -0.00024781172347191857 0.0069459999830926598 0.99997584554507346
vn -0.00024781172346993236 0.0069459999830960338 0.99997584554507346
vn -0.00024781172338383126 0.006945999983018483 0.99997584554507402
vn -0.00024781172347452694 0.0069459999830841892 0.99997584554507346
vn -0.00024781172338383115 0.0069459999830816122 0.99997584554507368
vn -0.00024781172348395451 0.0069459999830914906 0.99997584554507335
vn -0.0002478117235700149 0.006945999983160582 0.99997584554507291
vn -0.00024781172348395451 0.0069459999830914906 0.99997584554507335
vn -0.00024781172347251867 0.0069459999830823096 0.99997584554507335
vn -0.00024781172345891502 0.00694599998306537 0.99997584554507368
vn -0.00024781172345891502 0.00694599998306537 0.99997584554507368
vn -0.00024781172345891502 0.00694599998306537 0.99997584554507368
vn -0.00024781172347612673 0.0069459999830842351 0.99997584554507357
vn -0.00024781172348827809 0.0069459999830941508 0.99997584554507346
vn -0.00024781172347624491 0.0069459999830958638 0.99997584554507335
vn -0.00024781172347624491 0.0069459999830958638 0.99997584554507335
vn -0.00024781172347624491 0.0069459999830958638 0.99997584554507335
vn -0.00024781172347695447 0.0069459999830870636 0.99997584554507346
vn -0.00024781172347695441 0.0069459999831151835 0.99997584554507335
vn -0.00024781172347714838 0.0069459999831151843 0.99997584554507324
vn -0.00024781172346887261 0.0069459999830917768 0.99997584554507335
vn -0.00024781172346967036 0.0069459999830924508 0.99997584554507346
vn -0.0002478117234737184 0.00694599998309243 0.99997584554507346
vn -0.0002478117234701048 0.0069459999830963183 0.99997584554507335
vn -0.00024781172346664192 0.0069459999831001078 0.99997584554507335
vn -0.00024781172346842104 0.0069459999830941586 0.99997584554507346
vn -0.0002478117234610798 0.0069459999830767307 0.99997584554507346
vn -0.00024781172346665959 0.0069459999830823113 0.99997584554507357
vn -0.00024781172346996673 0.0069459999830947111 0.99997584554507357
vn -0.00024781172347799698 0.0069459999830892658 0.99997584554507346
vn -0.00024781172347887215 0.0069459999831089567 0.99997584554507335
vn -0.00024781172346665954 0.0069459999830967199 0.99997584554507346
vn -0.00024781172347276636 0.0069459999830967208 0.99997584554507335
vn -0.00024781172347294753 0.0069459999830792721 0.99997584554507346
vn -0.00024781172346664262 0.0069459999830937718 0.99997584554507346
vn -0.00024781172346462991 0.0069459999830907811 0.99997584554507335
vn -0.00024781172347104855 0.0069459999830967026 0.99997584554507335
vn -0.00024781172346092373 0.006945999983102494 0.99997584554507335
vn -0.00024781172347509989 0.0069459999830909077 0.99997584554507346
vn -0.00024781172346604794 0.0069459999830844945 0.99997584554507346
vn -0.00024781172345579892 0.0069459999830881808 0.99997584554507357
vn -0.00024781172347647937 0.0069459999830902563 0.99997584554507346
vn -0.00024781172347025556 0.0069459999830901679 0.99997584554507346
vn -0.00024781172347330109 0.0069459999830544274 0.99997584554507368
vn -0.00024781172347424581 0.0069459999830857209 0.99997584554507346
vn -0.00024781172347887416 0.0069459999831123238 0.99997584554507335
vn -0.00024781172346665954 0.0069459999831001087 0.99997584554507335
vn -0.00024781172348298209 0.0069459999831041428 0.99997584554507346
vn -0.00024781172702177873 0.0069459999844460546 0.99997584554506314
vn -0.00024781172318670856 0.0069459999884693346 0.99997584554503616
vn -0.00024781172345716529 0.006945999983105809 0.99997584554507346
vn -0.00024781172347125162 0.0069459999830926954 0.99997584554507346
vn -0.00024781172347228622 0.0069459999830922964 0.99997584554507346
vn -0.00024781172345580114 0.0069459999830911419 0.99997584554507346
vn -0.00024781172347397725 0.0069459999830928931 0.99997584554507346
vn -0.00024781172347138948 0.0069459999830918783 0.99997584554507346
vn -0.00024781172347644836 0.0069459999830950589 0.99997584554507346
vn -0.00024781172636504983 0.0069459999837893577 0.99997584554506802
vn -0.00024781172347129846 0.0069459999830915661 0.99997584554507335
vn -0.0002478117234695221 0.0069459999830942315 0.99997584554507335
vn -0.0002478117234717426 0.006945999983092011 0.99997584554507335
vn -0.00024781172347185633 0.0069459999830918983 0.99997584554507357
vn -0.00024781172347115274 0.0069459999830938013 0.99997584554507346
vn -0.00024781172347481816 0.0069459999830853731 0.99997584554507346
vn -0.00024781172348670546 0.0069459999830944787 0.99997584554507346
vn -0.00024781172348670546 0.0069459999830944787 0.99997584554507346
vn -0.00024781172348670546 0.0069459999830944787 0.99997584554507346
vn -0.00024781172348982162 0.0069459999831102881 0.99997584554507335
vn -0.00024781172348982162 0.0069459999831102881 0.99997584554507335
vn -0.00024781172348982162 0.0069459999831102881 0.99997584554507335
vn -0.0002478117234777571 0.0069459999831151835 0.99997584554507335
vn -0.0002478117234777571 0.0069459999831022875 0.99997584554507346
vn -0.0002478117234917135 0.0069459999830930918 0.99997584554507346
vn -0.00024781172367392901 0.0069459999832323111 0.99997584554507246
vn -0.00024781172349152609 0.0069459999830934361 0.99997584554507346
vn -0.00024781172347037184 0.006945999983132411 0.99997584554507313
vn -0.00024781172347759827 0.0069459999830827797 0.99997584554507346
vn -0.00024781172345262085 0.0069459999831024558 0.99997584554507335
vn -0.00024781172345262085 0.0069459999831024558 0.99997584554507335
vn -0.00024781172345262085 0.0069459999831024558 0.99997584554507335
vn -0.00024781172347902313 0.0069459999830945862 0.99997584554507335
vn -0.00024781172348685871 0.0069459999830912078 0.99997584554507346
vn -0.0002478117234610798 0.0069459999830767307 0.99997584554507346
vn -0.00024781172346665959 0.0069459999830823113 0.99997584554507357
vn -0.00024781172346819471 0.0069459999830909615 0.99997584554507346
vn -0.00024781172346666008 0.0069459999830996134 0.99997584554507335
vn -0.00024781172347970016 0.0069459999830909702 0.99997584554507346
vn -0.00024781172347282621 0.0069459999830964372 0.99997584554507346
vn -0.00024781172347068897 0.0069459999830916866 0.99997584554507357
vn -0.0002478117234666147 0.0069459999831084666 0.99997584554507335
vn -0.00024781172348475704 0.0069459999830881591 0.99997584554507335
vn -0.00024781172347775716 0.0069459999830823122 0.99997584554507357
vn -0.00024781172349398875 0.0069459999830901141 0.99997584554507335
vn -0.00024781172347031248 0.0069459999830859803 0.99997584554507335
vn -0.00024781172348444061 0.0069459999831001078 0.99997584554507335
vn -0.0002478117234664035 0.0069459999830822298 0.99997584554507357
vn -0.00024781172347055307 0.0069459999830813954 0.99997584554507357
vn -0.00024781172346840824 0.0069459999830962958 0.99997584554507346
vn -0.00024781172347360174 0.0069459999831022884 0.99997584554507346
vn -0.00024781172347122619 0.0069459999830937154 0.99997584554507346
vn -0.00024781172347424028 0.0069459999830852256 0.99997584554507346
vn -0.00024781172346423071 0.0069459999830962307 0.99997584554507346
vn -0.00024781172346514642 0.0069459999830994721 0.99997584554507324
vn -0.00024781172346107947 0.0069459999830762363 0.99997584554507368
vn -0.00024781172346665959 0.006945999983081816 0.99997584554507357
vn -0.00024781172347351256 0.0069459999830941569 0.99997584554507335
vn -0.00024781172347271985 0.0069459999830915132 0.99997584554507346
vn -0.00024781172346626873 0.0069459999830770456 0.99997584554507357
vn -0.00024781172347705758 0.0069459999830900438 0.99997584554507346
vn -0.00024781172347206304 0.0069459999830930224 0.99997584554507357
vn -0.00024781172347923764 0.006945999983094084 0.99997584554507357
vn -0.00024781172346666057 0.0069459999830966583 0.99997584554507346
vn -0.00024781172347027801 0.006945999983092436 0.99997584554507357
vn -0.00024781172347532204 0.0069459999830994833 0.99997584554507346
vn -0.00024781172685202119 0.006945999984276305 0.99997584554506436
vn -0.00024781172347329897 0.0069459999830943555 0.99997584554507335
vn -0.00024781172347199619 0.0069459999830928498 0.99997584554507346
vn -0.00024781172347129846 0.0069459999830915661 0.99997584554507335
vn -0.00024781172346941021 0.0069459999830934109 0.99997584554507335
vn -0.00024781172347144981 0.0069459999830900907 0.99997584554507346
vn -0.0002478117234705593 0.0069459999830923198 0.99997584554507357
vn -0.00024781172347308013 0.0069459999830988172 0.99997584554507346
vn -0.00024781172347308013 0.0069459999830988172 0.99997584554507346
vn -0.00024781172347308013 0.0069459999830988172 0.99997584554507346
vn -0.00024781172272472535 0.0069459999831324145 0.99997584554507335
vn -0.000247811723502865 0.0069459999831078534 0.99997584554507335
vn -0.000247811723502865 0.0069459999831078534 0.99997584554507335
vn -0.000247811723502865 0.0069459999831078534 0.99997584554507335
vn -0.00024781172345513078 0.0069459999830961293 0.99997584554507335
vn -0.00024781172345513078 0.0069459999830961293 0.99997584554507335
vn -0.00024781172345513078 0.0069459999830961293 0.99997584554507335
vn -0.00024781172348458378 0.0069459999830510247 0.99997584554507379
vn -0.00024781172348458378 0.0069459999830510247 0.99997584554507379
vn -0.00024781172348458378 0.0069459999830510247 0.99997584554507379
vn -0.00024781172346861305 0.0069459999830514992 0.99997584554507368
vn -0.00024781172346665964 0.0069459999830215873 0.9999758455450739
vn -0.00024781172347372078 0.0069459999830821023 0.99997584554507346
vn -0.00024781172344462199 0.0069459999830921359 0.99997584554507346
vn -0.00024781172348281453 0.0069459999830926598 0.99997584554507346
vn -0.00024781172438308186 0.0069459999818074856 0.99997584554508234
vn -0.00024781172343965347 0.0069459999830930015 0.99997584554507346
vn -0.00024781172347656795 0.0069459999831482785 0.99997584554507302
vn -0.00024781172346665954 0.0069459999831298115 0.99997584554507313
vn -0.00024781172347372084 0.0069459999831107243 0.99997584554507335
vn -0.00024781172347210716 0.0069459999830949375 0.99997584554507335
vn -0.00024781172346666008 0.0069459999830996134 0.99997584554507335
vn -0.00024781172347552148 0.0069459999830955976 0.99997584554507346
vn -0.00024781172438428413 0.0069459999818086877 0.99997584554508223
vn -0.00024781172012088422 0.0069459999826543195 0.99997584554507724
vn -0.00024781172351548474 0.0069459999830930475 0.99997584554507346
vn -0.00024781172347654963 0.0069459999830931264 0.99997584554507346
vn -0.00024781172347662433 0.0069459999830943564 0.99997584554507357
vn -0.00024781172347926111 0.0069459999830945376 0.99997584554507346
vn -0.0002478117234704125 0.0069459999830939747 0.99997584554507346
vn -0.00024781172347023155 0.006945999983093934 0.99997584554507357
vn -0.00024781172346665677 0.0069459999830820615 0.99997584554507357
vn -0.00024781172347031248 0.0069459999831037785 0.99997584554507335
vn -0.00024781172346664192 0.0069459999831001078 0.99997584554507335
vn -0.0002478117234668599 0.0069459999830916806 0.99997584554507335
vn -0.0002478117268527083 0.006945999984276992 0.99997584554506436
vn -0.00024781172347047327 0.006945999983092469 0.99997584554507357
vn -0.00024781172346840819 0.0069459999830962958 0.99997584554507346
vn -0.00024781172347170108 0.006945999983090939 0.99997584554507346
vn -0.00024781172347406263 0.0069459999830865172 0.99997584554507346
vn -0.00024781172352411688 0.0069459999831002405 0.99997584554507335
vn -0.00024781172355791526 0.0069459999831522276 0.99997584554507291
vn -0.00024781172349678995 0.0069459999831141157 0.99997584554507324
vn -0.0002478117234638527 0.0069459999830953295 0.99997584554507346
vn -0.00024781172346934012 0.0069459999830731355 0.99997584554507357
vn -0.00024781172346934012 0.0069459999830731355 0.99997584554507357
vn -0.00024781172346934012 0.0069459999830731355 0.99997584554507357
vn -0.00024781172346077476 0.0069459999830948646 0.99997584554507346
vn -0.00024781172313134242 0.0069459999828562803 0.99997584554507524
vn -0.00024781172346077476 0.0069459999830948646 0.99997584554507346
vn -0.00024781172346801663 0.0069459999831001087 0.99997584554507335
vn -0.00024781172348283312 0.006945999983098642 0.99997584554507335
vn -0.00024781172348283312 0.006945999983098642 0.99997584554507335
vn -0.00024781172348283312 0.006945999983098642 0.99997584554507335
vn -0.00024781172346284379 0.0069459999830980557 0.99997584554507335
vn -0.00024781172345612917 0.0069459999830911671 0.99997584554507335
vn -0.00024781172346931307 0.0069459999830948273 0.99997584554507346
vn -0.00024781172347395719 0.0069459999830933624 0.99997584554507346
vn -0.00024781172347175274 0.0069459999830925488 0.99997584554507346
vn -0.00024781172348143922 0.0069459999830853297 0.99997584554507346
vn -0.00024781172346665948 0.0069459999831001087 0.99997584554507335
vn -0.00024781172346854274 0.0069459999830913163 0.99997584554507346
vn -0.00024781172346624656 0.0069459999830875172 0.99997584554507346
vn -0.00024781172346860102 0.0069459999830905842 0.99997584554507335
vn -0.00024781172348111108 0.0069459999831099663 0.99997584554507335
vn -0.00024781172347265555 0.0069459999830893274 0.99997584554507346
vn -0.00024781172347067911 0.0069459999830921507 0.99997584554507346
vn -0.00024781172341515522 0.0069459999830428455 0.99997584554507379
vn -0.00024781172345821924 0.006945999983083778 0.99997584554507346
vn -0.00024781172341515527 0.0069459999830052402 0.99997584554507413
vn -0.00024781172343453582 0.0069459999830675601 0.99997584554507368
vn -0.00024781172343453582 0.0069459999830675601 0.99997584554507368
vn -0.00024781172343453582 0.0069459999830675601 0.99997584554507368
vn -0.00024781172347030381 0.006945999983046177 0.99997584554507368
vn -0.00024781172346664203 0.0069459999830245138 0.9999758455450739
vn -0.00024781172347544027 0.0069459999830925462 0.99997584554507357
vn -0.00024781172347501879 0.0069459999831001087 0.99997584554507346
vn -0.00024781172347293002 0.0069459999830927144 0.99997584554507335
vn -0.00024781172347031265 0.0069459999830246179 0.9999758455450739
vn -0.00024781172347250669 0.0069459999830955984 0.99997584554507335
vn -0.00024781172343450503 0.0069459999830644489 0.99997584554507379
vn -0.00024781172347269242 0.0069459999830965352 0.99997584554507335
vn -0.00024781172347527596 0.0069459999831095708 0.99997584554507335
vn -0.00024781172347793919 0.0069459999831007835 0.99997584554507346
vn -0.00024781172346485212 0.0069459999831056034 0.99997584554507324
vn -0.00024781172346485212 0.0069459999831056034 0.99997584554507324
vn -0.00024781172346485212 0.0069459999831056034 0.99997584554507324
vn -0.00024781172345910964 0.0069459999830854017 0.99997584554507357
vn -0.00024781172346536538 0.0069459999830905703 0.99997584554507346
vn -0.00024781172347108655 0.0069459999830905035 0.99997584554507335
vn -0.00024781172346875898 0.0069459999830274403 0.9999758455450739
vn -0.00024781172347227375 0.0069459999830910274 0.99997584554507346
vn -0.00024781172346400394 0.0069459999830967 0.99997584554507346
vn -0.00024781172347401753 0.0069459999830976844 0.99997584554507346
vn -0.00024781172347260552 0.0069459999830936477 0.99997584554507346
vn -0.00024781172358367016 0.0069459999810081129 0.99997584554508789
vn -0.00024781172347170324 0.0069459999830930206 0.99997584554507335
vn -0.00024781172346965432 0.0069459999830989421 0.99997584554507346
vn -0.00024781172347438664 0.0069459999830941074 0.99997584554507346
vn -0.00024781172347164649 0.0069459999830941066 0.99997584554507346
vn -0.00024781172345971891 0.0069459999830947042 0.99997584554507335
vn -0.00024781172347178749 0.0069459999830911471 0.99997584554507346
vn -0.00024781172345063329 0.0069459999831095716 0.99997584554507346
vn -0.00024781172347746453 0.0069459999830274394 0.9999758455450739
vn -0.00024781172347921948 0.0069459999830896119 0.99997584554507357
vn -0.00024781172346239136 0.0069459999830990575 0.99997584554507346
vn -0.00024781172346239136 0.0069459999830990575 0.99997584554507346
vn -0.00024781172346239136 0.0069459999830990575 0.99997584554507346
vn -0.00024781172342076808 0.0069459999830687935 0.99997584554507357
vn -0.00024781172342076808 0.0069459999830687935 0.99997584554507357
vn -0.00024781172342076808 0.0069459999830687935 0.99997584554507357
vn -0.00024781172348045753 0.0069459999831015338 0.99997584554507335
vn -0.00024781172348045753 0.0069459999831015338 0.99997584554507335
vn -0.00024781172348045753 0.0069459999831015338 0.99997584554507335
vn -0.00024781172347446937 0.0069459999831008607 0.99997584554507335
vn -0.00024781172034321765 0.0069459999932699849 0.99997584554500352
vn -0.00024781172347887399 0.0069459999831122145 0.99997584554507324
vn -0.00024781172346665954 0.0069459999830953243 0.99997584554507335
vn -0.00024781172342110797 0.0069459999830986741 0.99997584554507346
vn -0.00024781172347399845 0.0069459999830993836 0.99997584554507335
vn -0.00024781172344311945 0.0069459999830941074 0.99997584554507335
vn -0.00024781172348497426 0.0069459999830930302 0.99997584554507346
vn -0.00024781172347408328 0.0069459999830637454 0.99997584554507368
vn -0.0002478117234951875 0.0069459999830128868 0.99997584554507402
vn -0.00024781172347408328 0.0069459999830637454 0.99997584554507368
vn -0.0002478117234666597 0.0069459999830816356 0.99997584554507368
vn -0.00024781172350972876 0.0069459999831106237 0.99997584554507335
vn -0.00024781172350972876 0.0069459999831106237 0.99997584554507335
vn -0.00024781172350972876 0.0069459999831106237 0.99997584554507335
vn -0.00024781172348667369 0.0069459999831006855 0.99997584554507335
vn -0.00024781172344486637 0.0069459999830669503 0.99997584554507368
vn -0.00024781172348667369 0.0069459999831006855 0.99997584554507335
vn -0.00024781172349131874 0.0069459999831044334 0.99997584554507335
vn -0.29038624122205375 -0.10452780095703543 0.95118335232278617
vn -0.42845492740740665 -0.38553458049517386 0.81718386084327688
vn 0.034267182712364966 -0.13057615359235744 0.99084591551965451
vn 0.392980250639474 -0.0034053436219384104 0.91954060608662236
vn 0.20803009095351846 -0.0095680800257258759 0.97807562749640786
vn -0.15791529736612595 0.86394575817298624 0.47818457293462724
vn -0.16201745939010595 0.75626360096416334 0.63388935052538342
vn -0.34232051941342084 0.90424896385054321 0.25524590763368687
vn -0.37605354995002016 0.90585657488898186 0.19495536232786728
vn -0.38159870989053501 0.91442141990744941 0.13496626031836062
vn -0.48172449053674526 0.87444531133518366 0.057331602986721124
vn -0.15967863366963853 0.017429752477093323 -0.98701516588043603
vn -0.70616582977403752 -0.34811654361907679 -0.61655875058120169
vn 0.088383607131120062 -0.1761539297190324 -0.98038672524419368
vn 0.22289997001786752 0.02830651299217973 -0.97443026671396926
vn 0.4114122018173193 0.040499980032266153 -0.9105491484885434
vn -0.090740300721520784 0.70143283335346385 -0.70693576661440738
vn -0.16355303265922982 0.88214354854672161 -0.441670878896681
vn -0.28892740317073928 0.906962014486562 -0.30649773241492395
vn -0.3718406838237816 0.91531594639770975 -0.15469720140819423
vn -0.37072637980821971 0.903951478107335 -0.21315176879832826
vn -0.44000701552070809 0.89541715969655356 -0.06798482487670493
vn 0.37286584510142512 -0.010457811217784524 0.92782632843724222
vn 0.99832456164903161 0.052375983245869666 0.024593210186905641
vn 0.079508652399326432 0.20633804394774977 0.97524509012527694
vn 0.033179257448970462 0.10349312130687371 0.99407661209652032
vn -0.058591062475324446 0.14217244930325526 0.98810631111086722
vn -0.1093769295733707 0.14043903827308257 0.98402924946671866
vn -0.12338169206634295 0.080162640477252467 0.98911622630232943
vn -0.29696459841195716 0.076406011310897623 0.95182674301869863
vn -0.63746847631336045 -0.042280521174388318 0.76931547445501491
vn -0.41162779748330919 -0.046869275779726029 0.91014604725116721
vn -0.31187011297891365 -0.64950046322368649 0.69345957409407522
vn 0.30628582366751272 -0.94727293554051717 0.094143400261327587
vn 0.35180786422163701 -0.93581148431201566 0.022092815609430029
vn 0.39123796499434915 -0.92028915370828435 0.0008534131298282248
vn 0.21487368565795206 0.015539369145029607 -0.97651821653174609
vn 0.99872605702946948 0.048933524301009682 -0.012319627017544549
vn 0.055370715636714543 0.1410699073981975 -0.98844998106962512
vn 0.090442676868940489 0.23985392330141767 -0.96658689090929528
vn -0.013243649369586994 0.16607913317863413 -0.98602349225259789
vn -0.058859166220903522 0.14650309075711046 -0.98745756513907679
vn -0.12120314698010938 0.18446280527614517 -0.97533751626386911
vn -0.21904680118685527 0.10525454552520587 -0.97002060778938537
vn -0.39169527732676424 0.013234940814285501 -0.91999980764212741
vn -0.65509330017460088 -0.017403082769923448 -0.75534753642045693
vn -0.32249843658968114 -0.54826573693738712 -0.77162130614551794
vn 0.21510382353073626 -0.96248058549183657 -0.16541302141533243
vn 0.34731415586496706 -0.93766023955829703 -0.012890007264641923
vn 0.38808149884420001 -0.921624436921331 -0.0010712255966348553
vn 0.40868055882501686 -0.054594621027757861 0.91104315385897472
vn 0.99104065860219837 -0.01424727569449461 0.13279844928539722
vn -0.037824149227599663 0.13625807623051234 0.98995104444470794
vn -0.12682424811488593 0.17318388402084334 0.97668979333540129
vn -0.085052128819633976 0.082677702166962033 0.99294034712445811
vn -0.44183970366239228 0.060670224922089143 0.89504011087516766
vn -0.67294111039002524 -0.040213442374110051 0.73860215339481916
vn -0.46520888996484705 -0.052301077081222974 0.88365450603378848
vn -0.16446840298721727 -0.85416774887925362 0.4933027480091538
vn 0.026119608330864397 -0.94567717644455429 0.32405623587966564
vn 0.19159402976111117 -0.96655967274184873 0.17045271129867343
vn 0.30367470469732732 -0.94739802831777975 0.10108733682600508
vn 0.3956885972849612 -0.91838382350576486 0.0012987307618846009
vn 0.24351796009343332 -0.025436322811961988 -0.96956278630820947
vn 0.99727330366858236 -0.030366571316008992 -0.067259416712168313
vn 0.022514260527895093 0.16773985952359477 -0.98557417153651439
vn -0.055181340477556379 0.1324161087977957 -0.98965700815684132
vn -0.11614824013402668 0.21720713457469876 -0.96919071755956121
vn -0.28129523735058326 0.088906663507197628 -0.95549390088471875
vn -0.45912457186766886 0.016790217114513888 -0.88821321545931597
vn -0.71297043369335211 -0.022585782133820616 -0.70083025271781529
vn -0.22156050556590895 -0.7958880159884737 -0.56344760925866921
vn -0.029361989107359678 -0.92815157775343937 -0.37104248046478527
vn 0.14804756313600068 -0.96894528194816554 -0.19805797040230833
vn 0.26242389521906556 -0.96163641254020449 -0.079931904111303076
vn 0.3930028958629263 -0.91953494794562918 -0.0020502073024141424
vn -0.32315407851532418 -0.0024213580657966977 0.94634326677164504
vn -0.97691819610900044 -0.033975268415743817 0.21089456903205131
vn -0.55660653142002459 -0.15015691500116987 0.81709367275600719
vn -0.17010357410746874 -0.23437669447494708 0.95714802364256191
vn 0.063430984934734105 -0.2442306993952848 0.96764036481696003
vn 0.051334290098835264 -0.16920862573970377 0.98424246587684361
vn 0.10131844091547607 -0.17570937487400282 0.97921437341975548
vn 0.24415109473802518 -0.22387507929184905 0.9435413037118684
vn 0.58456259726757498 -0.061457191282877847 0.8090176657622542
vn 0.40698667952140022 -0.033779855659270906 0.91280927035377102
vn -0.22153489187186945 0.60930265759732072 0.76136230739915234
vn -0.49897381636319404 0.69738422949104606 0.51447095840399937
vn -0.63457173366625896 0.5441532335290431 0.54883146162705099
vn -0.9126694669041806 0.39740004459029565 0.095434002014322838
vn -0.94999262786646221 0.31219645256669831 0.0068834587340155439
vn -0.19006555252512036 0.043445048967804899 -0.98080967239495831
vn -0.990281399048765 0.019768609899902038 -0.13766609154271076
vn -0.74063260175954015 -0.14079717748338857 -0.65699277318978599
vn -0.20636155225948538 -0.14134541245391072 -0.96821298489913343
vn 0.031819252659574276 -0.12664850227364777 -0.9914371851166508
vn 0.10045478329015969 -0.2010635065429241 -0.97441382525638998
vn 0.117463912267291 -0.18359361889647788 -0.97595881696686204
vn 0.15660995231920788 -0.097748224835370892 -0.98281158284592329
vn 0.39056281457481085 -0.040221718880883217 -0.919697179076716
vn 0.6760765300330791 -0.0083429332875791257 -0.73678417532041918
vn -0.076524973619482711 0.4743149846382354 -0.87702293228864214
vn -0.37129914640884432 0.59182089099162549 -0.71546137342412985
vn -0.57660541313760383 0.696108513068732 -0.4277372272478191
vn -0.91036342567687278 0.40865121461089382 -0.06513538198944005
vn -0.94518286665372275 0.32635255292033272 -0.011106745096233456
vn 0.43788899676125304 -0.060430670376933546 0.89699574168064899
vn 0.99687401014228472 -0.025357893009716966 0.074827703191717984
vn -0.054297542113716575 0.14785810024521098 0.9875169664933795
vn -0.24982646767397859 0.1682588552437152 0.95355948617882091
vn -0.16061880104528967 0.088270340453708254 0.98306151778358208
vn -0.62189200847970449 0.015419002806973819 0.78295120163488974
vn -0.47565552340104744 -0.030085748184295807 0.87911698357742274
vn -0.46806259388840687 -0.11154895436893364 0.87662662461372565
vn -0.38899740492335505 -0.52138047520878916 0.75950208626043458
vn 0.14720214720767599 -0.94996607293128843 0.27549226511275371
vn 0.28923473002754446 -0.94549578933132417 0.1496027516546056
vn 0.40707230897499974 -0.91339267152824277 0.0024418976763889277
vn 0.26539562779914538 -0.037561227729989814 -0.96340765770078518
vn 0.99870614757056975 -0.034218306949591819 -0.037618323650252118
vn 0.0055622122957101304 0.15309831364909071 -0.98819530870783956
vn -0.12025108987026398 0.13214467446070097 -0.98390927447437393
vn -0.2387271554333471 0.20794003246133039 -0.94856222155359082
vn -0.38263341181953048 0.057306395723232866 -0.92212127682239153
vn -0.62203180315200413 0.029373798192882061 -0.78244080660915827
vn -0.66165747650611118 -0.092755388380622777 -0.74404692171255227
vn -0.5082540639194576 -0.37294925425345554 -0.77626455558729923
vn 0.0010804614440655825 -0.92088856419544052 -0.38982442834836289
vn 0.25801031128874452 -0.96026431867446538 -0.10641013837670722
vn 0.40277955291384837 -0.91528827040590821 -0.0040017261127805979
vn -0.20121968646716482 -0.018013642658595817 0.97938049115562054
vn 0.19294236894801783 -0.98092532132075072 0.023638025647433131
vn 0.33543988508909678 -0.94077786117680684 0.04916400523763554
vn 0.41563066902154788 -0.90768801456144543 0.057910406579488413
vn 0.66388548517385171 -0.10232954630963094 0.74080005840141827
vn 0.38330440227994172 -0.029899889055373687 0.92313798092554555
vn -0.029757444017285192 0.1640691004704101 0.98599991115435126
vn -0.030978445210787121 0.089106376496978931 0.99554025011543401
vn -0.091724928758188301 0.15632412919355668 0.98343749373113776
vn -0.071966201828261175 0.10685621441373383 0.99166658471261404
vn -0.20781302973739937 0.12507231880265332 0.97013950529843396
vn -0.33436859892171439 0.12631207156581833 0.93393945233718501
vn -0.84322087989750849 0.10685455936532572 0.5268402517345403
vn -0.99874051008525366 0.041477613691742826 0.02823120750315487
vn -0.3557564720226134 0.033498017025968441 -0.93397816648428755
vn 0.028392769924913842 -0.99898793603770941 -0.034884871608024386
vn 0.30235676914681875 -0.95223317411130015 -0.042806147607743678
vn 0.41272808616569684 -0.90510821254863427 -0.10215013689182031
vn 0.45593916928311129 -0.13907866168450714 -0.87907712959527784
vn 0.64950217876460525 -0.0054315302161283404 -0.76034033054911787
vn 0.0025578376403920583 0.12496930528600675 -0.99215731121780182
vn -0.017736825456365388 0.20271487104305488 -0.97907716043258208
vn -0.047716962063766952 0.14894413848750937 -0.98769364437644258
vn -0.074908307053948076 0.19823440929194672 -0.97728801512501129
vn -0.13835148325367894 0.18940600430158139 -0.97210299486012097
vn -0.35204295588573248 0.19416735989117231 -0.91562262617528634
vn -0.70320376161551956 0.15919016380968731 -0.69293792030457402
vn -0.99743272198930577 0.05139258365937658 -0.049867498932856705
vn -0.2003890040315188 -0.034903309235859735 0.9790944827071808
vn -0.96710493154510913 -0.25313613903351184 0.025102718903261288
vn -0.48377347374069946 -0.64480746746459316 0.59176562590839477
vn 0.069207494886939933 -0.57435360684679715 0.81567656393545418
vn 0.25722242168287685 -0.59096627839060689 0.76458844065860165
vn 0.20148288447554916 -0.38956321262172544 0.89869079812539132
vn 0.31195873657205109 -0.29555980763281059 0.90295412219471349
vn 0.33351878974000182 -0.23039543378295468 0.91415707675559166
vn 0.59160740379504673 -0.066192192567201102 0.80350437050337886
vn 0.35401059232536503 -0.040723177800507222 0.9343543885011043
vn 0.24878038523056187 0.028566142635322596 0.96813857242621615
vn 0.10216685660500965 0.12481906013293108 0.98690533266316038
vn 0.021239404500955593 0.15648031753394404 0.9874526813579072
vn -0.03798439598720256 0.14247301053784731 0.98906957638467985
vn -0.27653659793998048 0.27042919834857426 0.92216894259150206
vn -0.17655227215502386 0.14418271818925246 0.97367378467968269
vn -0.99881420684861277 0.042264699388832087 0.02416351346448466
vn -0.25837002120793984 0.02205712658992828 -0.96579418889720214
vn -0.97187100569739115 -0.23508602127237799 -0.014188406783864401
vn -0.63949817270963782 -0.4749994329989411 -0.60449782940199104
vn -0.070662014683636434 -0.54901603531591803 -0.83281947182257932
vn 0.18810241910626044 -0.37523849407762838 -0.9076417533855119
vn 0.28487192901540392 -0.54474509642501956 -0.78873364577653138
vn 0.40386980409555628 -0.34273858199038887 -0.84818597356654912
vn 0.44489798566342403 -0.28849767519205577 -0.84784130222666476
vn 0.35820882802386972 -0.0076326664363843867 -0.93361029232160708
vn 0.57356356710757361 -0.022775059785520455 -0.81884438762111689
vn 0.38300820211671416 0.068355439825113662 -0.92121238102711012
vn 0.15488890162851623 0.13241774913558371 -0.97901734809255425
vn 0.048963803467047637 0.17073413328093359 -0.98409979254283397
vn 0.0061822091376092653 0.21664716350480415 -0.9762303963898592
vn -0.13920923228157978 0.19222985938047141 -0.97142599862786128
vn -0.2773260426662123 0.31867224834954938 -0.90638748016008097
vn -0.99738216920928258 0.055106737705533551 -0.04681939771974216
vn -0.208209110392303 -0.030097925927914226 0.97762113377549453
vn -0.98898327241888551 -0.14077200045248289 0.045774783060530046
vn -0.84340482824343821 -0.37172170321080178 0.38793204438112228
vn -0.4005324475226969 -0.62226013331416086 0.67258165672973935
vn -0.11150208872690957 -0.59735224562220035 0.79418988841438343
vn 0.12353267758883049 -0.58893474299335136 0.79868363327608594
vn 0.12830869681018908 -0.43740701891029343 0.89006290683910716
vn 0.14657023122160412 -0.38502766056486337 0.91119200387162835
vn 0.74423312607621017 -0.075402008943097884 0.66365020236430028
vn 0.47953313335441722 -0.051315563885132295 0.876022081296154
vn 0.11329929936249789 0.14593776175071763 0.98278453307892355
vn -0.034799215356609653 0.16367253420030212 0.98590076384949377
vn -0.18454385868213893 0.25165729554156252 0.95005903491489063
vn -0.56344644266961119 0.13607429499795543 0.81486924870421384
vn -0.99690126283829505 0.037306389669108625 0.069253920042617323
vn -0.22948626214405804 0.020397751521143634 -0.9730981385348707
vn -0.99405872644645676 -0.10571194631117904 -0.025927452299651897
vn -0.86524038373709822 -0.35871257866390804 -0.35026327849029315
vn -0.50014245864909168 -0.44719803001882241 -0.74153317053502488
vn -0.14586460793329628 -0.52526509946632682 -0.83834365950670586
vn 0.06799960649599511 -0.44035793037208365 -0.89524351250081957
vn 0.17962051971391138 -0.55710019098570385 -0.81078717682348478
vn 0.244183058414363 -0.54942359636586069 -0.79906717223260504
vn 0.4985276289525773 -0.021164735020710864 -0.86661540325707598
vn 0.73849922606963092 -0.040569463008472577 -0.67303269739720706
vn 0.16476263234386826 0.14463921413578015 -0.97567042218020694
vn 0.034516347386645829 0.20626689850870783 -0.97788679730461792
vn -0.090028560916367073 0.18332350814073445 -0.97892152370979257
vn -0.40883131120233102 0.28661624664994229 -0.86643412105992357
vn -0.995742165929284 0.06077251293072837 -0.069312629891980559
vn -0.39981988718739497 0.045944930360273667 0.9154414897652654
vn -0.98383066971105892 0.02672554777662383 0.17709590179314921
vn -0.42969950161508491 -0.13876483123836239 0.89224585172649384
vn -0.17772656339884182 -0.22123515705890287 0.95888908323307132
vn -0.091634191784069119 -0.1789683835204201 0.97957822178536014
vn 0.014615762236453986 -0.19377746094516282 0.98093663155368682
vn 0.089734581782921749 -0.23400366916826787 0.96808573362488504
vn 0.54227912016285917 -0.07647443722991458 0.83671083194002172
vn 0.44729985543913575 -0.025685203223900645 0.89401516187337404
vn 0.026211189937644184 0.43555736452568278 0.89977928167384158
vn -0.3230688893150247 0.75592525742991734 0.56938870548709497
vn -0.75829452771561123 0.65059549117354454 0.041411545506208236
vn -0.26882636081351718 0.11726755221445317 -0.95602338304530565
vn -0.99246535621900578 0.067895154650574482 -0.10199394433032051
vn -0.57375588217780527 -0.12120155542927316 -0.8100088707093851
vn -0.15696614915214763 -0.11313802840899424 -0.98110214277009478
vn -0.10364606605342755 -0.16540639782936992 -0.98076409831761313
vn -0.014727637966144024 -0.15086167208362516 -0.98844516923098524
vn 0.067646934032290121 -0.10546876154126851 -0.99211906173351083
vn 0.34522947923696079 -0.073197033390550545 -0.93565955398777367
vn 0.71411585640755582 -0.0070832357886193792 -0.69999169380648074
vn 0.17057386339849234 0.57710421969162806 -0.79865842306923018
vn -0.25921928681302764 0.66110945003174526 -0.70408781868661008
vn -0.72694911521643613 0.68251392187507931 -0.075628898793640847
vn 0.35286718217251073 -0.038342327560627332 0.934887489307064
vn 0.8230103293265878 0.11112274933144586 0.55705092442501336
vn 0.23011983193317498 0.11793647499280301 0.96598957076011915
vn -0.031100473148050083 0.13650289486583389 0.99015136229932765
vn -0.17092343021492012 0.10055298100357833 0.98013992828313001
vn -0.39416813036529758 0.12286382547841999 0.91078865023293643
vn -0.58341081182266663 0.024112158682807486 0.81181920921598805
vn -0.43692061807512322 -0.0074507271243011743 0.89946921023800008
vn 0.31199248334006885 -0.94710881300104977 0.075137119155843493
vn 0.36485977679606452 -0.93092345293298706 0.016089377105735488
vn 0.37605984256716063 -0.92659481809698041 0.0010187660114751506
vn 0.20066753499186732 0.0076937074290113674 -0.97962918865573034
vn 0.90604248183551084 0.03337292216617975 -0.4218687819398802
vn 0.42261326535605381 0.22499653996321142 -0.87793768853471421
vn 0.030883198860251902 0.17971423042459952 -0.98323396168513832
vn -0.11306110811687733 0.18317434457331949 -0.97655739479127324
vn -0.22276941738269174 0.10900360027062157 -0.96875796864181651
vn -0.41406040981033687 0.081304599491410293 -0.90661101864539306
vn -0.68470412117674451 0.041673918542860275 -0.72762871779284877
vn 0.26756096694678344 -0.95312010307291217 -0.14132656538946836
vn 0.35174729496368501 -0.9358912873867703 -0.019527894900984877
vn 0.37509203430155175 -0.92698739073933356 -0.00058584452324822835
vn 0.27383676542845303 -0.022397411360671877 0.96151535706093805
vn 0.99902068997088855 0.018646496519634591 0.040124421212435486
vn 0.045512847911512722 0.33007325417790179 0.94285747997849267
vn -0.0034532541184580114 0.18322808336734053 0.98306436437372913
vn -0.11969569491042324 0.22301266967322428 0.96743903672796483
vn -0.15791877188928477 0.21941622364339344 0.96276590212109847
vn -0.22039735480565953 0.14249778241742908 0.96494527720528456
vn -0.46842149839959996 0.12127147466453432 0.87514257653811067
vn -0.59701567384049059 0.014526281882081354 0.80209804408405538
vn -0.38559637259615592 -0.0079678544950943665 0.92263316151948038
vn 0.2101347544977262 -0.56733473047521255 0.79622527499998264
vn 0.14763973816342713 -0.4018809335955934 0.90371136040627964
vn 0.2379524507880437 -0.54420602079010649 0.80449887389589403
vn 0.36050864732053961 -0.4498367965272716 0.81711711014835375
vn 0.72030075865858056 -0.43158079694734658 0.54305140896803361
vn 0.92602090864370701 -0.35281809578778622 0.13418147427779967
vn 0.9662955713832776 -0.22356445367656724 0.12763935042675131
vn 0.18828789099781265 0.018685104957449863 -0.98193611653524837
vn 0.99975964672391693 0.0086122022915027571 -0.020161318264411261
vn 0.040822125250643 0.21265412253488897 -0.97627443798295632
vn 0.045857490364451733 0.34837695854315687 -0.93623212150283197
vn -0.092492129556201189 0.25523411515559308 -0.96244519450766663
vn -0.11180048850682335 0.24066794419749438 -0.96414707975774494
vn -0.19994626366878981 0.25773391228471149 -0.94530139220425757
vn -0.29656476303788498 0.12083592723836069 -0.94733733168957768
vn -0.39249155820775689 0.058163073262331576 -0.91791472024601928
vn -0.62736045705615995 0.0413623427574277 -0.77762974063747281
vn 0.13187375385412059 -0.31565312703262743 -0.93966611966109892
vn 0.22545386753560273 -0.51622732241852187 -0.82624445849992989
vn 0.19202644009194225 -0.38591905862775372 -0.90232606439883134
vn 0.34360389783012574 -0.52838775631067914 -0.77636508188925579
vn 0.74254709745195602 -0.49386879064115302 -0.45245709818315394
vn 0.91086434731875576 -0.34162195350593366 -0.23156118341891138
vn 0.94937905973951509 -0.2974559245925778 -0.10099194944592899
vn -0.090990976981701693 -0.022088520349656002 0.9956067192303788
vn -0.70828816237156322 -0.17008019471434069 0.68512816787098019
vn 0.1005777501689767 -0.19585588498853068 0.9754612183404866
vn 0.12279584570270534 -0.21104822186611419 0.96973183320199863
vn 0.083033339321420985 -0.15333317642324693 0.9846798472443169
vn 0.08048105620255333 -0.13944852545145109 0.98695334658834688
vn 0.095109119009370108 -0.13482410924434915 0.98629443628549851
vn 0.13114982148898613 -0.15697469348625986 0.97885579628886177
vn 0.07175576016810202 -0.094924170619216874 0.99289501595835983
vn 0.11610565981230705 0.15717297772941494 0.98072224958507892
vn 0.053505922049019321 0.072735186380239319 0.99591501091605006
vn -0.12442186246050671 0.31419506951598331 0.94116983506363239
vn -0.39097041157148993 0.56945270502185852 0.72309456782561166
vn -0.41829051696237124 0.58548609439172083 0.69443435736812542
vn -0.37201374468295378 0.49051299717788804 0.78803729186284777
vn -0.61012302719826061 0.56146504982875423 0.55902315650000145
vn -0.80130207763698247 0.49313135234911293 0.33872769255700153
vn -0.88055130029412865 0.42272027668811868 0.21432912827480918
vn -0.981435592473758 0.19092139376235867 0.01825374562992739
vn -0.037094229743729397 0.023493821816173998 -0.99903556415984984
vn -0.90856705045791575 -0.040634303648377237 -0.41575806449089414
vn 0.090147272487909935 -0.12387254371790359 -0.98819485030830156
vn 0.096426026568254899 -0.10358605040424879 -0.98993532695924469
vn 0.13743613638322599 -0.1616090310789508 -0.97723785717182188
vn 0.14187963851380164 -0.16077147767615413 -0.97674085618500617
vn 0.13271122697711452 -0.11342640908073054 -0.98464317392509215
vn 0.0974480667860399 -0.06425379494460165 -0.99316429865097378
vn 0.15631027503451719 -0.1161771402819963 -0.98085165544771913
vn 0.073947646877880316 0.11216454681192348 -0.99093433685572752
vn 0.1321824262867394 0.20205298206183447 -0.97041351939308362
vn -0.075537860866265738 0.33622759119692103 -0.93874652515663926
vn -0.25443646749913501 0.45024474967165695 -0.85588652834337142
vn -0.33242255261514536 0.51534932956235813 -0.78987993709959436
vn -0.41347552233484508 0.61656195611957665 -0.66999204972591164
vn -0.53835842347594953 0.6121999268796755 -0.57912128039039479
vn -0.7617593630715318 0.56782159737898108 -0.31193157314198933
vn -0.88329590923441503 0.4491575262880842 -0.13433485515128593
vn -0.97114684525642303 0.23680862120136173 -0.028204288206003937
vn 0.21207650211842002 0.28476734146692173 0.93484283089890441
vn 0.53945615143027115 0.83318264568113498 0.12162951788042541
vn -0.091049530080578644 0.19657061046870217 0.97625302978893103
vn -0.11265542459676171 0.22438913099707711 0.96796604961088373
vn -0.10290933016159076 0.17533143947227633 0.97911621174315777
vn -0.079957127192927427 0.11509210654403294 0.99013164014807198
vn -0.091326629296407225 0.09788375523744515 0.99099859598385531
vn -0.18177428242895297 0.056383497221228519 0.98172247172433769
vn -0.37249692909656495 -0.54007963001146331 0.75469201073041026
vn -0.23619493364208768 -0.35423933883618264 0.90483503697785372
vn -0.25068082796533275 -0.66039173698830178 0.70784311553351198
vn -0.15404400710727975 -0.54013788891661429 0.82735814786042672
vn 0.09580271474362631 -0.66443659466884752 0.74117869067628817
vn 0.52479478101721766 -0.69285098461323991 0.49451789748962016
vn 0.79788875621227384 -0.58164212054366049 0.15832238098103654
vn 0.82564586541837393 -0.52194591024385029 0.2141993737088484
vn 0.99678070322799373 -0.074845301195918895 0.028747357464620132
vn 0.13850103816271092 0.18107947764710372 -0.97366713265001581
vn 0.56093312694425279 0.82552983052297335 -0.062084829171493251
vn -0.061441597070116559 0.2327095750865949 -0.97060351524836852
vn -0.056920247786623496 0.17934879053394029 -0.98213751416281925
vn -0.076454150303625235 0.21203625081875146 -0.97426659146256178
vn -0.10746859813609795 0.25236894808971433 -0.96164464042324538
vn -0.1155618451897914 0.2244639309315446 -0.967606016748082
vn -0.10006276033992206 0.081487582666698241 -0.99163865286922603
vn -0.22152790242841472 -0.29866660212502161 -0.92829071374260808
vn -0.37086339284412995 -0.53128846029665866 -0.76170395548647796
vn -0.17234681303594857 -0.45147855487275546 -0.87547912055420274
vn -0.21634309030907314 -0.63519371150953619 -0.74143416169897403
vn -0.0037479683332629471 -0.71452318087032263 -0.69960172722223102
vn 0.44255896564848046 -0.75223254687228125 -0.48814727014517673
vn 0.77272938346813325 -0.58102616187226508 -0.25553453610998067
vn 0.82090112725954367 -0.55505824235043755 -0.13428211669039711
vn 0.9815018211070452 -0.18785345577529353 -0.036949347989286591
vn -0.22540415201798078 -0.33016935002381187 0.9166139692138171
vn -0.56355964779498702 -0.82570078316811324 0.024874485979707431
vn -0.17233770845327201 -0.57767640721369617 0.79786570473592289
vn -0.028563406329420268 -0.3203756315800585 0.94685985579099241
vn 0.13838544633168628 -0.16346440587658156 0.9767951966789129
vn 0.10541823058820259 -0.11322892547915243 0.98796063033629489
vn 0.099640342301544574 -0.087241725132148257 0.99119154737215032
vn 0.088704344252506048 -0.05926788808318674 0.99429314427531468
vn 0.3674899189924607 0.58504126761544473 0.72296464272177807
vn 0.21178393770035625 0.42044411554831018 0.882255240524493
vn -0.070601341502581558 0.7686622630549429 0.63574662872349519
vn -0.45980752868245217 0.87927320917733076 0.12432079548464074
vn -0.58172647827617696 0.79328605408729258 0.17969847206643066
vn -0.97768825032516138 0.20940760196437949 0.016557216422228609
vn -0.11153936325716154 -0.14366486650439786 -0.98332058687716928
vn -0.56753543942046103 -0.82325147694490064 -0.012670071422998891
vn -0.10878324482848534 -0.36334077581148549 -0.92528357073780021
vn -0.085958839994570602 -0.41535879982852114 -0.90558718256819326
vn 0.092620897346101766 -0.070038318137309305 -0.99323511988214552
vn 0.14256527498423349 -0.092161054088877661 -0.98548540449764999
vn 0.16402382046505595 -0.081560471709228005 -0.98307887566289176
vn 0.19550468255102676 -0.053440835566614393 -0.97924562607885279
vn 0.23873207552211939 0.389940580230897 -0.88935557568730206
vn 0.35490397677300123 0.61060435775072253 -0.70795867504151444
vn 0.0065782835680656257 0.89271012123486637 -0.4505833614661422
vn -0.43600525172428956 0.87634922095687984 -0.20472289416943204
vn -0.49837867732511526 0.86056994431653711 -0.10506219551627922
vn -0.95064465273416865 0.3099525704925109 -0.014288046508069351
vn -0.2118200878665194 -0.34317424482946002 0.9150757826879421
vn -0.31127073994783466 -0.7710763827434004 0.55547433642579791
vn 0.050307824483485336 -0.19731439688575514 0.97904859510514053
vn 0.12094321080380759 -0.23533832155883772 0.96435917280146966
vn 0.078443852149545551 -0.13114192930880458 0.98825520815076151
vn 0.11293636364720293 -0.037193322528006632 0.99290585380763785
vn 0.33687985079220994 0.59689282070340433 0.72816957278023642
vn 0.20845042375093739 0.36909750719438583 0.90571267575370995
vn -0.6017963598964533 0.79827703626890145 0.024390870856072947
vn -0.63465724246513811 0.77153546438055254 0.044081875976779879
vn -0.10348928301451317 -0.14985675805332704 -0.98327662454005726
vn -0.4532840119759462 -0.81335654465228346 -0.36467072237607495
vn 0.098824091311538922 -0.25820697859023933 -0.96102182867183006
vn 0.084641945015571235 -0.10862176184796882 -0.99047314652999252
vn 0.14203954057699153 -0.17643844564482328 -0.97400936536109139
vn 0.18674887509242391 -0.033880420719866855 -0.98182329099668386
vn 0.22193750549052096 0.39654924636049327 -0.89078192553933755
vn 0.34401209758271445 0.62096729134402384 -0.70431193359022914
vn -0.59938189268039488 0.7989902719585853 -0.048537532306592621
vn -0.60999273395987386 0.79206456456452823 -0.023293563002746768
vn -0.19913647571915633 -0.35579437511111361 0.91310187091991335
vn -0.37962288526281002 -0.85693580274964443 0.34863662307703996
vn 0.045849222053006532 -0.22719887336910982 0.97276848261903581
vn 0.15006319280314484 -0.17832876922420465 0.97246073865874216
vn 0.085938060671080438 -0.102912566813252 0.99097106583391303
vn 0.31410880476758402 0.54716306900684542 0.7758532301166825
vn 0.19012148804665738 0.35071328119480893 0.91698092356193306
vn 0.040808795880386814 0.7973203333345632 0.60217516407608007
vn -0.039893067047554694 0.63583471405399994 0.77079359079159937
vn -0.47649384675505091 0.79417431081783063 0.37714821760363354
vn -0.55748097433514765 0.70379349406766767 0.44032905986586696
vn -0.91721935436657498 0.3981104885042635 0.014720561071510244
vn -0.92296508714485348 0.38488354712363526 0.0003210377259575716
vn -0.098203177285282578 -0.15641689252560209 -0.98279697379657693
vn -0.45602932329579643 -0.86671390125468362 -0.20209965281084605
vn 0.073742788313154006 -0.27857078653912992 -0.95758044991466484
vn 0.097591235916160632 -0.074980128923415226 -0.99239807080575493
vn 0.1719637095022514 -0.12687061778282924 -0.97689934433268433
vn 0.20673383084339336 0.34931743766931284 -0.91391380935237043
vn 0.32489871670384057 0.59275170900023666 -0.73694384817399505
vn 0.042713688867580604 0.63802907072599313 -0.76882666817160372
vn 0.025323964809331304 0.81883443647494747 -0.57347089067283163
vn -0.4039225077440402 0.78486647433695589 -0.46992682962312576
vn -0.5283447112200742 0.79551658416513926 -0.29665675526440527
vn -0.90210878096117397 0.43074465492280772 -0.025666896348716946
vn -0.92276805661080397 0.38535577853143449 -0.00019403904766413505
vn -0.17741898490869421 -0.31764307275162784 0.93146410673029834
vn -0.40602476141909544 -0.86350613106860352 0.29916726880041278
vn 0.055526481185846133 -0.19126378356133591 0.97996682341032348
vn 0.089756861132881574 -0.18939256434120363 0.97779044915147106
vn 0.13409358506109809 -0.16488878001390031 0.97715433820404729
vn 0.079323037226580087 -0.097505366525093229 0.99206882788643136
vn 0.14920234913205183 -0.066646698947883193 0.98655809587313592
vn 0.11165742417467119 -0.020066950509538873 0.99354412942955139
vn 0.13379843645284692 0.0491211394275105 0.98979042835547582
vn 0.22105215667154746 0.2334468584450726 0.94690997899113083
vn 0.19784706432037005 0.38702184239711962 0.90059459949932552
vn 0.1350941732979368 0.72517056819485359 0.67518679738639742
vn 0.028485087662353005 0.79515675115216877 0.60573454654493331
vn -0.5440217608411626 0.83648896638004921 0.06577638524362471
vn -0.70063640883268674 0.71104813672307976 0.059322591655059771
vn -0.084462977901993336 -0.13338086671647978 -0.98745913827251008
vn -0.46530209808358475 -0.86977566427695696 -0.16426883864748135
vn 0.091017398046766854 -0.20239256685008988 -0.97506568093468882
vn 0.090814898360897164 -0.13914214747436912 -0.98609944581260212
vn 0.093079610832659393 -0.066989906690043885 -0.99340250575932199
vn 0.15547656944672997 -0.11485984755130139 -0.98113926217105774
vn 0.12432901522118976 -0.014794570044374416 -0.99213074575447535
vn 0.17481687975610946 -0.0040354787098479386 -0.98459269419588957
vn 0.18943732000775976 0.10263014993749199 -0.97651449252537237
vn 0.14392129698826597 0.16289570703441103 -0.976089979921408
vn 0.19454399452863874 0.32087155199380368 -0.92692722546806705
vn 0.19016277132573042 0.65768692198942758 -0.72889370490201821
vn 0.09830660274939261 0.92139987904640264 -0.37597616247462778
vn -0.52245571565443505 0.84934948288619005 -0.075136416609880338
vn -0.60531927743597502 0.79506783643375978 -0.038153739435726197
vn 0.005237742808939367 0.13365769830106242 0.99101371621947265
vn -0.20698400289071031 0.94437894949065904 0.25555043006470923
vn -0.32265501828834681 0.42915010458543568 0.84363731953230703
vn -0.45078811463413604 0.44802149861977469 0.77205363316229036
vn -0.42041710385048198 0.26271139237771302 0.8684654184853513
vn -0.37105455185694358 0.19022382426903461 0.90891881718154899
vn -0.31709030299109159 0.13631763192610441 0.93854741114931273
vn -0.37519011834774785 0.046588365277284827 0.92577637651594524
vn -0.24736114665162179 -0.035530935767282119 0.96827166421965294
vn -0.24461734262340779 -0.19031023206230349 0.95075989148693818
vn -0.0708606081659863 -0.42722702101274629 0.90136332670401065
vn -0.037846984166759579 -0.25798285338111265 0.96540792059668756
vn 0.080241556169999159 -0.21250835675306406 0.97385907141307126
vn 0.31595125361789411 -0.16231238051688618 0.93478847685892152
vn 0.39435965346130825 -0.057939905102968009 0.91712781612953809
vn 0.29194580862714981 -0.00088799569330869944 0.95643444955139933
vn 0.6186753044047042 0.25994464735229827 0.74139709200443726
vn 0.54878188204510914 0.25655210826807678 0.79562520176414286
vn 0.47639328991337587 0.82629851806365229 0.30046662438833777
vn 0.045842089908733341 0.16698307147726607 -0.98489347476405675
vn -0.096761147108833059 0.98177212156491922 -0.163587229721945
vn -0.41136724185136919 0.61891297202557383 -0.6691216073256554
vn -0.3050232994615566 0.36383180340115667 -0.88010636040165491
vn -0.33155488788172427 0.296265538933634 -0.89571093928906587
vn -0.36851530731459625 0.24265788101668712 -0.8973926794081396
vn -0.40419565672209823 0.24626552333373425 -0.88089679480865057
vn -0.25461211750575902 0.086854398387261486 -0.96313497657390701
vn -0.32746405584306509 0.047523585678863153 -0.94366773863210651
vn -0.16689429821155996 -0.08766279267687295 -0.98207002194576865
vn -0.044071933945431165 -0.2132564614912979 -0.97600171427642479
vn -0.047105901077796976 -0.42020779326941254 -0.90620441654148831
vn 0.13007619308579732 -0.25887571832174633 -0.95711208667308467
vn 0.18740126782345629 -0.066223400505210611 -0.98004858351190305
vn 0.27475678478630061 -0.020641585801306546 -0.96129216898375991
vn 0.45349288601064774 0.010604587432753314 -0.89119680489952091
vn 0.45162768387877456 0.21341355725896927 -0.86630657895018104
vn 0.56395406780209478 0.27817487753573972 -0.77754391960676195
vn 0.60120511467825133 0.69779275172485011 -0.3894068383130585
vn -0.13072248274483031 0.0060571125303414642 0.99140049621372606
vn -0.97460975865440769 0.19901615652470425 0.10260793233338117
vn -0.23830445201608827 -0.14076690840362507 0.96093478740640748
vn -0.00086397540615787373 -0.23900571377883478 0.97101777652500654
vn 0.0078981960030412197 -0.14530224420811214 0.98935578854524509
vn 0.046682792923359993 -0.13486355539863018 0.9897638800593378
vn 0.073060060842361815 -0.10353858391170816 0.99193850069007228
vn 0.1798177206730231 -0.087752609222904371 0.97977807023148411
vn 0.11174299665470583 -0.063596013790937392 0.99170008053268266
vn 0.16524571226755422 -0.066796593815014876 0.98398784018497942
vn 0.10110261456044553 -0.043139558945726325 0.99394025966504151
vn 0.40120775995556213 0.74928611746337881 0.52688010735659374
vn 0.17479300005694595 0.62529004222932061 0.76056542796786852
vn -0.87672608722018852 0.4805733145647878 0.020016426149340925
vn -0.053697543559647357 0.037407006505125233 -0.99785634721636418
vn -0.97397494050411937 0.22040772588683682 -0.052851202818767394
vn -0.22580400861799038 -0.087668661298921494 -0.97021995213358769
vn 0.0097817884766318846 -0.091089463403872709 -0.99579467073839734
vn 0.024397499963616211 -0.17862528289548207 -0.98361464522750686
vn 0.077106805187031002 -0.12842591255573788 -0.98871700985573974
vn 0.1048264100220251 -0.11145150561984365 -0.98822567546940632
vn 0.11537551402228143 -0.01533311835128324 -0.99320359757993215
vn 0.18510005391511836 -0.038529824333553654 -0.98196406384217838
vn 0.14312930720643161 -0.015732828207610051 -0.98957894052733186
vn 0.21320655274078995 -0.024222550017105826 -0.97670683111108514
vn 0.30698482129315535 0.5701211827401631 -0.76205128205821371
vn 0.36317997895645993 0.78563455296034734 -0.50087788140422074
vn -0.86280657263018667 0.50537889395423308 -0.012529635738777857
vn -0.19137131025774659 -0.34684382479033427 0.91819190957829999
vn -0.45038521508509616 -0.88872658919854253 0.085546523507835218
vn 0.14057989502622426 -0.11800985149910978 0.98301117392610227
vn 0.18460369614255637 -0.084414214090183778 0.97918114556502944
vn 0.095610709301339955 -0.053338156504129104 0.99398874909509705
vn 0.30435863959626674 0.50770991163671164 0.80597547365223976
vn 0.16163335948300719 0.29336957265705327 0.94223614393699351
vn -0.93610895769503932 0.33395680645790948 0.11033073344966648
vn -0.96420767539997465 0.2611046761863578 0.046129239896124753
vn -0.9728607103824457 0.23132917155588645 0.0053714598974840631
vn -0.10281091666391518 -0.14945511228870148 -0.98340891028376243
vn -0.46418879148219538 -0.8846658131725974 -0.043533491313766333
vn 0.1101888131185754 -0.087939070482504794 -0.99001269958833993
vn 0.12027436089176534 -0.014688112219176794 -0.99263202520950045
vn 0.21039286394880635 -0.04095866740520418 -0.97675853227080056
vn 0.18952012314176597 0.32384551042884208 -0.926933766943147
vn 0.30744409051809563 0.5360156163555061 -0.78623494594715637
vn -0.92240085799623239 0.34771604022163394 -0.16813748106951482
vn -0.95452138008888188 0.2932837359953121 -0.053605831341826254
vn -0.97155621108198453 0.23677722485121908 -0.0038825893130106574
vn 0.22220817428865472 0.29276046643558629 0.93000797661725509
vn 0.54865824799431939 0.83604308837441899 0.0024660270004996784
vn -0.10641726497601453 0.21369007455892472 0.97108800721151212
vn -0.12576823786828356 0.09092584071712223 0.98788402246083085
vn -0.19425327837511955 0.062696135868592129 0.97894578929972698
vn -0.11925149595767653 0.026612791866948197 0.99250735010925883
vn -0.21376173105969556 -0.045173913619024758 0.97584078612379366
vn -0.16687520151351742 -0.066565588739606579 0.98372846330457087
vn -0.21977876814914868 -0.11954039362034924 0.96819801041105991
vn -0.20133860469320045 -0.13667822841619054 0.96993908475594837
vn -0.34114462902986187 -0.57653388899670754 0.74244798937192225
vn -0.21808886765188459 -0.38420403755985427 0.89712011644429468
vn 0.060336866956492534 -0.59756325954385281 0.79954838085584323
vn 0.52850727999535274 -0.67148230855779145 0.51941463618751893
vn 0.67694636318151202 -0.5306064745369794 0.51009841261737177
vn 0.88997941745761311 -0.39102774677636748 0.23459313236496204
vn 0.99129501797201725 -0.12947031712567597 0.023908666362533255
vn 0.16543996441215103 0.18131977062314178 -0.96940845826538846
vn 0.54898351666927514 0.83583226631777674 -0.0012332913381688417
vn -0.041484210456266747 0.14515576355413465 -0.98853875219428622
vn -0.086902109341296732 0.17016082028221799 -0.98157695502335218
vn -0.097487236936275715 0.072463178822522498 -0.99259524799863186
vn -0.17460664355609593 0.10462585194933205 -0.97906381361479755
vn -0.13746193359803818 0.02816328818745267 -0.99010658315656053
vn -0.21277842143454881 -0.028509285877956949 -0.97668447514565848
vn -0.1871365050155285 -0.06457024570545869 -0.98020947345968334
vn -0.21987785312691469 -0.099785112523168129 -0.97041056312420548
vn -0.20793535237654542 -0.3326823104035716 -0.91982898931083024
vn -0.3358414893986752 -0.56647084132251946 -0.75254320801521868
vn -0.072810015911973613 -0.60999029723085874 -0.78905673995417258
vn 0.43195689547745009 -0.61402543289388689 -0.66059519239013398
vn 0.65858076783366093 -0.62723001839939474 -0.41575699183335513
vn 0.8941203513470366 -0.3941550969751294 -0.21258070664003809
vn 0.9836458760353991 -0.1758104505872847 -0.039134077513701203
vn -0.12230526404592808 -0.0157233360223916 0.99236797564763368
vn -0.99872589367143128 -0.0038799733331285773 0.0503143629308287
vn -0.79909782004906005 -0.33284657679656809 0.50065540075749349
vn -0.39178102632449879 -0.59340627891104092 0.70311920437510034
vn -0.24236009223237212 -0.40454229205667785 0.88182034430525913
vn -0.1387865881372905 -0.32812670503814512 0.93438276332240866
vn -0.1567261333137096 -0.40922809056932063 0.89887111925209917
vn -0.023361973584699759 -0.29163840069921521 0.95624330660550594
vn 0.025737430978819399 -0.18902768519389088 0.98163441202763968
vn 0.15628673422715308 -0.12253115656668404 0.98008192125711724
vn 0.10368689610835806 -0.07811643095875645 0.99153761945257546
vn 0.21875549772652952 -0.014403065812187175 0.97567340022654514
vn 0.53509126193398027 0.7630851158447769 0.36246164952731752
vn 0.51631819908758569 0.81724294998886204 0.25598726137144928
vn -0.84945041706226254 0.52682478913465769 0.029826674403487817
vn -0.054085938455667573 0.028395587955606309 -0.99813245706470499
vn -0.99911529194416526 0.031876859985977411 -0.02743171888087767
vn -0.79756534413738678 -0.30514327946049846 -0.52036247062130048
vn -0.25331748680504762 -0.35561818474811013 -0.8996476852386347
vn -0.35268471987100647 -0.54267457435715627 -0.76231082552708695
vn -0.18002579912405514 -0.42124444388713078 -0.88890034882655289
vn -0.11857956667369435 -0.30241254059655065 -0.94577245765428097
vn -0.039693591857217367 -0.22630566284232462 -0.97324722744581649
vn 0.035730594965821698 -0.20746738832352007 -0.97758918128506622
vn 0.10354143706955612 -0.054069609760611974 -0.99315439288657748
vn 0.1826665300159564 -0.067850044136264082 -0.9808309285104323
vn 0.16422489761838741 0.0094115549858563505 -0.98637802369830729
vn 0.51460585148510685 0.63421131556940136 -0.57702411112623131
vn 0.53989120567873417 0.83143000804019995 -0.13130737892836003
vn -0.68997714643127961 0.72288459238873226 -0.037005452159445375
vn 0.11156335205526753 0.17611106528920456 0.97802786829460742
vn -0.90507394972479283 0.42518442977488563 0.0077036489125876855
vn -0.91084958470100374 0.41208145765194248 0.023278881190028387
vn -0.86618649181883012 -0.12981541026220564 0.48256493930769895
vn -0.58260323193772023 -0.43472796166233235 0.68672052065206024
vn -0.36398335397110626 -0.54124868567692863 0.75800130493617346
vn -0.21954335601261851 -0.35191270670501912 0.90992206352536786
vn -0.10044929391135614 -0.33902324634732495 0.93540000950867597
vn -0.0046600409453213384 -0.21868992440782031 0.97578327562061129
vn 0.094923120290475074 -0.1338781211145782 0.98644120449277173
vn 0.16376182493816088 -0.11195782924063415 0.98012627205102931
vn 0.106820797237202 -0.077300112339868041 0.99126888880356401
vn 0.20363106661967653 -0.032688554302905931 0.97850183807947899
vn 0.59680694232475096 0.78428899778576699 0.16944686938736458
vn 0.25264072715577862 0.36984518395322485 -0.89408456137482017
vn -0.90026461105547551 0.43519436608052442 -0.011379534828103482
vn -0.90815138101188841 0.4184154539194434 -0.013768699560456758
vn -0.86392502252475956 0.13082842284562993 -0.48633062748640343
vn -0.46798271494144866 -0.28815918733864843 -0.83543788594267154
vn -0.25151829678337895 -0.329428805610746 -0.91006329912653072
vn -0.34493652419973797 -0.52285931133618613 -0.77951070218570617
vn -0.071717638989435811 -0.2388853554905504 -0.96839576991534526
vn -0.034664535224629096 -0.2427754313818738 -0.9694629750098791
vn 0.093982562353712121 -0.11257154733377216 -0.98918902374839912
vn 0.11853634110227985 -0.03898218923382582 -0.99218421916528299
vn 0.18428105077573073 -0.064354156942801805 -0.98076451649168772
vn 0.16855818067454775 -0.0049146220764515825 -0.98567945409120306
vn 0.61298563665866723 0.72711194913908317 -0.30912266605561572
vn 0.037446855961885052 -0.011567026693464792 0.99923167327304152
vn 0.59684753118909539 0.77180430700600289 0.21929691334003118
vn 0.39427933389021325 0.64471428933455166 0.65489487094871468
vn -0.17143977212841693 0.058633299479963756 0.9834482908240012
vn -0.13272603862316498 0.031960501654037132 0.99063733273354104
vn -0.17729278311190533 0.04134724376151501 0.98328921202755026
vn -0.1686791991945665 0.025709655681549586 0.98533564908807381
vn -0.18655271376495147 -0.044573807409882898 0.98143326858218882
vn -0.27135240666200144 -0.145775074011913 0.95137663372376413
vn -0.45614311132461666 -0.61932313033281328 0.6390401569743982
vn -0.32383033103993564 -0.48595372979048435 0.81177761067997101
vn -0.14449794530005447 -0.64451461224964424 0.75081373082859459
vn 0.30451560207017869 -0.85344231632008039 0.42297335709244416
vn 0.85505495280998101 -0.51330479106297888 0.07347937905911256
vn 0.89589084059938284 -0.44410295429994606 0.012335627758293074
vn 0.039820963598260331 0.024884281461200405 -0.99889692330803859
vn 0.61399890803384483 0.69684750590536282 -0.37068705729593698
vn 0.5257881244947864 0.75699606759742932 -0.3879481947145561
vn -0.11911603028609039 0.094945398466857484 -0.98833028013860469
vn -0.17109350041253274 0.10265089921531118 -0.97989275280862997
vn -0.13581885426234019 0.079103743112836175 -0.98757067425698875
vn -0.15472978725866954 0.076783770316481884 -0.98496849977594347
vn -0.19214060520366474 0.040515415911323037 -0.98053071798159486
vn -0.21640811548547836 -0.079534255547419358 -0.97305797861511911
vn -0.32150062264187168 -0.40027440074006104 -0.85814786240663299
vn -0.4599715639428526 -0.63724736273373739 -0.61833806210912057
vn -0.19913198622303063 -0.80330956195224779 -0.56128441964743536
vn 0.21833371366848142 -0.77755572065933454 -0.58969270874386115
vn 0.78312283096834767 -0.61006736929830785 -0.12056714533222969
vn 0.88854381530233129 -0.45872695415466314 -0.0077116677808434717
vn -0.20443832098809103 -0.28593868140827766 0.93618590215088471
vn -0.55986739438968025 -0.81986528600037334 0.11987248854860799
vn -0.28263725230740094 -0.59203882186982093 0.7547226093122672
vn 0.024606377291811057 -0.31350478226092321 0.94926775869409152
vn 0.05594370199719681 -0.20119999409556488 0.9779513610516597
vn 0.16779516023608876 -0.11914714488280068 0.97859529023372183
vn 0.099739904494070705 -0.074400219797871273 0.99222807798688206
vn 0.18828270771210479 -0.059989812073626428 0.98028100278643016
vn 0.10178627274026678 -0.040047179530146068 0.99399988837691733
vn 0.34256772337026231 0.57664061083388907 0.74170948547395221
vn 0.244863366545717 0.49730889126909933 0.83230150690035209
vn 0.1585621364939315 0.50453562111456662 0.84870598907808958
vn -0.7509382713120395 0.65783529223210724 0.0578311418941721
vn -0.7904370924315629 0.61202713769944161 0.025139324329933141
vn -0.097088986390630891 -0.11644286156082492 -0.98844058431104831
vn -0.58116752554660323 -0.81072685346269435 -0.070471812269283618
vn -0.35457234264977144 -0.71039344669828941 -0.60796348962415303
vn -0.020819534175217709 -0.24076057473760071 -0.97036121761370231
vn 0.075253144472161998 -0.18237790527118997 -0.98034446186834989
vn 0.10645755601632435 -0.045067804360391567 -0.9932953648221482
vn 0.18931660176108572 -0.066455604646738872 -0.97966467574812077
vn 0.13266549775571854 -0.0067512149400803115 -0.99113787476922721
vn 0.22294578689249681 -0.014440506171288257 -0.97472388289628076
vn 0.22125982003306505 0.3799521398957183 -0.89815391967501879
vn 0.31103738536130471 0.57338068458435476 -0.75795140705270792
vn 0.27839769737262227 0.72638890218720775 -0.6283740007964087
vn -0.70035209642945018 0.70687197329205287 -0.099191503673819764
vn -0.77469061046624177 0.63219202283685316 -0.013700522504249283
vn -0.17739759715380854 -0.29445240367908382 0.93905690695061972
vn -0.49344964141729464 -0.8683819104449283 0.049196636034998256
vn 0.22063292626485967 -0.16972531287225187 0.96047614755298372
vn 0.16429399206534115 -0.11975880402641322 0.97911455562124949
vn 0.21723382965704757 -0.13941107355125337 0.96611283803902537
vn 0.13725672610206099 -0.094517708200533471 0.98601571690123824
vn 0.20253067991770268 0.0072245981028745063 0.97924926799784995
vn 0.1558497618217323 0.058867552252032024 0.98602508235438091
vn 0.31301650985051765 0.52676357770749505 0.79027893668109395
vn 0.17852496199168708 0.30347582789338068 0.93596541593709215
vn -0.26140527692969673 0.42471294942232179 0.86676766886305878
vn -0.3787031983742486 0.28382628139119082 0.88092367974346286
vn -0.46162023432813365 0.23409363973322278 0.85563247197338832
vn -0.41292447209602662 0.17655799988940016 0.89348791431069297
vn -0.6243472144313047 -0.018943166128515456 0.78091722499180283
vn -0.73397229919895102 -0.25263042120130597 0.63044629770683591
vn -0.75831169223931572 -0.57198458513299 0.31272513775420518
vn -0.65594338813603614 -0.75444208441698801 0.023567197991441174
vn -0.11927234441232788 -0.16814378176034464 -0.97852019729472972
vn -0.50361380863294658 -0.86357073914690174 -0.024873886778947318
vn 0.13584706579754605 -0.074858622753759124 -0.98789764718497397
vn 0.21077883173533182 -0.096239110002791617 -0.97278482605258576
vn 0.16468401522826076 -0.05937460635699094 -0.98455768304769742
vn 0.24532262516872291 -0.099200116539883143 -0.96435270853500477
vn 0.21985094796186103 -0.0071969882667249673 -0.97550692670024641
vn 0.29675683696644317 0.14655152760325599 -0.94364083711485491
vn 0.19578572613082806 0.33850325116585878 -0.92037139155536996
vn 0.31822464714022536 0.54886742817244805 -0.77296676529061814
vn -0.14539201027235324 0.30223107255386428 -0.94208149442174305
vn -0.27996136506113389 0.34694407538166738 -0.89512649532379851
vn -0.42871417459657035 0.27691319558766592 -0.85995537012650158
vn -0.51645334901708662 0.2875288320282316 -0.80659972045712747
vn -0.58947952709489115 0.13403380378533855 -0.79658573084057749
vn -0.75837153293225446 -0.17680393768297009 -0.62738583476022058
vn -0.79615897373417488 -0.47423557719696435 -0.37580780442030148
vn -0.67661364013933734 -0.73534891628124366 -0.038156956133791192
vn 0.23107123811928182 0.30631473826359829 0.92345945446268807
vn 0.50394017369537347 0.85233216927576128 0.13990773586028687
vn -0.15271069609841267 0.13057668517680512 0.97960664176258816
vn -0.10761569431942931 0.057444327929075389 0.99253161739308038
vn -0.18583909015723096 0.012610599264700059 0.98249926481179506
vn -0.16081311547523935 -0.039762791692264009 0.98618358447501298
vn -0.2893707215619058 -0.21634690130297601 0.93244764131791469
vn -0.30939194130328906 -0.48777491847057763 0.81630402153095105
vn -0.21239149908118804 -0.39096871788197796 0.89556312605855315
vn 0.56809017992039268 -0.68275049691954104 0.45948373903124756
vn 0.68826835284316035 -0.57205244114098941 0.44614199427894902
vn 0.90118048397855977 -0.41395756210028539 0.12850242050699687
vn 0.9537265898548748 -0.30056785466607788 0.00803470878270977
vn 0.17708333754322064 0.17996353272008292 -0.96760251056694846
vn 0.52695001455463142 0.84689821236971485 -0.071323909356226831
vn -0.073187636446923471 0.12299472359787214 -0.98970493978680141
vn -0.13793049478671607 0.1596059515857397 -0.97749737535519865
vn -0.12828134807647665 0.059762857984728926 -0.98993550120256779
vn -0.18651678864994997 0.031053625414287994 -0.98196087493358863
vn -0.16521361124862582 -0.091816082950839373 -0.98197467868054145
vn -0.23773014617057278 -0.29885701898681716 -0.92421256202457636
vn -0.33812626653002387 -0.57989585805734822 -0.74120943173329823
vn 0.47079872230979053 -0.6448577718024664 -0.60208555639329764
vn 0.68029120336091409 -0.64598258096121874 -0.34628078740300033
vn 0.88783337145656804 -0.4408538254704743 -0.13190833596142498
vn 0.94933467151345496 -0.31398156714053066 -0.013388687703325065
vn 0.23212285509920361 0.29334301380474337 0.927398973685298
vn 0.56263859051413545 0.82555243143444945 0.043600452026734619
vn -0.16689772447040011 0.10044707384578036 0.98084429698215758
vn -0.1186206703510809 0.044184684732004348 0.99195607271723152
vn -0.23079196632733032 -0.019202906260768048 0.97281360839058195
vn -0.1412934202910526 -0.031582821692203021 0.98946384206620419
vn -0.30674189665277973 -0.34883084608230941 0.8855656100252286
vn -0.34440026999046097 -0.53940733566311361 0.76839324584701973
vn -0.22672179842610934 -0.36679300316137392 0.90225280212936487
vn 0.21000009673510936 -0.71702901749453152 0.66465731579669807
vn 0.19615544280678673 -0.58234531146711566 0.78892140322692561
vn 0.62242553388161082 -0.48940774976662405 0.61079170691861995
vn 0.97197055911883301 -0.20443422798594202 0.11610287952508054
vn 0.99570180635370609 -0.086891548353535991 0.032058877845175082
vn 0.16850026500134971 0.18387405583148148 -0.96839970688066412
vn 0.56844717475784068 0.82242877550373727 -0.021879641981808841
vn -0.075457291183593345 0.095899790098522994 -0.99252678929401883
vn -0.14067986802176405 0.1259538695953335 -0.98201058928472906
vn -0.11903324046971941 0.029899719975768221 -0.99243997017887609
vn -0.22068632912831798 0.016166138215204094 -0.97521084905320576
vn -0.20675565597949952 -0.17921813101436601 -0.9618383233351665
vn -0.23671082547024511 -0.34262423056821983 -0.90916259367218277
vn -0.35636961413756274 -0.55728410659681338 -0.74995674718882044
vn 0.15426030328291293 -0.46747133122324847 -0.87044489389933666
vn 0.22635451894784456 -0.64904435024278839 -0.72629543793817586
vn 0.48569123206518128 -0.61990739876737933 -0.61629444590103821
vn 0.95485560689474136 -0.24323719682901324 -0.17054745984751252
vn 0.99153456578505683 -0.12445273873016346 -0.037023245076583867
vn -0.25022492878393832 -0.3213977934371049 0.91328579502192686
vn -0.56762396319473407 -0.8231661665080755 0.014159757183741189
vn 0.20197295226503612 -0.11711175004191809 0.972364008257949
vn 0.22552306910080042 -0.07013227500122414 0.97171024966628217
vn 0.17384249937111465 -0.053807789046641893 0.98330234783118253
vn 0.12818558368001712 -0.039743288174403743 0.99095354441149242
vn 0.3629609723363339 0.51304756508156046 0.77784415439376098
vn 0.2097049415809415 0.31119515435650991 0.92692039214894917
vn -0.084313052188256896 0.40741752336649151 0.90934166894771451
vn -0.23938418062650987 0.46635884813035888 0.85158947788021622
vn -0.28074254198713128 0.28715842955404719 0.91581857453027082
vn -0.80957291582530289 -0.12393068021211774 0.57378818431916045
vn -0.91551277082948546 -0.40228416289220104 0.0019541581919894583
vn -0.19369361152595407 -0.17037909272751847 -0.96615410241605892
vn -0.56988163553755666 -0.82169615490883152 -0.0070958075707386326
vn 0.1228030252251493 -0.040855002689258221 -0.99158977694952677
vn 0.14990973699897248 -0.011248130766888251 -0.98863570151353031
vn 0.20996606936657916 -0.015002837561219694 -0.9775935579676559
vn 0.2581527355872057 -0.016049813665952456 -0.96597079075411507
vn 0.2293505150699873 0.33306597485667327 -0.91458482254512918
vn 0.36253137587861772 0.5360696531751028 -0.76236495751594024
vn 0.0072423498216047108 0.4904922192781877 -0.87141547564673172
vn -0.15884388167641519 0.38509157441909869 -0.90910565973674851
vn -0.27640053272266674 0.48859800234804068 -0.82757159062653307
vn -0.8058575652803881 0.12500529612009809 -0.57876356176101107
vn -0.91637184306017827 -0.4003126023446909 -0.0035306728131194141
vn 0.22428033810305209 0.31046463187923851 0.92374782397171029
vn 0.56444698852553088 0.82484491293215112 0.032100884012921632
vn -0.13058871635743183 0.18205498397444236 0.97457814975002588
vn -0.12823234570458183 0.074783474218890228 0.98892057188575733
vn -0.12963995886288252 0.02970078606120654 0.99111621133617656
vn -0.19389230436686911 -0.039677885751154003 0.98022009757483741
vn -0.19792133491599756 -0.088165778054645608 0.97624481599908564
vn -0.21138805665054733 -0.10928921461593473 0.97127285408073527
vn -0.26727567766044963 -0.18899703444372579 0.94490413963672759
vn -0.37539117315737075 -0.53845518761905409 0.75441863579955526
vn -0.23738473573015065 -0.36459959908305001 0.90039747866750808
vn 0.89825504221283303 -0.43776620469624178 0.038712132014004974
vn 0.90827218294564716 -0.41836155313814705 0.0039054504203927727
vn 0.13480956892601406 0.19461315991042633 -0.97157197268944584
vn 0.56893802546662953 0.82222288853416348 -0.016094867152897804
vn -0.055218110954168502 0.13224861698687765 -0.98967735324585016
vn -0.10395082512936034 0.16014470207284581 -0.98160475770695221
vn -0.16276460134965229 0.097342037084977365 -0.98185142071681886
vn -0.15381198595818438 0.042234394872251925 -0.98719710740326516
vn -0.2068858319944521 -0.043487557544660799 -0.9773981199382179
vn -0.21278478515205737 -0.071825764793212232 -0.97445558889036243
vn -0.19218749135879115 -0.09480741180786835 -0.9767678960897046
vn -0.23740295186728264 -0.31203096195588542 -0.9199328873486291
vn -0.37865007082944002 -0.54430234803120048 -0.74857135784678686
vn 0.87596356290604438 -0.47681388658375456 -0.073050352646944636
vn 0.90715774374509739 -0.42078550683896171 -0.002094086335953317
vn -0.2251210524592519 -0.31284117704676662 0.92274097648453457
vn -0.53635739969507901 -0.83214928754347084 0.14088400559760955
vn 0.13567499301599381 -0.12943202783094884 0.98226251401632891
vn 0.22397574749500965 -0.06691836586869826 0.97229460393623235
vn 0.12422497637521973 -0.037938752933258421 0.99152852014979631
vn 0.36034226896474214 0.50707866973794558 0.78295892094932851
vn 0.21467001303046637 0.30100494599310629 0.92914627911496628
vn -0.67533766402479811 0.26326951577175145 0.68891813854393191
vn -0.71652119555637628 0.19663509715579147 0.66927723320384491
vn -0.73412495887066997 0.12981503650644988 0.66648976065650567
vn -0.70001170876597718 -0.0068731902821934955 0.71409828934529851
vn -0.81752068793953125 -0.57554934696405324 0.020071721404193926
vn -0.14865649477175638 -0.163674156985679 -0.9752497202753776
vn -0.56225750624091331 -0.82377286459971066 -0.072558695033304033
vn 0.11750301954183279 -0.11790218960365446 -0.98604873818955607
vn 0.14146624204153152 -0.0063818482357117382 -0.9899225092782481
vn 0.2477269999024132 -0.017951756050067227 -0.96866354735484306
vn 0.23092241643851136 0.33033207940087972 -0.91518061326980127
vn 0.37043605837407678 0.54026189879747033 -0.75557541474298218
vn -0.42952164622813727 0.20526674579554036 -0.8794183978584823
vn -0.56071630947665163 0.20386769659711337 -0.80251802632157199
vn -0.68572905003687967 0.17948615073292065 -0.70537960817604994
vn -0.83413990198993071 0.11270686228727091 -0.53991461093545801
vn -0.83406440002695281 -0.55056118340080606 -0.034913606802839406
vn 0.015842706027056404 0.05645175005062715 0.99827962444495566
vn -0.1675829874613643 0.17818570875579176 0.96962147021851797
vn -0.1456692483560785 0.01384041621734771 0.98923653034160919
vn -0.11143941282765263 -0.0054586259858612303 0.99375623805386737
vn -0.11059536180497516 -0.11796967488052752 0.98683930898389394
vn -0.091314920978789529 -0.13651716310838516 0.98642011809546748
vn -0.052990751888191252 -0.088440023720326028 0.99467097193930032
vn 0.013292445704036274 -0.13764815779096176 0.99039199085208673
vn 0.17431399022633651 -0.16066091859091355 0.97149508596229994
vn 0.960092149922393 -0.27901459140997531 0.019337048319788813
vn 0.96067642212273852 -0.27718724451719906 0.016372032690433368
vn 0.96933573952162655 -0.24570667305962396 0.0040564639814235541
vn 0.023045025826572262 0.06154161116274344 -0.99783844227417218
vn -0.0065939433521507284 0.32112124142203458 -0.94701513621411559
vn -0.15771048442602725 0.070554963842377791 -0.98496162370891815
vn -0.17917480901715133 0.061058771633141252 -0.98192067613444167
vn -0.053624681451513868 -0.030830243119301874 -0.99808511142508705
vn -0.045407945318486902 -0.048373446010301614 -0.99779663670661956
vn -0.077085390016849414 -0.10346600989535504 -0.99164138046084205
vn 0.0097787088249620055 -0.10181093398997811 -0.99475570396645874
vn 0.14846593147284826 -0.16217569499181933 -0.9755290416721687
vn 0.95930834488885453 -0.27981616658678526 -0.037820792472963313
vn 0.96072587941075971 -0.27736518495999374 -0.0086219952754975019
vn 0.96657556934837685 -0.25636324884244266 -0.0030908545434852963
f 1//1 2//2 3//3
f 3//3 4//4 1//1
f 5//5 6//6 1//1
f 1//1 4//4 5//5
f 7//7 8//8 6//6
f 6//6 5//5 7//7
f 9//9 10//10 8//8
f 8//8 7//7 9//9
f 11//11 12//12 10//10
f 10//10 9//9 11//11
f 13//13 14//14 12//12
f 12//12 11//11 13//13
f 15//15 16//16 14//14
f 14//14 13//13 15//15
f 17//17 18//18 16//16
f 16//16 15//15 17//17
f 19//19 20//20 18//18
f 18//18 17//17 19//19
f 19//19 21//21 22//22
f 22//22 20//20 19//19
f 4//4 3//3 23//23
f 23//23 24//24 4//4
f 5//5 4//4 24//24
f 24//24 25//25 5//5
f 7//7 5//5 25//25
f 25//25 26//26 7//7
f 9//9 7//7 26//26
f 26//26 27//27 9//9
f 11//11 9//9 27//27
f 27//27 28//28 11//11
f 13//13 11//11 28//28
f 28//28 29//29 13//13
f 15//15 13//13 29//29
f 29//29 30//30 15//15
f 17//17 15//15 30//30
f 30//30 31//31 17//17
f 19//19 17//17 31//31
f 31//31 32//32 19//19
f 32//32 33//33 21//21
f 21//21 19//19 32//32
f 24//24 23//23 34//34
f 34//34 35//35 24//24
f 25//25 24//24 35//35
f 35//35 36//36 25//25
f 26//26 25//25 36//36
f 36//36 37//37 26//26
f 27//27 26//26 37//37
f 37//37 38//38 27//27
f 28//28 27//27 38//38
f 38//38 39//39 28//28
f 29//29 28//28 39//39
f 39//39 40//40 29//29
f 30//30 29//29 40//40
f 40//40 41//41 30//30
f 31//31 30//30 41//41
f 41//41 42//42 31//31
f 32//32 31//31 42//42
f 42//42 43//43 32//32
f 43//43 44//44 33//33
f 33//33 32//32 43//43
f 35//35 34//34 45//45
f 45//45 46//46 35//35
f 36//36 35//35 46//46
f 46//46 47//47 36//36
f 37//37 36//36 47//47
f 47//47 48//48 37//37
f 38//38 37//37 48//48
f 48//48 49//49 38//38
f 39//39 38//38 49//49
f 49//49 50//50 39//39
f 40//40 39//39 50//50
f 50//50 51//51 40//40
f 41//41 40//40 51//51
f 51//51 52//52 41//41
f 42//42 41//41 52//52
f 52//52 53//53 42//42
f 43//43 42//42 53//53
f 53//53 54//54 43//43
f 54//54 55//55 44//44
f 44//44 43//43 54//54
f 46//46 45//45 56//56
f 56//56 57//57 46//46
f 47//47 46//46 57//57
f 57//57 58//58 47//47
f 48//48 47//47 58//58
f 58//58 59//59 48//48
f 49//49 48//48 59//59
f 59//59 60//60 49//49
f 50//50 49//49 60//60
f 60//60 61//61 50//50
f 51//51 50//50 61//61
f 61//61 62//62 51//51
f 52//52 51//51 62//62
f 62//62 63//63 52//52
f 53//53 52//52 63//63
f 63//63 64//64 53//53
f 54//54 53//53 64//64
f 64//64 65//65 54//54
f 65//65 66//66 55//55
f 55//55 54//54 65//65
f 57//57 56//56 67//67
f 67//67 68//68 57//57
f 58//58 57//57 68//68
f 68//68 69//69 58//58
f 59//59 58//58 69//69
f 69//69 70//70 59//59
f 60//60 59//59 70//70
f 70//70 71//71 60//60
f 61//61 60//60 71//71
f 71//71 72//72 61//61
f 62//62 61//61 72//72
f 72//72 73//73 62//62
f 63//63 62//62 73//73
f 73//73 74//74 63//63
f 64//64 63//63 74//74
f 74//74 75//75 64//64
f 65//65 64//64 75//75
f 75//75 76//76 65//65
f 76//76 77//77 66//66
f 66//66 65//65 76//76
f 78//78 79//79 80//80
f 80//80 68//68 67//67
f 81//81 791//791 1552//1552
f 791//791 795//795 1552//1552
f 795//795 78//78 1552//1552
f 78//78 80//80 1552//1552
f 80//80 81//81 1552//1552
f 80//80 67//67 82//82
f 82//82 787//787 1553//1553
f 787//787 790//790 1553//1553
f 790//790 81//81 1553//1553
f 81//81 80//80 1553//1553
f 80//80 82//82 1553//1553
f 69//69 68//68 80//80
f 80//80 83//83 69//69
f 70//70 69//69 83//83
f 83//83 84//84 70//70
f 71//71 70//70 84//84
f 84//84 85//85 71//71
f 72//72 71//71 85//85
f 85//85 86//86 72//72
f 73//73 72//72 86//86
f 86//86 87//87 73//73
f 74//74 73//73 87//87
f 87//87 88//88 74//74
f 75//75 74//74 88//88
f 88//88 89//89 75//75
f 76//76 75//75 89//89
f 89//89 90//90 76//76
f 90//90 91//91 77//77
f 77//77 76//76 90//90
f 92//92 93//93 94//94
f 80//80 79//79 1554//1554
f 79//79 800//800 1554//1554
f 800//800 95//95 1554//1554
f 95//95 80//80 1554//1554
f 96//96 875//875 1555//1555
f 875//875 877//877 1555//1555
f 877//877 92//92 1555//1555
f 92//92 94//94 1555//1555
f 94//94 96//96 1555//1555
f 80//80 95//95 1556//1556
f 95//95 801//801 1556//1556
f 801//801 807//807 1556//1556
f 807//807 97//97 1556//1556
f 97//97 80//80 1556//1556
f 98//98 865//865 1557//1557
f 865//865 96//96 1557//1557
f 96//96 94//94 1557//1557
f 94//94 98//98 1557//1557
f 80//80 97//97 1558//1558
f 97//97 808//808 1558//1558
f 808//808 815//815 1558//1558
f 815//815 99//99 1558//1558
f 99//99 80//80 1558//1558
f 98//98 94//94 80//80
f 80//80 99//99 1559//1559
f 99//99 816//816 1559//1559
f 816//816 824//824 1559//1559
f 824//824 100//100 1559//1559
f 100//100 80//80 1559//1559
f 101//101 853//853 1560//1560
f 853//853 855//855 1560//1560
f 855//855 98//98 1560//1560
f 98//98 80//80 1560//1560
f 80//80 101//101 1560//1560
f 80//80 100//100 1561//1561
f 100//100 825//825 1561//1561
f 825//825 834//834 1561//1561
f 834//834 835//835 1561//1561
f 835//835 102//102 1561//1561
f 102//102 80//80 1561//1561
f 102//102 844//844 1562//1562
f 844//844 101//101 1562//1562
f 101//101 80//80 1562//1562
f 80//80 102//102 1562//1562
f 83//83 80//80 94//94
f 94//94 103//103 83//83
f 84//84 83//83 103//103
f 103//103 104//104 84//84
f 85//85 84//84 104//104
f 104//104 105//105 85//85
f 86//86 85//85 105//105
f 105//105 106//106 86//86
f 87//87 86//86 106//106
f 106//106 107//107 87//87
f 88//88 87//87 107//107
f 107//107 108//108 88//88
f 89//89 88//88 108//108
f 108//108 109//109 89//89
f 90//90 89//89 109//109
f 109//109 110//110 90//90
f 110//110 111//111 91//91
f 91//91 90//90 110//110
f 112//112 898//898 1563//1563
f 898//898 113//113 1563//1563
f 113//113 94//94 1563//1563
f 94//94 112//112 1563//1563
f 94//94 93//93 112//112
f 114//114 115//115 116//116
f 116//116 103//103 94//94
f 94//94 113//113 117//117
f 118//118 996//996 1564//1564
f 996//996 114//114 1564//1564
f 114//114 116//116 1564//1564
f 116//116 118//118 1564//1564
f 116//116 94//94 117//117
f 119//119 982//982 1565//1565
f 982//982 995//995 1565//1565
f 995//995 118//118 1565//1565
f 118//118 116//116 1565//1565
f 116//116 119//119 1565//1565
f 116//116 117//117 1566//1566
f 117//117 910//910 1566//1566
f 910//910 120//120 1566//1566
f 120//120 116//116 1566//1566
f 121//121 970//970 1567//1567
f 970//970 119//119 1567//1567
f 119//119 116//116 1567//1567
f 116//116 121//121 1567//1567
f 116//116 120//120 1568//1568
f 120//120 922//922 1568//1568
f 922//922 122//122 1568//1568
f 122//122 116//116 1568//1568
f 123//123 958//958 1569//1569
f 958//958 121//121 1569//1569
f 121//121 116//116 1569//1569
f 116//116 123//123 1569//1569
f 116//116 122//122 1570//1570
f 122//122 934//934 1570//1570
f 934//934 124//124 1570//1570
f 124//124 116//116 1570//1570
f 124//124 946//946 1571//1571
f 946//946 123//123 1571//1571
f 123//123 116//116 1571//1571
f 116//116 124//124 1571//1571
f 104//104 103//103 116//116
f 116//116 125//125 104//104
f 105//105 104//104 125//125
f 125//125 126//126 105//105
f 106//106 105//105 126//126
f 126//126 127//127 106//106
f 107//107 106//106 127//127
f 127//127 128//128 107//107
f 108//108 107//107 128//128
f 128//128 129//129 108//108
f 109//109 108//108 129//129
f 129//129 130//130 109//109
f 110//110 109//109 130//130
f 130//130 131//131 110//110
f 131//131 132//132 111//111
f 111//111 110//110 131//131
f 133//133 1139//1139 1572//1572
f 1139//1139 134//134 1572//1572
f 134//134 135//135 1572//1572
f 135//135 133//133 1572//1572
f 135//135 116//116 115//115
f 136//136 1125//1125 1573//1573
f 1125//1125 133//133 1573//1573
f 133//133 135//135 1573//1573
f 135//135 136//136 1573//1573
f 135//135 115//115 137//137
f 138//138 1112//1112 1574//1574
f 1112//1112 136//136 1574//1574
f 136//136 135//135 1574//1574
f 135//135 138//138 1574//1574
f 135//135 137//137 1575//1575
f 137//137 1021//1021 1575//1575
f 1021//1021 139//139 1575//1575
f 139//139 135//135 1575//1575
f 140//140 1099//1099 1576//1576
f 1099//1099 138//138 1576//1576
f 138//138 135//135 1576//1576
f 135//135 140//140 1576//1576
f 135//135 139//139 1577//1577
f 139//139 1034//1034 1577//1577
f 1034//1034 141//141 1577//1577
f 141//141 135//135 1577//1577
f 142//142 1086//1086 1578//1578
f 1086//1086 140//140 1578//1578
f 140//140 135//135 1578//1578
f 135//135 142//142 1578//1578
f 135//135 141//141 1579//1579
f 141//141 1047//1047 1579//1579
f 1047//1047 1060//1060 1579//1579
f 1060//1060 143//143 1579//1579
f 143//143 135//135 1579//1579
f 143//143 1073//1073 1580//1580
f 1073//1073 142//142 1580//1580
f 142//142 135//135 1580//1580
f 135//135 143//143 1580//1580
f 125//125 116//116 135//135
f 135//135 144//144 125//125
f 126//126 125//125 144//144
f 144//144 145//145 126//126
f 127//127 126//126 145//145
f 145//145 146//146 127//127
f 128//128 127//127 146//146
f 146//146 147//147 128//128
f 129//129 128//128 147//147
f 147//147 148//148 129//129
f 130//130 129//129 148//148
f 148//148 149//149 130//130
f 131//131 130//130 149//149
f 149//149 150//150 131//131
f 150//150 151//151 132//132
f 132//132 131//131 150//150
f 152//152 153//153 154//154
f 154//154 135//135 134//134
f 155//155 1269//1269 1581//1581
f 1269//1269 152//152 1581//1581
f 152//152 154//154 1581//1581
f 154//154 155//155 1581//1581
f 154//154 134//134 156//156
f 157//157 1254//1254 1582//1582
f 1254//1254 155//155 1582//1582
f 155//155 154//154 1582//1582
f 154//154 157//157 1582//1582
f 154//154 156//156 1583//1583
f 156//156 1153//1153 1583//1583
f 1153//1153 158//158 1583//1583
f 158//158 154//154 1583//1583
f 159//159 1239//1239 1584//1584
f 1239//1239 157//157 1584//1584
f 157//157 154//154 1584//1584
f 154//154 159//159 1584//1584
f 154//154 158//158 1585//1585
f 158//158 1167//1167 1585//1585
f 1167//1167 160//160 1585//1585
f 160//160 154//154 1585//1585
f 161//161 1224//1224 1586//1586
f 1224//1224 159//159 1586//1586
f 159//159 154//154 1586//1586
f 154//154 161//161 1586//1586
f 154//154 160//160 1587//1587
f 160//160 1181//1181 1587//1587
f 1181//1181 162//162 1587//1587
f 162//162 154//154 1587//1587
f 163//163 1209//1209 1588//1588
f 1209//1209 161//161 1588//1588
f 161//161 154//154 1588//1588
f 154//154 163//163 1588//1588
f 154//154 162//162 1589//1589
f 162//162 1195//1195 1589//1589
f 1195//1195 163//163 1589//1589
f 163//163 154//154 1589//1589
f 144//144 135//135 154//154
f 154//154 164//164 144//144
f 145//145 144//144 164//164
f 164//164 165//165 145//145
f 146//146 145//145 165//165
f 165//165 166//166 146//146
f 147//147 146//146 166//166
f 166//166 167//167 147//147
f 148//148 147//147 167//167
f 167//167 168//168 148//148
f 149//149 148//148 168//168
f 168//168 169//169 149//149
f 150//150 149//149 169//169
f 169//169 170//170 150//150
f 170//170 171//171 151//151
f 151//151 150//150 170//170
f 172//172 173//173 174//174
f 174//174 154//154 153//153
f 175//175 1413//1413 1590//1590
f 1413//1413 172//172 1590//1590
f 172//172 174//174 1590//1590
f 174//174 175//175 1590//1590
f 174//174 153//153 176//176
f 177//177 1400//1400 1591//1591
f 1400//1400 1414//1414 1591//1591
f 1414//1414 175//175 1591//1591
f 175//175 174//174 1591//1591
f 174//174 177//177 1591//1591
f 174//174 176//176 1592//1592
f 176//176 1298//1298 1592//1592
f 1298//1298 1312//1312 1592//1592
f 1312//1312 178//178 1592//1592
f 178//178 174//174 1592//1592
f 179//179 1386//1386 1593//1593
f 1386//1386 177//177 1593//1593
f 177//177 174//174 1593//1593
f 174//174 179//179 1593//1593
f 174//174 178//178 1594//1594
f 178//178 1327//1327 1594//1594
f 1327//1327 180//180 1594//1594
f 180//180 174//174 1594//1594
f 181//181 1372//1372 1595//1595
f 1372//1372 179//179 1595//1595
f 179//179 174//174 1595//1595
f 174//174 181//181 1595//1595
f 174//174 180//180 1596//1596
f 180//180 1342//1342 1596//1596
f 1342//1342 182//182 1596//1596
f 182//182 174//174 1596//1596
f 182//182 1357//1357 1597//1597
f 1357//1357 181//181 1597//1597
f 181//181 174//174 1597//1597
f 174//174 182//182 1597//1597
f 164//164 154//154 174//174
f 174//174 183//183 164//164
f 165//165 164//164 183//183
f 183//183 184//184 165//165
f 166//166 165//165 184//184
f 184//184 185//185 166//166
f 167//167 166//166 185//185
f 185//185 186//186 167//167
f 168//168 167//167 186//186
f 186//186 187//187 168//168
f 169//169 168//168 187//187
f 187//187 188//188 169//169
f 170//170 169//169 188//188
f 188//188 189//189 170//170
f 189//189 190//190 171//171
f 171//171 170//170 189//189
f 191//191 1520//1520 1598//1598
f 1520//1520 1527//1527 1598//1598
f 1527//1527 192//192 1598//1598
f 192//192 193//193 1598//1598
f 193//193 191//191 1598//1598
f 193//193 194//194 1599//1599
f 194//194 1462//1462 1599//1599
f 1462//1462 195//195 1599//1599
f 195//195 193//193 1599//1599
f 196//196 1512//1512 1600//1600
f 1512//1512 1521//1521 1600//1600
f 1521//1521 191//191 1600//1600
f 191//191 193//193 1600//1600
f 193//193 196//196 1600//1600
f 193//193 195//195 1601//1601
f 195//195 1473//1473 1601//1601
f 1473//1473 1484//1484 1601//1601
f 1484//1484 197//197 1601//1601
f 197//197 193//193 1601//1601
f 198//198 1503//1503 1602//1602
f 1503//1503 1513//1513 1602//1602
f 1513//1513 196//196 1602//1602
f 196//196 193//193 1602//1602
f 193//193 198//198 1602//1602
f 193//193 197//197 1603//1603
f 197//197 1483//1483 1603//1603
f 1483//1483 199//199 1603//1603
f 199//199 193//193 1603//1603
f 199//199 1494//1494 1604//1604
f 1494//1494 1504//1504 1604//1604
f 1504//1504 198//198 1604//1604
f 198//198 193//193 1604//1604
f 193//193 199//199 1604//1604
f 200//200 194//194 193//193
f 193//193 201//201 174//174
f 174//174 173//173 202//202
f 203//203 1451//1451 1605//1605
f 1451//1451 200//200 1605//1605
f 200//200 193//193 1605//1605
f 193//193 203//203 1605//1605
f 193//193 174//174 202//202
f 202//202 1439//1439 1606//1606
f 1439//1439 1438//1438 1606//1606
f 1438//1438 203//203 1606//1606
f 203//203 193//193 1606//1606
f 193//193 202//202 1606//1606
f 204//204 205//205 206//206
f 207//207 208//208 174//174
f 174//174 201//201 209//209
f 210//210 211//211 212//212
f 183//183 174//174 208//208
f 204//204 206//206 213//213
f 214//214 207//207 174//174
f 209//209 215//215 216//216
f 217//217 210//210 212//212
f 218//218 219//219 183//183
f 183//183 208//208 220//220
f 221//221 214//214 174//174
f 209//209 216//216 222//222
f 217//217 212//212 218//218
f 218//218 183//183 220//220
f 223//223 221//221 174//174
f 209//209 222//222 224//224
f 217//217 218//218 220//220
f 223//223 174//174 209//209
f 225//225 217//217 220//220
f 226//226 223//223 209//209
f 225//225 220//220 204//204
f 227//227 205//205 204//204
f 228//228 226//226 209//209
f 224//224 225//225 204//204
f 229//229 227//227 204//204
f 230//230 228//228 209//209
f 224//224 204//204 213//213
f 231//231 229//229 204//204
f 232//232 230//230 209//209
f 224//224 213//213 233//233
f 234//234 231//231 204//204
f 235//235 232//232 209//209
f 209//209 224//224 233//233
f 234//234 204//204 235//235
f 209//209 233//233 236//236
f 234//234 235//235 209//209
f 209//209 236//236 237//237
f 238//238 234//234 209//209
f 209//209 237//237 239//239
f 239//239 238//238 209//209
f 240//240 215//215 209//209
f 209//209 241//241 184//184
f 184//184 183//183 219//219
f 242//242 243//243 244//244
f 244//244 240//240 209//209
f 184//184 219//219 245//245
f 246//246 242//242 244//244
f 244//244 209//209 184//184
f 184//184 245//245 247//247
f 246//246 244//244 184//184
f 184//184 247//247 248//248
f 249//249 246//246 184//184
f 184//184 248//248 249//249
f 185//185 184//184 241//241
f 241//241 250//250 185//185
f 186//186 185//185 250//250
f 250//250 251//251 186//186
f 187//187 186//186 251//251
f 251//251 252//252 187//187
f 188//188 187//187 252//252
f 252//252 253//253 188//188
f 189//189 188//188 253//253
f 253//253 254//254 189//189
f 254//254 255//255 190//190
f 190//190 189//189 254//254
f 256//256 257//257 193//193
f 193//193 192//192 258//258
f 259//259 1551//1551 1607//1607
f 1551//1551 1550//1550 1607//1607
f 1550//1550 260//260 1607//1607
f 260//260 256//256 1607//1607
f 256//256 259//259 1607//1607
f 256//256 193//193 258//258
f 261//261 1548//1548 1608//1608
f 1548//1548 1547//1547 1608//1608
f 1547//1547 259//259 1608//1608
f 259//259 256//256 1608//1608
f 256//256 261//261 1608//1608
f 256//256 258//258 1609//1609
f 258//258 1533//1533 1609//1609
f 1533//1533 262//262 1609//1609
f 262//262 256//256 1609//1609
f 263//263 1544//1544 1610//1610
f 1544//1544 1543//1543 1610//1610
f 1543//1543 261//261 1610//1610
f 261//261 256//256 1610//1610
f 256//256 263//263 1610//1610
f 256//256 262//262 1611//1611
f 262//262 1539//1539 1611//1611
f 1539//1539 1538//1538 1611//1611
f 1538//1538 263//263 1611//1611
f 263//263 256//256 1611//1611
f 201//201 193//193 257//257
f 257//257 264//264 201//201
f 201//201 265//265 266//266
f 267//267 265//265 201//201
f 268//268 209//209 201//201
f 201//201 266//266 269//269
f 270//270 267//267 201//201
f 268//268 201//201 269//269
f 271//271 270//270 201//201
f 268//268 269//269 272//272
f 271//271 201//201 264//264
f 268//268 272//272 273//273
f 274//274 271//271 264//264
f 268//268 273//273 275//275
f 276//276 274//274 264//264
f 264//264 268//268 275//275
f 277//277 276//276 264//264
f 264//264 275//275 277//277
f 241//241 209//209 268//268
f 268//268 278//278 241//241
f 250//250 241//241 278//278
f 278//278 279//279 250//250
f 251//251 250//250 279//279
f 279//279 280//280 251//251
f 252//252 251//251 280//280
f 280//280 281//281 252//252
f 253//253 252//252 281//281
f 281//281 282//282 253//253
f 254//254 253//253 282//282
f 282//282 283//283 254//254
f 283//283 284//284 255//255
f 255//255 254//254 283//283
f 256//256 285//285 286//286
f 287//287 285//285 256//256
f 256//256 288//288 289//289
f 290//290 291//291 292//292
f 293//293 294//294 295//295
f 257//257 256//256 286//286
f 296//296 287//287 256//256
f 256//256 289//289 297//297
f 297//297 290//290 292//292
f 298//298 293//293 295//295
f 257//257 286//286 299//299
f 300//300 296//296 256//256
f 256//256 297//297 292//292
f 292//292 298//298 295//295
f 257//257 299//299 301//301
f 302//302 300//300 256//256
f 256//256 292//292 295//295
f 295//295 257//257 301//301
f 303//303 302//302 256//256
f 295//295 301//301 304//304
f 303//303 256//256 295//295
f 295//295 304//304 305//305
f 306//306 303//303 295//295
f 295//295 305//305 306//306
f 257//257 295//295 307//307
f 308//308 309//309 264//264
f 307//307 310//310 311//311
f 312//312 308//308 264//264
f 257//257 307//307 311//311
f 312//312 264//264 257//257
f 257//257 311//311 313//313
f 314//314 312//312 257//257
f 257//257 313//313 315//315
f 315//315 314//314 257//257
f 264//264 316//316 317//317
f 318//318 319//319 320//320
f 321//321 322//322 323//323
f 324//324 316//316 264//264
f 264//264 309//309 325//325
f 326//326 310//310 307//307
f 268//268 264//264 327//327
f 328//328 329//329 330//330
f 331//331 332//332 333//333
f 334//334 327//327 264//264
f 264//264 317//317 335//335
f 336//336 318//318 320//320
f 337//337 321//321 323//323
f 323//323 324//324 264//264
f 264//264 325//325 338//338
f 339//339 326//326 307//307
f 268//268 327//327 340//340
f 341//341 328//328 330//330
f 342//342 331//331 333//333
f 343//343 334//334 264//264
f 336//336 320//320 344//344
f 337//337 323//323 264//264
f 268//268 340//340 341//341
f 341//341 330//330 345//345
f 342//342 333//333 346//346
f 347//347 343//343 264//264
f 348//348 337//337 264//264
f 268//268 341//341 345//345
f 349//349 347//347 264//264
f 350//350 348//348 264//264
f 351//351 268//268 345//345
f 349//349 264//264 335//335
f 350//350 264//264 338//338
f 351//351 345//345 352//352
f 353//353 349//349 335//335
f 350//350 338//338 339//339
f 351//351 352//352 354//354
f 355//355 353//353 335//335
f 350//350 339//339 307//307
f 351//351 354//354 342//342
f 346//346 355//355 335//335
f 356//356 350//350 307//307
f 351//351 342//342 346//346
f 346//346 335//335 357//357
f 358//358 356//356 307//307
f 351//351 346//346 357//357
f 359//359 358//358 307//307
f 351//351 357//357 360//360
f 344//344 359//359 307//307
f 351//351 360//360 336//336
f 344//344 307//307 351//351
f 351//351 336//336 344//344
f 278//278 268//268 351//351
f 351//351 361//361 278//278
f 279//279 278//278 361//361
f 361//361 362//362 279//279
f 280//280 279//279 362//362
f 362//362 363//363 280//280
f 281//281 280//280 363//363
f 363//363 364//364 281//281
f 282//282 281//281 364//364
f 364//364 365//365 282//282
f 283//283 282//282 365//365
f 365//365 366//366 283//283
f 366//366 367//367 284//284
f 284//284 283//283 366//366
f 368//368 369//369 370//370
f 295//295 294//294 371//371
f 372//372 373//373 374//374
f 375//375 376//376 377//377
f 378//378 379//379 380//380
f 381//381 368//368 370//370
f 295//295 371//371 382//382
f 383//383 372//372 374//374
f 384//384 375//375 377//377
f 385//385 378//378 380//380
f 386//386 381//381 370//370
f 295//295 382//382 383//383
f 383//383 374//374 387//387
f 384//384 377//377 388//388
f 385//385 380//380 386//386
f 389//389 295//295 383//383
f 385//385 386//386 370//370
f 389//389 383//383 387//387
f 390//390 385//385 370//370
f 389//389 387//387 391//391
f 392//392 390//390 370//370
f 389//389 391//391 393//393
f 388//388 392//392 370//370
f 389//389 393//393 384//384
f 388//388 370//370 389//389
f 389//389 384//384 388//388
f 307//307 295//295 389//389
f 389//389 394//394 307//307
f 395//395 396//396 397//397
f 398//398 396//396 395//395
f 399//399 400//400 307//307
f 394//394 401//401 402//402
f 403//403 404//404 351//351
f 351//351 307//307 400//400
f 405//405 395//395 397//397
f 406//406 398//398 395//395
f 407//407 399//399 307//307
f 394//394 402//402 408//408
f 409//409 403//403 351//351
f 351//351 400//400 410//410
f 411//411 405//405 397//397
f 406//406 395//395 412//412
f 413//413 407//407 307//307
f 394//394 408//408 414//414
f 415//415 409//409 351//351
f 351//351 410//410 416//416
f 417//417 411//411 397//397
f 418//418 406//406 412//412
f 413//413 307//307 394//394
f 394//394 414//414 419//419
f 415//415 351//351 416//416
f 416//416 417//417 397//397
f 420//420 418//418 412//412
f 421//421 413//413 394//394
f 419//419 415//415 416//416
f 416//416 397//397 422//422
f 420//420 412//412 421//421
f 419//419 416//416 422//422
f 420//420 421//421 394//394
f 419//419 422//422 423//423
f 424//424 420//420 394//394
f 419//419 423//423 425//425
f 426//426 424//424 394//394
f 419//419 425//425 427//427
f 426//426 394//394 419//419
f 419//419 427//427 426//426
f 428//428 402//402 401//401
f 401//401 429//429 361//361
f 361//361 351//351 404//404
f 430//430 428//428 401//401
f 361//361 404//404 431//431
f 432//432 430//430 401//401
f 361//361 431//431 433//433
f 432//432 401//401 361//361
f 361//361 433//433 434//434
f 434//434 432//432 361//361
f 362//362 361//361 429//429
f 429//429 435//435 362//362
f 363//363 362//362 435//435
f 435//435 436//436 363//363
f 364//364 363//363 436//436
f 436//436 437//437 364//364
f 365//365 364//364 437//437
f 437//437 438//438 365//365
f 366//366 365//365 438//438
f 438//438 439//439 366//366
f 439//439 440//440 367//367
f 367//367 366//366 439//439
f 389//389 370//370 441//441
f 441//441 442//442 389//389
f 394//394 389//389 442//442
f 442//442 443//443 394//394
f 394//394 444//444 445//445
f 446//446 447//447 448//448
f 449//449 444//444 394//394
f 450//450 451//451 452//452
f 401//401 394//394 445//445
f 453//453 446//446 448//448
f 448//448 449//449 394//394
f 454//454 455//455 456//456
f 456//456 450//450 452//452
f 457//457 458//458 401//401
f 401//401 445//445 459//459
f 453//453 448//448 394//394
f 454//454 456//456 452//452
f 460//460 457//457 401//401
f 401//401 459//459 461//461
f 462//462 453//453 394//394
f 454//454 452//452 463//463
f 464//464 460//460 401//401
f 401//401 461//461 465//465
f 466//466 462//462 394//394
f 454//454 463//463 467//467
f 464//464 401//401 465//465
f 468//468 466//466 394//394
f 467//467 464//464 465//465
f 468//468 394//394 443//443
f 454//454 467//467 465//465
f 469//469 468//468 443//443
f 454//454 465//465 470//470
f 471//471 469//469 443//443
f 454//454 470//470 471//471
f 471//471 443//443 454//454
f 472//472 455//455 454//454
f 454//454 473//473 429//429
f 429//429 401//401 458//458
f 474//474 475//475 476//476
f 477//477 472//472 454//454
f 429//429 458//458 478//478
f 478//478 474//474 476//476
f 477//477 454//454 429//429
f 429//429 478//478 476//476
f 479//479 477//477 429//429
f 429//429 476//476 480//480
f 481//481 479//479 429//429
f 429//429 480//480 481//481
f 435//435 429//429 473//473
f 473//473 482//482 435//435
f 436//436 435//435 482//482
f 482//482 483//483 436//436
f 437//437 436//436 483//483
f 483//483 484//484 437//437
f 438//438 437//437 484//484
f 484//484 485//485 438//438
f 439//439 438//438 485//485
f 485//485 486//486 439//439
f 486//486 487//487 440//440
f 440//440 439//439 486//486
f 442//442 441//441 488//488
f 488//488 489//489 442//442
f 490//490 491//491 492//492
f 493//493 494//494 495//495
f 496//496 497//497 498//498
f 499//499 490//490 492//492
f 500//500 493//493 495//495
f 501//501 502//502 503//503
f 503//503 504//504 505//505
f 506//506 507//507 443//443
f 489//489 496//496 498//498
f 499//499 492//492 500//500
f 500//500 495//495 501//501
f 501//501 503//503 505//505
f 508//508 506//506 443//443
f 489//489 498//498 509//509
f 499//499 500//500 501//501
f 501//501 505//505 510//510
f 511//511 508//508 443//443
f 489//489 509//509 512//512
f 499//499 501//501 510//510
f 511//511 443//443 442//442
f 442//442 489//489 512//512
f 513//513 499//499 510//510
f 514//514 511//511 442//442
f 442//442 512//512 515//515
f 516//516 513//513 510//510
f 510//510 514//514 442//442
f 442//442 515//515 517//517
f 516//516 510//510 442//442
f 442//442 517//517 516//516
f 518//518 504//504 503//503
f 503//503 519//519 454//454
f 454//454 443//443 507//507
f 520//520 518//518 503//503
f 454//454 507//507 521//521
f 520//520 503//503 454//454
f 454//454 521//521 522//522
f 522//522 520//520 454//454
f 473//473 454//454 519//519
f 519//519 523//523 473//473
f 482//482 473//473 523//523
f 523//523 524//524 482//482
f 483//483 482//482 524//524
f 524//524 525//525 483//483
f 484//484 483//483 525//525
f 525//525 526//526 484//484
f 485//485 484//484 526//526
f 526//526 527//527 485//485
f 486//486 485//485 527//527
f 527//527 528//528 486//486
f 528//528 529//529 487//487
f 487//487 486//486 528//528
f 530//530 531//531 532//532
f 533//533 531//531 530//530
f 534//534 535//535 536//536
f 537//537 538//538 539//539
f 540//540 541//541 489//489
f 489//489 488//488 542//542
f 543//543 544//544 545//545
f 546//546 530//530 532//532
f 547//547 533//533 530//530
f 548//548 544//544 543//543
f 549//549 534//534 536//536
f 550//550 537//537 539//539
f 539//539 551//551 552//552
f 553//553 540//540 489//489
f 489//489 542//542 554//554
f 554//554 543//543 545//545
f 555//555 546//546 532//532
f 556//556 547//547 530//530
f 557//557 548//548 543//543
f 549//549 536//536 558//558
f 539//539 552//552 553//553
f 489//489 554//554 545//545
f 559//559 555//555 532//532
f 556//556 530//530 560//560
f 561//561 557//557 543//543
f 562//562 549//549 558//558
f 489//489 545//545 563//563
f 559//559 532//532 564//564
f 556//556 560//560 561//561
f 561//561 543//543 565//565
f 562//562 558//558 566//566
f 489//489 563//563 567//567
f 559//559 564//564 568//568
f 556//556 561//561 565//565
f 562//562 566//566 569//569
f 553//553 489//489 567//567
f 570//570 556//556 565//565
f 562//562 569//569 571//571
f 553//553 567//567 559//559
f 570//570 565//565 562//562
f 553//553 559//559 568//568
f 570//570 562//562 571//571
f 553//553 568//568 572//572
f 573//573 570//570 571//571
f 553//553 572//572 574//574
f 573//573 571//571 550//550
f 553//553 574//574 575//575
f 573//573 550//550 539//539
f 539//539 553//553 575//575
f 575//575 573//573 539//539
f 489//489 541//541 576//576
f 577//577 578//578 579//579
f 580//580 581//581 582//582
f 503//503 502//502 583//583
f 584//584 585//585 586//586
f 587//587 588//588 589//589
f 590//590 496//496 489//489
f 489//489 576//576 591//591
f 592//592 577//577 579//579
f 579//579 593//593 594//594
f 580//580 582//582 595//595
f 596//596 597//597 503//503
f 503//503 583//583 598//598
f 598//598 584//584 586//586
f 599//599 587//587 589//589
f 600//600 590//590 489//489
f 489//489 591//591 601//601
f 592//592 579//579 594//594
f 580//580 595//595 602//602
f 603//603 596//596 503//503
f 503//503 598//598 586//586
f 599//599 589//589 600//600
f 600//600 489//489 601//601
f 604//604 592//592 594//594
f 603//603 503//503 586//586
f 605//605 599//599 600//600
f 600//600 601//601 606//606
f 607//607 604//604 594//594
f 608//608 603//603 586//586
f 605//605 600//600 606//606
f 609//609 607//607 594//594
f 602//602 608//608 586//586
f 610//610 605//605 606//606
f 611//611 609//609 594//594
f 580//580 602//602 586//586
f 612//612 610//610 606//606
f 606//606 611//611 594//594
f 613//613 580//580 586//586
f 614//614 612//612 606//606
f 606//606 594//594 613//613
f 613//613 586//586 615//615
f 616//616 614//614 606//606
f 606//606 613//613 615//615
f 615//615 616//616 606//606
f 617//617 618//618 619//619
f 620//620 621//621 622//622
f 623//623 594//594 593//593
f 593//593 624//624 519//519
f 519//519 503//503 597//597
f 625//625 617//617 619//619
f 626//626 620//620 622//622
f 627//627 623//623 593//593
f 519//519 597//597 625//625
f 626//626 622//622 628//628
f 627//627 593//593 519//519
f 519//519 625//625 619//619
f 629//629 627//627 519//519
f 519//519 619//619 626//626
f 630//630 629//629 519//519
f 519//519 626//626 628//628
f 628//628 630//630 519//519
f 523//523 519//519 624//624
f 624//624 631//631 523//523
f 524//524 523//523 631//631
f 631//631 632//632 524//524
f 525//525 524//524 632//632
f 632//632 633//633 525//525
f 526//526 525//525 633//633
f 633//633 634//634 526//526
f 527//527 526//526 634//634
f 634//634 635//635 527//527
f 528//528 527//527 635//635
f 635//635 636//636 528//528
f 636//636 637//637 529//529
f 529//529 528//528 636//636
f 539//539 638//638 639//639
f 640//640 638//638 539//539
f 539//539 641//641 642//642
f 643//643 644//644 645//645
f 646//646 647//647 648//648
f 649//649 650//650 651//651
f 652//652 653//653 654//654
f 655//655 656//656 657//657
f 658//658 659//659 660//660
f 661//661 551//551 539//539
f 662//662 640//640 539//539
f 539//539 642//642 663//663
f 664//664 643//643 645//645
f 665//665 646//646 648//648
f 648//648 666//666 667//667
f 668//668 649//649 651//651
f 669//669 652//652 654//654
f 670//670 655//655 657//657
f 671//671 658//658 660//660
f 660//660 672//672 673//673
f 673//673 661//661 539//539
f 674//674 662//662 539//539
f 539//539 663//663 664//664
f 664//664 645//645 675//675
f 676//676 665//665 648//648
f 648//648 667//667 677//677
f 668//668 651//651 669//669
f 669//669 654//654 678//678
f 679//679 670//670 657//657
f 671//671 660//660 673//673
f 673//673 539//539 639//639
f 680//680 674//674 539//539
f 539//539 664//664 675//675
f 648//648 677//677 668//668
f 681//681 671//671 673//673
f 673//673 639//639 682//682
f 680//680 539//539 675//675
f 676//676 648//648 668//668
f 683//683 681//681 673//673
f 673//673 682//682 684//684
f 685//685 680//680 675//675
f 686//686 676//676 668//668
f 687//687 683//683 673//673
f 673//673 684//684 688//688
f 689//689 685//685 675//675
f 690//690 686//686 668//668
f 687//687 673//673 688//688
f 691//691 689//689 675//675
f 690//690 668//668 669//669
f 657//657 687//687 688//688
f 691//691 675//675 692//692
f 690//690 669//669 678//678
f 679//679 657//657 688//688
f 691//691 692//692 693//693
f 690//690 678//678 694//694
f 694//694 679//679 688//688
f 688//688 691//691 693//693
f 690//690 694//694 688//688
f 688//688 693//693 690//690
f 695//695 696//696 697//697
f 698//698 696//696 695//695
f 695//695 672//672 660//660
f 699//699 700//700 701//701
f 702//702 703//703 704//704
f 705//705 667//667 666//666
f 706//706 707//707 708//708
f 709//709 710//710 711//711
f 712//712 713//713 714//714
f 715//715 716//716 717//717
f 718//718 719//719 720//720
f 721//721 722//722 723//723
f 593//593 579//579 724//724
f 724//724 695//695 697//697
f 725//725 698//698 695//695
f 695//695 660//660 726//726
f 699//699 701//701 727//727
f 728//728 702//702 704//704
f 704//704 705//705 666//666
f 666//666 706//706 708//708
f 729//729 709//709 711//711
f 730//730 712//712 714//714
f 731//731 715//715 717//717
f 732//732 718//718 720//720
f 733//733 721//721 723//723
f 734//734 735//735 736//736
f 593//593 724//724 697//697
f 725//725 695//695 726//726
f 699//699 727//727 737//737
f 728//728 704//704 666//666
f 666//666 708//708 738//738
f 729//729 711//711 730//730
f 730//730 714//714 739//739
f 731//731 717//717 740//740
f 732//732 720//720 741//741
f 733//733 723//723 742//742
f 742//742 734//734 736//736
f 593//593 697//697 743//743
f 744//744 725//725 726//726
f 728//728 666//666 738//738
f 745//745 732//732 741//741
f 742//742 736//736 593//593
f 593//593 743//743 746//746
f 747//747 744//744 726//726
f 748//748 728//728 738//738
f 745//745 741//741 733//733
f 733//733 742//742 593//593
f 593//593 746//746 749//749
f 750//750 747//747 726//726
f 737//737 748//748 738//738
f 745//745 733//733 593//593
f 593//593 749//749 751//751
f 752//752 750//750 726//726
f 699//699 737//737 738//738
f 753//753 745//745 593//593
f 593//593 751//751 752//752
f 752//752 726//726 699//699
f 699//699 738//738 754//754
f 740//740 753//753 593//593
f 593//593 752//752 699//699
f 699//699 754//754 755//755
f 731//731 740//740 593//593
f 699//699 755//755 729//729
f 756//756 731//731 593//593
f 699//699 729//729 1612//1612
f 729//729 730//730 1612//1612
f 730//730 739//739 1612//1612
f 739//739 699//699 1612//1612
f 757//757 756//756 593//593
f 593//593 699//699 739//739
f 739//739 757//757 593//593
f 593//593 736//736 758//758
f 593//593 758//758 759//759
f 760//760 761//761 624//624
f 593//593 759//759 762//762
f 763//763 760//760 624//624
f 593//593 762//762 764//764
f 763//763 624//624 593//593
f 593//593 764//764 763//763
f 631//631 624//624 761//761
f 765//765 759//759 758//758
f 766//766 767//767 768//768
f 631//631 761//761 769//769
f 770//770 765//765 758//758
f 758//758 771//771 772//772
f 773//773 766//766 768//768
f 631//631 769//769 774//774
f 775//775 770//770 758//758
f 758//758 772//772 776//776
f 773//773 768//768 631//631
f 631//631 774//774 777//777
f 775//775 758//758 776//776
f 778//778 773//773 631//631
f 631//631 777//777 775//775
f 775//775 776//776 779//779
f 779//779 778//778 631//631
f 631//631 775//775 779//779
f 631//631 768//768 780//780
f 780//780 632//632 631//631
f 632//632 780//780 781//781
f 781//781 633//633 632//632
f 633//633 781//781 782//782
f 782//782 634//634 633//633
f 634//634 782//782 783//783
f 783//783 635//635 634//634
f 635//635 783//783 784//784
f 784//784 636//636 635//635
f 784//784 785//785 637//637
f 637//637 636//636 784//784
f 786//786 787//787 82//82
f 787//787 786//786 788//788
f 788//788 789//789 790//790
f 790//790 787//787 788//788
f 789//789 791//791 81//81
f 81//81 790//790 789//789
f 789//789 788//788 792//792
f 792//792 793//793 789//789
f 794//794 795//795 791//791
f 791//791 789//789 793//793
f 793//793 794//794 791//791
f 79//79 78//78 795//795
f 795//795 794//794 79//79
f 793//793 792//792 796//796
f 796//796 797//797 793//793
f 794//794 793//793 797//797
f 797//797 798//798 794//794
f 799//799 800//800 79//79
f 79//79 794//794 798//798
f 798//798 799//799 79//79
f 801//801 95//95 800//800
f 800//800 799//799 801//801
f 797//797 796//796 802//802
f 802//802 803//803 797//797
f 798//798 797//797 803//803
f 803//803 804//804 798//798
f 799//799 798//798 804//804
f 804//804 805//805 799//799
f 806//806 807//807 801//801
f 801//801 799//799 805//805
f 805//805 806//806 801//801
f 808//808 97//97 807//807
f 807//807 806//806 808//808
f 803//803 802//802 809//809
f 809//809 810//810 803//803
f 804//804 803//803 810//810
f 810//810 811//811 804//804
f 805//805 804//804 811//811
f 811//811 812//812 805//805
f 806//806 805//805 812//812
f 812//812 813//813 806//806
f 814//814 815//815 808//808
f 808//808 806//806 813//813
f 813//813 814//814 808//808
f 816//816 99//99 815//815
f 815//815 814//814 816//816
f 810//810 809//809 817//817
f 817//817 818//818 810//810
f 811//811 810//810 818//818
f 818//818 819//819 811//811
f 812//812 811//811 819//819
f 819//819 820//820 812//812
f 813//813 812//812 820//820
f 820//820 821//821 813//813
f 814//814 813//813 821//821
f 821//821 822//822 814//814
f 823//823 824//824 816//816
f 816//816 814//814 822//822
f 822//822 823//823 816//816
f 825//825 100//100 824//824
f 824//824 823//823 825//825
f 818//818 817//817 826//826
f 826//826 827//827 818//818
f 819//819 818//818 827//827
f 827//827 828//828 819//819
f 820//820 819//819 828//828
f 828//828 829//829 820//820
f 821//821 820//820 829//829
f 829//829 830//830 821//821
f 822//822 821//821 830//830
f 830//830 831//831 822//822
f 823//823 822//822 831//831
f 831//831 832//832 823//823
f 833//833 834//834 825//825
f 825//825 823//823 832//832
f 832//832 833//833 825//825
f 833//833 835//835 834//834
f 827//827 826//826 836//836
f 836//836 837//837 827//827
f 828//828 827//827 837//837
f 837//837 838//838 828//828
f 829//829 828//828 838//838
f 838//838 839//839 829//829
f 830//830 829//829 839//839
f 839//839 840//840 830//830
f 831//831 830//830 840//840
f 840//840 841//841 831//831
f 832//832 831//831 841//841
f 841//841 842//842 832//832
f 833//833 832//832 842//842
f 842//842 843//843 833//833
f 844//844 102//102 835//835
f 835//835 833//833 843//843
f 843//843 844//844 835//835
f 837//837 836//836 845//845
f 845//845 846//846 837//837
f 838//838 837//837 846//846
f 846//846 847//847 838//838
f 839//839 838//838 847//847
f 847//847 848//848 839//839
f 840//840 839//839 848//848
f 848//848 849//849 840//840
f 841//841 840//840 849//849
f 849//849 850//850 841//841
f 842//842 841//841 850//850
f 850//850 851//851 842//842
f 843//843 842//842 851//851
f 851//851 852//852 843//843
f 853//853 101//101 844//844
f 844//844 843//843 852//852
f 852//852 854//854 853//853
f 853//853 844//844 852//852
f 854//854 855//855 853//853
f 846//846 845//845 856//856
f 856//856 857//857 846//846
f 847//847 846//846 857//857
f 857//857 858//858 847//847
f 848//848 847//847 858//858
f 858//858 859//859 848//848
f 849//849 848//848 859//859
f 859//859 860//860 849//849
f 850//850 849//849 860//860
f 860//860 861//861 850//850
f 851//851 850//850 861//861
f 861//861 862//862 851//851
f 852//852 851//851 862//862
f 862//862 863//863 852//852
f 854//854 852//852 863//863
f 863//863 864//864 854//854
f 865//865 98//98 855//855
f 855//855 854//854 864//864
f 864//864 865//865 855//855
f 857//857 856//856 866//866
f 866//866 867//867 857//857
f 858//858 857//857 867//867
f 867//867 868//868 858//858
f 859//859 858//858 868//868
f 868//868 869//869 859//859
f 860//860 859//859 869//869
f 869//869 870//870 860//860
f 861//861 860//860 870//870
f 870//870 871//871 861//861
f 862//862 861//861 871//871
f 871//871 872//872 862//862
f 863//863 862//862 872//872
f 872//872 873//873 863//863
f 864//864 863//863 873//873
f 873//873 874//874 864//864
f 875//875 96//96 865//865
f 865//865 864//864 874//874
f 874//874 876//876 875//875
f 875//875 865//865 874//874
f 876//876 877//877 875//875
f 867//867 866//866 878//878
f 878//878 879//879 867//867
f 868//868 867//867 879//879
f 879//879 880//880 868//868
f 869//869 868//868 880//880
f 880//880 881//881 869//869
f 870//870 869//869 881//881
f 881//881 882//882 870//870
f 871//871 870//870 882//882
f 882//882 883//883 871//871
f 872//872 871//871 883//883
f 883//883 884//884 872//872
f 873//873 872//872 884//884
f 884//884 885//885 873//873
f 874//874 873//873 885//885
f 885//885 886//886 874//874
f 876//876 874//874 886//886
f 886//886 887//887 876//876
f 93//93 92//92 877//877
f 877//877 876//876 887//887
f 887//887 93//93 877//877
f 879//879 878//878 888//888
f 888//888 889//889 879//879
f 880//880 879//879 889//889
f 889//889 890//890 880//880
f 881//881 880//880 890//890
f 890//890 891//891 881//881
f 882//882 881//881 891//891
f 891//891 892//892 882//882
f 883//883 882//882 892//892
f 892//892 893//893 883//883
f 884//884 883//883 893//893
f 893//893 894//894 884//884
f 885//885 884//884 894//894
f 894//894 895//895 885//885
f 886//886 885//885 895//895
f 895//895 896//896 886//886
f 887//887 886//886 896//896
f 896//896 897//897 887//887
f 898//898 112//112 93//93
f 93//93 887//887 897//897
f 897//897 898//898 93//93
f 889//889 888//888 899//899
f 899//899 900//900 889//889
f 890//890 889//889 900//900
f 900//900 901//901 890//890
f 891//891 890//890 901//901
f 901//901 902//902 891//891
f 892//892 891//891 902//902
f 902//902 903//903 892//892
f 893//893 892//892 903//903
f 903//903 904//904 893//893
f 894//894 893//893 904//904
f 904//904 905//905 894//894
f 895//895 894//894 905//905
f 905//905 906//906 895//895
f 896//896 895//895 906//906
f 906//906 907//907 896//896
f 897//897 896//896 907//907
f 907//907 908//908 897//897
f 909//909 113//113 898//898
f 898//898 897//897 908//908
f 908//908 909//909 898//898
f 910//910 117//117 113//113
f 113//113 909//909 910//910
f 900//900 899//899 911//911
f 911//911 912//912 900//900
f 901//901 900//900 912//912
f 912//912 913//913 901//901
f 902//902 901//901 913//913
f 913//913 914//914 902//902
f 903//903 902//902 914//914
f 914//914 915//915 903//903
f 904//904 903//903 915//915
f 915//915 916//916 904//904
f 905//905 904//904 916//916
f 916//916 917//917 905//905
f 906//906 905//905 917//917
f 917//917 918//918 906//906
f 907//907 906//906 918//918
f 918//918 919//919 907//907
f 908//908 907//907 919//919
f 919//919 920//920 908//908
f 909//909 908//908 920//920
f 920//920 921//921 909//909
f 922//922 120//120 910//910
f 910//910 909//909 921//921
f 921//921 922//922 910//910
f 912//912 911//911 923//923
f 923//923 924//924 912//912
f 913//913 912//912 924//924
f 924//924 925//925 913//913
f 914//914 913//913 925//925
f 925//925 926//926 914//914
f 915//915 914//914 926//926
f 926//926 927//927 915//915
f 916//916 915//915 927//927
f 927//927 928//928 916//916
f 917//917 916//916 928//928
f 928//928 929//929 917//917
f 918//918 917//917 929//929
f 929//929 930//930 918//918
f 919//919 918//918 930//930
f 930//930 931//931 919//919
f 920//920 919//919 931//931
f 931//931 932//932 920//920
f 921//921 920//920 932//932
f 932//932 933//933 921//921
f 934//934 122//122 922//922
f 922//922 921//921 933//933
f 933//933 934//934 922//922
f 924//924 923//923 935//935
f 935//935 936//936 924//924
f 925//925 924//924 936//936
f 936//936 937//937 925//925
f 926//926 925//925 937//937
f 937//937 938//938 926//926
f 927//927 926//926 938//938
f 938//938 939//939 927//927
f 928//928 927//927 939//939
f 939//939 940//940 928//928
f 929//929 928//928 940//940
f 940//940 941//941 929//929
f 930//930 929//929 941//941
f 941//941 942//942 930//930
f 931//931 930//930 942//942
f 942//942 943//943 931//931
f 932//932 931//931 943//943
f 943//943 944//944 932//932
f 933//933 932//932 944//944
f 944//944 945//945 933//933
f 946//946 124//124 934//934
f 934//934 933//933 945//945
f 945//945 946//946 934//934
f 936//936 935//935 947//947
f 947//947 948//948 936//936
f 937//937 936//936 948//948
f 948//948 949//949 937//937
f 938//938 937//937 949//949
f 949//949 950//950 938//938
f 939//939 938//938 950//950
f 950//950 951//951 939//939
f 940//940 939//939 951//951
f 951//951 952//952 940//940
f 941//941 940//940 952//952
f 952//952 953//953 941//941
f 942//942 941//941 953//953
f 953//953 954//954 942//942
f 943//943 942//942 954//954
f 954//954 955//955 943//943
f 944//944 943//943 955//955
f 955//955 956//956 944//944
f 945//945 944//944 956//956
f 956//956 957//957 945//945
f 958//958 123//123 946//946
f 946//946 945//945 957//957
f 957//957 958//958 946//946
f 948//948 947//947 959//959
f 959//959 960//960 948//948
f 949//949 948//948 960//960
f 960//960 961//961 949//949
f 950//950 949//949 961//961
f 961//961 962//962 950//950
f 951//951 950//950 962//962
f 962//962 963//963 951//951
f 952//952 951//951 963//963
f 963//963 964//964 952//952
f 953//953 952//952 964//964
f 964//964 965//965 953//953
f 954//954 953//953 965//965
f 965//965 966//966 954//954
f 955//955 954//954 966//966
f 966//966 967//967 955//955
f 956//956 955//955 967//967
f 967//967 968//968 956//956
f 957//957 956//956 968//968
f 968//968 969//969 957//957
f 970//970 121//121 958//958
f 958//958 957//957 969//969
f 969//969 970//970 958//958
f 960//960 959//959 971//971
f 971//971 972//972 960//960
f 961//961 960//960 972//972
f 972//972 973//973 961//961
f 962//962 961//961 973//973
f 973//973 974//974 962//962
f 963//963 962//962 974//974
f 974//974 975//975 963//963
f 964//964 963//963 975//975
f 975//975 976//976 964//964
f 965//965 964//964 976//976
f 976//976 977//977 965//965
f 966//966 965//965 977//977
f 977//977 978//978 966//966
f 967//967 966//966 978//978
f 978//978 979//979 967//967
f 968//968 967//967 979//979
f 979//979 980//980 968//968
f 969//969 968//968 980//980
f 980//980 981//981 969//969
f 982//982 119//119 970//970
f 970//970 969//969 981//981
f 981//981 982//982 970//970
f 972//972 971//971 983//983
f 983//983 984//984 972//972
f 973//973 972//972 984//984
f 984//984 985//985 973//973
f 974//974 973//973 985//985
f 985//985 986//986 974//974
f 975//975 974//974 986//986
f 986//986 987//987 975//975
f 976//976 975//975 987//987
f 987//987 988//988 976//976
f 977//977 976//976 988//988
f 988//988 989//989 977//977
f 978//978 977//977 989//989
f 989//989 990//990 978//978
f 979//979 978//978 990//990
f 990//990 991//991 979//979
f 980//980 979//979 991//991
f 991//991 992//992 980//980
f 981//981 980//980 992//992
f 992//992 993//993 981//981
f 994//994 995//995 982//982
f 982//982 981//981 993//993
f 993//993 994//994 982//982
f 996//996 118//118 995//995
f 995//995 994//994 996//996
f 984//984 983//983 997//997
f 997//997 998//998 984//984
f 985//985 984//984 998//998
f 998//998 999//999 985//985
f 986//986 985//985 999//999
f 999//999 1000//1000 986//986
f 987//987 986//986 1000//1000
f 1000//1000 1001//1001 987//987
f 988//988 987//987 1001//1001
f 1001//1001 1002//1002 988//988
f 989//989 988//988 1002//1002
f 1002//1002 1003//1003 989//989
f 990//990 989//989 1003//1003
f 1003//1003 1004//1004 990//990
f 991//991 990//990 1004//1004
f 1004//1004 1005//1005 991//991
f 992//992 991//991 1005//1005
f 1005//1005 1006//1006 992//992
f 993//993 992//992 1006//1006
f 1006//1006 1007//1007 993//993
f 994//994 993//993 1007//1007
f 1007//1007 1008//1008 994//994
f 996//996 994//994 1008//1008
f 1008//1008 115//115 1613//1613
f 115//115 114//114 1613//1613
f 114//114 996//996 1613//1613
f 996//996 1008//1008 1613//1613
f 998//998 997//997 1009//1009
f 1009//1009 1010//1010 998//998
f 999//999 998//998 1010//1010
f 1010//1010 1011//1011 999//999
f 1000//1000 999//999 1011//1011
f 1011//1011 1012//1012 1000//1000
f 1001//1001 1000//1000 1012//1012
f 1012//1012 1013//1013 1001//1001
f 1002//1002 1001//1001 1013//1013
f 1013//1013 1014//1014 1002//1002
f 1003//1003 1002//1002 1014//1014
f 1014//1014 1015//1015 1003//1003
f 1004//1004 1003//1003 1015//1015
f 1015//1015 1016//1016 1004//1004
f 1005//1005 1004//1004 1016//1016
f 1016//1016 1017//1017 1005//1005
f 1006//1006 1005//1005 1017//1017
f 1017//1017 1018//1018 1006//1006
f 1007//1007 1006//1006 1018//1018
f 1018//1018 1019//1019 1007//1007
f 1008//1008 1007//1007 1019//1019
f 1019//1019 1020//1020 1008//1008
f 115//115 1008//1008 1020//1020
f 1020//1020 1021//1021 1614//1614
f 1021//1021 137//137 1614//1614
f 137//137 115//115 1614//1614
f 115//115 1020//1020 1614//1614
f 1010//1010 1009//1009 1022//1022
f 1022//1022 1023//1023 1010//1010
f 1011//1011 1010//1010 1023//1023
f 1023//1023 1024//1024 1011//1011
f 1012//1012 1011//1011 1024//1024
f 1024//1024 1025//1025 1012//1012
f 1013//1013 1012//1012 1025//1025
f 1025//1025 1026//1026 1013//1013
f 1014//1014 1013//1013 1026//1026
f 1026//1026 1027//1027 1014//1014
f 1015//1015 1014//1014 1027//1027
f 1027//1027 1028//1028 1015//1015
f 1016//1016 1015//1015 1028//1028
f 1028//1028 1029//1029 1016//1016
f 1017//1017 1016//1016 1029//1029
f 1029//1029 1030//1030 1017//1017
f 1018//1018 1017//1017 1030//1030
f 1030//1030 1031//1031 1018//1018
f 1019//1019 1018//1018 1031//1031
f 1031//1031 1032//1032 1019//1019
f 1020//1020 1019//1019 1032//1032
f 1032//1032 1033//1033 1020//1020
f 1021//1021 1020//1020 1033//1033
f 1033//1033 1034//1034 1615//1615
f 1034//1034 139//139 1615//1615
f 139//139 1021//1021 1615//1615
f 1021//1021 1033//1033 1615//1615
f 1023//1023 1022//1022 1035//1035
f 1035//1035 1036//1036 1023//1023
f 1024//1024 1023//1023 1036//1036
f 1036//1036 1037//1037 1024//1024
f 1025//1025 1024//1024 1037//1037
f 1037//1037 1038//1038 1025//1025
f 1026//1026 1025//1025 1038//1038
f 1038//1038 1039//1039 1026//1026
f 1027//1027 1026//1026 1039//1039
f 1039//1039 1040//1040 1027//1027
f 1028//1028 1027//1027 1040//1040
f 1040//1040 1041//1041 1028//1028
f 1029//1029 1028//1028 1041//1041
f 1041//1041 1042//1042 1029//1029
f 1030//1030 1029//1029 1042//1042
f 1042//1042 1043//1043 1030//1030
f 1031//1031 1030//1030 1043//1043
f 1043//1043 1044//1044 1031//1031
f 1032//1032 1031//1031 1044//1044
f 1044//1044 1045//1045 1032//1032
f 1033//1033 1032//1032 1045//1045
f 1045//1045 1046//1046 1033//1033
f 141//141 1034//1034 1033//1033
f 1033//1033 1046//1046 1047//1047
f 1047//1047 141//141 1033//1033
f 1036//1036 1035//1035 1048//1048
f 1048//1048 1049//1049 1036//1036
f 1037//1037 1036//1036 1049//1049
f 1049//1049 1050//1050 1037//1037
f 1038//1038 1037//1037 1050//1050
f 1050//1050 1051//1051 1038//1038
f 1039//1039 1038//1038 1051//1051
f 1051//1051 1052//1052 1039//1039
f 1040//1040 1039//1039 1052//1052
f 1052//1052 1053//1053 1040//1040
f 1041//1041 1040//1040 1053//1053
f 1053//1053 1054//1054 1041//1041
f 1042//1042 1041//1041 1054//1054
f 1054//1054 1055//1055 1042//1042
f 1043//1043 1042//1042 1055//1055
f 1055//1055 1056//1056 1043//1043
f 1044//1044 1043//1043 1056//1056
f 1056//1056 1057//1057 1044//1044
f 1045//1045 1044//1044 1057//1057
f 1057//1057 1058//1058 1045//1045
f 1046//1046 1045//1045 1058//1058
f 1058//1058 1059//1059 1046//1046
f 1059//1059 1060//1060 1047//1047
f 1047//1047 1046//1046 1059//1059
f 1049//1049 1048//1048 1061//1061
f 1061//1061 1062//1062 1049//1049
f 1050//1050 1049//1049 1062//1062
f 1062//1062 1063//1063 1050//1050
f 1051//1051 1050//1050 1063//1063
f 1063//1063 1064//1064 1051//1051
f 1052//1052 1051//1051 1064//1064
f 1064//1064 1065//1065 1052//1052
f 1053//1053 1052//1052 1065//1065
f 1065//1065 1066//1066 1053//1053
f 1054//1054 1053//1053 1066//1066
f 1066//1066 1067//1067 1054//1054
f 1055//1055 1054//1054 1067//1067
f 1067//1067 1068//1068 1055//1055
f 1056//1056 1055//1055 1068//1068
f 1068//1068 1069//1069 1056//1056
f 1057//1057 1056//1056 1069//1069
f 1069//1069 1070//1070 1057//1057
f 1058//1058 1057//1057 1070//1070
f 1070//1070 1071//1071 1058//1058
f 1059//1059 1058//1058 1071//1071
f 1071//1071 1072//1072 1059//1059
f 1060//1060 1059//1059 1072//1072
f 1072//1072 1073//1073 1616//1616
f 1073//1073 143//143 1616//1616
f 143//143 1060//1060 1616//1616
f 1060//1060 1072//1072 1616//1616
f 1062//1062 1061//1061 1074//1074
f 1074//1074 1075//1075 1062//1062
f 1063//1063 1062//1062 1075//1075
f 1075//1075 1076//1076 1063//1063
f 1064//1064 1063//1063 1076//1076
f 1076//1076 1077//1077 1064//1064
f 1065//1065 1064//1064 1077//1077
f 1077//1077 1078//1078 1065//1065
f 1066//1066 1065//1065 1078//1078
f 1078//1078 1079//1079 1066//1066
f 1067//1067 1066//1066 1079//1079
f 1079//1079 1080//1080 1067//1067
f 1068//1068 1067//1067 1080//1080
f 1080//1080 1081//1081 1068//1068
f 1069//1069 1068//1068 1081//1081
f 1081//1081 1082//1082 1069//1069
f 1070//1070 1069//1069 1082//1082
f 1082//1082 1083//1083 1070//1070
f 1071//1071 1070//1070 1083//1083
f 1083//1083 1084//1084 1071//1071
f 1072//1072 1071//1071 1084//1084
f 1084//1084 1085//1085 1072//1072
f 1073//1073 1072//1072 1085//1085
f 1085//1085 1086//1086 1617//1617
f 1086//1086 142//142 1617//1617
f 142//142 1073//1073 1617//1617
f 1073//1073 1085//1085 1617//1617
f 1075//1075 1074//1074 1087//1087
f 1087//1087 1088//1088 1075//1075
f 1076//1076 1075//1075 1088//1088
f 1088//1088 1089//1089 1076//1076
f 1077//1077 1076//1076 1089//1089
f 1089//1089 1090//1090 1077//1077
f 1078//1078 1077//1077 1090//1090
f 1090//1090 1091//1091 1078//1078
f 1079//1079 1078//1078 1091//1091
f 1091//1091 1092//1092 1079//1079
f 1080//1080 1079//1079 1092//1092
f 1092//1092 1093//1093 1080//1080
f 1081//1081 1080//1080 1093//1093
f 1093//1093 1094//1094 1081//1081
f 1082//1082 1081//1081 1094//1094
f 1094//1094 1095//1095 1082//1082
f 1083//1083 1082//1082 1095//1095
f 1095//1095 1096//1096 1083//1083
f 1084//1084 1083//1083 1096//1096
f 1096//1096 1097//1097 1084//1084
f 1085//1085 1084//1084 1097//1097
f 1097//1097 1098//1098 1085//1085
f 1086//1086 1085//1085 1098//1098
f 1098//1098 1099//1099 1618//1618
f 1099//1099 140//140 1618//1618
f 140//140 1086//1086 1618//1618
f 1086//1086 1098//1098 1618//1618
f 1088//1088 1087//1087 1100//1100
f 1100//1100 1101//1101 1088//1088
f 1089//1089 1088//1088 1101//1101
f 1101//1101 1102//1102 1089//1089
f 1090//1090 1089//1089 1102//1102
f 1102//1102 1103//1103 1090//1090
f 1091//1091 1090//1090 1103//1103
f 1103//1103 1104//1104 1091//1091
f 1092//1092 1091//1091 1104//1104
f 1104//1104 1105//1105 1092//1092
f 1093//1093 1092//1092 1105//1105
f 1105//1105 1106//1106 1093//1093
f 1094//1094 1093//1093 1106//1106
f 1106//1106 1107//1107 1094//1094
f 1095//1095 1094//1094 1107//1107
f 1107//1107 1108//1108 1095//1095
f 1096//1096 1095//1095 1108//1108
f 1108//1108 1109//1109 1096//1096
f 1097//1097 1096//1096 1109//1109
f 1109//1109 1110//1110 1097//1097
f 1098//1098 1097//1097 1110//1110
f 1110//1110 1111//1111 1098//1098
f 1099//1099 1098//1098 1111//1111
f 1111//1111 1112//1112 1619//1619
f 1112//1112 138//138 1619//1619
f 138//138 1099//1099 1619//1619
f 1099//1099 1111//1111 1619//1619
f 1101//1101 1100//1100 1113//1113
f 1113//1113 1114//1114 1101//1101
f 1102//1102 1101//1101 1114//1114
f 1114//1114 1115//1115 1102//1102
f 1103//1103 1102//1102 1115//1115
f 1115//1115 1116//1116 1103//1103
f 1104//1104 1103//1103 1116//1116
f 1116//1116 1117//1117 1104//1104
f 1105//1105 1104//1104 1117//1117
f 1117//1117 1118//1118 1105//1105
f 1106//1106 1105//1105 1118//1118
f 1118//1118 1119//1119 1106//1106
f 1107//1107 1106//1106 1119//1119
f 1119//1119 1120//1120 1107//1107
f 1108//1108 1107//1107 1120//1120
f 1120//1120 1121//1121 1108//1108
f 1109//1109 1108//1108 1121//1121
f 1121//1121 1122//1122 1109//1109
f 1110//1110 1109//1109 1122//1122
f 1122//1122 1123//1123 1110//1110
f 1111//1111 1110//1110 1123//1123
f 1123//1123 1124//1124 1111//1111
f 1112//1112 1111//1111 1124//1124
f 1124//1124 1125//1125 1620//1620
f 1125//1125 136//136 1620//1620
f 136//136 1112//1112 1620//1620
f 1112//1112 1124//1124 1620//1620
f 1114//1114 1113//1113 1126//1126
f 1126//1126 1127//1127 1114//1114
f 1115//1115 1114//1114 1127//1127
f 1127//1127 1128//1128 1115//1115
f 1116//1116 1115//1115 1128//1128
f 1128//1128 1129//1129 1116//1116
f 1117//1117 1116//1116 1129//1129
f 1129//1129 1130//1130 1117//1117
f 1118//1118 1117//1117 1130//1130
f 1130//1130 1131//1131 1118//1118
f 1119//1119 1118//1118 1131//1131
f 1131//1131 1132//1132 1119//1119
f 1120//1120 1119//1119 1132//1132
f 1132//1132 1133//1133 1120//1120
f 1121//1121 1120//1120 1133//1133
f 1133//1133 1134//1134 1121//1121
f 1122//1122 1121//1121 1134//1134
f 1134//1134 1135//1135 1122//1122
f 1123//1123 1122//1122 1135//1135
f 1135//1135 1136//1136 1123//1123
f 1124//1124 1123//1123 1136//1136
f 1136//1136 1137//1137 1124//1124
f 1125//1125 1124//1124 1137//1137
f 1137//1137 1138//1138 1139//1139
f 1139//1139 133//133 1621//1621
f 133//133 1125//1125 1621//1621
f 1125//1125 1137//1137 1621//1621
f 1137//1137 1139//1139 1621//1621
f 1138//1138 134//134 1139//1139
f 1127//1127 1126//1126 1140//1140
f 1140//1140 1141//1141 1127//1127
f 1128//1128 1127//1127 1141//1141
f 1141//1141 1142//1142 1128//1128
f 1129//1129 1128//1128 1142//1142
f 1142//1142 1143//1143 1129//1129
f 1130//1130 1129//1129 1143//1143
f 1143//1143 1144//1144 1130//1130
f 1131//1131 1130//1130 1144//1144
f 1144//1144 1145//1145 1131//1131
f 1132//1132 1131//1131 1145//1145
f 1145//1145 1146//1146 1132//1132
f 1133//1133 1132//1132 1146//1146
f 1146//1146 1147//1147 1133//1133
f 1134//1134 1133//1133 1147//1147
f 1147//1147 1148//1148 1134//1134
f 1135//1135 1134//1134 1148//1148
f 1148//1148 1149//1149 1135//1135
f 1136//1136 1135//1135 1149//1149
f 1149//1149 1150//1150 1136//1136
f 1137//1137 1136//1136 1150//1150
f 1150//1150 1151//1151 1137//1137
f 1138//1138 1137//1137 1151//1151
f 1151//1151 1152//1152 1138//1138
f 134//134 1138//1138 1152//1152
f 1152//1152 1153//1153 1622//1622
f 1153//1153 156//156 1622//1622
f 156//156 134//134 1622//1622
f 134//134 1152//1152 1622//1622
f 1141//1141 1140//1140 1154//1154
f 1154//1154 1155//1155 1141//1141
f 1142//1142 1141//1141 1155//1155
f 1155//1155 1156//1156 1142//1142
f 1143//1143 1142//1142 1156//1156
f 1156//1156 1157//1157 1143//1143
f 1144//1144 1143//1143 1157//1157
f 1157//1157 1158//1158 1144//1144
f 1145//1145 1144//1144 1158//1158
f 1158//1158 1159//1159 1145//1145
f 1146//1146 1145//1145 1159//1159
f 1159//1159 1160//1160 1146//1146
f 1147//1147 1146//1146 1160//1160
f 1160//1160 1161//1161 1147//1147
f 1148//1148 1147//1147 1161//1161
f 1161//1161 1162//1162 1148//1148
f 1149//1149 1148//1148 1162//1162
f 1162//1162 1163//1163 1149//1149
f 1150//1150 1149//1149 1163//1163
f 1163//1163 1164//1164 1150//1150
f 1151//1151 1150//1150 1164//1164
f 1164//1164 1165//1165 1151//1151
f 1152//1152 1151//1151 1165//1165
f 1165//1165 1166//1166 1152//1152
f 1153//1153 1152//1152 1166//1166
f 1166//1166 1167//1167 1623//1623
f 1167//1167 158//158 1623//1623
f 158//158 1153//1153 1623//1623
f 1153//1153 1166//1166 1623//1623
f 1155//1155 1154//1154 1168//1168
f 1168//1168 1169//1169 1155//1155
f 1156//1156 1155//1155 1169//1169
f 1169//1169 1170//1170 1156//1156
f 1157//1157 1156//1156 1170//1170
f 1170//1170 1171//1171 1157//1157
f 1158//1158 1157//1157 1171//1171
f 1171//1171 1172//1172 1158//1158
f 1159//1159 1158//1158 1172//1172
f 1172//1172 1173//1173 1159//1159
f 1160//1160 1159//1159 1173//1173
f 1173//1173 1174//1174 1160//1160
f 1161//1161 1160//1160 1174//1174
f 1174//1174 1175//1175 1161//1161
f 1162//1162 1161//1161 1175//1175
f 1175//1175 1176//1176 1162//1162
f 1163//1163 1162//1162 1176//1176
f 1176//1176 1177//1177 1163//1163
f 1164//1164 1163//1163 1177//1177
f 1177//1177 1178//1178 1164//1164
f 1165//1165 1164//1164 1178//1178
f 1178//1178 1179//1179 1165//1165
f 1166//1166 1165//1165 1179//1179
f 1179//1179 1180//1180 1166//1166
f 1167//1167 1166//1166 1180//1180
f 1180//1180 1181//1181 1624//1624
f 1181//1181 160//160 1624//1624
f 160//160 1167//1167 1624//1624
f 1167//1167 1180//1180 1624//1624
f 1169//1169 1168//1168 1182//1182
f 1182//1182 1183//1183 1169//1169
f 1170//1170 1169//1169 1183//1183
f 1183//1183 1184//1184 1170//1170
f 1171//1171 1170//1170 1184//1184
f 1184//1184 1185//1185 1171//1171
f 1172//1172 1171//1171 1185//1185
f 1185//1185 1186//1186 1172//1172
f 1173//1173 1172//1172 1186//1186
f 1186//1186 1187//1187 1173//1173
f 1174//1174 1173//1173 1187//1187
f 1187//1187 1188//1188 1174//1174
f 1175//1175 1174//1174 1188//1188
f 1188//1188 1189//1189 1175//1175
f 1176//1176 1175//1175 1189//1189
f 1189//1189 1190//1190 1176//1176
f 1177//1177 1176//1176 1190//1190
f 1190//1190 1191//1191 1177//1177
f 1178//1178 1177//1177 1191//1191
f 1191//1191 1192//1192 1178//1178
f 1179//1179 1178//1178 1192//1192
f 1192//1192 1193//1193 1179//1179
f 1180//1180 1179//1179 1193//1193
f 1193//1193 1194//1194 1180//1180
f 1181//1181 1180//1180 1194//1194
f 1194//1194 1195//1195 1625//1625
f 1195//1195 162//162 1625//1625
f 162//162 1181//1181 1625//1625
f 1181//1181 1194//1194 1625//1625
f 1183//1183 1182//1182 1196//1196
f 1196//1196 1197//1197 1183//1183
f 1184//1184 1183//1183 1197//1197
f 1197//1197 1198//1198 1184//1184
f 1185//1185 1184//1184 1198//1198
f 1198//1198 1199//1199 1185//1185
f 1186//1186 1185//1185 1199//1199
f 1199//1199 1200//1200 1186//1186
f 1187//1187 1186//1186 1200//1200
f 1200//1200 1201//1201 1187//1187
f 1188//1188 1187//1187 1201//1201
f 1201//1201 1202//1202 1188//1188
f 1189//1189 1188//1188 1202//1202
f 1202//1202 1203//1203 1189//1189
f 1190//1190 1189//1189 1203//1203
f 1203//1203 1204//1204 1190//1190
f 1191//1191 1190//1190 1204//1204
f 1204//1204 1205//1205 1191//1191
f 1192//1192 1191//1191 1205//1205
f 1205//1205 1206//1206 1192//1192
f 1193//1193 1192//1192 1206//1206
f 1206//1206 1207//1207 1193//1193
f 1194//1194 1193//1193 1207//1207
f 1207//1207 1208//1208 1194//1194
f 1209//1209 163//163 1195//1195
f 1195//1195 1194//1194 1208//1208
f 1208//1208 1209//1209 1195//1195
f 1196//1196 1210//1210 1211//1211
f 1211//1211 1212//1212 1197//1197
f 1197//1197 1196//1196 1211//1211
f 1198//1198 1197//1197 1212//1212
f 1212//1212 1213//1213 1198//1198
f 1199//1199 1198//1198 1213//1213
f 1213//1213 1214//1214 1199//1199
f 1200//1200 1199//1199 1214//1214
f 1214//1214 1215//1215 1200//1200
f 1201//1201 1200//1200 1215//1215
f 1215//1215 1216//1216 1201//1201
f 1202//1202 1201//1201 1216//1216
f 1216//1216 1217//1217 1202//1202
f 1203//1203 1202//1202 1217//1217
f 1217//1217 1218//1218 1203//1203
f 1204//1204 1203//1203 1218//1218
f 1218//1218 1219//1219 1204//1204
f 1205//1205 1204//1204 1219//1219
f 1219//1219 1220//1220 1205//1205
f 1206//1206 1205//1205 1220//1220
f 1220//1220 1221//1221 1206//1206
f 1207//1207 1206//1206 1221//1221
f 1221//1221 1222//1222 1207//1207
f 1208//1208 1207//1207 1222//1222
f 1222//1222 1223//1223 1208//1208
f 1224//1224 161//161 1209//1209
f 1209//1209 1208//1208 1223//1223
f 1223//1223 1224//1224 1209//1209
f 1225//1225 1226//1226 1227//1227
f 1227//1227 1212//1212 1211//1211
f 1211//1211 1225//1225 1227//1227
f 1213//1213 1212//1212 1227//1227
f 1227//1227 1228//1228 1213//1213
f 1214//1214 1213//1213 1228//1228
f 1228//1228 1229//1229 1214//1214
f 1215//1215 1214//1214 1229//1229
f 1229//1229 1230//1230 1215//1215
f 1216//1216 1215//1215 1230//1230
f 1230//1230 1231//1231 1216//1216
f 1217//1217 1216//1216 1231//1231
f 1231//1231 1232//1232 1217//1217
f 1218//1218 1217//1217 1232//1232
f 1232//1232 1233//1233 1218//1218
f 1219//1219 1218//1218 1233//1233
f 1233//1233 1234//1234 1219//1219
f 1220//1220 1219//1219 1234//1234
f 1234//1234 1235//1235 1220//1220
f 1221//1221 1220//1220 1235//1235
f 1235//1235 1236//1236 1221//1221
f 1222//1222 1221//1221 1236//1236
f 1236//1236 1237//1237 1222//1222
f 1223//1223 1222//1222 1237//1237
f 1237//1237 1238//1238 1223//1223
f 1239//1239 159//159 1224//1224
f 1224//1224 1223//1223 1238//1238
f 1238//1238 1239//1239 1224//1224
f 1240//1240 1241//1241 1242//1242
f 1242//1242 1227//1227 1226//1226
f 1226//1226 1240//1240 1242//1242
f 1228//1228 1227//1227 1242//1242
f 1242//1242 1243//1243 1228//1228
f 1229//1229 1228//1228 1243//1243
f 1243//1243 1244//1244 1229//1229
f 1230//1230 1229//1229 1244//1244
f 1244//1244 1245//1245 1230//1230
f 1231//1231 1230//1230 1245//1245
f 1245//1245 1246//1246 1231//1231
f 1232//1232 1231//1231 1246//1246
f 1246//1246 1247//1247 1232//1232
f 1233//1233 1232//1232 1247//1247
f 1247//1247 1248//1248 1233//1233
f 1234//1234 1233//1233 1248//1248
f 1248//1248 1249//1249 1234//1234
f 1235//1235 1234//1234 1249//1249
f 1249//1249 1250//1250 1235//1235
f 1236//1236 1235//1235 1250//1250
f 1250//1250 1251//1251 1236//1236
f 1237//1237 1236//1236 1251//1251
f 1251//1251 1252//1252 1237//1237
f 1238//1238 1237//1237 1252//1252
f 1252//1252 1253//1253 1238//1238
f 1254//1254 157//157 1239//1239
f 1239//1239 1238//1238 1253//1253
f 1253//1253 1254//1254 1239//1239
f 1255//1255 1256//1256 1257//1257
f 1257//1257 1242//1242 1241//1241
f 1241//1241 1255//1255 1257//1257
f 1243//1243 1242//1242 1257//1257
f 1257//1257 1258//1258 1243//1243
f 1244//1244 1243//1243 1258//1258
f 1258//1258 1259//1259 1244//1244
f 1245//1245 1244//1244 1259//1259
f 1259//1259 1260//1260 1245//1245
f 1246//1246 1245//1245 1260//1260
f 1260//1260 1261//1261 1246//1246
f 1247//1247 1246//1246 1261//1261
f 1261//1261 1262//1262 1247//1247
f 1248//1248 1247//1247 1262//1262
f 1262//1262 1263//1263 1248//1248
f 1249//1249 1248//1248 1263//1263
f 1263//1263 1264//1264 1249//1249
f 1250//1250 1249//1249 1264//1264
f 1264//1264 1265//1265 1250//1250
f 1251//1251 1250//1250 1265//1265
f 1265//1265 1266//1266 1251//1251
f 1252//1252 1251//1251 1266//1266
f 1266//1266 1267//1267 1252//1252
f 1253//1253 1252//1252 1267//1267
f 1267//1267 1268//1268 1253//1253
f 1269//1269 155//155 1254//1254
f 1254//1254 1253//1253 1268//1268
f 1268//1268 1269//1269 1254//1254
f 1270//1270 1271//1271 1272//1272
f 1272//1272 1257//1257 1256//1256
f 1256//1256 1270//1270 1272//1272
f 1258//1258 1257//1257 1272//1272
f 1272//1272 1273//1273 1258//1258
f 1259//1259 1258//1258 1273//1273
f 1273//1273 1274//1274 1259//1259
f 1260//1260 1259//1259 1274//1274
f 1274//1274 1275//1275 1260//1260
f 1261//1261 1260//1260 1275//1275
f 1275//1275 1276//1276 1261//1261
f 1262//1262 1261//1261 1276//1276
f 1276//1276 1277//1277 1262//1262
f 1263//1263 1262//1262 1277//1277
f 1277//1277 1278//1278 1263//1263
f 1264//1264 1263//1263 1278//1278
f 1278//1278 1279//1279 1264//1264
f 1265//1265 1264//1264 1279//1279
f 1279//1279 1280//1280 1265//1265
f 1266//1266 1265//1265 1280//1280
f 1280//1280 1281//1281 1266//1266
f 1267//1267 1266//1266 1281//1281
f 1281//1281 1282//1282 1267//1267
f 1268//1268 1267//1267 1282//1282
f 1282//1282 1283//1283 1268//1268
f 153//153 152//152 1269//1269
f 1269//1269 1268//1268 1283//1283
f 1283//1283 153//153 1269//1269
f 1284//1284 1285//1285 1286//1286
f 1286//1286 1272//1272 1271//1271
f 1271//1271 1284//1284 1286//1286
f 1273//1273 1272//1272 1286//1286
f 1286//1286 1287//1287 1273//1273
f 1274//1274 1273//1273 1287//1287
f 1287//1287 1288//1288 1274//1274
f 1275//1275 1274//1274 1288//1288
f 1288//1288 1289//1289 1275//1275
f 1276//1276 1275//1275 1289//1289
f 1289//1289 1290//1290 1276//1276
f 1277//1277 1276//1276 1290//1290
f 1290//1290 1291//1291 1277//1277
f 1278//1278 1277//1277 1291//1291
f 1291//1291 1292//1292 1278//1278
f 1279//1279 1278//1278 1292//1292
f 1292//1292 1293//1293 1279//1279
f 1280//1280 1279//1279 1293//1293
f 1293//1293 1294//1294 1280//1280
f 1281//1281 1280//1280 1294//1294
f 1294//1294 1295//1295 1281//1281
f 1282//1282 1281//1281 1295//1295
f 1295//1295 1296//1296 1282//1282
f 1283//1283 1282//1282 1296//1296
f 1296//1296 1297//1297 1283//1283
f 1298//1298 176//176 153//153
f 153//153 1283//1283 1297//1297
f 1297//1297 1298//1298 153//153
f 1286//1286 1285//1285 1299//1299
f 1299//1299 1300//1300 1286//1286
f 1287//1287 1286//1286 1300//1300
f 1300//1300 1301//1301 1287//1287
f 1288//1288 1287//1287 1301//1301
f 1301//1301 1302//1302 1288//1288
f 1289//1289 1288//1288 1302//1302
f 1302//1302 1303//1303 1289//1289
f 1290//1290 1289//1289 1303//1303
f 1303//1303 1304//1304 1290//1290
f 1291//1291 1290//1290 1304//1304
f 1304//1304 1305//1305 1291//1291
f 1292//1292 1291//1291 1305//1305
f 1305//1305 1306//1306 1292//1292
f 1293//1293 1292//1292 1306//1306
f 1306//1306 1307//1307 1293//1293
f 1294//1294 1293//1293 1307//1307
f 1307//1307 1308//1308 1294//1294
f 1295//1295 1294//1294 1308//1308
f 1308//1308 1309//1309 1295//1295
f 1296//1296 1295//1295 1309//1309
f 1309//1309 1310//1310 1296//1296
f 1297//1297 1296//1296 1310//1310
f 1310//1310 1311//1311 1297//1297
f 1311//1311 1312//1312 1298//1298
f 1298//1298 1297//1297 1311//1311
f 1313//1313 1314//1314 1315//1315
f 1315//1315 1300//1300 1299//1299
f 1299//1299 1313//1313 1315//1315
f 1301//1301 1300//1300 1315//1315
f 1315//1315 1316//1316 1301//1301
f 1302//1302 1301//1301 1316//1316
f 1316//1316 1317//1317 1302//1302
f 1303//1303 1302//1302 1317//1317
f 1317//1317 1318//1318 1303//1303
f 1304//1304 1303//1303 1318//1318
f 1318//1318 1319//1319 1304//1304
f 1305//1305 1304//1304 1319//1319
f 1319//1319 1320//1320 1305//1305
f 1306//1306 1305//1305 1320//1320
f 1320//1320 1321//1321 1306//1306
f 1307//1307 1306//1306 1321//1321
f 1321//1321 1322//1322 1307//1307
f 1308//1308 1307//1307 1322//1322
f 1322//1322 1323//1323 1308//1308
f 1309//1309 1308//1308 1323//1323
f 1323//1323 1324//1324 1309//1309
f 1310//1310 1309//1309 1324//1324
f 1324//1324 1325//1325 1310//1310
f 1311//1311 1310//1310 1325//1325
f 1325//1325 1326//1326 1311//1311
f 1327//1327 178//178 1312//1312
f 1312//1312 1311//1311 1326//1326
f 1326//1326 1327//1327 1312//1312
f 1328//1328 1329//1329 1330//1330
f 1330//1330 1315//1315 1314//1314
f 1314//1314 1328//1328 1330//1330
f 1316//1316 1315//1315 1330//1330
f 1330//1330 1331//1331 1316//1316
f 1317//1317 1316//1316 1331//1331
f 1331//1331 1332//1332 1317//1317
f 1318//1318 1317//1317 1332//1332
f 1332//1332 1333//1333 1318//1318
f 1319//1319 1318//1318 1333//1333
f 1333//1333 1334//1334 1319//1319
f 1320//1320 1319//1319 1334//1334
f 1334//1334 1335//1335 1320//1320
f 1321//1321 1320//1320 1335//1335
f 1335//1335 1336//1336 1321//1321
f 1322//1322 1321//1321 1336//1336
f 1336//1336 1337//1337 1322//1322
f 1323//1323 1322//1322 1337//1337
f 1337//1337 1338//1338 1323//1323
f 1324//1324 1323//1323 1338//1338
f 1338//1338 1339//1339 1324//1324
f 1325//1325 1324//1324 1339//1339
f 1339//1339 1340//1340 1325//1325
f 1326//1326 1325//1325 1340//1340
f 1340//1340 1341//1341 1326//1326
f 1342//1342 180//180 1327//1327
f 1327//1327 1326//1326 1341//1341
f 1341//1341 1342//1342 1327//1327
f 1343//1343 1344//1344 1345//1345
f 1345//1345 1330//1330 1329//1329
f 1329//1329 1343//1343 1345//1345
f 1331//1331 1330//1330 1345//1345
f 1345//1345 1346//1346 1331//1331
f 1332//1332 1331//1331 1346//1346
f 1346//1346 1347//1347 1332//1332
f 1333//1333 1332//1332 1347//1347
f 1347//1347 1348//1348 1333//1333
f 1334//1334 1333//1333 1348//1348
f 1348//1348 1349//1349 1334//1334
f 1335//1335 1334//1334 1349//1349
f 1349//1349 1350//1350 1335//1335
f 1336//1336 1335//1335 1350//1350
f 1350//1350 1351//1351 1336//1336
f 1337//1337 1336//1336 1351//1351
f 1351//1351 1352//1352 1337//1337
f 1338//1338 1337//1337 1352//1352
f 1352//1352 1353//1353 1338//1338
f 1339//1339 1338//1338 1353//1353
f 1353//1353 1354//1354 1339//1339
f 1340//1340 1339//1339 1354//1354
f 1354//1354 1355//1355 1340//1340
f 1341//1341 1340//1340 1355//1355
f 1355//1355 1356//1356 1341//1341
f 1357//1357 182//182 1342//1342
f 1342//1342 1341//1341 1356//1356
f 1356//1356 1357//1357 1342//1342
f 1344//1344 1358//1358 1359//1359
f 1359//1359 1360//1360 1345//1345
f 1345//1345 1344//1344 1359//1359
f 1346//1346 1345//1345 1360//1360
f 1360//1360 1361//1361 1346//1346
f 1347//1347 1346//1346 1361//1361
f 1361//1361 1362//1362 1347//1347
f 1348//1348 1347//1347 1362//1362
f 1362//1362 1363//1363 1348//1348
f 1349//1349 1348//1348 1363//1363
f 1363//1363 1364//1364 1349//1349
f 1350//1350 1349//1349 1364//1364
f 1364//1364 1365//1365 1350//1350
f 1351//1351 1350//1350 1365//1365
f 1365//1365 1366//1366 1351//1351
f 1352//1352 1351//1351 1366//1366
f 1366//1366 1367//1367 1352//1352
f 1353//1353 1352//1352 1367//1367
f 1367//1367 1368//1368 1353//1353
f 1354//1354 1353//1353 1368//1368
f 1368//1368 1369//1369 1354//1354
f 1355//1355 1354//1354 1369//1369
f 1369//1369 1370//1370 1355//1355
f 1356//1356 1355//1355 1370//1370
f 1370//1370 1371//1371 1356//1356
f 1372//1372 181//181 1357//1357
f 1357//1357 1356//1356 1371//1371
f 1371//1371 1372//1372 1357//1357
f 1360//1360 1359//1359 1373//1373
f 1373//1373 1374//1374 1360//1360
f 1361//1361 1360//1360 1374//1374
f 1374//1374 1375//1375 1361//1361
f 1362//1362 1361//1361 1375//1375
f 1375//1375 1376//1376 1362//1362
f 1363//1363 1362//1362 1376//1376
f 1376//1376 1377//1377 1363//1363
f 1364//1364 1363//1363 1377//1377
f 1377//1377 1378//1378 1364//1364
f 1365//1365 1364//1364 1378//1378
f 1378//1378 1379//1379 1365//1365
f 1366//1366 1365//1365 1379//1379
f 1379//1379 1380//1380 1366//1366
f 1367//1367 1366//1366 1380//1380
f 1380//1380 1381//1381 1367//1367
f 1368//1368 1367//1367 1381//1381
f 1381//1381 1382//1382 1368//1368
f 1369//1369 1368//1368 1382//1382
f 1382//1382 1383//1383 1369//1369
f 1370//1370 1369//1369 1383//1383
f 1383//1383 1384//1384 1370//1370
f 1371//1371 1370//1370 1384//1384
f 1384//1384 1385//1385 1371//1371
f 1386//1386 179//179 1372//1372
f 1372//1372 1371//1371 1385//1385
f 1385//1385 1386//1386 1372//1372
f 1374//1374 1373//1373 1387//1387
f 1387//1387 1388//1388 1374//1374
f 1375//1375 1374//1374 1388//1388
f 1388//1388 1389//1389 1375//1375
f 1376//1376 1375//1375 1389//1389
f 1389//1389 1390//1390 1376//1376
f 1377//1377 1376//1376 1390//1390
f 1390//1390 1391//1391 1377//1377
f 1378//1378 1377//1377 1391//1391
f 1391//1391 1392//1392 1378//1378
f 1379//1379 1378//1378 1392//1392
f 1392//1392 1393//1393 1379//1379
f 1380//1380 1379//1379 1393//1393
f 1393//1393 1394//1394 1380//1380
f 1381//1381 1380//1380 1394//1394
f 1394//1394 1395//1395 1381//1381
f 1382//1382 1381//1381 1395//1395
f 1395//1395 1396//1396 1382//1382
f 1383//1383 1382//1382 1396//1396
f 1396//1396 1397//1397 1383//1383
f 1384//1384 1383//1383 1397//1397
f 1397//1397 1398//1398 1384//1384
f 1385//1385 1384//1384 1398//1398
f 1398//1398 1399//1399 1385//1385
f 1400//1400 177//177 1386//1386
f 1386//1386 1385//1385 1399//1399
f 1399//1399 1400//1400 1386//1386
f 1388//1388 1387//1387 1401//1401
f 1401//1401 1402//1402 1388//1388
f 1389//1389 1388//1388 1402//1402
f 1402//1402 1403//1403 1389//1389
f 1390//1390 1389//1389 1403//1403
f 1403//1403 1404//1404 1390//1390
f 1391//1391 1390//1390 1404//1404
f 1404//1404 1405//1405 1391//1391
f 1392//1392 1391//1391 1405//1405
f 1405//1405 1406//1406 1392//1392
f 1393//1393 1392//1392 1406//1406
f 1406//1406 1407//1407 1393//1393
f 1394//1394 1393//1393 1407//1407
f 1407//1407 1408//1408 1394//1394
f 1395//1395 1394//1394 1408//1408
f 1408//1408 1409//1409 1395//1395
f 1396//1396 1395//1395 1409//1409
f 1409//1409 1410//1410 1396//1396
f 1397//1397 1396//1396 1410//1410
f 1410//1410 1411//1411 1397//1397
f 1398//1398 1397//1397 1411//1411
f 1411//1411 1412//1412 1398//1398
f 1413//1413 175//175 1414//1414
f 1414//1414 1399//1399 1398//1398
f 1398//1398 1412//1412 1413//1413
f 1413//1413 1414//1414 1398//1398
f 1399//1399 1414//1414 1400//1400
f 1402//1402 1401//1401 1415//1415
f 1415//1415 1416//1416 1402//1402
f 1403//1403 1402//1402 1416//1416
f 1416//1416 1417//1417 1403//1403
f 1404//1404 1403//1403 1417//1417
f 1417//1417 1418//1418 1404//1404
f 1405//1405 1404//1404 1418//1418
f 1418//1418 1419//1419 1405//1405
f 1406//1406 1405//1405 1419//1419
f 1419//1419 1420//1420 1406//1406
f 1407//1407 1406//1406 1420//1420
f 1420//1420 1421//1421 1407//1407
f 1408//1408 1407//1407 1421//1421
f 1421//1421 1422//1422 1408//1408
f 1409//1409 1408//1408 1422//1422
f 1422//1422 1423//1423 1409//1409
f 1410//1410 1409//1409 1423//1423
f 1423//1423 1424//1424 1410//1410
f 1411//1411 1410//1410 1424//1424
f 1424//1424 1425//1425 1411//1411
f 1412//1412 1411//1411 1425//1425
f 1425//1425 1426//1426 1412//1412
f 173//173 172//172 1413//1413
f 1413//1413 1412//1412 1426//1426
f 1426//1426 173//173 1413//1413
f 1416//1416 1415//1415 1427//1427
f 1427//1427 1428//1428 1416//1416
f 1417//1417 1416//1416 1428//1428
f 1428//1428 1429//1429 1417//1417
f 1418//1418 1417//1417 1429//1429
f 1429//1429 1430//1430 1418//1418
f 1419//1419 1418//1418 1430//1430
f 1430//1430 1431//1431 1419//1419
f 1420//1420 1419//1419 1431//1431
f 1431//1431 1432//1432 1420//1420
f 1421//1421 1420//1420 1432//1432
f 1432//1432 1433//1433 1421//1421
f 1422//1422 1421//1421 1433//1433
f 1433//1433 1434//1434 1422//1422
f 1423//1423 1422//1422 1434//1434
f 1434//1434 1435//1435 1423//1423
f 1424//1424 1423//1423 1435//1435
f 1435//1435 1436//1436 1424//1424
f 1425//1425 1424//1424 1436//1436
f 1436//1436 1437//1437 1425//1425
f 1437//1437 1438//1438 1439//1439
f 1439//1439 1426//1426 1425//1425
f 1425//1425 1437//1437 1439//1439
f 1439//1439 202//202 173//173
f 173//173 1426//1426 1439//1439
f 1428//1428 1427//1427 1440//1440
f 1440//1440 1441//1441 1428//1428
f 1429//1429 1428//1428 1441//1441
f 1441//1441 1442//1442 1429//1429
f 1430//1430 1429//1429 1442//1442
f 1442//1442 1443//1443 1430//1430
f 1431//1431 1430//1430 1443//1443
f 1443//1443 1444//1444 1431//1431
f 1432//1432 1431//1431 1444//1444
f 1444//1444 1445//1445 1432//1432
f 1433//1433 1432//1432 1445//1445
f 1445//1445 1446//1446 1433//1433
f 1434//1434 1433//1433 1446//1446
f 1446//1446 1447//1447 1434//1434
f 1435//1435 1434//1434 1447//1447
f 1447//1447 1448//1448 1435//1435
f 1436//1436 1435//1435 1448//1448
f 1448//1448 1449//1449 1436//1436
f 1437//1437 1436//1436 1449//1449
f 1449//1449 1450//1450 1437//1437
f 1451//1451 203//203 1438//1438
f 1438//1438 1437//1437 1450//1450
f 1450//1450 1451//1451 1438//1438
f 1441//1441 1440//1440 1452//1452
f 1452//1452 1453//1453 1441//1441
f 1442//1442 1441//1441 1453//1453
f 1453//1453 1454//1454 1442//1442
f 1443//1443 1442//1442 1454//1454
f 1454//1454 1455//1455 1443//1443
f 1444//1444 1443//1443 1455//1455
f 1455//1455 1456//1456 1444//1444
f 1445//1445 1444//1444 1456//1456
f 1456//1456 1457//1457 1445//1445
f 1446//1446 1445//1445 1457//1457
f 1457//1457 1458//1458 1446//1446
f 1447//1447 1446//1446 1458//1458
f 1458//1458 1459//1459 1447//1447
f 1448//1448 1447//1447 1459//1459
f 1459//1459 1460//1460 1448//1448
f 1449//1449 1448//1448 1460//1460
f 1460//1460 1461//1461 1449//1449
f 1461//1461 1462//1462 194//194
f 194//194 1450//1450 1449//1449
f 1449//1449 1461//1461 194//194
f 194//194 200//200 1451//1451
f 1451//1451 1450//1450 194//194
f 1453//1453 1452//1452 1463//1463
f 1463//1463 1464//1464 1453//1453
f 1454//1454 1453//1453 1464//1464
f 1464//1464 1465//1465 1454//1454
f 1455//1455 1454//1454 1465//1465
f 1465//1465 1466//1466 1455//1455
f 1456//1456 1455//1455 1466//1466
f 1466//1466 1467//1467 1456//1456
f 1457//1457 1456//1456 1467//1467
f 1467//1467 1468//1468 1457//1457
f 1458//1458 1457//1457 1468//1468
f 1468//1468 1469//1469 1458//1458
f 1459//1459 1458//1458 1469//1469
f 1469//1469 1470//1470 1459//1459
f 1460//1460 1459//1459 1470//1470
f 1470//1470 1471//1471 1460//1460
f 1461//1461 1460//1460 1471//1471
f 1471//1471 1472//1472 1461//1461
f 1473//1473 195//195 1462//1462
f 1462//1462 1461//1461 1472//1472
f 1472//1472 1473//1473 1462//1462
f 1464//1464 1463//1463 1474//1474
f 1474//1474 1475//1475 1464//1464
f 1465//1465 1464//1464 1475//1475
f 1475//1475 1476//1476 1465//1465
f 1466//1466 1465//1465 1476//1476
f 1476//1476 1477//1477 1466//1466
f 1467//1467 1466//1466 1477//1477
f 1477//1477 1478//1478 1467//1467
f 1468//1468 1467//1467 1478//1478
f 1478//1478 1479//1479 1468//1468
f 1469//1469 1468//1468 1479//1479
f 1479//1479 1480//1480 1469//1469
f 1470//1470 1469//1469 1480//1480
f 1480//1480 1481//1481 1470//1470
f 1471//1471 1470//1470 1481//1481
f 1481//1481 1482//1482 1471//1471
f 1483//1483 197//197 1484//1484
f 1484//1484 1472//1472 1471//1471
f 1471//1471 1482//1482 1483//1483
f 1483//1483 1484//1484 1471//1471
f 1472//1472 1484//1484 1473//1473
f 1475//1475 1474//1474 1485//1485
f 1485//1485 1486//1486 1475//1475
f 1476//1476 1475//1475 1486//1486
f 1486//1486 1487//1487 1476//1476
f 1477//1477 1476//1476 1487//1487
f 1487//1487 1488//1488 1477//1477
f 1478//1478 1477//1477 1488//1488
f 1488//1488 1489//1489 1478//1478
f 1479//1479 1478//1478 1489//1489
f 1489//1489 1490//1490 1479//1479
f 1480//1480 1479//1479 1490//1490
f 1490//1490 1491//1491 1480//1480
f 1481//1481 1480//1480 1491//1491
f 1491//1491 1492//1492 1481//1481
f 1482//1482 1481//1481 1492//1492
f 1492//1492 1493//1493 1482//1482
f 1494//1494 199//199 1483//1483
f 1483//1483 1482//1482 1493//1493
f 1493//1493 1494//1494 1483//1483
f 1486//1486 1485//1485 1495//1495
f 1495//1495 1496//1496 1486//1486
f 1487//1487 1486//1486 1496//1496
f 1496//1496 1497//1497 1487//1487
f 1488//1488 1487//1487 1497//1497
f 1497//1497 1498//1498 1488//1488
f 1489//1489 1488//1488 1498//1498
f 1498//1498 1499//1499 1489//1489
f 1490//1490 1489//1489 1499//1499
f 1499//1499 1500//1500 1490//1490
f 1491//1491 1490//1490 1500//1500
f 1500//1500 1501//1501 1491//1491
f 1492//1492 1491//1491 1501//1501
f 1501//1501 1502//1502 1492//1492
f 1503//1503 198//198 1504//1504
f 1504//1504 1493//1493 1492//1492
f 1492//1492 1502//1502 1503//1503
f 1503//1503 1504//1504 1492//1492
f 1493//1493 1504//1504 1494//1494
f 1496//1496 1495//1495 1505//1505
f 1505//1505 1506//1506 1496//1496
f 1497//1497 1496//1496 1506//1506
f 1506//1506 1507//1507 1497//1497
f 1498//1498 1497//1497 1507//1507
f 1507//1507 1508//1508 1498//1498
f 1499//1499 1498//1498 1508//1508
f 1508//1508 1509//1509 1499//1499
f 1500//1500 1499//1499 1509//1509
f 1509//1509 1510//1510 1500//1500
f 1501//1501 1500//1500 1510//1510
f 1510//1510 1511//1511 1501//1501
f 1512//1512 196//196 1513//1513
f 1513//1513 1502//1502 1501//1501
f 1501//1501 1511//1511 1512//1512
f 1512//1512 1513//1513 1501//1501
f 1502//1502 1513//1513 1503//1503
f 1506//1506 1505//1505 1514//1514
f 1514//1514 1515//1515 1506//1506
f 1507//1507 1506//1506 1515//1515
f 1515//1515 1516//1516 1507//1507
f 1508//1508 1507//1507 1516//1516
f 1516//1516 1517//1517 1508//1508
f 1509//1509 1508//1508 1517//1517
f 1517//1517 1518//1518 1509//1509
f 1510//1510 1509//1509 1518//1518
f 1518//1518 1519//1519 1510//1510
f 1520//1520 191//191 1521//1521
f 1521//1521 1511//1511 1510//1510
f 1510//1510 1519//1519 1520//1520
f 1520//1520 1521//1521 1510//1510
f 1511//1511 1521//1521 1512//1512
f 1515//1515 1514//1514 1522//1522
f 1522//1522 1523//1523 1515//1515
f 1516//1516 1515//1515 1523//1523
f 1523//1523 1524//1524 1516//1516
f 1517//1517 1516//1516 1524//1524
f 1524//1524 1525//1525 1517//1517
f 1518//1518 1517//1517 1525//1525
f 1525//1525 1526//1526 1518//1518
f 1526//1526 192//192 1527//1527
f 1527//1527 1519//1519 1518//1518
f 1518//1518 1526//1526 1527//1527
f 1519//1519 1527//1527 1520//1520
f 1523//1523 1522//1522 1528//1528
f 1528//1528 1529//1529 1523//1523
f 1524//1524 1523//1523 1529//1529
f 1529//1529 1530//1530 1524//1524
f 1525//1525 1524//1524 1530//1530
f 1530//1530 1531//1531 1525//1525
f 1526//1526 1525//1525 1531//1531
f 1531//1531 1532//1532 1526//1526
f 1533//1533 258//258 192//192
f 192//192 1526//1526 1532//1532
f 1532//1532 1533//1533 192//192
f 1529//1529 1528//1528 1534//1534
f 1534//1534 1535//1535 1529//1529
f 1530//1530 1529//1529 1535//1535
f 1535//1535 1536//1536 1530//1530
f 1531//1531 1530//1530 1536//1536
f 1536//1536 1537//1537 1531//1531
f 1537//1537 1538//1538 1539//1539
f 1539//1539 1532//1532 1531//1531
f 1531//1531 1537//1537 1539//1539
f 1539//1539 262//262 1533//1533
f 1533//1533 1532//1532 1539//1539
f 1535//1535 1534//1534 1540//1540
f 1540//1540 1541//1541 1535//1535
f 1536//1536 1535//1535 1541//1541
f 1541//1541 1542//1542 1536//1536
f 1542//1542 1543//1543 1544//1544
f 1544//1544 1537//1537 1536//1536
f 1536//1536 1542//1542 1544//1544
f 1544//1544 263//263 1538//1538
f 1538//1538 1537//1537 1544//1544
f 1541//1541 1540//1540 1545//1545
f 1545//1545 1546//1546 1541//1541
f 1546//1546 1547//1547 1548//1548
f 1548//1548 1542//1542 1541//1541
f 1541//1541 1546//1546 1548//1548
f 1548//1548 261//261 1543//1543
f 1543//1543 1542//1542 1548//1548
f 1549//1549 1550//1550 1551//1551
f 1551//1551 1546//1546 1545//1545
f 1545//1545 1549//1549 1551//1551
f 1551//1551 259//259 1547//1547
f 1547//1547 1546//1546 1551//1551
f 1550//1550 1549//1549 260//260
f 1626//1626 1627//1627 1628//1628
f 1628//1628 1629//1629 1626//1626
f 1630//1630 1631//1631 1626//1626
f 1626//1626 1629//1629 1630//1630
f 1632//1632 1633//1633 1631//1631
f 1631//1631 1630//1630 1632//1632
f 1634//1634 1635//1635 1633//1633
f 1633//1633 1632//1632 1634//1634
f 1636//1636 1637//1637 1635//1635
f 1635//1635 1634//1634 1636//1636
f 1638//1638 1639//1639 1637//1637
f 1637//1637 1636//1636 1638//1638
f 1640//1640 1641//1641 1639//1639
f 1639//1639 1638//1638 1640//1640
f 1642//1642 1643//1643 1641//1641
f 1641//1641 1640//1640 1642//1642
f 1644//1644 1645//1645 1643//1643
f 1643//1643 1642//1642 1644//1644
f 1646//1646 1647//1647 1645//1645
f 1645//1645 1644//1644 1646//1646
f 1648//1648 1649//1649 1647//1647
f 1647//1647 1646//1646 1648//1648
f 1650//1650 1651//1651 1649//1649
f 1649//1649 1648//1648 1650//1650
f 1652//1652 1653//1653 1651//1651
f 1651//1651 1650//1650 1652//1652
f 1654//1654 1655//1655 1653//1653
f 1653//1653 1652//1652 1654//1654
f 1656//1656 1657//1657 1655//1655
f 1655//1655 1654//1654 1656//1656
f 1658//1658 1659//1659 1657//1657
f 1657//1657 1656//1656 1658//1658
f 1660//1660 1661//1661 1659//1659
f 1659//1659 1658//1658 1660//1660
f 1662//1662 1663//1663 1661//1661
f 1661//1661 1660//1660 1662//1662
f 1664//1664 1665//1665 1663//1663
f 1663//1663 1662//1662 1664//1664
f 1666//1666 1667//1667 1665//1665
f 1665//1665 1664//1664 1666//1666
f 1668//1668 1669//1669 1667//1667
f 1667//1667 1666//1666 1668//1668
f 1670//1670 1671//1671 1669//1669
f 1669//1669 1668//1668 1672//1672
f 1673//1673 1670//1670 1669//1669
f 1669//1669 1672//1672 1674//1674
f 1675//1675 1673//1673 1669//1669
f 1669//1669 1674//1674 1675//1675
f 1676//1676 1677//1677 1671//1671
f 1678//1678 1679//1679 1680//1680
f 1680//1680 1681//1681 1682//1682
f 1683//1683 1676//1676 1671//1671
f 1671//1671 1670//1670 1684//1684
f 1684//1684 1678//1678 1680//1680
f 1680//1680 1682//1682 1683//1683
f 1683//1683 1671//1671 1684//1684
f 1684//1684 1680//1680 1683//1683
f 1685//1685 1686//1686 1687//1687
f 1688//1688 1689//1689 1690//1690
f 1691//1691 1681//1681 1680//1680
f 1685//1685 1687//1687 1692//1692
f 1693//1693 1688//1688 1690//1690
f 1694//1694 1691//1691 1680//1680
f 1685//1685 1692//1692 1695//1695
f 1693//1693 1690//1690 1694//1694
f 1694//1694 1680//1680 1685//1685
f 1685//1685 1695//1695 1696//1696
f 1697//1697 1693//1693 1694//1694
f 1685//1685 1696//1696 1697//1697
f 1697//1697 1694//1694 1685//1685
f 1686//1686 1698//1698 1699//1699
f 1700//1700 1698//1698 1686//1686
f 1701//1701 1702//1702 1703//1703
f 1704//1704 1705//1705 1686//1686
f 1686//1686 1699//1699 1706//1706
f 1707//1707 1700//1700 1686//1686
f 1701//1701 1703//1703 1708//1708
f 1708//1708 1704//1704 1686//1686
f 1709//1709 1707//1707 1686//1686
f 1708//1708 1686//1686 1706//1706
f 1709//1709 1686//1686 1685//1685
f 1701//1701 1708//1708 1706//1706
f 1710//1710 1709//1709 1685//1685
f 1701//1701 1706//1706 1711//1711
f 1712//1712 1710//1710 1685//1685
f 1701//1701 1711//1711 1713//1713
f 1714//1714 1712//1712 1685//1685
f 1701//1701 1713//1713 1715//1715
f 1715//1715 1714//1714 1685//1685
f 1685//1685 1701//1701 1715//1715
f 1629//1629 1628//1628 1716//1716
f 1716//1716 1717//1717 1629//1629
f 1630//1630 1629//1629 1717//1717
f 1717//1717 1718//1718 1630//1630
f 1632//1632 1630//1630 1718//1718
f 1718//1718 1719//1719 1632//1632
f 1634//1634 1632//1632 1719//1719
f 1719//1719 1720//1720 1634//1634
f 1636//1636 1634//1634 1720//1720
f 1720//1720 1721//1721 1636//1636
f 1638//1638 1636//1636 1721//1721
f 1721//1721 1722//1722 1638//1638
f 1640//1640 1638//1638 1722//1722
f 1722//1722 1723//1723 1640//1640
f 1642//1642 1640//1640 1723//1723
f 1723//1723 1724//1724 1642//1642
f 1644//1644 1642//1642 1724//1724
f 1724//1724 1725//1725 1644//1644
f 1646//1646 1644//1644 1725//1725
f 1725//1725 1726//1726 1646//1646
f 1648//1648 1646//1646 1726//1726
f 1726//1726 1727//1727 1648//1648
f 1650//1650 1648//1648 1727//1727
f 1727//1727 1728//1728 1650//1650
f 1652//1652 1650//1650 1728//1728
f 1728//1728 1729//1729 1652//1652
f 1654//1654 1652//1652 1729//1729
f 1729//1729 1730//1730 1654//1654
f 1656//1656 1654//1654 1730//1730
f 1730//1730 1731//1731 1656//1656
f 1658//1658 1656//1656 1731//1731
f 1731//1731 1732//1732 1658//1658
f 1660//1660 1658//1658 1732//1732
f 1732//1732 1733//1733 1660//1660
f 1662//1662 1660//1660 1733//1733
f 1733//1733 1734//1734 1662//1662
f 1664//1664 1662//1662 1734//1734
f 1734//1734 1735//1735 1664//1664
f 1666//1666 1664//1664 1735//1735
f 1735//1735 1736//1736 1666//1666
f 1668//1668 1666//1666 1736//1736
f 1736//1736 1737//1737 1668//1668
f 1668//1668 1737//1737 1738//1738
f 1738//1738 1739//1739 1740//1740
f 1741//1741 1672//1672 1668//1668
f 1668//1668 1738//1738 1740//1740
f 1740//1740 1741//1741 1668//1668
f 1679//1679 1742//1742 1743//1743
f 1744//1744 1742//1742 1679//1679
f 1738//1738 1745//1745 1746//1746
f 1747//1747 1748//1748 1680//1680
f 1680//1680 1679//1679 1743//1743
f 1749//1749 1744//1744 1679//1679
f 1750//1750 1739//1739 1738//1738
f 1738//1738 1746//1746 1747//1747
f 1680//1680 1743//1743 1751//1751
f 1752//1752 1749//1749 1679//1679
f 1679//1679 1750//1750 1738//1738
f 1680//1680 1751//1751 1753//1753
f 1754//1754 1752//1752 1679//1679
f 1747//1747 1680//1680 1753//1753
f 1747//1747 1753//1753 1755//1755
f 1754//1754 1679//1679 1738//1738
f 1747//1747 1755//1755 1756//1756
f 1757//1757 1754//1754 1738//1738
f 1738//1738 1747//1747 1756//1756
f 1758//1758 1757//1757 1738//1738
f 1738//1738 1756//1756 1758//1758
f 1759//1759 1760//1760 1761//1761
f 1762//1762 1763//1763 1685//1685
f 1685//1685 1680//1680 1748//1748
f 1748//1748 1759//1759 1761//1761
f 1764//1764 1762//1762 1685//1685
f 1748//1748 1761//1761 1765//1765
f 1765//1765 1764//1764 1685//1685
f 1685//1685 1748//1748 1765//1765
f 1766//1766 1767//1767 1768//1768
f 1768//1768 1701//1701 1685//1685
f 1769//1769 1766//1766 1768//1768
f 1770//1770 1769//1769 1768//1768
f 1685//1685 1763//1763 1770//1770
f 1770//1770 1768//1768 1685//1685
f 1717//1717 1716//1716 1771//1771
f 1771//1771 1772//1772 1717//1717
f 1718//1718 1717//1717 1772//1772
f 1772//1772 1773//1773 1718//1718
f 1719//1719 1718//1718 1773//1773
f 1773//1773 1774//1774 1719//1719
f 1720//1720 1719//1719 1774//1774
f 1774//1774 1775//1775 1720//1720
f 1721//1721 1720//1720 1775//1775
f 1775//1775 1776//1776 1721//1721
f 1722//1722 1721//1721 1776//1776
f 1776//1776 1777//1777 1722//1722
f 1723//1723 1722//1722 1777//1777
f 1777//1777 1778//1778 1723//1723
f 1724//1724 1723//1723 1778//1778
f 1778//1778 1779//1779 1724//1724
f 1725//1725 1724//1724 1779//1779
f 1779//1779 1780//1780 1725//1725
f 1726//1726 1725//1725 1780//1780
f 1780//1780 1781//1781 1726//1726
f 1727//1727 1726//1726 1781//1781
f 1781//1781 1782//1782 1727//1727
f 1728//1728 1727//1727 1782//1782
f 1782//1782 1783//1783 1728//1728
f 1729//1729 1728//1728 1783//1783
f 1783//1783 1784//1784 1729//1729
f 1730//1730 1729//1729 1784//1784
f 1784//1784 1785//1785 1730//1730
f 1731//1731 1730//1730 1785//1785
f 1785//1785 1786//1786 1731//1731
f 1732//1732 1731//1731 1786//1786
f 1786//1786 1787//1787 1732//1732
f 1733//1733 1732//1732 1787//1787
f 1787//1787 1788//1788 1733//1733
f 1734//1734 1733//1733 1788//1788
f 1788//1788 1789//1789 1734//1734
f 1735//1735 1734//1734 1789//1789
f 1789//1789 1790//1790 1735//1735
f 1736//1736 1735//1735 1790//1790
f 1790//1790 1791//1791 1736//1736
f 1737//1737 1736//1736 1791//1791
f 1791//1791 1792//1792 1737//1737
f 1738//1738 1737//1737 1792//1792
f 1792//1792 1793//1793 1738//1738
f 1794//1794 1795//1795 1796//1796
f 1738//1738 1793//1793 1794//1794
f 1794//1794 1796//1796 1797//1797
f 1798//1798 1745//1745 1738//1738
f 1738//1738 1794//1794 1797//1797
f 1797//1797 1798//1798 1738//1738
f 1760//1760 1799//1799 1800//1800
f 1801//1801 1799//1799 1760//1760
f 1802//1802 1803//1803 1804//1804
f 1805//1805 1761//1761 1760//1760
f 1760//1760 1800//1800 1806//1806
f 1807//1807 1801//1801 1760//1760
f 1808//1808 1795//1795 1794//1794
f 1802//1802 1804//1804 1809//1809
f 1809//1809 1805//1805 1760//1760
f 1810//1810 1807//1807 1760//1760
f 1811//1811 1808//1808 1794//1794
f 1809//1809 1760//1760 1806//1806
f 1802//1802 1809//1809 1806//1806
f 1810//1810 1760//1760 1811//1811
f 1802//1802 1806//1806 1812//1812
f 1813//1813 1810//1810 1811//1811
f 1802//1802 1812//1812 1814//1814
f 1813//1813 1811//1811 1794//1794
f 1802//1802 1814//1814 1815//1815
f 1816//1816 1813//1813 1794//1794
f 1794//1794 1802//1802 1815//1815
f 1817//1817 1816//1816 1794//1794
f 1794//1794 1815//1815 1817//1817
f 1818//1818 1819//1819 1768//1768
f 1820//1820 1821//1821 1822//1822
f 1802//1802 1823//1823 1824//1824
f 1825//1825 1818//1818 1768//1768
f 1768//1768 1767//1767 1826//1826
f 1826//1826 1820//1820 1822//1822
f 1827//1827 1803//1803 1802//1802
f 1802//1802 1824//1824 1828//1828
f 1825//1825 1768//1768 1826//1826
f 1826//1826 1822//1822 1827//1827
f 1802//1802 1828//1828 1829//1829
f 1830//1830 1825//1825 1826//1826
f 1826//1826 1827//1827 1802//1802
f 1802//1802 1829//1829 1831//1831
f 1831//1831 1830//1830 1826//1826
f 1826//1826 1802//1802 1831//1831
f 1772//1772 1771//1771 1832//1832
f 1832//1832 1833//1833 1772//1772
f 1773//1773 1772//1772 1833//1833
f 1833//1833 1834//1834 1773//1773
f 1774//1774 1773//1773 1834//1834
f 1834//1834 1835//1835 1774//1774
f 1775//1775 1774//1774 1835//1835
f 1835//1835 1836//1836 1775//1775
f 1776//1776 1775//1775 1836//1836
f 1836//1836 1837//1837 1776//1776
f 1777//1777 1776//1776 1837//1837
f 1837//1837 1838//1838 1777//1777
f 1778//1778 1777//1777 1838//1838
f 1838//1838 1839//1839 1778//1778
f 1779//1779 1778//1778 1839//1839
f 1839//1839 1840//1840 1779//1779
f 1780//1780 1779//1779 1840//1840
f 1840//1840 1841//1841 1780//1780
f 1781//1781 1780//1780 1841//1841
f 1841//1841 1842//1842 1781//1781
f 1782//1782 1781//1781 1842//1842
f 1842//1842 1843//1843 1782//1782
f 1783//1783 1782//1782 1843//1843
f 1843//1843 1844//1844 1783//1783
f 1784//1784 1783//1783 1844//1844
f 1844//1844 1845//1845 1784//1784
f 1785//1785 1784//1784 1845//1845
f 1845//1845 1846//1846 1785//1785
f 1786//1786 1785//1785 1846//1846
f 1846//1846 1847//1847 1786//1786
f 1787//1787 1786//1786 1847//1847
f 1847//1847 1848//1848 1787//1787
f 1788//1788 1787//1787 1848//1848
f 1848//1848 1849//1849 1788//1788
f 1789//1789 1788//1788 1849//1849
f 1849//1849 1850//1850 1789//1789
f 1790//1790 1789//1789 1850//1850
f 1850//1850 1851//1851 1790//1790
f 1791//1791 1790//1790 1851//1851
f 1851//1851 1852//1852 1791//1791
f 1792//1792 1791//1791 1852//1852
f 1852//1852 1853//1853 1792//1792
f 1793//1793 1792//1792 1853//1853
f 1853//1853 1854//1854 1793//1793
f 1794//1794 1793//1793 1854//1854
f 1854//1854 1855//1855 1794//1794
f 1794//1794 1856//1856 1857//1857
f 1858//1858 1856//1856 1794//1794
f 1802//1802 1794//1794 1857//1857
f 1859//1859 1858//1858 1794//1794
f 1802//1802 1857//1857 1860//1860
f 1861//1861 1859//1859 1794//1794
f 1862//1862 1802//1802 1860//1860
f 1861//1861 1794//1794 1855//1855
f 1862//1862 1860//1860 1863//1863
f 1864//1864 1861//1861 1855//1855
f 1862//1862 1863//1863 1865//1865
f 1866//1866 1864//1864 1855//1855
f 1862//1862 1865//1865 1867//1867
f 1868//1868 1866//1866 1855//1855
f 1855//1855 1862//1862 1867//1867
f 1867//1867 1868//1868 1855//1855
f 1869//1869 1870//1870 1823//1823
f 1823//1823 1802//1802 1862//1862
f 1862//1862 1871//1871 1872//1872
f 1873//1873 1869//1869 1823//1823
f 1823//1823 1862//1862 1872//1872
f 1872//1872 1873//1873 1823//1823
f 1833//1833 1832//1832 1874//1874
f 1874//1874 1875//1875 1833//1833
f 1834//1834 1833//1833 1875//1875
f 1875//1875 1876//1876 1834//1834
f 1835//1835 1834//1834 1876//1876
f 1876//1876 1877//1877 1835//1835
f 1836//1836 1835//1835 1877//1877
f 1877//1877 1878//1878 1836//1836
f 1837//1837 1836//1836 1878//1878
f 1878//1878 1879//1879 1837//1837
f 1838//1838 1837//1837 1879//1879
f 1879//1879 1880//1880 1838//1838
f 1839//1839 1838//1838 1880//1880
f 1880//1880 1881//1881 1839//1839
f 1840//1840 1839//1839 1881//1881
f 1881//1881 1882//1882 1840//1840
f 1841//1841 1840//1840 1882//1882
f 1882//1882 1883//1883 1841//1841
f 1842//1842 1841//1841 1883//1883
f 1883//1883 1884//1884 1842//1842
f 1843//1843 1842//1842 1884//1884
f 1884//1884 1885//1885 1843//1843
f 1844//1844 1843//1843 1885//1885
f 1885//1885 1886//1886 1844//1844
f 1845//1845 1844//1844 1886//1886
f 1886//1886 1887//1887 1845//1845
f 1846//1846 1845//1845 1887//1887
f 1887//1887 1888//1888 1846//1846
f 1847//1847 1846//1846 1888//1888
f 1888//1888 1889//1889 1847//1847
f 1848//1848 1847//1847 1889//1889
f 1889//1889 1890//1890 1848//1848
f 1849//1849 1848//1848 1890//1890
f 1890//1890 1891//1891 1849//1849
f 1850//1850 1849//1849 1891//1891
f 1891//1891 1892//1892 1850//1850
f 1851//1851 1850//1850 1892//1892
f 1892//1892 1893//1893 1851//1851
f 1852//1852 1851//1851 1893//1893
f 1893//1893 1894//1894 1852//1852
f 1853//1853 1852//1852 1894//1894
f 1894//1894 1895//1895 1853//1853
f 1896//1896 1897//1897 1898//1898
f 1899//1899 1900//1900 1854//1854
f 1854//1854 1853//1853 1895//1895
f 1895//1895 1901//1901 1902//1902
f 1903//1903 1896//1896 1898//1898
f 1904//1904 1899//1899 1854//1854
f 1854//1854 1895//1895 1902//1902
f 1903//1903 1898//1898 1904//1904
f 1854//1854 1902//1902 1905//1905
f 1905//1905 1903//1903 1904//1904
f 1904//1904 1854//1854 1905//1905
f 1906//1906 1907//1907 1908//1908
f 1900//1900 1909//1909 1910//1910
f 1911//1911 1906//1906 1908//1908
f 1854//1854 1900//1900 1910//1910
f 1911//1911 1908//1908 1912//1912
f 1913//1913 1911//1911 1912//1912
f 1914//1914 1913//1913 1912//1912
f 1854//1854 1910//1910 1915//1915
f 1854//1854 1915//1915 1916//1916
f 1854//1854 1916//1916 1917//1917
f 1918//1918 1914//1914 1912//1912
f 1855//1855 1854//1854 1917//1917
f 1919//1919 1918//1918 1912//1912
f 1855//1855 1917//1917 1920//1920
f 1919//1919 1912//1912 1855//1855
f 1855//1855 1920//1920 1919//1919
f 1921//1921 1922//1922 1923//1923
f 1924//1924 1925//1925 1862//1862
f 1862//1862 1855//1855 1912//1912
f 1912//1912 1926//1926 1927//1927
f 1927//1927 1921//1921 1923//1923
f 1928//1928 1924//1924 1862//1862
f 1862//1862 1912//1912 1927//1927
f 1927//1927 1923//1923 1928//1928
f 1928//1928 1862//1862 1927//1927
f 1862//1862 1929//1929 1930//1930
f 1931//1931 1929//1929 1862//1862
f 1932//1932 1933//1933 1934//1934
f 1934//1934 1935//1935 1936//1936
f 1862//1862 1930//1930 1937//1937
f 1938//1938 1931//1931 1862//1862
f 1862//1862 1925//1925 1939//1939
f 1939//1939 1932//1932 1934//1934
f 1934//1934 1936//1936 1940//1940
f 1940//1940 1871//1871 1862//1862
f 1941//1941 1938//1938 1862//1862
f 1940//1940 1862//1862 1937//1937
f 1942//1942 1941//1941 1862//1862
f 1934//1934 1940//1940 1937//1937
f 1942//1942 1862//1862 1939//1939
f 1934//1934 1937//1937 1943//1943
f 1944//1944 1942//1942 1939//1939
f 1934//1934 1943//1943 1945//1945
f 1946//1946 1944//1944 1939//1939
f 1934//1934 1945//1945 1947//1947
f 1947//1947 1946//1946 1939//1939
f 1939//1939 1934//1934 1947//1947
f 1875//1875 1874//1874 1948//1948
f 1948//1948 1949//1949 1875//1875
f 1876//1876 1875//1875 1949//1949
f 1949//1949 1950//1950 1876//1876
f 1877//1877 1876//1876 1950//1950
f 1950//1950 1951//1951 1877//1877
f 1878//1878 1877//1877 1951//1951
f 1951//1951 1952//1952 1878//1878
f 1879//1879 1878//1878 1952//1952
f 1952//1952 1953//1953 1879//1879
f 1880//1880 1879//1879 1953//1953
f 1953//1953 1954//1954 1880//1880
f 1881//1881 1880//1880 1954//1954
f 1954//1954 1955//1955 1881//1881
f 1882//1882 1881//1881 1955//1955
f 1955//1955 1956//1956 1882//1882
f 1883//1883 1882//1882 1956//1956
f 1956//1956 1957//1957 1883//1883
f 1884//1884 1883//1883 1957//1957
f 1957//1957 1958//1958 1884//1884
f 1885//1885 1884//1884 1958//1958
f 1958//1958 1959//1959 1885//1885
f 1886//1886 1885//1885 1959//1959
f 1959//1959 1960//1960 1886//1886
f 1887//1887 1886//1886 1960//1960
f 1960//1960 1961//1961 1887//1887
f 1888//1888 1887//1887 1961//1961
f 1961//1961 1962//1962 1888//1888
f 1889//1889 1888//1888 1962//1962
f 1962//1962 1963//1963 1889//1889
f 1890//1890 1889//1889 1963//1963
f 1963//1963 1964//1964 1890//1890
f 1891//1891 1890//1890 1964//1964
f 1964//1964 1965//1965 1891//1891
f 1892//1892 1891//1891 1965//1965
f 1965//1965 1966//1966 1892//1892
f 1893//1893 1892//1892 1966//1966
f 1966//1966 1967//1967 1893//1893
f 1894//1894 1893//1893 1967//1967
f 1967//1967 1968//1968 1894//1894
f 1894//1894 1969//1969 1970//1970
f 1971//1971 1969//1969 1894//1894
f 1895//1895 1894//1894 1970//1970
f 1972//1972 1971//1971 1894//1894
f 1895//1895 1970//1970 1973//1973
f 1974//1974 1972//1972 1894//1894
f 1975//1975 1895//1895 1973//1973
f 1976//1976 1974//1974 1894//1894
f 1975//1975 1973//1973 1977//1977
f 1976//1976 1894//1894 1968//1968
f 1975//1975 1977//1977 1978//1978
f 1979//1979 1976//1976 1968//1968
f 1975//1975 1978//1978 1980//1980
f 1981//1981 1979//1979 1968//1968
f 1968//1968 1975//1975 1980//1980
f 1980//1980 1981//1981 1968//1968
f 1975//1975 1982//1982 1983//1983
f 1984//1984 1901//1901 1895//1895
f 1975//1975 1983//1983 1985//1985
f 1985//1985 1898//1898 1897//1897
f 1986//1986 1984//1984 1895//1895
f 1986//1986 1895//1895 1975//1975
f 1985//1985 1897//1897 1987//1987
f 1988//1988 1986//1986 1975//1975
f 1985//1985 1987//1987 1989//1989
f 1990//1990 1988//1988 1975//1975
f 1975//1975 1985//1985 1989//1989
f 1989//1989 1990//1990 1975//1975
f 1982//1982 1991//1991 1912//1912
f 1992//1992 1983//1983 1982//1982
f 1982//1982 1912//1912 1908//1908
f 1993//1993 1992//1992 1982//1982
f 1982//1982 1908//1908 1993//1993
f 1994//1994 1995//1995 1996//1996
f 1996//1996 1997//1997 1998//1998
f 1912//1912 1991//1991 1999//1999
f 2000//2000 2001//2001 2002//2002
f 2002//2002 1994//1994 1996//1996
f 1996//1996 1998//1998 2003//2003
f 2004//2004 1926//1926 1912//1912
f 1912//1912 1999//1999 2005//2005
f 2006//2006 2000//2000 2002//2002
f 2002//2002 1996//1996 2003//2003
f 2007//2007 2004//2004 1912//1912
f 1912//1912 2005//2005 2008//2008
f 2006//2006 2002//2002 2003//2003
f 2007//2007 1912//1912 2008//2008
f 2009//2009 2006//2006 2003//2003
f 2010//2010 2007//2007 2008//2008
f 2011//2011 2009//2009 2003//2003
f 2012//2012 2010//2010 2008//2008
f 2008//2008 2011//2011 2003//2003
f 2003//2003 2012//2012 2008//2008
f 2013//2013 2014//2014 1934//1934
f 1995//1995 2015//2015 2016//2016
f 2017//2017 2013//2013 1934//1934
f 1934//1934 1933//1933 2018//2018
f 2018//2018 1996//1996 1995//1995
f 1995//1995 2016//2016 2019//2019
f 2017//2017 1934//1934 2018//2018
f 1995//1995 2019//2019 2020//2020
f 2021//2021 2017//2017 2018//2018
f 2018//2018 1995//1995 2020//2020
f 2022//2022 2021//2021 2018//2018
f 2018//2018 2020//2020 2022//2022
f 1949//1949 1948//1948 2023//2023
f 2023//2023 2024//2024 1949//1949
f 1950//1950 1949//1949 2024//2024
f 2024//2024 2025//2025 1950//1950
f 1951//1951 1950//1950 2025//2025
f 2025//2025 2026//2026 1951//1951
f 1952//1952 1951//1951 2026//2026
f 2026//2026 2027//2027 1952//1952
f 1953//1953 1952//1952 2027//2027
f 2027//2027 2028//2028 1953//1953
f 1954//1954 1953//1953 2028//2028
f 2028//2028 2029//2029 1954//1954
f 1955//1955 1954//1954 2029//2029
f 2029//2029 2030//2030 1955//1955
f 1956//1956 1955//1955 2030//2030
f 2030//2030 2031//2031 1956//1956
f 1957//1957 1956//1956 2031//2031
f 2031//2031 2032//2032 1957//1957
f 1958//1958 1957//1957 2032//2032
f 2032//2032 2033//2033 1958//1958
f 1959//1959 1958//1958 2033//2033
f 2033//2033 2034//2034 1959//1959
f 1960//1960 1959//1959 2034//2034
f 2034//2034 2035//2035 1960//1960
f 1961//1961 1960//1960 2035//2035
f 2035//2035 2036//2036 1961//1961
f 1962//1962 1961//1961 2036//2036
f 2036//2036 2037//2037 1962//1962
f 1963//1963 1962//1962 2037//2037
f 2037//2037 2038//2038 1963//1963
f 1964//1964 1963//1963 2038//2038
f 2038//2038 2039//2039 1964//1964
f 1965//1965 1964//1964 2039//2039
f 2039//2039 2040//2040 1965//1965
f 1966//1966 1965//1965 2040//2040
f 2040//2040 2041//2041 1966//1966
f 1967//1967 1966//1966 2041//2041
f 2041//2041 2042//2042 1967//1967
f 1968//1968 1967//1967 2042//2042
f 2042//2042 2043//2043 1968//1968
f 1975//1975 1968//1968 2043//2043
f 2043//2043 2044//2044 1975//1975
f 1982//1982 1975//1975 2044//2044
f 2044//2044 2045//2045 1982//1982
f 2045//2045 2046//2046 2047//2047
f 2048//2048 2049//2049 1991//1991
f 1991//1991 1982//1982 2045//2045
f 2045//2045 2047//2047 2050//2050
f 2050//2050 2048//2048 1991//1991
f 1991//1991 2045//2045 2050//2050
f 2051//2051 2052//2052 2053//2053
f 2053//2053 2054//2054 2055//2055
f 2056//2056 2002//2002 2001//2001
f 2057//2057 1999//1999 1991//1991
f 1991//1991 2049//2049 2058//2058
f 2058//2058 2051//2051 2053//2053
f 2053//2053 2055//2055 2056//2056
f 2059//2059 2057//2057 1991//1991
f 1991//1991 2058//2058 2053//2053
f 2053//2053 2056//2056 2001//2001
f 2059//2059 1991//1991 2053//2053
f 2053//2053 2001//2001 2060//2060
f 2061//2061 2059//2059 2053//2053
f 2053//2053 2060//2060 2061//2061
f 2053//2053 2062//2062 2063//2063
f 2064//2064 2065//2065 2054//2054
f 2053//2053 2063//2063 2066//2066
f 2067//2067 2064//2064 2054//2054
f 2053//2053 2066//2066 2067//2067
f 2067//2067 2054//2054 2053//2053
f 2068//2068 2069//2069 2070//2070
f 2070//2070 2071//2071 2068//2068
f 2024//2024 2023//2023 2072//2072
f 2072//2072 2073//2073 2024//2024
f 2025//2025 2024//2024 2073//2073
f 2073//2073 2074//2074 2025//2025
f 2026//2026 2025//2025 2074//2074
f 2074//2074 2075//2075 2026//2026
f 2027//2027 2026//2026 2075//2075
f 2075//2075 2076//2076 2027//2027
f 2028//2028 2027//2027 2076//2076
f 2076//2076 2077//2077 2028//2028
f 2029//2029 2028//2028 2077//2077
f 2077//2077 2078//2078 2029//2029
f 2030//2030 2029//2029 2078//2078
f 2078//2078 2079//2079 2030//2030
f 2031//2031 2030//2030 2079//2079
f 2079//2079 2080//2080 2031//2031
f 2032//2032 2031//2031 2080//2080
f 2080//2080 2081//2081 2032//2032
f 2033//2033 2032//2032 2081//2081
f 2081//2081 2082//2082 2033//2033
f 2034//2034 2033//2033 2082//2082
f 2082//2082 2083//2083 2034//2034
f 2035//2035 2034//2034 2083//2083
f 2083//2083 2084//2084 2035//2035
f 2036//2036 2035//2035 2084//2084
f 2084//2084 2085//2085 2036//2036
f 2037//2037 2036//2036 2085//2085
f 2085//2085 2086//2086 2037//2037
f 2038//2038 2037//2037 2086//2086
f 2086//2086 2087//2087 2038//2038
f 2039//2039 2038//2038 2087//2087
f 2087//2087 2088//2088 2039//2039
f 2040//2040 2039//2039 2088//2088
f 2088//2088 2089//2089 2040//2040
f 2041//2041 2040//2040 2089//2089
f 2089//2089 2090//2090 2041//2041
f 2042//2042 2041//2041 2090//2090
f 2090//2090 2091//2091 2042//2042
f 2043//2043 2042//2042 2091//2091
f 2091//2091 2092//2092 2043//2043
f 2044//2044 2043//2043 2092//2092
f 2092//2092 2093//2093 2044//2044
f 2045//2045 2044//2044 2093//2093
f 2093//2093 2094//2094 2045//2045
f 2045//2045 2094//2094 2095//2095
f 2095//2095 2096//2096 2097//2097
f 2098//2098 2046//2046 2045//2045
f 2045//2045 2095//2095 2097//2097
f 2097//2097 2098//2098 2045//2045
f 2099//2099 2100//2100 2101//2101
f 2101//2101 2053//2053 2052//2052
f 2095//2095 2102//2102 2103//2103
f 2104//2104 2099//2099 2101//2101
f 2105//2105 2096//2096 2095//2095
f 2095//2095 2103//2103 2106//2106
f 2104//2104 2101//2101 2052//2052
f 2052//2052 2105//2105 2095//2095
f 2106//2106 2104//2104 2052//2052
f 2052//2052 2095//2095 2106//2106
f 2053//2053 2107//2107 2108//2108
f 2109//2109 2107//2107 2053//2053
f 2101//2101 2110//2110 2111//2111
f 2112//2112 2113//2113 2114//2114
f 2114//2114 2115//2115 2116//2116
f 2053//2053 2108//2108 2117//2117
f 2118//2118 2109//2109 2053//2053
f 2101//2101 2111//2111 2119//2119
f 2120//2120 2112//2112 2114//2114
f 2114//2114 2116//2116 2121//2121
f 2121//2121 2062//2062 2053//2053
f 2122//2122 2118//2118 2053//2053
f 2120//2120 2114//2114 2121//2121
f 2121//2121 2053//2053 2117//2117
f 2122//2122 2053//2053 2101//2101
f 2120//2120 2121//2121 2117//2117
f 2123//2123 2122//2122 2101//2101
f 2120//2120 2117//2117 2124//2124
f 2125//2125 2123//2123 2101//2101
f 2120//2120 2124//2124 2126//2126
f 2127//2127 2125//2125 2101//2101
f 2119//2119 2120//2120 2126//2126
f 2128//2128 2127//2127 2101//2101
f 2119//2119 2126//2126 2128//2128
f 2128//2128 2101//2101 2119//2119
f 2073//2073 2072//2072 2129//2129
f 2129//2129 2130//2130 2073//2073
f 2074//2074 2073//2073 2130//2130
f 2130//2130 2131//2131 2074//2074
f 2075//2075 2074//2074 2131//2131
f 2131//2131 2132//2132 2075//2075
f 2076//2076 2075//2075 2132//2132
f 2132//2132 2133//2133 2076//2076
f 2077//2077 2076//2076 2133//2133
f 2133//2133 2134//2134 2077//2077
f 2078//2078 2077//2077 2134//2134
f 2134//2134 2135//2135 2078//2078
f 2079//2079 2078//2078 2135//2135
f 2135//2135 2136//2136 2079//2079
f 2080//2080 2079//2079 2136//2136
f 2136//2136 2137//2137 2080//2080
f 2081//2081 2080//2080 2137//2137
f 2137//2137 2138//2138 2081//2081
f 2082//2082 2081//2081 2138//2138
f 2138//2138 2139//2139 2082//2082
f 2083//2083 2082//2082 2139//2139
f 2139//2139 2140//2140 2083//2083
f 2084//2084 2083//2083 2140//2140
f 2140//2140 2141//2141 2084//2084
f 2085//2085 2084//2084 2141//2141
f 2141//2141 2142//2142 2085//2085
f 2086//2086 2085//2085 2142//2142
f 2142//2142 2143//2143 2086//2086
f 2087//2087 2086//2086 2143//2143
f 2143//2143 2144//2144 2087//2087
f 2088//2088 2087//2087 2144//2144
f 2144//2144 2145//2145 2088//2088
f 2089//2089 2088//2088 2145//2145
f 2145//2145 2146//2146 2089//2089
f 2090//2090 2089//2089 2146//2146
f 2146//2146 2147//2147 2090//2090
f 2091//2091 2090//2090 2147//2147
f 2147//2147 2148//2148 2091//2091
f 2092//2092 2091//2091 2148//2148
f 2148//2148 2149//2149 2092//2092
f 2093//2093 2092//2092 2149//2149
f 2149//2149 2150//2150 2093//2093
f 2094//2094 2093//2093 2150//2150
f 2150//2150 2151//2151 2094//2094
f 2095//2095 2094//2094 2151//2151
f 2151//2151 2152//2152 2095//2095
f 2153//2153 2154//2154 2155//2155
f 2156//2156 2157//2157 2101//2101
f 2152//2152 2153//2153 2155//2155
f 2158//2158 2156//2156 2101//2101
f 2101//2101 2100//2100 2159//2159
f 2160//2160 2102//2102 2095//2095
f 2152//2152 2155//2155 2161//2161
f 2158//2158 2101//2101 2159//2159
f 2162//2162 2160//2160 2095//2095
f 2095//2095 2152//2152 2161//2161
f 2163//2163 2158//2158 2159//2159
f 2162//2162 2095//2095 2161//2161
f 2163//2163 2159//2159 2164//2164
f 2165//2165 2162//2162 2161//2161
f 2163//2163 2164//2164 2166//2166
f 2165//2165 2161//2161 2167//2167
f 2163//2163 2166//2166 2165//2165
f 2165//2165 2167//2167 2163//2163
f 2168//2168 2154//2154 2153//2153
f 2169//2169 2114//2114 2113//2113
f 2170//2170 2110//2110 2101//2101
f 2101//2101 2157//2157 2171//2171
f 2172//2172 2168//2168 2153//2153
f 2169//2169 2113//2113 2173//2173
f 2174//2174 2170//2170 2101//2101
f 2101//2101 2171//2171 2175//2175
f 2172//2172 2153//2153 2169//2169
f 2169//2169 2173//2173 2176//2176
f 2174//2174 2101//2101 2175//2175
f 2175//2175 2172//2172 2169//2169
f 2169//2169 2176//2176 2177//2177
f 2178//2178 2174//2174 2175//2175
f 2175//2175 2169//2169 2177//2177
f 2177//2177 2178//2178 2175//2175
f 2130//2130 2129//2129 2179//2179
f 2179//2179 2180//2180 2130//2130
f 2131//2131 2130//2130 2180//2180
f 2180//2180 2181//2181 2131//2131
f 2132//2132 2131//2131 2181//2181
f 2181//2181 2182//2182 2132//2132
f 2133//2133 2132//2132 2182//2182
f 2182//2182 2183//2183 2133//2133
f 2134//2134 2133//2133 2183//2183
f 2183//2183 2184//2184 2134//2134
f 2135//2135 2134//2134 2184//2184
f 2184//2184 2185//2185 2135//2135
f 2136//2136 2135//2135 2185//2185
f 2185//2185 2186//2186 2136//2136
f 2137//2137 2136//2136 2186//2186
f 2186//2186 2187//2187 2137//2137
f 2138//2138 2137//2137 2187//2187
f 2187//2187 2188//2188 2138//2138
f 2139//2139 2138//2138 2188//2188
f 2188//2188 2189//2189 2139//2139
f 2140//2140 2139//2139 2189//2189
f 2189//2189 2190//2190 2140//2140
f 2141//2141 2140//2140 2190//2190
f 2190//2190 2191//2191 2141//2141
f 2142//2142 2141//2141 2191//2191
f 2191//2191 2192//2192 2142//2142
f 2143//2143 2142//2142 2192//2192
f 2192//2192 2193//2193 2143//2143
f 2144//2144 2143//2143 2193//2193
f 2193//2193 2194//2194 2144//2144
f 2145//2145 2144//2144 2194//2194
f 2194//2194 2195//2195 2145//2145
f 2146//2146 2145//2145 2195//2195
f 2195//2195 2196//2196 2146//2146
f 2147//2147 2146//2146 2196//2196
f 2196//2196 2197//2197 2147//2147
f 2148//2148 2147//2147 2197//2197
f 2197//2197 2198//2198 2148//2148
f 2149//2149 2148//2148 2198//2198
f 2198//2198 2199//2199 2149//2149
f 2150//2150 2149//2149 2199//2199
f 2199//2199 2200//2200 2150//2150
f 2151//2151 2150//2150 2200//2200
f 2200//2200 2201//2201 2151//2151
f 2151//2151 2202//2202 2203//2203
f 2204//2204 2202//2202 2151//2151
f 2152//2152 2151//2151 2203//2203
f 2205//2205 2204//2204 2151//2151
f 2152//2152 2203//2203 2206//2206
f 2207//2207 2205//2205 2151//2151
f 2152//2152 2206//2206 2208//2208
f 2209//2209 2207//2207 2151//2151
f 2210//2210 2152//2152 2208//2208
f 2209//2209 2151//2151 2201//2201
f 2210//2210 2208//2208 2211//2211
f 2212//2212 2209//2209 2201//2201
f 2210//2210 2211//2211 2213//2213
f 2214//2214 2212//2212 2201//2201
f 2201//2201 2210//2210 2213//2213
f 2213//2213 2214//2214 2201//2201
f 2153//2153 2152//2152 2210//2210
f 2210//2210 2215//2215 2153//2153
f 2169//2169 2153//2153 2215//2215
f 2215//2215 2216//2216 2169//2169
f 2180//2180 2179//2179 2217//2217
f 2217//2217 2218//2218 2180//2180
f 2181//2181 2180//2180 2218//2218
f 2218//2218 2219//2219 2181//2181
f 2182//2182 2181//2181 2219//2219
f 2219//2219 2220//2220 2182//2182
f 2183//2183 2182//2182 2220//2220
f 2220//2220 2221//2221 2183//2183
f 2184//2184 2183//2183 2221//2221
f 2221//2221 2222//2222 2184//2184
f 2185//2185 2184//2184 2222//2222
f 2222//2222 2223//2223 2185//2185
f 2186//2186 2185//2185 2223//2223
f 2223//2223 2224//2224 2186//2186
f 2187//2187 2186//2186 2224//2224
f 2224//2224 2225//2225 2187//2187
f 2188//2188 2187//2187 2225//2225
f 2225//2225 2226//2226 2188//2188
f 2189//2189 2188//2188 2226//2226
f 2226//2226 2227//2227 2189//2189
f 2190//2190 2189//2189 2227//2227
f 2227//2227 2228//2228 2190//2190
f 2191//2191 2190//2190 2228//2228
f 2228//2228 2229//2229 2191//2191
f 2192//2192 2191//2191 2229//2229
f 2229//2229 2230//2230 2192//2192
f 2193//2193 2192//2192 2230//2230
f 2230//2230 2231//2231 2193//2193
f 2194//2194 2193//2193 2231//2231
f 2231//2231 2232//2232 2194//2194
f 2195//2195 2194//2194 2232//2232
f 2232//2232 2233//2233 2195//2195
f 2196//2196 2195//2195 2233//2233
f 2233//2233 2234//2234 2196//2196
f 2197//2197 2196//2196 2234//2234
f 2234//2234 2235//2235 2197//2197
f 2198//2198 2197//2197 2235//2235
f 2235//2235 2236//2236 2198//2198
f 2199//2199 2198//2198 2236//2236
f 2236//2236 2237//2237 2199//2199
f 2200//2200 2199//2199 2237//2237
f 2237//2237 2238//2238 2200//2200
f 2201//2201 2200//2200 2238//2238
f 2238//2238 2239//2239 2201//2201
f 2201//2201 2240//2240 2241//2241
f 2242//2242 2240//2240 2201//2201
f 2210//2210 2201//2201 2241//2241
f 2243//2243 2242//2242 2201//2201
f 2210//2210 2241//2241 2244//2244
f 2245//2245 2243//2243 2201//2201
f 2246//2246 2210//2210 2244//2244
f 2247//2247 2245//2245 2201//2201
f 2246//2246 2244//2244 2248//2248
f 2247//2247 2201//2201 2239//2239
f 2246//2246 2248//2248 2249//2249
f 2250//2250 2247//2247 2239//2239
f 2246//2246 2249//2249 2251//2251
f 2252//2252 2250//2250 2239//2239
f 2246//2246 2251//2251 2252//2252
f 2252//2252 2239//2239 2246//2246
f 2253//2253 2254//2254 2255//2255
f 2256//2256 2257//2257 2215//2215
f 2210//2210 2246//2246 2258//2258
f 2259//2259 2260//2260 2261//2261
f 2262//2262 2253//2253 2255//2255
f 2263//2263 2256//2256 2215//2215
f 2210//2210 2258//2258 2264//2264
f 2265//2265 2259//2259 2261//2261
f 2262//2262 2255//2255 2266//2266
f 2263//2263 2215//2215 2210//2210
f 2210//2210 2264//2264 2267//2267
f 2265//2265 2261//2261 2262//2262
f 2262//2262 2266//2266 2268//2268
f 2268//2268 2263//2263 2210//2210
f 2210//2210 2267//2267 2269//2269
f 2265//2265 2262//2262 2268//2268
f 2210//2210 2269//2269 2270//2270
f 2270//2270 2265//2265 2268//2268
f 2268//2268 2210//2210 2270//2270
f 2271//2271 2272//2272 2216//2216
f 2216//2216 2215//2215 2257//2257
f 2273//2273 2274//2274 2275//2275
f 2275//2275 2276//2276 2277//2277
f 2278//2278 2271//2271 2216//2216
f 2279//2279 2255//2255 2254//2254
f 2254//2254 2273//2273 2275//2275
f 2275//2275 2277//2277 2280//2280
f 2216//2216 2257//2257 2281//2281
f 2282//2282 2279//2279 2254//2254
f 2254//2254 2275//2275 2280//2280
f 2278//2278 2216//2216 2281//2281
f 2254//2254 2280//2280 2283//2283
f 2284//2284 2278//2278 2281//2281
f 2282//2282 2254//2254 2283//2283
f 2284//2284 2281//2281 2285//2285
f 2286//2286 2282//2282 2283//2283
f 2283//2283 2284//2284 2285//2285
f 2287//2287 2286//2286 2283//2283
f 2283//2283 2285//2285 2287//2287
f 2218//2218 2217//2217 2288//2288
f 2288//2288 2289//2289 2218//2218
f 2219//2219 2218//2218 2289//2289
f 2289//2289 2290//2290 2219//2219
f 2220//2220 2219//2219 2290//2290
f 2290//2290 2291//2291 2220//2220
f 2221//2221 2220//2220 2291//2291
f 2291//2291 2292//2292 2221//2221
f 2222//2222 2221//2221 2292//2292
f 2292//2292 2293//2293 2222//2222
f 2223//2223 2222//2222 2293//2293
f 2293//2293 2294//2294 2223//2223
f 2224//2224 2223//2223 2294//2294
f 2294//2294 2295//2295 2224//2224
f 2225//2225 2224//2224 2295//2295
f 2295//2295 2296//2296 2225//2225
f 2226//2226 2225//2225 2296//2296
f 2296//2296 2297//2297 2226//2226
f 2227//2227 2226//2226 2297//2297
f 2297//2297 2298//2298 2227//2227
f 2228//2228 2227//2227 2298//2298
f 2298//2298 2299//2299 2228//2228
f 2229//2229 2228//2228 2299//2299
f 2299//2299 2300//2300 2229//2229
f 2230//2230 2229//2229 2300//2300
f 2300//2300 2301//2301 2230//2230
f 2231//2231 2230//2230 2301//2301
f 2301//2301 2302//2302 2231//2231
f 2232//2232 2231//2231 2302//2302
f 2302//2302 2303//2303 2232//2232
f 2233//2233 2232//2232 2303//2303
f 2303//2303 2304//2304 2233//2233
f 2234//2234 2233//2233 2304//2304
f 2304//2304 2305//2305 2234//2234
f 2235//2235 2234//2234 2305//2305
f 2305//2305 2306//2306 2235//2235
f 2236//2236 2235//2235 2306//2306
f 2306//2306 2307//2307 2236//2236
f 2237//2237 2236//2236 2307//2307
f 2307//2307 2308//2308 2237//2237
f 2238//2238 2237//2237 2308//2308
f 2308//2308 2309//2309 2238//2238
f 2239//2239 2238//2238 2309//2309
f 2309//2309 2310//2310 2239//2239
f 2311//2311 2312//2312 2246//2246
f 2246//2246 2239//2239 2310//2310
f 2310//2310 2313//2313 2314//2314
f 2315//2315 2311//2311 2246//2246
f 2310//2310 2314//2314 2316//2316
f 2315//2315 2246//2246 2310//2310
f 2310//2310 2316//2316 2317//2317
f 2317//2317 2315//2315 2310//2310
f 2318//2318 2319//2319 2320//2320
f 2313//2313 2321//2321 2318//2318
f 2318//2318 2320//2320 2322//2322
f 2323//2323 2261//2261 2260//2260
f 2324//2324 2258//2258 2246//2246
f 2246//2246 2312//2312 2325//2325
f 2326//2326 2314//2314 2313//2313
f 2313//2313 2318//2318 2322//2322
f 2327//2327 2323//2323 2260//2260
f 2328//2328 2324//2324 2246//2246
f 2246//2246 2325//2325 2329//2329
f 2330//2330 2326//2326 2313//2313
f 2313//2313 2322//2322 2327//2327
f 2328//2328 2246//2246 2329//2329
f 2330//2330 2313//2313 2327//2327
f 2327//2327 2260//2260 2331//2331
f 2332//2332 2328//2328 2329//2329
f 2333//2333 2330//2330 2327//2327
f 2327//2327 2331//2331 2332//2332
f 2332//2332 2329//2329 2334//2334
f 2334//2334 2333//2333 2327//2327
f 2327//2327 2332//2332 2334//2334
f 2335//2335 2336//2336 2275//2275
f 2274//2274 2337//2337 2338//2338
f 2319//2319 2339//2339 2340//2340
f 2341//2341 2342//2342 2343//2343
f 2343//2343 2344//2344 2345//2345
f 2346//2346 2335//2335 2275//2275
f 2275//2275 2274//2274 2338//2338
f 2347//2347 2341//2341 2343//2343
f 2343//2343 2345//2345 2348//2348
f 2346//2346 2275//2275 2338//2338
f 2349//2349 2320//2320 2319//2319
f 2319//2319 2340//2340 2350//2350
f 2347//2347 2343//2343 2348//2348
f 2351//2351 2346//2346 2338//2338
f 2352//2352 2349//2349 2319//2319
f 2353//2353 2347//2347 2348//2348
f 2351//2351 2338//2338 2354//2354
f 2352//2352 2319//2319 2350//2350
f 2355//2355 2353//2353 2348//2348
f 2356//2356 2351//2351 2354//2354
f 2357//2357 2352//2352 2350//2350
f 2350//2350 2355//2355 2348//2348
f 2348//2348 2356//2356 2354//2354
f 2357//2357 2350//2350 2348//2348
f 2348//2348 2354//2354 2358//2358
f 2358//2358 2357//2357 2348//2348
f 2289//2289 2288//2288 2359//2359
f 2359//2359 2360//2360 2289//2289
f 2290//2290 2289//2289 2360//2360
f 2360//2360 2361//2361 2290//2290
f 2291//2291 2290//2290 2361//2361
f 2361//2361 2362//2362 2291//2291
f 2292//2292 2291//2291 2362//2362
f 2362//2362 2363//2363 2292//2292
f 2293//2293 2292//2292 2363//2363
f 2363//2363 2364//2364 2293//2293
f 2294//2294 2293//2293 2364//2364
f 2364//2364 2365//2365 2294//2294
f 2295//2295 2294//2294 2365//2365
f 2365//2365 2366//2366 2295//2295
f 2296//2296 2295//2295 2366//2366
f 2366//2366 2367//2367 2296//2296
f 2297//2297 2296//2296 2367//2367
f 2367//2367 2368//2368 2297//2297
f 2298//2298 2297//2297 2368//2368
f 2368//2368 2369//2369 2298//2298
f 2299//2299 2298//2298 2369//2369
f 2369//2369 2370//2370 2299//2299
f 2300//2300 2299//2299 2370//2370
f 2370//2370 2371//2371 2300//2300
f 2301//2301 2300//2300 2371//2371
f 2371//2371 2372//2372 2301//2301
f 2302//2302 2301//2301 2372//2372
f 2372//2372 2373//2373 2302//2302
f 2303//2303 2302//2302 2373//2373
f 2373//2373 2374//2374 2303//2303
f 2304//2304 2303//2303 2374//2374
f 2374//2374 2375//2375 2304//2304
f 2305//2305 2304//2304 2375//2375
f 2375//2375 2376//2376 2305//2305
f 2306//2306 2305//2305 2376//2376
f 2376//2376 2377//2377 2306//2306
f 2307//2307 2306//2306 2377//2377
f 2377//2377 2378//2378 2307//2307
f 2308//2308 2307//2307 2378//2378
f 2378//2378 2379//2379 2308//2308
f 2309//2309 2308//2308 2379//2379
f 2379//2379 2380//2380 2309//2309
f 2310//2310 2309//2309 2380//2380
f 2380//2380 2381//2381 2310//2310
f 2313//2313 2310//2310 2381//2381
f 2381//2381 2382//2382 2313//2313
f 2313//2313 2383//2383 2384//2384
f 2385//2385 2383//2383 2313//2313
f 2382//2382 2386//2386 2387//2387
f 2313//2313 2384//2384 2388//2388
f 2389//2389 2385//2385 2313//2313
f 2382//2382 2387//2387 2390//2390
f 2391//2391 2321//2321 2313//2313
f 2392//2392 2389//2389 2313//2313
f 2382//2382 2390//2390 2391//2391
f 2391//2391 2313//2313 2388//2388
f 2393//2393 2392//2392 2313//2313
f 2391//2391 2388//2388 2394//2394
f 2393//2393 2313//2313 2382//2382
f 2391//2391 2394//2394 2395//2395
f 2396//2396 2393//2393 2382//2382
f 2391//2391 2395//2395 2397//2397
f 2398//2398 2396//2396 2382//2382
f 2382//2382 2391//2391 2397//2397
f 2397//2397 2398//2398 2382//2382
f 2386//2386 2399//2399 2343//2343
f 2343//2343 2342//2342 2400//2400
f 2401//2401 2387//2387 2386//2386
f 2343//2343 2400//2400 2402//2402
f 2402//2402 2401//2401 2386//2386
f 2386//2386 2343//2343 2402//2402
f 2360//2360 2359//2359 2403//2403
f 2403//2403 2404//2404 2360//2360
f 2361//2361 2360//2360 2404//2404
f 2404//2404 2405//2405 2361//2361
f 2362//2362 2361//2361 2405//2405
f 2405//2405 2406//2406 2362//2362
f 2363//2363 2362//2362 2406//2406
f 2406//2406 2407//2407 2363//2363
f 2364//2364 2363//2363 2407//2407
f 2407//2407 2408//2408 2364//2364
f 2365//2365 2364//2364 2408//2408
f 2408//2408 2409//2409 2365//2365
f 2366//2366 2365//2365 2409//2409
f 2409//2409 2410//2410 2366//2366
f 2367//2367 2366//2366 2410//2410
f 2410//2410 2411//2411 2367//2367
f 2368//2368 2367//2367 2411//2411
f 2411//2411 2412//2412 2368//2368
f 2369//2369 2368//2368 2412//2412
f 2412//2412 2413//2413 2369//2369
f 2370//2370 2369//2369 2413//2413
f 2413//2413 2414//2414 2370//2370
f 2371//2371 2370//2370 2414//2414
f 2414//2414 2415//2415 2371//2371
f 2372//2372 2371//2371 2415//2415
f 2415//2415 2416//2416 2372//2372
f 2373//2373 2372//2372 2416//2416
f 2416//2416 2417//2417 2373//2373
f 2374//2374 2373//2373 2417//2417
f 2417//2417 2418//2418 2374//2374
f 2375//2375 2374//2374 2418//2418
f 2418//2418 2419//2419 2375//2375
f 2376//2376 2375//2375 2419//2419
f 2419//2419 2420//2420 2376//2376
f 2377//2377 2376//2376 2420//2420
f 2420//2420 2421//2421 2377//2377
f 2378//2378 2377//2377 2421//2421
f 2421//2421 2422//2422 2378//2378
f 2379//2379 2378//2378 2422//2422
f 2422//2422 2423//2423 2379//2379
f 2380//2380 2379//2379 2423//2423
f 2423//2423 2424//2424 2380//2380
f 2381//2381 2380//2380 2424//2424
f 2424//2424 2425//2425 2381//2381
f 2382//2382 2381//2381 2425//2425
f 2425//2425 2426//2426 2382//2382
f 2386//2386 2382//2382 2426//2426
f 2426//2426 2427//2427 2386//2386
f 2428//2428 2429//2429 2430//2430
f 2430//2430 2399//2399 2386//2386
f 2386//2386 2427//2427 2431//2431
f 2432//2432 2428//2428 2430//2430
f 2386//2386 2431//2431 2433//2433
f 2432//2432 2430//2430 2386//2386
f 2386//2386 2433//2433 2434//2434
f 2434//2434 2432//2432 2386//2386
f 2404//2404 2403//2403 2435//2435
f 2435//2435 2436//2436 2404//2404
f 2405//2405 2404//2404 2436//2436
f 2436//2436 2437//2437 2405//2405
f 2406//2406 2405//2405 2437//2437
f 2437//2437 2438//2438 2406//2406
f 2407//2407 2406//2406 2438//2438
f 2438//2438 2439//2439 2407//2407
f 2408//2408 2407//2407 2439//2439
f 2439//2439 2440//2440 2408//2408
f 2409//2409 2408//2408 2440//2440
f 2440//2440 2441//2441 2409//2409
f 2410//2410 2409//2409 2441//2441
f 2441//2441 2442//2442 2410//2410
f 2411//2411 2410//2410 2442//2442
f 2442//2442 2443//2443 2411//2411
f 2412//2412 2411//2411 2443//2443
f 2443//2443 2444//2444 2412//2412
f 2413//2413 2412//2412 2444//2444
f 2444//2444 2445//2445 2413//2413
f 2414//2414 2413//2413 2445//2445
f 2445//2445 2446//2446 2414//2414
f 2415//2415 2414//2414 2446//2446
f 2446//2446 2447//2447 2415//2415
f 2416//2416 2415//2415 2447//2447
f 2447//2447 2448//2448 2416//2416
f 2417//2417 2416//2416 2448//2448
f 2448//2448 2449//2449 2417//2417
f 2418//2418 2417//2417 2449//2449
f 2449//2449 2450//2450 2418//2418
f 2419//2419 2418//2418 2450//2450
f 2450//2450 2451//2451 2419//2419
f 2420//2420 2419//2419 2451//2451
f 2451//2451 2452//2452 2420//2420
f 2421//2421 2420//2420 2452//2452
f 2452//2452 2453//2453 2421//2421
f 2422//2422 2421//2421 2453//2453
f 2453//2453 2454//2454 2422//2422
f 2423//2423 2422//2422 2454//2454
f 2454//2454 2455//2455 2423//2423
f 2424//2424 2423//2423 2455//2455
f 2455//2455 2456//2456 2424//2424
f 2425//2425 2424//2424 2456//2456
f 2456//2456 2457//2457 2425//2425
f 2426//2426 2425//2425 2457//2457
f 2457//2457 2458//2458 2426//2426
f 2427//2427 2426//2426 2458//2458
f 2458//2458 2459//2459 2427//2427
f 2427//2427 2459//2459 2460//2460
f 2461//2461 2431//2431 2427//2427
f 2460//2460 2430//2430 2429//2429
f 2462//2462 2461//2461 2427//2427
f 2460//2460 2429//2429 2463//2463
f 2462//2462 2427//2427 2460//2460
f 2460//2460 2463//2463 2464//2464
f 2465//2465 2462//2462 2460//2460
f 2460//2460 2464//2464 2466//2466
f 2466//2466 2465//2465 2460//2460
f 2436//2436 2435//2435 2467//2467
f 2467//2467 2468//2468 2436//2436
f 2437//2437 2436//2436 2468//2468
f 2468//2468 2469//2469 2437//2437
f 2438//2438 2437//2437 2469//2469
f 2469//2469 2470//2470 2438//2438
f 2439//2439 2438//2438 2470//2470
f 2470//2470 2471//2471 2439//2439
f 2440//2440 2439//2439 2471//2471
f 2471//2471 2472//2472 2440//2440
f 2441//2441 2440//2440 2472//2472
f 2472//2472 2473//2473 2441//2441
f 2442//2442 2441//2441 2473//2473
f 2473//2473 2474//2474 2442//2442
f 2443//2443 2442//2442 2474//2474
f 2474//2474 2475//2475 2443//2443
f 2444//2444 2443//2443 2475//2475
f 2475//2475 2476//2476 2444//2444
f 2445//2445 2444//2444 2476//2476
f 2476//2476 2477//2477 2445//2445
f 2446//2446 2445//2445 2477//2477
f 2477//2477 2478//2478 2446//2446
f 2447//2447 2446//2446 2478//2478
f 2478//2478 2479//2479 2447//2447
f 2448//2448 2447//2447 2479//2479
f 2479//2479 2480//2480 2448//2448
f 2449//2449 2448//2448 2480//2480
f 2480//2480 2481//2481 2449//2449
f 2450//2450 2449//2449 2481//2481
f 2481//2481 2482//2482 2450//2450
f 2451//2451 2450//2450 2482//2482
f 2482//2482 2483//2483 2451//2451
f 2452//2452 2451//2451 2483//2483
f 2483//2483 2484//2484 2452//2452
f 2453//2453 2452//2452 2484//2484
f 2484//2484 2485//2485 2453//2453
f 2454//2454 2453//2453 2485//2485
f 2485//2485 2486//2486 2454//2454
f 2455//2455 2454//2454 2486//2486
f 2486//2486 2487//2487 2455//2455
f 2456//2456 2455//2455 2487//2487
f 2487//2487 2488//2488 2456//2456
f 2457//2457 2456//2456 2488//2488
f 2488//2488 2489//2489 2457//2457
f 2458//2458 2457//2457 2489//2489
f 2489//2489 2490//2490 2458//2458
f 2459//2459 2458//2458 2490//2490
f 2490//2490 2491//2491 2459//2459
f 2460//2460 2459//2459 2491//2491
f 2491//2491 2492//2492 2460//2460
f 2468//2468 2467//2467 2493//2493
f 2493//2493 2494//2494 2468//2468
f 2469//2469 2468//2468 2494//2494
f 2494//2494 2495//2495 2469//2469
f 2470//2470 2469//2469 2495//2495
f 2495//2495 2496//2496 2470//2470
f 2471//2471 2470//2470 2496//2496
f 2496//2496 2497//2497 2471//2471
f 2472//2472 2471//2471 2497//2497
f 2497//2497 2498//2498 2472//2472
f 2473//2473 2472//2472 2498//2498
f 2498//2498 2499//2499 2473//2473
f 2474//2474 2473//2473 2499//2499
f 2499//2499 2500//2500 2474//2474
f 2475//2475 2474//2474 2500//2500
f 2500//2500 2501//2501 2475//2475
f 2476//2476 2475//2475 2501//2501
f 2501//2501 2502//2502 2476//2476
f 2477//2477 2476//2476 2502//2502
f 2502//2502 2503//2503 2477//2477
f 2478//2478 2477//2477 2503//2503
f 2503//2503 2504//2504 2478//2478
f 2479//2479 2478//2478 2504//2504
f 2504//2504 2505//2505 2479//2479
f 2480//2480 2479//2479 2505//2505
f 2505//2505 2506//2506 2480//2480
f 2481//2481 2480//2480 2506//2506
f 2506//2506 2507//2507 2481//2481
f 2482//2482 2481//2481 2507//2507
f 2507//2507 2508//2508 2482//2482
f 2483//2483 2482//2482 2508//2508
f 2508//2508 2509//2509 2483//2483
f 2484//2484 2483//2483 2509//2509
f 2509//2509 2510//2510 2484//2484
f 2485//2485 2484//2484 2510//2510
f 2510//2510 2511//2511 2485//2485
f 2486//2486 2485//2485 2511//2511
f 2511//2511 2512//2512 2486//2486
f 2487//2487 2486//2486 2512//2512
f 2512//2512 2513//2513 2487//2487
f 2488//2488 2487//2487 2513//2513
f 2513//2513 2514//2514 2488//2488
f 2489//2489 2488//2488 2514//2514
f 2514//2514 2515//2515 2489//2489
f 2490//2490 2489//2489 2515//2515
f 2515//2515 2516//2516 2490//2490
f 2491//2491 2490//2490 2516//2516
f 2516//2516 2517//2517 2491//2491
f 2492//2492 2491//2491 2517//2517
f 2517//2517 2518//2518 2492//2492
f 2494//2494 2493//2493 2519//2519
f 2519//2519 2520//2520 2494//2494
f 2495//2495 2494//2494 2520//2520
f 2520//2520 2521//2521 2495//2495
f 2496//2496 2495//2495 2521//2521
f 2521//2521 2522//2522 2496//2496
f 2497//2497 2496//2496 2522//2522
f 2522//2522 2523//2523 2497//2497
f 2498//2498 2497//2497 2523//2523
f 2523//2523 2524//2524 2498//2498
f 2499//2499 2498//2498 2524//2524
f 2524//2524 2525//2525 2499//2499
f 2500//2500 2499//2499 2525//2525
f 2525//2525 2526//2526 2500//2500
f 2501//2501 2500//2500 2526//2526
f 2526//2526 2527//2527 2501//2501
f 2502//2502 2501//2501 2527//2527
f 2527//2527 2528//2528 2502//2502
f 2503//2503 2502//2502 2528//2528
f 2528//2528 2529//2529 2503//2503
f 2504//2504 2503//2503 2529//2529
f 2529//2529 2530//2530 2504//2504
f 2505//2505 2504//2504 2530//2530
f 2530//2530 2531//2531 2505//2505
f 2506//2506 2505//2505 2531//2531
f 2531//2531 2532//2532 2506//2506
f 2507//2507 2506//2506 2532//2532
f 2532//2532 2533//2533 2507//2507
f 2508//2508 2507//2507 2533//2533
f 2533//2533 2534//2534 2508//2508
f 2509//2509 2508//2508 2534//2534
f 2534//2534 2535//2535 2509//2509
f 2510//2510 2509//2509 2535//2535
f 2535//2535 2536//2536 2510//2510
f 2511//2511 2510//2510 2536//2536
f 2536//2536 2537//2537 2511//2511
f 2512//2512 2511//2511 2537//2537
f 2537//2537 2538//2538 2512//2512
f 2513//2513 2512//2512 2538//2538
f 2538//2538 2539//2539 2513//2513
f 2514//2514 2513//2513 2539//2539
f 2539//2539 2540//2540 2514//2514
f 2515//2515 2514//2514 2540//2540
f 2540//2540 2541//2541 2515//2515
f 2516//2516 2515//2515 2541//2541
f 2541//2541 2542//2542 2516//2516
f 2543//2543 2544//2544 2517//2517
f 2517//2517 2516//2516 2542//2542
f 2542//2542 2545//2545 2546//2546
f 2547//2547 2543//2543 2517//2517
f 2542//2542 2546//2546 2548//2548
f 2547//2547 2517//2517 2542//2542
f 2542//2542 2548//2548 2549//2549
f 2549//2549 2547//2547 2542//2542
f 2550//2550 2551//2551 2518//2518
f 2518//2518 2517//2517 2544//2544
f 2552//2552 2553//2553 2554//2554
f 2555//2555 2556//2556 2557//2557
f 2558//2558 2550//2550 2518//2518
f 2559//2559 2552//2552 2554//2554
f 2560//2560 2555//2555 2557//2557
f 2557//2557 2558//2558 2518//2518
f 2518//2518 2544//2544 2561//2561
f 2559//2559 2554//2554 2560//2560
f 2560//2560 2557//2557 2518//2518
f 2518//2518 2561//2561 2559//2559
f 2559//2559 2560//2560 2518//2518
f 2545//2545 2562//2562 2563//2563
f 2563//2563 2546//2546 2545//2545
f 2520//2520 2519//2519 2564//2564
f 2564//2564 2565//2565 2520//2520
f 2521//2521 2520//2520 2565//2565
f 2565//2565 2566//2566 2521//2521
f 2522//2522 2521//2521 2566//2566
f 2566//2566 2567//2567 2522//2522
f 2523//2523 2522//2522 2567//2567
f 2567//2567 2568//2568 2523//2523
f 2524//2524 2523//2523 2568//2568
f 2568//2568 2569//2569 2524//2524
f 2525//2525 2524//2524 2569//2569
f 2569//2569 2570//2570 2525//2525
f 2526//2526 2525//2525 2570//2570
f 2570//2570 2571//2571 2526//2526
f 2527//2527 2526//2526 2571//2571
f 2571//2571 2572//2572 2527//2527
f 2528//2528 2527//2527 2572//2572
f 2572//2572 2573//2573 2528//2528
f 2529//2529 2528//2528 2573//2573
f 2573//2573 2574//2574 2529//2529
f 2530//2530 2529//2529 2574//2574
f 2574//2574 2575//2575 2530//2530
f 2531//2531 2530//2530 2575//2575
f 2575//2575 2576//2576 2531//2531
f 2532//2532 2531//2531 2576//2576
f 2576//2576 2577//2577 2532//2532
f 2533//2533 2532//2532 2577//2577
f 2577//2577 2578//2578 2533//2533
f 2534//2534 2533//2533 2578//2578
f 2578//2578 2579//2579 2534//2534
f 2535//2535 2534//2534 2579//2579
f 2579//2579 2580//2580 2535//2535
f 2536//2536 2535//2535 2580//2580
f 2580//2580 2581//2581 2536//2536
f 2537//2537 2536//2536 2581//2581
f 2581//2581 2582//2582 2537//2537
f 2538//2538 2537//2537 2582//2582
f 2582//2582 2583//2583 2538//2538
f 2539//2539 2538//2538 2583//2583
f 2583//2583 2584//2584 2539//2539
f 2540//2540 2539//2539 2584//2584
f 2584//2584 2585//2585 2540//2540
f 2541//2541 2540//2540 2585//2585
f 2585//2585 2586//2586 2541//2541
f 2542//2542 2541//2541 2586//2586
f 2586//2586 2587//2587 2542//2542
f 2588//2588 2589//2589 2545//2545
f 2590//2590 2591//2591 2592//2592
f 2593//2593 2594//2594 2595//2595
f 2596//2596 2588//2588 2545//2545
f 2590//2590 2592//2592 2597//2597
f 2598//2598 2593//2593 2595//2595
f 2596//2596 2545//2545 2542//2542
f 2590//2590 2597//2597 2599//2599
f 2598//2598 2595//2595 2596//2596
f 2590//2590 2599//2599 2600//2600
f 2598//2598 2596//2596 2542//2542
f 2587//2587 2590//2590 2600//2600
f 2601//2601 2598//2598 2542//2542
f 2587//2587 2600//2600 2602//2602
f 2603//2603 2601//2601 2542//2542
f 2587//2587 2602//2602 2604//2604
f 2604//2604 2603//2603 2542//2542
f 2542//2542 2587//2587 2604//2604
f 2590//2590 2605//2605 2606//2606
f 2607//2607 2557//2557 2556//2556
f 2608//2608 2562//2562 2545//2545
f 2590//2590 2606//2606 2609//2609
f 2610//2610 2607//2607 2556//2556
f 2611//2611 2608//2608 2545//2545
f 2590//2590 2609//2609 2610//2610
f 2611//2611 2545//2545 2589//2589
f 2612//2612 2591//2591 2590//2590
f 2610//2610 2556//2556 2613//2613
f 2614//2614 2611//2611 2589//2589
f 2615//2615 2612//2612 2590//2590
f 2610//2610 2613//2613 2614//2614
f 2614//2614 2589//2589 2616//2616
f 2615//2615 2590//2590 2610//2610
f 2614//2614 2616//2616 2617//2617
f 2618//2618 2615//2615 2610//2610
f 2610//2610 2614//2614 2617//2617
f 2619//2619 2618//2618 2610//2610
f 2610//2610 2617//2617 2619//2619
f 2565//2565 2564//2564 2//2
f 2//2 2620//2620 2565//2565
f 2566//2566 2565//2565 2620//2620
f 2620//2620 2621//2621 2566//2566
f 2567//2567 2566//2566 2621//2621
f 2621//2621 6//6 2567//2567
f 2568//2568 2567//2567 6//6
f 6//6 2622//2622 2568//2568
f 2569//2569 2568//2568 2622//2622
f 2622//2622 2623//2623 2569//2569
f 2570//2570 2569//2569 2623//2623
f 2623//2623 2624//2624 2570//2570
f 2571//2571 2570//2570 2624//2624
f 2624//2624 2625//2625 2571//2571
f 2572//2572 2571//2571 2625//2625
f 2625//2625 14//14 2572//2572
f 2573//2573 2572//2572 14//14
f 14//14 2626//2626 2573//2573
f 2574//2574 2573//2573 2626//2626
f 2626//2626 2627//2627 2574//2574
f 2575//2575 2574//2574 2627//2627
f 2627//2627 2628//2628 2575//2575
f 2576//2576 2575//2575 2628//2628
f 2628//2628 2629//2629 2576//2576
f 2577//2577 2576//2576 2629//2629
f 2629//2629 22//22 2577//2577
f 2578//2578 2577//2577 22//22
f 22//22 2630//2630 2578//2578
f 2579//2579 2578//2578 2630//2630
f 2630//2630 2631//2631 2579//2579
f 2580//2580 2579//2579 2631//2631
f 2631//2631 2632//2632 2580//2580
f 2581//2581 2580//2580 2632//2632
f 2632//2632 2633//2633 2581//2581
f 2582//2582 2581//2581 2633//2633
f 2633//2633 2634//2634 2582//2582
f 2583//2583 2582//2582 2634//2634
f 2634//2634 2635//2635 2583//2583
f 2584//2584 2583//2583 2635//2635
f 2635//2635 2636//2636 2584//2584
f 2585//2585 2584//2584 2636//2636
f 2636//2636 2637//2637 2585//2585
f 2586//2586 2585//2585 2637//2637
f 2637//2637 2638//2638 2586//2586
f 2587//2587 2586//2586 2638//2638
f 2638//2638 2639//2639 2587//2587
f 2590//2590 2587//2587 2639//2639
f 2639//2639 2640//2640 2590//2590
f 2641//2641 2642//2642 2643//2643
f 2590//2590 2640//2640 2644//2644
f 2645//2645 2646//2646 2647//2647
f 2648//2648 2641//2641 2643//2643
f 2590//2590 2644//2644 2649//2649
f 2650//2650 2645//2645 2647//2647
f 2648//2648 2643//2643 2605//2605
f 2590//2590 2649//2649 2650//2650
f 2651//2651 2648//2648 2605//2605
f 2590//2590 2650//2650 2647//2647
f 2652//2652 2651//2651 2605//2605
f 2590//2590 2647//2647 2653//2653
f 2654//2654 2652//2652 2605//2605
f 2590//2590 2653//2653 2654//2654
f 2654//2654 2605//2605 2590//2590
f 2655//2655 2656//2656 2657//2657
f 2657//2657 2658//2658 2655//2655
f 22//22 2659//2659 2660//2660
f 2660//2660 2630//2630 22//22
f 2631//2631 2630//2630 2660//2660
f 2660//2660 2661//2661 2631//2631
f 2632//2632 2631//2631 2661//2661
f 2661//2661 2662//2662 2632//2632
f 2633//2633 2632//2632 2662//2662
f 2662//2662 2663//2663 2633//2633
f 2634//2634 2633//2633 2663//2663
f 2663//2663 2664//2664 2634//2634
f 2635//2635 2634//2634 2664//2664
f 2664//2664 2665//2665 2635//2635
f 2636//2636 2635//2635 2665//2665
f 2665//2665 2666//2666 2636//2636
f 2637//2637 2636//2636 2666//2666
f 2666//2666 2667//2667 2637//2637
f 2638//2638 2637//2637 2667//2667
f 2667//2667 2668//2668 2638//2638
f 2639//2639 2638//2638 2668//2668
f 2668//2668 2669//2669 2639//2639
f 2640//2640 2639//2639 2669//2669
f 2669//2669 2670//2670 2640//2640
f 2671//2671 2644//2644 2640//2640
f 2670//2670 2672//2672 2658//2658
f 2658//2658 2657//2657 2673//2673
f 2674//2674 2671//2671 2640//2640
f 2658//2658 2673//2673 2675//2675
f 2674//2674 2640//2640 2670//2670
f 2670//2670 2658//2658 2675//2675
f 2676//2676 2674//2674 2670//2670
f 2670//2670 2675//2675 2677//2677
f 2677//2677 2676//2676 2670//2670
f 2660//2660 2659//2659 2678//2678
f 2678//2678 2679//2679 2660//2660
f 2661//2661 2660//2660 2679//2679
f 2679//2679 2680//2680 2661//2661
f 2662//2662 2661//2661 2680//2680
f 2680//2680 2681//2681 2662//2662
f 2663//2663 2662//2662 2681//2681
f 2681//2681 2682//2682 2663//2663
f 2664//2664 2663//2663 2682//2682
f 2682//2682 2683//2683 2664//2664
f 2665//2665 2664//2664 2683//2683
f 2683//2683 2684//2684 2665//2665
f 2666//2666 2665//2665 2684//2684
f 2684//2684 2685//2685 2666//2666
f 2667//2667 2666//2666 2685//2685
f 2685//2685 2686//2686 2667//2667
f 2668//2668 2667//2667 2686//2686
f 2686//2686 2687//2687 2668//2668
f 2668//2668 2688//2688 2689//2689
f 2690//2690 2688//2688 2668//2668
f 2668//2668 2687//2687 2691//2691
f 2692//2692 2693//2693 2694//2694
f 2669//2669 2668//2668 2689//2689
f 2695//2695 2690//2690 2668//2668
f 2668//2668 2691//2691 2696//2696
f 2697//2697 2692//2692 2694//2694
f 2669//2669 2689//2689 2698//2698
f 2699//2699 2695//2695 2668//2668
f 2668//2668 2696//2696 2700//2700
f 2669//2669 2698//2698 2701//2701
f 2702//2702 2699//2699 2668//2668
f 2668//2668 2700//2700 2703//2703
f 2694//2694 2669//2669 2701//2701
f 2702//2702 2668//2668 2703//2703
f 2694//2694 2701//2701 2704//2704
f 2705//2705 2702//2702 2703//2703
f 2694//2694 2704//2704 2706//2706
f 2707//2707 2705//2705 2703//2703
f 2697//2697 2694//2694 2706//2706
f 2706//2706 2707//2707 2703//2703
f 2708//2708 2697//2697 2706//2706
f 2706//2706 2703//2703 2708//2708
f 2670//2670 2669//2669 2694//2694
f 2694//2694 2709//2709 2670//2670
f 2710//2710 2711//2711 2672//2672
f 2672//2672 2670//2670 2709//2709
f 2709//2709 2712//2712 2713//2713
f 2714//2714 2710//2710 2672//2672
f 2672//2672 2709//2709 2713//2713
f 2713//2713 2714//2714 2672//2672
f 2679//2679 2678//2678 2715//2715
f 2715//2715 2716//2716 2679//2679
f 2680//2680 2679//2679 2716//2716
f 2716//2716 2717//2717 2680//2680
f 2681//2681 2680//2680 2717//2717
f 2717//2717 2718//2718 2681//2681
f 2682//2682 2681//2681 2718//2718
f 2718//2718 2719//2719 2682//2682
f 2683//2683 2682//2682 2719//2719
f 2719//2719 2720//2720 2683//2683
f 2684//2684 2683//2683 2720//2720
f 2720//2720 2721//2721 2684//2684
f 2685//2685 2684//2684 2721//2721
f 2721//2721 2722//2722 2685//2685
f 2686//2686 2685//2685 2722//2722
f 2722//2722 2723//2723 2686//2686
f 2687//2687 2686//2686 2723//2723
f 2723//2723 2724//2724 2687//2687
f 2687//2687 2724//2724 2725//2725
f 2725//2725 2694//2694 2693//2693
f 2726//2726 2691//2691 2687//2687
f 2727//2727 2726//2726 2687//2687
f 2725//2725 2693//2693 2728//2728
f 2727//2727 2687//2687 2725//2725
f 2725//2725 2728//2728 2729//2729
f 2729//2729 2727//2727 2725//2725
f 2730//2730 2731//2731 2732//2732
f 2732//2732 2709//2709 2694//2694
f 2694//2694 2725//2725 2733//2733
f 2734//2734 2730//2730 2732//2732
f 2694//2694 2733//2733 2735//2735
f 2734//2734 2732//2732 2694//2694
f 2694//2694 2735//2735 2736//2736
f 2736//2736 2734//2734 2694//2694
f 2709//2709 2737//2737 2738//2738
f 2739//2739 2737//2737 2709//2709
f 2740//2740 2741//2741 2742//2742
f 2743//2743 2739//2739 2709//2709
f 2740//2740 2742//2742 2744//2744
f 2744//2744 2712//2712 2709//2709
f 2745//2745 2743//2743 2709//2709
f 2744//2744 2709//2709 2738//2738
f 2746//2746 2745//2745 2709//2709
f 2744//2744 2738//2738 2747//2747
f 2746//2746 2709//2709 2732//2732
f 2744//2744 2747//2747 2748//2748
f 2749//2749 2746//2746 2732//2732
f 2740//2740 2744//2744 2748//2748
f 2750//2750 2749//2749 2732//2732
f 2740//2740 2748//2748 2751//2751
f 2752//2752 2750//2750 2732//2732
f 2740//2740 2751//2751 2752//2752
f 2752//2752 2732//2732 2740//2740
f 2716//2716 2715//2715 2753//2753
f 2753//2753 2754//2754 2716//2716
f 2717//2717 2716//2716 2754//2754
f 2754//2754 2755//2755 2717//2717
f 2718//2718 2717//2717 2755//2755
f 2755//2755 2756//2756 2718//2718
f 2719//2719 2718//2718 2756//2756
f 2756//2756 2757//2757 2719//2719
f 2720//2720 2719//2719 2757//2757
f 2757//2757 2758//2758 2720//2720
f 2721//2721 2720//2720 2758//2758
f 2758//2758 2759//2759 2721//2721
f 2722//2722 2721//2721 2759//2759
f 2759//2759 2760//2760 2722//2722
f 2723//2723 2722//2722 2760//2760
f 2760//2760 2761//2761 2723//2723
f 2724//2724 2723//2723 2761//2761
f 2761//2761 2762//2762 2724//2724
f 2725//2725 2724//2724 2762//2762
f 2762//2762 2763//2763 2725//2725
f 2725//2725 2763//2763 2764//2764
f 2765//2765 2733//2733 2725//2725
f 2764//2764 2732//2732 2731//2731
f 2766//2766 2765//2765 2725//2725
f 2764//2764 2731//2731 2767//2767
f 2766//2766 2725//2725 2764//2764
f 2764//2764 2767//2767 2768//2768
f 2769//2769 2766//2766 2764//2764
f 2764//2764 2768//2768 2770//2770
f 2770//2770 2769//2769 2764//2764
f 2771//2771 2772//2772 2740//2740
f 2732//2732 2764//2764 2773//2773
f 2774//2774 2775//2775 2776//2776
f 2777//2777 2771//2771 2740//2740
f 2732//2732 2773//2773 2778//2778
f 2779//2779 2774//2774 2776//2776
f 2777//2777 2740//2740 2732//2732
f 2732//2732 2778//2778 2779//2779
f 2779//2779 2776//2776 2780//2780
f 2781//2781 2777//2777 2732//2732
f 2779//2779 2780//2780 2782//2782
f 2783//2783 2781//2781 2732//2732
f 2732//2732 2779//2779 2782//2782
f 2782//2782 2783//2783 2732//2732
f 2754//2754 2753//2753 55//55
f 55//55 2784//2784 2754//2754
f 2755//2755 2754//2754 2784//2784
f 2784//2784 2785//2785 2755//2755
f 2756//2756 2755//2755 2785//2785
f 2785//2785 2786//2786 2756//2756
f 2757//2757 2756//2756 2786//2786
f 2786//2786 2787//2787 2757//2757
f 2758//2758 2757//2757 2787//2787
f 2787//2787 2788//2788 2758//2758
f 2759//2759 2758//2758 2788//2788
f 2788//2788 2789//2789 2759//2759
f 2760//2760 2759//2759 2789//2789
f 2789//2789 2790//2790 2760//2760
f 2761//2761 2760//2760 2790//2790
f 2790//2790 2791//2791 2761//2761
f 2762//2762 2761//2761 2791//2791
f 2791//2791 2792//2792 2762//2762
f 2763//2763 2762//2762 2792//2792
f 2792//2792 2793//2793 2763//2763
f 2764//2764 2763//2763 2793//2793
f 2793//2793 2794//2794 2764//2764
f 2764//2764 2794//2794 2795//2795
f 2795//2795 2796//2796 2797//2797
f 2798//2798 2773//2773 2764//2764
f 2764//2764 2795//2795 2797//2797
f 2797//2797 2798//2798 2764//2764
f 2784//2784 55//55 2799//2799
f 2799//2799 2800//2800 2784//2784
f 2785//2785 2784//2784 2800//2800
f 2800//2800 2801//2801 2785//2785
f 2786//2786 2785//2785 2801//2801
f 2801//2801 2802//2802 2786//2786
f 2787//2787 2786//2786 2802//2802
f 2802//2802 2803//2803 2787//2787
f 2788//2788 2787//2787 2803//2803
f 2803//2803 2804//2804 2788//2788
f 2789//2789 2788//2788 2804//2804
f 2804//2804 2805//2805 2789//2789
f 2790//2790 2789//2789 2805//2805
f 2805//2805 2806//2806 2790//2790
f 2791//2791 2790//2790 2806//2806
f 2806//2806 2807//2807 2791//2791
f 2792//2792 2791//2791 2807//2807
f 2807//2807 2808//2808 2792//2792
f 2793//2793 2792//2792 2808//2808
f 2808//2808 2809//2809 2793//2793
f 2794//2794 2793//2793 2809//2809
f 2809//2809 2810//2810 2794//2794
f 2795//2795 2794//2794 2810//2810
f 2810//2810 2811//2811 2795//2795
f 2800//2800 2799//2799 2812//2812
f 2812//2812 2813//2813 2800//2800
f 2801//2801 2800//2800 2813//2813
f 2813//2813 2814//2814 2801//2801
f 2802//2802 2801//2801 2814//2814
f 2814//2814 2815//2815 2802//2802
f 2803//2803 2802//2802 2815//2815
f 2815//2815 2816//2816 2803//2803
f 2804//2804 2803//2803 2816//2816
f 2816//2816 2817//2817 2804//2804
f 2805//2805 2804//2804 2817//2817
f 2817//2817 2818//2818 2805//2805
f 2806//2806 2805//2805 2818//2818
f 2818//2818 2819//2819 2806//2806
f 2807//2807 2806//2806 2819//2819
f 2819//2819 2820//2820 2807//2807
f 2808//2808 2807//2807 2820//2820
f 2820//2820 2821//2821 2808//2808
f 2809//2809 2808//2808 2821//2821
f 2821//2821 2822//2822 2809//2809
f 2810//2810 2809//2809 2822//2822
f 2822//2822 2823//2823 2810//2810
f 2811//2811 2810//2810 2823//2823
f 2823//2823 2824//2824 2811//2811
f 2813//2813 2812//2812 2825//2825
f 2825//2825 2826//2826 2813//2813
f 2814//2814 2813//2813 2826//2826
f 2826//2826 2827//2827 2814//2814
f 2815//2815 2814//2814 2827//2827
f 2827//2827 2828//2828 2815//2815
f 2816//2816 2815//2815 2828//2828
f 2828//2828 2829//2829 2816//2816
f 2817//2817 2816//2816 2829//2829
f 2829//2829 2830//2830 2817//2817
f 2818//2818 2817//2817 2830//2830
f 2830//2830 2831//2831 2818//2818
f 2819//2819 2818//2818 2831//2831
f 2831//2831 2832//2832 2819//2819
f 2820//2820 2819//2819 2832//2832
f 2832//2832 2833//2833 2820//2820
f 2821//2821 2820//2820 2833//2833
f 2833//2833 2834//2834 2821//2821
f 2822//2822 2821//2821 2834//2834
f 2834//2834 2835//2835 2822//2822
f 2823//2823 2822//2822 2835//2835
f 2835//2835 2836//2836 2823//2823
f 2824//2824 2823//2823 2836//2836
f 2836//2836 2837//2837 2824//2824
f 2826//2826 2825//2825 2838//2838
f 2838//2838 2839//2839 2826//2826
f 2827//2827 2826//2826 2839//2839
f 2839//2839 2840//2840 2827//2827
f 2828//2828 2827//2827 2840//2840
f 2840//2840 2841//2841 2828//2828
f 2829//2829 2828//2828 2841//2841
f 2841//2841 2842//2842 2829//2829
f 2830//2830 2829//2829 2842//2842
f 2842//2842 2843//2843 2830//2830
f 2831//2831 2830//2830 2843//2843
f 2843//2843 2844//2844 2831//2831
f 2832//2832 2831//2831 2844//2844
f 2844//2844 2845//2845 2832//2832
f 2833//2833 2832//2832 2845//2845
f 2845//2845 2846//2846 2833//2833
f 2834//2834 2833//2833 2846//2846
f 2846//2846 2847//2847 2834//2834
f 2835//2835 2834//2834 2847//2847
f 2847//2847 2848//2848 2835//2835
f 2836//2836 2835//2835 2848//2848
f 2848//2848 2849//2849 2836//2836
f 2837//2837 2836//2836 2849//2849
f 2849//2849 2850//2850 2837//2837
f 2839//2839 2838//2838 111//111
f 111//111 2851//2851 2839//2839
f 2840//2840 2839//2839 2851//2851
f 2851//2851 2852//2852 2840//2840
f 2841//2841 2840//2840 2852//2852
f 2852//2852 2853//2853 2841//2841
f 2842//2842 2841//2841 2853//2853
f 2853//2853 2854//2854 2842//2842
f 2843//2843 2842//2842 2854//2854
f 2854//2854 2855//2855 2843//2843
f 2844//2844 2843//2843 2855//2855
f 2855//2855 2856//2856 2844//2844
f 2845//2845 2844//2844 2856//2856
f 2856//2856 2857//2857 2845//2845
f 2846//2846 2845//2845 2857//2857
f 2857//2857 2858//2858 2846//2846
f 2847//2847 2846//2846 2858//2858
f 2858//2858 2859//2859 2847//2847
f 2848//2848 2847//2847 2859//2859
f 2859//2859 2860//2860 2848//2848
f 2849//2849 2848//2848 2860//2860
f 2860//2860 2861//2861 2849//2849
f 2850//2850 2849//2849 2861//2861
f 2861//2861 2862//2862 2850//2850
f 2851//2851 111//111 2863//2863
f 2863//2863 2864//2864 2851//2851
f 2852//2852 2851//2851 2864//2864
f 2864//2864 2865//2865 2852//2852
f 2853//2853 2852//2852 2865//2865
f 2865//2865 2866//2866 2853//2853
f 2854//2854 2853//2853 2866//2866
f 2866//2866 2867//2867 2854//2854
f 2855//2855 2854//2854 2867//2867
f 2867//2867 2868//2868 2855//2855
f 2856//2856 2855//2855 2868//2868
f 2868//2868 2869//2869 2856//2856
f 2857//2857 2856//2856 2869//2869
f 2869//2869 2870//2870 2857//2857
f 2858//2858 2857//2857 2870//2870
f 2870//2870 2871//2871 2858//2858
f 2859//2859 2858//2858 2871//2871
f 2871//2871 2872//2872 2859//2859
f 2860//2860 2859//2859 2872//2872
f 2872//2872 2873//2873 2860//2860
f 2861//2861 2860//2860 2873//2873
f 2873//2873 2874//2874 2861//2861
f 2862//2862 2861//2861 2874//2874
f 2874//2874 2875//2875 2862//2862
f 2864//2864 2863//2863 2876//2876
f 2876//2876 2877//2877 2864//2864
f 2865//2865 2864//2864 2877//2877
f 2877//2877 2878//2878 2865//2865
f 2866//2866 2865//2865 2878//2878
f 2878//2878 2879//2879 2866//2866
f 2867//2867 2866//2866 2879//2879
f 2879//2879 2880//2880 2867//2867
f 2868//2868 2867//2867 2880//2880
f 2880//2880 2881//2881 2868//2868
f 2869//2869 2868//2868 2881//2881
f 2881//2881 2882//2882 2869//2869
f 2870//2870 2869//2869 2882//2882
f 2882//2882 2883//2883 2870//2870
f 2871//2871 2870//2870 2883//2883
f 2883//2883 2884//2884 2871//2871
f 2872//2872 2871//2871 2884//2884
f 2884//2884 2885//2885 2872//2872
f 2873//2873 2872//2872 2885//2885
f 2885//2885 2886//2886 2873//2873
f 2874//2874 2873//2873 2886//2886
f 2886//2886 2887//2887 2874//2874
f 2875//2875 2874//2874 2887//2887
f 2887//2887 2888//2888 2875//2875
f 2877//2877 2876//2876 2889//2889
f 2889//2889 2890//2890 2877//2877
f 2878//2878 2877//2877 2890//2890
f 2890//2890 2891//2891 2878//2878
f 2879//2879 2878//2878 2891//2891
f 2891//2891 2892//2892 2879//2879
f 2880//2880 2879//2879 2892//2892
f 2892//2892 2893//2893 2880//2880
f 2881//2881 2880//2880 2893//2893
f 2893//2893 2894//2894 2881//2881
f 2882//2882 2881//2881 2894//2894
f 2894//2894 2895//2895 2882//2882
f 2883//2883 2882//2882 2895//2895
f 2895//2895 2896//2896 2883//2883
f 2884//2884 2883//2883 2896//2896
f 2896//2896 2897//2897 2884//2884
f 2885//2885 2884//2884 2897//2897
f 2897//2897 2898//2898 2885//2885
f 2886//2886 2885//2885 2898//2898
f 2898//2898 2899//2899 2886//2886
f 2887//2887 2886//2886 2899//2899
f 2899//2899 2900//2900 2887//2887
f 2888//2888 2887//2887 2900//2900
f 2900//2900 2901//2901 2888//2888
f 2890//2890 2889//2889 2902//2902
f 2902//2902 2903//2903 2890//2890
f 2891//2891 2890//2890 2903//2903
f 2903//2903 2904//2904 2891//2891
f 2892//2892 2891//2891 2904//2904
f 2904//2904 2905//2905 2892//2892
f 2893//2893 2892//2892 2905//2905
f 2905//2905 2906//2906 2893//2893
f 2894//2894 2893//2893 2906//2906
f 2906//2906 2907//2907 2894//2894
f 2895//2895 2894//2894 2907//2907
f 2907//2907 2908//2908 2895//2895
f 2896//2896 2895//2895 2908//2908
f 2908//2908 2909//2909 2896//2896
f 2897//2897 2896//2896 2909//2909
f 2909//2909 2910//2910 2897//2897
f 2898//2898 2897//2897 2910//2910
f 2910//2910 2911//2911 2898//2898
f 2899//2899 2898//2898 2911//2911
f 2911//2911 2912//2912 2899//2899
f 2900//2900 2899//2899 2912//2912
f 2912//2912 2913//2913 2900//2900
f 2901//2901 2900//2900 2913//2913
f 2913//2913 2914//2914 2901//2901
f 2903//2903 2902//2902 190//190
f 190//190 2915//2915 2903//2903
f 2904//2904 2903//2903 2915//2915
f 2915//2915 2916//2916 2904//2904
f 2905//2905 2904//2904 2916//2916
f 2916//2916 2917//2917 2905//2905
f 2906//2906 2905//2905 2917//2917
f 2917//2917 2918//2918 2906//2906
f 2907//2907 2906//2906 2918//2918
f 2918//2918 2919//2919 2907//2907
f 2908//2908 2907//2907 2919//2919
f 2919//2919 2920//2920 2908//2908
f 2909//2909 2908//2908 2920//2920
f 2920//2920 2921//2921 2909//2909
f 2910//2910 2909//2909 2921//2921
f 2921//2921 2922//2922 2910//2910
f 2911//2911 2910//2910 2922//2922
f 2922//2922 2923//2923 2911//2911
f 2912//2912 2911//2911 2923//2923
f 2923//2923 2924//2924 2912//2912
f 2913//2913 2912//2912 2924//2924
f 2924//2924 2925//2925 2913//2913
f 2914//2914 2913//2913 2925//2925
f 2925//2925 2926//2926 2914//2914
f 2915//2915 190//190 2927//2927
f 2927//2927 2928//2928 2915//2915
f 2916//2916 2915//2915 2928//2928
f 2928//2928 2929//2929 2916//2916
f 2917//2917 2916//2916 2929//2929
f 2929//2929 2930//2930 2917//2917
f 2918//2918 2917//2917 2930//2930
f 2930//2930 2931//2931 2918//2918
f 2919//2919 2918//2918 2931//2931
f 2931//2931 2932//2932 2919//2919
f 2920//2920 2919//2919 2932//2932
f 2932//2932 2933//2933 2920//2920
f 2921//2921 2920//2920 2933//2933
f 2933//2933 2934//2934 2921//2921
f 2922//2922 2921//2921 2934//2934
f 2934//2934 2935//2935 2922//2922
f 2923//2923 2922//2922 2935//2935
f 2935//2935 2936//2936 2923//2923
f 2924//2924 2923//2923 2936//2936
f 2936//2936 2937//2937 2924//2924
f 2925//2925 2924//2924 2937//2937
f 2937//2937 2938//2938 2925//2925
f 2926//2926 2925//2925 2938//2938
f 2938//2938 2939//2939 2926//2926
f 2928//2928 2927//2927 2940//2940
f 2940//2940 2941//2941 2928//2928
f 2929//2929 2928//2928 2941//2941
f 2941//2941 2942//2942 2929//2929
f 2930//2930 2929//2929 2942//2942
f 2942//2942 2943//2943 2930//2930
f 2931//2931 2930//2930 2943//2943
f 2943//2943 2944//2944 2931//2931
f 2932//2932 2931//2931 2944//2944
f 2944//2944 2945//2945 2932//2932
f 2933//2933 2932//2932 2945//2945
f 2945//2945 2946//2946 2933//2933
f 2934//2934 2933//2933 2946//2946
f 2946//2946 2947//2947 2934//2934
f 2935//2935 2934//2934 2947//2947
f 2947//2947 2948//2948 2935//2935
f 2936//2936 2935//2935 2948//2948
f 2948//2948 2949//2949 2936//2936
f 2937//2937 2936//2936 2949//2949
f 2949//2949 2950//2950 2937//2937
f 2938//2938 2937//2937 2950//2950
f 2950//2950 2951//2951 2938//2938
f 2939//2939 2938//2938 2951//2951
f 2951//2951 2952//2952 2939//2939
f 2941//2941 2940//2940 2953//2953
f 2953//2953 2954//2954 2941//2941
f 2942//2942 2941//2941 2954//2954
f 2954//2954 2955//2955 2942//2942
f 2943//2943 2942//2942 2955//2955
f 2955//2955 2956//2956 2943//2943
f 2944//2944 2943//2943 2956//2956
f 2956//2956 2957//2957 2944//2944
f 2945//2945 2944//2944 2957//2957
f 2957//2957 2958//2958 2945//2945
f 2946//2946 2945//2945 2958//2958
f 2958//2958 2959//2959 2946//2946
f 2947//2947 2946//2946 2959//2959
f 2959//2959 2960//2960 2947//2947
f 2948//2948 2947//2947 2960//2960
f 2960//2960 2961//2961 2948//2948
f 2949//2949 2948//2948 2961//2961
f 2961//2961 2962//2962 2949//2949
f 2950//2950 2949//2949 2962//2962
f 2962//2962 2963//2963 2950//2950
f 2951//2951 2950//2950 2963//2963
f 2963//2963 2964//2964 2951//2951
f 2952//2952 2951//2951 2964//2964
f 2964//2964 2965//2965 2952//2952
f 2954//2954 2953//2953 2966//2966
f 2966//2966 2967//2967 2954//2954
f 2955//2955 2954//2954 2967//2967
f 2967//2967 2968//2968 2955//2955
f 2956//2956 2955//2955 2968//2968
f 2968//2968 2969//2969 2956//2956
f 2957//2957 2956//2956 2969//2969
f 2969//2969 2970//2970 2957//2957
f 2958//2958 2957//2957 2970//2970
f 2970//2970 2971//2971 2958//2958
f 2959//2959 2958//2958 2971//2971
f 2971//2971 2972//2972 2959//2959
f 2960//2960 2959//2959 2972//2972
f 2972//2972 2973//2973 2960//2960
f 2961//2961 2960//2960 2973//2973
f 2973//2973 2974//2974 2961//2961
f 2962//2962 2961//2961 2974//2974
f 2974//2974 2975//2975 2962//2962
f 2963//2963 2962//2962 2975//2975
f 2975//2975 2976//2976 2963//2963
f 2964//2964 2963//2963 2976//2976
f 2976//2976 2977//2977 2964//2964
f 2965//2965 2964//2964 2977//2977
f 2977//2977 2978//2978 2965//2965
f 2967//2967 2966//2966 440//440
f 440//440 2979//2979 2967//2967
f 2968//2968 2967//2967 2979//2979
f 2979//2979 2980//2980 2968//2968
f 2969//2969 2968//2968 2980//2980
f 2980//2980 2981//2981 2969//2969
f 2970//2970 2969//2969 2981//2981
f 2981//2981 2982//2982 2970//2970
f 2971//2971 2970//2970 2982//2982
f 2982//2982 2983//2983 2971//2971
f 2972//2972 2971//2971 2983//2983
f 2983//2983 2984//2984 2972//2972
f 2973//2973 2972//2972 2984//2984
f 2984//2984 2985//2985 2973//2973
f 2974//2974 2973//2973 2985//2985
f 2985//2985 2986//2986 2974//2974
f 2975//2975 2974//2974 2986//2986
f 2986//2986 2987//2987 2975//2975
f 2976//2976 2975//2975 2987//2987
f 2987//2987 2988//2988 2976//2976
f 2977//2977 2976//2976 2988//2988
f 2988//2988 2989//2989 2977//2977
f 2978//2978 2977//2977 2989//2989
f 2989//2989 2990//2990 2978//2978
f 2979//2979 440//440 2991//2991
f 2991//2991 2992//2992 2979//2979
f 2980//2980 2979//2979 2992//2992
f 2992//2992 2993//2993 2980//2980
f 2981//2981 2980//2980 2993//2993
f 2993//2993 2994//2994 2981//2981
f 2982//2982 2981//2981 2994//2994
f 2994//2994 2995//2995 2982//2982
f 2983//2983 2982//2982 2995//2995
f 2995//2995 2996//2996 2983//2983
f 2984//2984 2983//2983 2996//2996
f 2996//2996 2997//2997 2984//2984
f 2985//2985 2984//2984 2997//2997
f 2997//2997 2998//2998 2985//2985
f 2986//2986 2985//2985 2998//2998
f 2998//2998 2999//2999 2986//2986
f 2987//2987 2986//2986 2999//2999
f 2999//2999 3000//3000 2987//2987
f 2988//2988 2987//2987 3000//3000
f 3000//3000 3001//3001 2988//2988
f 2989//2989 2988//2988 3001//3001
f 3001//3001 3002//3002 2989//2989
f 2990//2990 2989//2989 3002//3002
f 3002//3002 3003//3003 2990//2990
f 2992//2992 2991//2991 3004//3004
f 3004//3004 3005//3005 2992//2992
f 2993//2993 2992//2992 3005//3005
f 3005//3005 3006//3006 2993//2993
f 2994//2994 2993//2993 3006//3006
f 3006//3006 3007//3007 2994//2994
f 2995//2995 2994//2994 3007//3007
f 3007//3007 3008//3008 2995//2995
f 2996//2996 2995//2995 3008//3008
f 3008//3008 3009//3009 2996//2996
f 2997//2997 2996//2996 3009//3009
f 3009//3009 3010//3010 2997//2997
f 2998//2998 2997//2997 3010//3010
f 3010//3010 3011//3011 2998//2998
f 2999//2999 2998//2998 3011//3011
f 3011//3011 3012//3012 2999//2999
f 3000//3000 2999//2999 3012//3012
f 3012//3012 3013//3013 3000//3000
f 3001//3001 3000//3000 3013//3013
f 3013//3013 3014//3014 3001//3001
f 3002//3002 3001//3001 3014//3014
f 3014//3014 3015//3015 3002//3002
f 3003//3003 3002//3002 3015//3015
f 3015//3015 3016//3016 3003//3003
f 3005//3005 3004//3004 3017//3017
f 3017//3017 3018//3018 3005//3005
f 3006//3006 3005//3005 3018//3018
f 3018//3018 3019//3019 3006//3006
f 3007//3007 3006//3006 3019//3019
f 3019//3019 3020//3020 3007//3007
f 3008//3008 3007//3007 3020//3020
f 3020//3020 3021//3021 3008//3008
f 3009//3009 3008//3008 3021//3021
f 3021//3021 3022//3022 3009//3009
f 3010//3010 3009//3009 3022//3022
f 3022//3022 3023//3023 3010//3010
f 3011//3011 3010//3010 3023//3023
f 3023//3023 3024//3024 3011//3011
f 3012//3012 3011//3011 3024//3024
f 3024//3024 3025//3025 3012//3012
f 3013//3013 3012//3012 3025//3025
f 3025//3025 3026//3026 3013//3013
f 3014//3014 3013//3013 3026//3026
f 3026//3026 3027//3027 3014//3014
f 3015//3015 3014//3014 3027//3027
f 3027//3027 3028//3028 3015//3015
f 3016//3016 3015//3015 3028//3028
f 3028//3028 3029//3029 3016//3016
f 3018//3018 3017//3017 3030//3030
f 3030//3030 3031//3031 3018//3018
f 3019//3019 3018//3018 3031//3031
f 3031//3031 3032//3032 3019//3019
f 3020//3020 3019//3019 3032//3032
f 3032//3032 3033//3033 3020//3020
f 3021//3021 3020//3020 3033//3033
f 3033//3033 3034//3034 3021//3021
f 3022//3022 3021//3021 3034//3034
f 3034//3034 3035//3035 3022//3022
f 3023//3023 3022//3022 3035//3035
f 3035//3035 3036//3036 3023//3023
f 3024//3024 3023//3023 3036//3036
f 3036//3036 3037//3037 3024//3024
f 3025//3025 3024//3024 3037//3037
f 3037//3037 3038//3038 3025//3025
f 3026//3026 3025//3025 3038//3038
f 3038//3038 3039//3039 3026//3026
f 3027//3027 3026//3026 3039//3039
f 3039//3039 3040//3040 3027//3027
f 3028//3028 3027//3027 3040//3040
f 3040//3040 3041//3041 3028//3028
f 3029//3029 3028//3028 3041//3041
f 3041//3041 3042//3042 3029//3029
f 3031//3031 3030//3030 785//785
f 785//785 3043//3043 3031//3031
f 3032//3032 3031//3031 3043//3043
f 3043//3043 3044//3044 3032//3032
f 3033//3033 3032//3032 3044//3044
f 3044//3044 3045//3045 3033//3033
f 3034//3034 3033//3033 3045//3045
f 3045//3045 3046//3046 3034//3034
f 3035//3035 3034//3034 3046//3046
f 3046//3046 3047//3047 3035//3035
f 3036//3036 3035//3035 3047//3047
f 3047//3047 3048//3048 3036//3036
f 3037//3037 3036//3036 3048//3048
f 3048//3048 3049//3049 3037//3037
f 3038//3038 3037//3037 3049//3049
f 3049//3049 3050//3050 3038//3038
f 3039//3039 3038//3038 3050//3050
f 3050//3050 3051//3051 3039//3039
f 3040//3040 3039//3039 3051//3051
f 3051//3051 3052//3052 3040//3040
f 3041//3041 3040//3040 3052//3052
f 3052//3052 3053//3053 3041//3041
f 3042//3042 3041//3041 3053//3053
f 3053//3053 3054//3054 3042//3042
f 3055//3055 3056//3056 3057//3057
f 3057//3057 3058//3058 3055//3055
f 3059//3059 3060//3060 3055//3055
f 3055//3055 3058//3058 3059//3059
f 3061//3061 736//736 3060//3060
f 3060//3060 3059//3059 3061//3061
f 3062//3062 3063//3063 736//736
f 736//736 3061//3061 3062//3062
f 3064//3064 3065//3065 3063//3063
f 3063//3063 3062//3062 3064//3064
f 3066//3066 3067//3067 3065//3065
f 3065//3065 3064//3064 3066//3066
f 3068//3068 3069//3069 3067//3067
f 3067//3067 3066//3066 3068//3068
f 3070//3070 781//781 3069//3069
f 3069//3069 3068//3068 3070//3070
f 3071//3071 3072//3072 781//781
f 781//781 3070//3070 3071//3071
f 3073//3073 3074//3074 3072//3072
f 3072//3072 3071//3071 3073//3073
f 3075//3075 3076//3076 3074//3074
f 3074//3074 3073//3073 3075//3075
f 3077//3077 3078//3078 3076//3076
f 3076//3076 3075//3075 3077//3077
f 3079//3079 785//785 3078//3078
f 3078//3078 3077//3077 3079//3079
f 3079//3079 3080//3080 3043//3043
f 785//785 3079//3079 3043//3043
f 3044//3044 3043//3043 3080//3080
f 3080//3080 3081//3081 3044//3044
f 3045//3045 3044//3044 3081//3081
f 3081//3081 3082//3082 3045//3045
f 3046//3046 3045//3045 3082//3082
f 3082//3082 3083//3083 3046//3046
f 3047//3047 3046//3046 3083//3083
f 3083//3083 3084//3084 3047//3047
f 3048//3048 3047//3047 3084//3084
f 3084//3084 3085//3085 3048//3048
f 3049//3049 3048//3048 3085//3085
f 3085//3085 3086//3086 3049//3049
f 3050//3050 3049//3049 3086//3086
f 3086//3086 3087//3087 3050//3050
f 3051//3051 3050//3050 3087//3087
f 3087//3087 3088//3088 3051//3051
f 3052//3052 3051//3051 3088//3088
f 3088//3088 3089//3089 3052//3052
f 3053//3053 3052//3052 3089//3089
f 3089//3089 3090//3090 3053//3053
f 3054//3054 3053//3053 3090//3090
f 3090//3090 3091//3091 3054//3054
f 3058//3058 3057//3057 3092//3092
f 3092//3092 3093//3093 3058//3058
f 3059//3059 3058//3058 3093//3093
f 3093//3093 3094//3094 3059//3059
f 3061//3061 3059//3059 3094//3094
f 3094//3094 3095//3095 3061//3061
f 3062//3062 3061//3061 3095//3095
f 3095//3095 3096//3096 3062//3062
f 3064//3064 3062//3062 3096//3096
f 3096//3096 3097//3097 3064//3064
f 3066//3066 3064//3064 3097//3097
f 3097//3097 3098//3098 3066//3066
f 3068//3068 3066//3066 3098//3098
f 3098//3098 3099//3099 3068//3068
f 3070//3070 3068//3068 3099//3099
f 3099//3099 3100//3100 3070//3070
f 3071//3071 3070//3070 3100//3100
f 3100//3100 3101//3101 3071//3071
f 3073//3073 3071//3071 3101//3101
f 3101//3101 3102//3102 3073//3073
f 3075//3075 3073//3073 3102//3102
f 3102//3102 3103//3103 3075//3075
f 3077//3077 3075//3075 3103//3103
f 3103//3103 3104//3104 3077//3077
f 3079//3079 3077//3077 3104//3104
f 3104//3104 3105//3105 3079//3079
f 3080//3080 3079//3079 3105//3105
f 3105//3105 3106//3106 3080//3080
f 3081//3081 3080//3080 3106//3106
f 3106//3106 3107//3107 3081//3081
f 3082//3082 3081//3081 3107//3107
f 3107//3107 3108//3108 3082//3082
f 3083//3083 3082//3082 3108//3108
f 3108//3108 3109//3109 3083//3083
f 3084//3084 3083//3083 3109//3109
f 3109//3109 3110//3110 3084//3084
f 3085//3085 3084//3084 3110//3110
f 3110//3110 3111//3111 3085//3085
f 3086//3086 3085//3085 3111//3111
f 3111//3111 3112//3112 3086//3086
f 3087//3087 3086//3086 3112//3112
f 3112//3112 3113//3113 3087//3087
f 3088//3088 3087//3087 3113//3113
f 3113//3113 3114//3114 3088//3088
f 3089//3089 3088//3088 3114//3114
f 3114//3114 3115//3115 3089//3089
f 3090//3090 3089//3089 3115//3115
f 3115//3115 3116//3116 3090//3090
f 3091//3091 3090//3090 3116//3116
f 3116//3116 3117//3117 3091//3091
f 3093//3093 3092//3092 3118//3118
f 3118//3118 3119//3119 3093//3093
f 3094//3094 3093//3093 3119//3119
f 3119//3119 3120//3120 3094//3094
f 3095//3095 3094//3094 3120//3120
f 3120//3120 3121//3121 3095//3095
f 3096//3096 3095//3095 3121//3121
f 3121//3121 3122//3122 3096//3096
f 3097//3097 3096//3096 3122//3122
f 3122//3122 3123//3123 3097//3097
f 3098//3098 3097//3097 3123//3123
f 3123//3123 3124//3124 3098//3098
f 3099//3099 3098//3098 3124//3124
f 3124//3124 3125//3125 3099//3099
f 3100//3100 3099//3099 3125//3125
f 3125//3125 3126//3126 3100//3100
f 3101//3101 3100//3100 3126//3126
f 3126//3126 3127//3127 3101//3101
f 3102//3102 3101//3101 3127//3127
f 3127//3127 3128//3128 3102//3102
f 3103//3103 3102//3102 3128//3128
f 3128//3128 3129//3129 3103//3103
f 3104//3104 3103//3103 3129//3129
f 3129//3129 3130//3130 3104//3104
f 3105//3105 3104//3104 3130//3130
f 3130//3130 3131//3131 3105//3105
f 3106//3106 3105//3105 3131//3131
f 3131//3131 3132//3132 3106//3106
f 3107//3107 3106//3106 3132//3132
f 3132//3132 3133//3133 3107//3107
f 3108//3108 3107//3107 3133//3133
f 3133//3133 3134//3134 3108//3108
f 3109//3109 3108//3108 3134//3134
f 3134//3134 3135//3135 3109//3109
f 3110//3110 3109//3109 3135//3135
f 3135//3135 3136//3136 3110//3110
f 3111//3111 3110//3110 3136//3136
f 3136//3136 3137//3137 3111//3111
f 3112//3112 3111//3111 3137//3137
f 3137//3137 3138//3138 3112//3112
f 3113//3113 3112//3112 3138//3138
f 3138//3138 3139//3139 3113//3113
f 3114//3114 3113//3113 3139//3139
f 3139//3139 3140//3140 3114//3114
f 3115//3115 3114//3114 3140//3140
f 3140//3140 3141//3141 3115//3115
f 3116//3116 3115//3115 3141//3141
f 3141//3141 3142//3142 3116//3116
f 3117//3117 3116//3116 3142//3142
f 3142//3142 3143//3143 3117//3117
f 3119//3119 3118//3118 3144//3144
f 3144//3144 3145//3145 3119//3119
f 3120//3120 3119//3119 3145//3145
f 3145//3145 3146//3146 3120//3120
f 3121//3121 3120//3120 3146//3146
f 3146//3146 3147//3147 3121//3121
f 3122//3122 3121//3121 3147//3147
f 3147//3147 3148//3148 3122//3122
f 3123//3123 3122//3122 3148//3148
f 3148//3148 3149//3149 3123//3123
f 3124//3124 3123//3123 3149//3149
f 3149//3149 3150//3150 3124//3124
f 3125//3125 3124//3124 3150//3150
f 3150//3150 3151//3151 3125//3125
f 3126//3126 3125//3125 3151//3151
f 3151//3151 3152//3152 3126//3126
f 3127//3127 3126//3126 3152//3152
f 3152//3152 3153//3153 3127//3127
f 3128//3128 3127//3127 3153//3153
f 3153//3153 3154//3154 3128//3128
f 3129//3129 3128//3128 3154//3154
f 3154//3154 3155//3155 3129//3129
f 3130//3130 3129//3129 3155//3155
f 3155//3155 3156//3156 3130//3130
f 3131//3131 3130//3130 3156//3156
f 3156//3156 3157//3157 3131//3131
f 3132//3132 3131//3131 3157//3157
f 3157//3157 3158//3158 3132//3132
f 3133//3133 3132//3132 3158//3158
f 3158//3158 3159//3159 3133//3133
f 3134//3134 3133//3133 3159//3159
f 3159//3159 3160//3160 3134//3134
f 3135//3135 3134//3134 3160//3160
f 3160//3160 3161//3161 3135//3135
f 3136//3136 3135//3135 3161//3161
f 3161//3161 3162//3162 3136//3136
f 3137//3137 3136//3136 3162//3162
f 3162//3162 3163//3163 3137//3137
f 3138//3138 3137//3137 3163//3163
f 3163//3163 3164//3164 3138//3138
f 3139//3139 3138//3138 3164//3164
f 3164//3164 3165//3165 3139//3139
f 3140//3140 3139//3139 3165//3165
f 3165//3165 3166//3166 3140//3140
f 3141//3141 3140//3140 3166//3166
f 3166//3166 3167//3167 3141//3141
f 3142//3142 3141//3141 3167//3167
f 3167//3167 3168//3168 3142//3142
f 3143//3143 3142//3142 3168//3168
f 3168//3168 3169//3169 3143//3143
f 3170//3170 3171//3171 3172//3172
f 3145//3145 3144//3144 3173//3173
f 3174//3174 3170//3170 3172//3172
f 3145//3145 3173//3173 3175//3175
f 3174//3174 3172//3172 3176//3176
f 3145//3145 3175//3175 3177//3177
f 3178//3178 3174//3174 3176//3176
f 3145//3145 3177//3177 3179//3179
f 3179//3179 3178//3178 3176//3176
f 3176//3176 3145//3145 3179//3179
f 3146//3146 3145//3145 3176//3176
f 3176//3176 3180//3180 3146//3146
f 3147//3147 3146//3146 3180//3180
f 3180//3180 3181//3181 3147//3147
f 3148//3148 3147//3147 3181//3181
f 3181//3181 3182//3182 3148//3148
f 3149//3149 3148//3148 3182//3182
f 3182//3182 3183//3183 3149//3149
f 3150//3150 3149//3149 3183//3183
f 3183//3183 3184//3184 3150//3150
f 3151//3151 3150//3150 3184//3184
f 3184//3184 3185//3185 3151//3151
f 3152//3152 3151//3151 3185//3185
f 3185//3185 3186//3186 3152//3152
f 3153//3153 3152//3152 3186//3186
f 3186//3186 3187//3187 3153//3153
f 3154//3154 3153//3153 3187//3187
f 3187//3187 3188//3188 3154//3154
f 3155//3155 3154//3154 3188//3188
f 3188//3188 3189//3189 3155//3155
f 3156//3156 3155//3155 3189//3189
f 3189//3189 3190//3190 3156//3156
f 3157//3157 3156//3156 3190//3190
f 3190//3190 3191//3191 3157//3157
f 3158//3158 3157//3157 3191//3191
f 3191//3191 3192//3192 3158//3158
f 3159//3159 3158//3158 3192//3192
f 3192//3192 3193//3193 3159//3159
f 3160//3160 3159//3159 3193//3193
f 3193//3193 3194//3194 3160//3160
f 3161//3161 3160//3160 3194//3194
f 3194//3194 3195//3195 3161//3161
f 3162//3162 3161//3161 3195//3195
f 3195//3195 3196//3196 3162//3162
f 3163//3163 3162//3162 3196//3196
f 3196//3196 3197//3197 3163//3163
f 3164//3164 3163//3163 3197//3197
f 3197//3197 3198//3198 3164//3164
f 3165//3165 3164//3164 3198//3198
f 3198//3198 3199//3199 3165//3165
f 3166//3166 3165//3165 3199//3199
f 3199//3199 3200//3200 3166//3166
f 3167//3167 3166//3166 3200//3200
f 3200//3200 3201//3201 3167//3167
f 3168//3168 3167//3167 3201//3201
f 3201//3201 3202//3202 3168//3168
f 3169//3169 3168//3168 3202//3202
f 3202//3202 3203//3203 3169//3169
f 3176//3176 3172//3172 3204//3204
f 3204//3204 3205//3205 3176//3176
f 3180//3180 3176//3176 3205//3205
f 3205//3205 3206//3206 3180//3180
f 3181//3181 3180//3180 3206//3206
f 3206//3206 3207//3207 3181//3181
f 3182//3182 3181//3181 3207//3207
f 3207//3207 3208//3208 3182//3182
f 3183//3183 3182//3182 3208//3208
f 3208//3208 3209//3209 3183//3183
f 3184//3184 3183//3183 3209//3209
f 3209//3209 3210//3210 3184//3184
f 3185//3185 3184//3184 3210//3210
f 3210//3210 3211//3211 3185//3185
f 3186//3186 3185//3185 3211//3211
f 3211//3211 3212//3212 3186//3186
f 3187//3187 3186//3186 3212//3212
f 3212//3212 3213//3213 3187//3187
f 3188//3188 3187//3187 3213//3213
f 3213//3213 3214//3214 3188//3188
f 3189//3189 3188//3188 3214//3214
f 3214//3214 3215//3215 3189//3189
f 3190//3190 3189//3189 3215//3215
f 3215//3215 3216//3216 3190//3190
f 3191//3191 3190//3190 3216//3216
f 3216//3216 3217//3217 3191//3191
f 3192//3192 3191//3191 3217//3217
f 3217//3217 3218//3218 3192//3192
f 3193//3193 3192//3192 3218//3218
f 3218//3218 3219//3219 3193//3193
f 3194//3194 3193//3193 3219//3219
f 3219//3219 3220//3220 3194//3194
f 3195//3195 3194//3194 3220//3220
f 3220//3220 3221//3221 3195//3195
f 3196//3196 3195//3195 3221//3221
f 3221//3221 3222//3222 3196//3196
f 3197//3197 3196//3196 3222//3222
f 3222//3222 3223//3223 3197//3197
f 3198//3198 3197//3197 3223//3223
f 3223//3223 3224//3224 3198//3198
f 3199//3199 3198//3198 3224//3224
f 3224//3224 3225//3225 3199//3199
f 3200//3200 3199//3199 3225//3225
f 3225//3225 3226//3226 3200//3200
f 3201//3201 3200//3200 3226//3226
f 3226//3226 3227//3227 3201//3201
f 3202//3202 3201//3201 3227//3227
f 3227//3227 3228//3228 3202//3202
f 3203//3203 3202//3202 3228//3228
f 3228//3228 3229//3229 3203//3203
f 3230//3230 3231//3231 3232//3232
f 3232//3232 3205//3205 3204//3204
f 3204//3204 3233//3233 3234//3234
f 3234//3234 3230//3230 3232//3232
f 3232//3232 3204//3204 3234//3234
f 3206//3206 3205//3205 3232//3232
f 3232//3232 3235//3235 3206//3206
f 3207//3207 3206//3206 3235//3235
f 3235//3235 3236//3236 3207//3207
f 3208//3208 3207//3207 3236//3236
f 3236//3236 3237//3237 3208//3208
f 3209//3209 3208//3208 3237//3237
f 3237//3237 3238//3238 3209//3209
f 3210//3210 3209//3209 3238//3238
f 3238//3238 3239//3239 3210//3210
f 3211//3211 3210//3210 3239//3239
f 3239//3239 3240//3240 3211//3211
f 3212//3212 3211//3211 3240//3240
f 3240//3240 3241//3241 3212//3212
f 3213//3213 3212//3212 3241//3241
f 3241//3241 3242//3242 3213//3213
f 3214//3214 3213//3213 3242//3242
f 3242//3242 3243//3243 3214//3214
f 3215//3215 3214//3214 3243//3243
f 3243//3243 3244//3244 3215//3215
f 3216//3216 3215//3215 3244//3244
f 3244//3244 3245//3245 3216//3216
f 3217//3217 3216//3216 3245//3245
f 3245//3245 3246//3246 3217//3217
f 3218//3218 3217//3217 3246//3246
f 3246//3246 3247//3247 3218//3218
f 3219//3219 3218//3218 3247//3247
f 3247//3247 3248//3248 3219//3219
f 3220//3220 3219//3219 3248//3248
f 3248//3248 3249//3249 3220//3220
f 3221//3221 3220//3220 3249//3249
f 3249//3249 3250//3250 3221//3221
f 3222//3222 3221//3221 3250//3250
f 3250//3250 3251//3251 3222//3222
f 3223//3223 3222//3222 3251//3251
f 3251//3251 3252//3252 3223//3223
f 3224//3224 3223//3223 3252//3252
f 3252//3252 3253//3253 3224//3224
f 3225//3225 3224//3224 3253//3253
f 3253//3253 3254//3254 3225//3225
f 3226//3226 3225//3225 3254//3254
f 3254//3254 3255//3255 3226//3226
f 3227//3227 3226//3226 3255//3255
f 3255//3255 3256//3256 3227//3227
f 3228//3228 3227//3227 3256//3256
f 3256//3256 3257//3257 3228//3228
f 3229//3229 3228//3228 3257//3257
f 3257//3257 3258//3258 3229//3229
f 3259//3259 3260//3260 3261//3261
f 3261//3261 3262//3262 3232//3232
f 3263//3263 3259//3259 3261//3261
f 3232//3232 3231//3231 3264//3264
f 3264//3264 3263//3263 3261//3261
f 3261//3261 3232//3232 3264//3264
f 3235//3235 3232//3232 3262//3262
f 3262//3262 3265//3265 3235//3235
f 3236//3236 3235//3235 3265//3265
f 3265//3265 3266//3266 3236//3236
f 3237//3237 3236//3236 3266//3266
f 3266//3266 3267//3267 3237//3237
f 3238//3238 3237//3237 3267//3267
f 3267//3267 3268//3268 3238//3238
f 3239//3239 3238//3238 3268//3268
f 3268//3268 3269//3269 3239//3239
f 3240//3240 3239//3239 3269//3269
f 3269//3269 3270//3270 3240//3240
f 3241//3241 3240//3240 3270//3270
f 3270//3270 3271//3271 3241//3241
f 3242//3242 3241//3241 3271//3271
f 3271//3271 3272//3272 3242//3242
f 3243//3243 3242//3242 3272//3272
f 3272//3272 3273//3273 3243//3243
f 3244//3244 3243//3243 3273//3273
f 3273//3273 3274//3274 3244//3244
f 3245//3245 3244//3244 3274//3274
f 3274//3274 3275//3275 3245//3245
f 3246//3246 3245//3245 3275//3275
f 3275//3275 3276//3276 3246//3246
f 3247//3247 3246//3246 3276//3276
f 3276//3276 3277//3277 3247//3247
f 3248//3248 3247//3247 3277//3277
f 3277//3277 3278//3278 3248//3248
f 3249//3249 3248//3248 3278//3278
f 3278//3278 3279//3279 3249//3249
f 3250//3250 3249//3249 3279//3279
f 3279//3279 3280//3280 3250//3250
f 3251//3251 3250//3250 3280//3280
f 3280//3280 3281//3281 3251//3251
f 3252//3252 3251//3251 3281//3281
f 3281//3281 3282//3282 3252//3252
f 3253//3253 3252//3252 3282//3282
f 3282//3282 3283//3283 3253//3253
f 3254//3254 3253//3253 3283//3283
f 3283//3283 3284//3284 3254//3254
f 3255//3255 3254//3254 3284//3284
f 3284//3284 3285//3285 3255//3255
f 3256//3256 3255//3255 3285//3285
f 3285//3285 3286//3286 3256//3256
f 3257//3257 3256//3256 3286//3286
f 3286//3286 3287//3287 3257//3257
f 3258//3258 3257//3257 3287//3287
f 3287//3287 3288//3288 3258//3258
f 3262//3262 3261//3261 3289//3289
f 3289//3289 3290//3290 3262//3262
f 3265//3265 3262//3262 3290//3290
f 3290//3290 3291//3291 3265//3265
f 3266//3266 3265//3265 3291//3291
f 3291//3291 3292//3292 3266//3266
f 3267//3267 3266//3266 3292//3292
f 3292//3292 3293//3293 3267//3267
f 3268//3268 3267//3267 3293//3293
f 3293//3293 3294//3294 3268//3268
f 3269//3269 3268//3268 3294//3294
f 3294//3294 3295//3295 3269//3269
f 3270//3270 3269//3269 3295//3295
f 3295//3295 3296//3296 3270//3270
f 3271//3271 3270//3270 3296//3296
f 3296//3296 3297//3297 3271//3271
f 3272//3272 3271//3271 3297//3297
f 3297//3297 3298//3298 3272//3272
f 3273//3273 3272//3272 3298//3298
f 3298//3298 3299//3299 3273//3273
f 3274//3274 3273//3273 3299//3299
f 3299//3299 3300//3300 3274//3274
f 3275//3275 3274//3274 3300//3300
f 3300//3300 3301//3301 3275//3275
f 3276//3276 3275//3275 3301//3301
f 3301//3301 3302//3302 3276//3276
f 3277//3277 3276//3276 3302//3302
f 3302//3302 3303//3303 3277//3277
f 3278//3278 3277//3277 3303//3303
f 3303//3303 3304//3304 3278//3278
f 3279//3279 3278//3278 3304//3304
f 3304//3304 3305//3305 3279//3279
f 3280//3280 3279//3279 3305//3305
f 3305//3305 3306//3306 3280//3280
f 3281//3281 3280//3280 3306//3306
f 3306//3306 3307//3307 3281//3281
f 3282//3282 3281//3281 3307//3307
f 3307//3307 3308//3308 3282//3282
f 3283//3283 3282//3282 3308//3308
f 3308//3308 3309//3309 3283//3283
f 3284//3284 3283//3283 3309//3309
f 3309//3309 3310//3310 3284//3284
f 3285//3285 3284//3284 3310//3310
f 3310//3310 3311//3311 3285//3285
f 3286//3286 3285//3285 3311//3311
f 3311//3311 3312//3312 3286//3286
f 3287//3287 3286//3286 3312//3312
f 3312//3312 3313//3313 3287//3287
f 3288//3288 3287//3287 3313//3313
f 3313//3313 3314//3314 3288//3288
f 3290//3290 3289//3289 3315//3315
f 3315//3315 3316//3316 3290//3290
f 3291//3291 3290//3290 3316//3316
f 3316//3316 3317//3317 3291//3291
f 3292//3292 3291//3291 3317//3317
f 3317//3317 3318//3318 3292//3292
f 3293//3293 3292//3292 3318//3318
f 3318//3318 3319//3319 3293//3293
f 3294//3294 3293//3293 3319//3319
f 3319//3319 3320//3320 3294//3294
f 3295//3295 3294//3294 3320//3320
f 3320//3320 3321//3321 3295//3295
f 3296//3296 3295//3295 3321//3321
f 3321//3321 3322//3322 3296//3296
f 3297//3297 3296//3296 3322//3322
f 3322//3322 3323//3323 3297//3297
f 3298//3298 3297//3297 3323//3323
f 3323//3323 3324//3324 3298//3298
f 3299//3299 3298//3298 3324//3324
f 3324//3324 3325//3325 3299//3299
f 3300//3300 3299//3299 3325//3325
f 3325//3325 3326//3326 3300//3300
f 3301//3301 3300//3300 3326//3326
f 3326//3326 3327//3327 3301//3301
f 3302//3302 3301//3301 3327//3327
f 3327//3327 3328//3328 3302//3302
f 3303//3303 3302//3302 3328//3328
f 3328//3328 3329//3329 3303//3303
f 3304//3304 3303//3303 3329//3329
f 3329//3329 3330//3330 3304//3304
f 3305//3305 3304//3304 3330//3330
f 3330//3330 3331//3331 3305//3305
f 3306//3306 3305//3305 3331//3331
f 3331//3331 3332//3332 3306//3306
f 3307//3307 3306//3306 3332//3332
f 3332//3332 3333//3333 3307//3307
f 3308//3308 3307//3307 3333//3333
f 3333//3333 3334//3334 3308//3308
f 3309//3309 3308//3308 3334//3334
f 3334//3334 3335//3335 3309//3309
f 3310//3310 3309//3309 3335//3335
f 3335//3335 3336//3336 3310//3310
f 3311//3311 3310//3310 3336//3336
f 3336//3336 3337//3337 3311//3311
f 3312//3312 3311//3311 3337//3337
f 3337//3337 3338//3338 3312//3312
f 3313//3313 3312//3312 3338//3338
f 3338//3338 3339//3339 3313//3313
f 3314//3314 3313//3313 3339//3339
f 3339//3339 3340//3340 3314//3314
f 3316//3316 3315//3315 3341//3341
f 3341//3341 3342//3342 3316//3316
f 3317//3317 3316//3316 3342//3342
f 3342//3342 3343//3343 3317//3317
f 3318//3318 3317//3317 3343//3343
f 3343//3343 3344//3344 3318//3318
f 3319//3319 3318//3318 3344//3344
f 3344//3344 3345//3345 3319//3319
f 3320//3320 3319//3319 3345//3345
f 3345//3345 3346//3346 3320//3320
f 3321//3321 3320//3320 3346//3346
f 3346//3346 3347//3347 3321//3321
f 3322//3322 3321//3321 3347//3347
f 3347//3347 3348//3348 3322//3322
f 3323//3323 3322//3322 3348//3348
f 3348//3348 3349//3349 3323//3323
f 3324//3324 3323//3323 3349//3349
f 3349//3349 3350//3350 3324//3324
f 3325//3325 3324//3324 3350//3350
f 3350//3350 3351//3351 3325//3325
f 3326//3326 3325//3325 3351//3351
f 3351//3351 3352//3352 3326//3326
f 3327//3327 3326//3326 3352//3352
f 3352//3352 3353//3353 3327//3327
f 3328//3328 3327//3327 3353//3353
f 3353//3353 3354//3354 3328//3328
f 3329//3329 3328//3328 3354//3354
f 3354//3354 3355//3355 3329//3329
f 3330//3330 3329//3329 3355//3355
f 3355//3355 3356//3356 3330//3330
f 3331//3331 3330//3330 3356//3356
f 3356//3356 3357//3357 3331//3331
f 3332//3332 3331//3331 3357//3357
f 3357//3357 3358//3358 3332//3332
f 3333//3333 3332//3332 3358//3358
f 3358//3358 3359//3359 3333//3333
f 3334//3334 3333//3333 3359//3359
f 3359//3359 3360//3360 3334//3334
f 3335//3335 3334//3334 3360//3360
f 3360//3360 3361//3361 3335//3335
f 3336//3336 3335//3335 3361//3361
f 3361//3361 3362//3362 3336//3336
f 3337//3337 3336//3336 3362//3362
f 3362//3362 3363//3363 3337//3337
f 3338//3338 3337//3337 3363//3363
f 3363//3363 3364//3364 3338//3338
f 3339//3339 3338//3338 3364//3364
f 3364//3364 3365//3365 3339//3339
f 3340//3340 3339//3339 3365//3365
f 3365//3365 3366//3366 3340//3340
f 3342//3342 3341//3341 3367//3367
f 3367//3367 3368//3368 3342//3342
f 3343//3343 3342//3342 3368//3368
f 3368//3368 3369//3369 3343//3343
f 3344//3344 3343//3343 3369//3369
f 3369//3369 3370//3370 3344//3344
f 3345//3345 3344//3344 3370//3370
f 3370//3370 3371//3371 3345//3345
f 3346//3346 3345//3345 3371//3371
f 3371//3371 3372//3372 3346//3346
f 3347//3347 3346//3346 3372//3372
f 3372//3372 3373//3373 3347//3347
f 3348//3348 3347//3347 3373//3373
f 3373//3373 3374//3374 3348//3348
f 3349//3349 3348//3348 3374//3374
f 3374//3374 3375//3375 3349//3349
f 3350//3350 3349//3349 3375//3375
f 3375//3375 3376//3376 3350//3350
f 3351//3351 3350//3350 3376//3376
f 3376//3376 3377//3377 3351//3351
f 3352//3352 3351//3351 3377//3377
f 3377//3377 3378//3378 3352//3352
f 3353//3353 3352//3352 3378//3378
f 3378//3378 3379//3379 3353//3353
f 3354//3354 3353//3353 3379//3379
f 3379//3379 3380//3380 3354//3354
f 3355//3355 3354//3354 3380//3380
f 3380//3380 3381//3381 3355//3355
f 3356//3356 3355//3355 3381//3381
f 3381//3381 3382//3382 3356//3356
f 3357//3357 3356//3356 3382//3382
f 3382//3382 3383//3383 3357//3357
f 3358//3358 3357//3357 3383//3383
f 3383//3383 3384//3384 3358//3358
f 3359//3359 3358//3358 3384//3384
f 3384//3384 3385//3385 3359//3359
f 3360//3360 3359//3359 3385//3385
f 3385//3385 3386//3386 3360//3360
f 3361//3361 3360//3360 3386//3386
f 3386//3386 3387//3387 3361//3361
f 3362//3362 3361//3361 3387//3387
f 3387//3387 3388//3388 3362//3362
f 3363//3363 3362//3362 3388//3388
f 3388//3388 3389//3389 3363//3363
f 3364//3364 3363//3363 3389//3389
f 3389//3389 3390//3390 3364//3364
f 3365//3365 3364//3364 3390//3390
f 3390//3390 3391//3391 3365//3365
f 3366//3366 3365//3365 3391//3391
f 3391//3391 3392//3392 3366//3366
f 3367//3367 3393//3393 3394//3394
f 3394//3394 3395//3395 3368//3368
f 3368//3368 3367//3367 3394//3394
f 3369//3369 3368//3368 3395//3395
f 3395//3395 3396//3396 3369//3369
f 3370//3370 3369//3369 3396//3396
f 3396//3396 3397//3397 3370//3370
f 3371//3371 3370//3370 3397//3397
f 3397//3397 3398//3398 3371//3371
f 3372//3372 3371//3371 3398//3398
f 3398//3398 3399//3399 3372//3372
f 3373//3373 3372//3372 3399//3399
f 3399//3399 3400//3400 3373//3373
f 3374//3374 3373//3373 3400//3400
f 3400//3400 3401//3401 3374//3374
f 3375//3375 3374//3374 3401//3401
f 3401//3401 3402//3402 3375//3375
f 3376//3376 3375//3375 3402//3402
f 3402//3402 3403//3403 3376//3376
f 3377//3377 3376//3376 3403//3403
f 3403//3403 3404//3404 3377//3377
f 3378//3378 3377//3377 3404//3404
f 3404//3404 3405//3405 3378//3378
f 3379//3379 3378//3378 3405//3405
f 3405//3405 3406//3406 3379//3379
f 3380//3380 3379//3379 3406//3406
f 3406//3406 3407//3407 3380//3380
f 3381//3381 3380//3380 3407//3407
f 3407//3407 3408//3408 3381//3381
f 3382//3382 3381//3381 3408//3408
f 3408//3408 3409//3409 3382//3382
f 3383//3383 3382//3382 3409//3409
f 3409//3409 3410//3410 3383//3383
f 3384//3384 3383//3383 3410//3410
f 3410//3410 3411//3411 3384//3384
f 3385//3385 3384//3384 3411//3411
f 3411//3411 3412//3412 3385//3385
f 3386//3386 3385//3385 3412//3412
f 3412//3412 3413//3413 3386//3386
f 3387//3387 3386//3386 3413//3413
f 3413//3413 3414//3414 3387//3387
f 3388//3388 3387//3387 3414//3414
f 3414//3414 3415//3415 3388//3388
f 3389//3389 3388//3388 3415//3415
f 3415//3415 3416//3416 3389//3389
f 3390//3390 3389//3389 3416//3416
f 3416//3416 3417//3417 3390//3390
f 3391//3391 3390//3390 3417//3417
f 3417//3417 3418//3418 3391//3391
f 3418//3418 3419//3419 3420//3420
f 3420//3420 3392//3392 3391//3391
f 3391//3391 3418//3418 3420//3420
f 3395//3395 3394//3394 3421//3421
f 3395//3395 3421//3421 3422//3422
f 3422//3422 3423//3423 3396//3396
f 3396//3396 3395//3395 3422//3422
f 3397//3397 3396//3396 3423//3423
f 3423//3423 3424//3424 3397//3397
f 3398//3398 3397//3397 3424//3424
f 3424//3424 3425//3425 3398//3398
f 3399//3399 3398//3398 3425//3425
f 3425//3425 3426//3426 3399//3399
f 3400//3400 3399//3399 3426//3426
f 3426//3426 3427//3427 3400//3400
f 3401//3401 3400//3400 3427//3427
f 3427//3427 3428//3428 3401//3401
f 3402//3402 3401//3401 3428//3428
f 3428//3428 3429//3429 3402//3402
f 3403//3403 3402//3402 3429//3429
f 3429//3429 3430//3430 3403//3403
f 3404//3404 3403//3403 3430//3430
f 3430//3430 3431//3431 3404//3404
f 3405//3405 3404//3404 3431//3431
f 3431//3431 3432//3432 3405//3405
f 3406//3406 3405//3405 3432//3432
f 3432//3432 3433//3433 3406//3406
f 3407//3407 3406//3406 3433//3433
f 3433//3433 3434//3434 3407//3407
f 3408//3408 3407//3407 3434//3434
f 3434//3434 3435//3435 3408//3408
f 3409//3409 3408//3408 3435//3435
f 3435//3435 3436//3436 3409//3409
f 3410//3410 3409//3409 3436//3436
f 3436//3436 3437//3437 3410//3410
f 3411//3411 3410//3410 3437//3437
f 3437//3437 3438//3438 3411//3411
f 3412//3412 3411//3411 3438//3438
f 3438//3438 3439//3439 3412//3412
f 3413//3413 3412//3412 3439//3439
f 3439//3439 3440//3440 3413//3413
f 3414//3414 3413//3413 3440//3440
f 3440//3440 3441//3441 3414//3414
f 3415//3415 3414//3414 3441//3441
f 3441//3441 3442//3442 3415//3415
f 3416//3416 3415//3415 3442//3442
f 3442//3442 3443//3443 3416//3416
f 3417//3417 3416//3416 3443//3443
f 3443//3443 3444//3444 3417//3417
f 3418//3418 3417//3417 3444//3444
f 3444//3444 3445//3445 3418//3418
f 3445//3445 3446//3446 3419//3419
f 3419//3419 3418//3418 3445//3445
f 3423//3423 3422//3422 3447//3447
f 3423//3423 3447//3447 3448//3448
f 3448//3448 3449//3449 3424//3424
f 3424//3424 3423//3423 3448//3448
f 3425//3425 3424//3424 3449//3449
f 3449//3449 3450//3450 3425//3425
f 3426//3426 3425//3425 3450//3450
f 3450//3450 3451//3451 3426//3426
f 3427//3427 3426//3426 3451//3451
f 3451//3451 3452//3452 3427//3427
f 3428//3428 3427//3427 3452//3452
f 3452//3452 3453//3453 3428//3428
f 3429//3429 3428//3428 3453//3453
f 3453//3453 3454//3454 3429//3429
f 3430//3430 3429//3429 3454//3454
f 3454//3454 3455//3455 3430//3430
f 3431//3431 3430//3430 3455//3455
f 3455//3455 3456//3456 3431//3431
f 3432//3432 3431//3431 3456//3456
f 3456//3456 3457//3457 3432//3432
f 3433//3433 3432//3432 3457//3457
f 3457//3457 3458//3458 3433//3433
f 3434//3434 3433//3433 3458//3458
f 3458//3458 3459//3459 3434//3434
f 3435//3435 3434//3434 3459//3459
f 3459//3459 3460//3460 3435//3435
f 3436//3436 3435//3435 3460//3460
f 3460//3460 3461//3461 3436//3436
f 3437//3437 3436//3436 3461//3461
f 3461//3461 3462//3462 3437//3437
f 3438//3438 3437//3437 3462//3462
f 3462//3462 3463//3463 3438//3438
f 3439//3439 3438//3438 3463//3463
f 3463//3463 3464//3464 3439//3439
f 3440//3440 3439//3439 3464//3464
f 3464//3464 3465//3465 3440//3440
f 3441//3441 3440//3440 3465//3465
f 3465//3465 3466//3466 3441//3441
f 3442//3442 3441//3441 3466//3466
f 3466//3466 3467//3467 3442//3442
f 3443//3443 3442//3442 3467//3467
f 3467//3467 3468//3468 3443//3443
f 3444//3444 3443//3443 3468//3468
f 3468//3468 3469//3469 3444//3444
f 3445//3445 3444//3444 3469//3469
f 3469//3469 3470//3470 3445//3445
f 3470//3470 3471//3471 3446//3446
f 3446//3446 3445//3445 3470//3470
f 3449//3449 3448//3448 3472//3472
f 3449//3449 3472//3472 3473//3473
f 3473//3473 3474//3474 3450//3450
f 3450//3450 3449//3449 3473//3473
f 3451//3451 3450//3450 3474//3474
f 3474//3474 3475//3475 3451//3451
f 3452//3452 3451//3451 3475//3475
f 3475//3475 3476//3476 3452//3452
f 3453//3453 3452//3452 3476//3476
f 3476//3476 3477//3477 3453//3453
f 3454//3454 3453//3453 3477//3477
f 3477//3477 3478//3478 3454//3454
f 3455//3455 3454//3454 3478//3478
f 3478//3478 3479//3479 3455//3455
f 3456//3456 3455//3455 3479//3479
f 3479//3479 3480//3480 3456//3456
f 3457//3457 3456//3456 3480//3480
f 3480//3480 3481//3481 3457//3457
f 3458//3458 3457//3457 3481//3481
f 3481//3481 3482//3482 3458//3458
f 3459//3459 3458//3458 3482//3482
f 3482//3482 3483//3483 3459//3459
f 3460//3460 3459//3459 3483//3483
f 3483//3483 3484//3484 3460//3460
f 3461//3461 3460//3460 3484//3484
f 3484//3484 3485//3485 3461//3461
f 3462//3462 3461//3461 3485//3485
f 3485//3485 3486//3486 3462//3462
f 3463//3463 3462//3462 3486//3486
f 3486//3486 3487//3487 3463//3463
f 3464//3464 3463//3463 3487//3487
f 3487//3487 3488//3488 3464//3464
f 3465//3465 3464//3464 3488//3488
f 3488//3488 3489//3489 3465//3465
f 3466//3466 3465//3465 3489//3489
f 3489//3489 3490//3490 3466//3466
f 3467//3467 3466//3466 3490//3490
f 3490//3490 3491//3491 3467//3467
f 3468//3468 3467//3467 3491//3491
f 3491//3491 3492//3492 3468//3468
f 3469//3469 3468//3468 3492//3492
f 3492//3492 3493//3493 3469//3469
f 3493//3493 3494//3494 3495//3495
f 3495//3495 3470//3470 3469//3469
f 3469//3469 3493//3493 3495//3495
f 3470//3470 3495//3495 3471//3471
f 3474//3474 3473//3473 3496//3496
f 3496//3496 3497//3497 3474//3474
f 3475//3475 3474//3474 3497//3497
f 3497//3497 3498//3498 3475//3475
f 3476//3476 3475//3475 3498//3498
f 3498//3498 3499//3499 3476//3476
f 3477//3477 3476//3476 3499//3499
f 3499//3499 3500//3500 3477//3477
f 3478//3478 3477//3477 3500//3500
f 3500//3500 3501//3501 3478//3478
f 3479//3479 3478//3478 3501//3501
f 3501//3501 3502//3502 3479//3479
f 3480//3480 3479//3479 3502//3502
f 3502//3502 3503//3503 3480//3480
f 3481//3481 3480//3480 3503//3503
f 3503//3503 3504//3504 3481//3481
f 3482//3482 3481//3481 3504//3504
f 3504//3504 3505//3505 3482//3482
f 3483//3483 3482//3482 3505//3505
f 3505//3505 3506//3506 3483//3483
f 3484//3484 3483//3483 3506//3506
f 3506//3506 3507//3507 3484//3484
f 3485//3485 3484//3484 3507//3507
f 3507//3507 3508//3508 3485//3485
f 3486//3486 3485//3485 3508//3508
f 3508//3508 3509//3509 3486//3486
f 3487//3487 3486//3486 3509//3509
f 3509//3509 3510//3510 3487//3487
f 3488//3488 3487//3487 3510//3510
f 3510//3510 3511//3511 3488//3488
f 3489//3489 3488//3488 3511//3511
f 3511//3511 3512//3512 3489//3489
f 3490//3490 3489//3489 3512//3512
f 3512//3512 3513//3513 3490//3490
f 3491//3491 3490//3490 3513//3513
f 3513//3513 3514//3514 3491//3491
f 3492//3492 3491//3491 3514//3514
f 3514//3514 3515//3515 3492//3492
f 3493//3493 3492//3492 3515//3515
f 3515//3515 3516//3516 3493//3493
f 3516//3516 3517//3517 3494//3494
f 3494//3494 3493//3493 3516//3516
f 3497//3497 3496//3496 3518//3518
f 3497//3497 3518//3518 3519//3519
f 3519//3519 3520//3520 3498//3498
f 3498//3498 3497//3497 3519//3519
f 3499//3499 3498//3498 3520//3520
f 3520//3520 3521//3521 3499//3499
f 3500//3500 3499//3499 3521//3521
f 3521//3521 3522//3522 3500//3500
f 3501//3501 3500//3500 3522//3522
f 3522//3522 3523//3523 3501//3501
f 3502//3502 3501//3501 3523//3523
f 3523//3523 3524//3524 3502//3502
f 3503//3503 3502//3502 3524//3524
f 3524//3524 3525//3525 3503//3503
f 3504//3504 3503//3503 3525//3525
f 3525//3525 3526//3526 3504//3504
f 3505//3505 3504//3504 3526//3526
f 3526//3526 3527//3527 3505//3505
f 3506//3506 3505//3505 3527//3527
f 3527//3527 3528//3528 3506//3506
f 3507//3507 3506//3506 3528//3528
f 3528//3528 3529//3529 3507//3507
f 3508//3508 3507//3507 3529//3529
f 3529//3529 3530//3530 3508//3508
f 3509//3509 3508//3508 3530//3530
f 3530//3530 3531//3531 3509//3509
f 3510//3510 3509//3509 3531//3531
f 3531//3531 3532//3532 3510//3510
f 3511//3511 3510//3510 3532//3532
f 3532//3532 3533//3533 3511//3511
f 3512//3512 3511//3511 3533//3533
f 3533//3533 3534//3534 3512//3512
f 3513//3513 3512//3512 3534//3534
f 3534//3534 3535//3535 3513//3513
f 3514//3514 3513//3513 3535//3535
f 3535//3535 3536//3536 3514//3514
f 3515//3515 3514//3514 3536//3536
f 3536//3536 3537//3537 3515//3515
f 3537//3537 3538//3538 3539//3539
f 3539//3539 3516//3516 3515//3515
f 3515//3515 3537//3537 3539//3539
f 3516//3516 3539//3539 3517//3517
f 3520//3520 3519//3519 3540//3540
f 3520//3520 3540//3540 3541//3541
f 3541//3541 3542//3542 3521//3521
f 3521//3521 3520//3520 3541//3541
f 3522//3522 3521//3521 3542//3542
f 3542//3542 3543//3543 3522//3522
f 3523//3523 3522//3522 3543//3543
f 3543//3543 3544//3544 3523//3523
f 3524//3524 3523//3523 3544//3544
f 3544//3544 3545//3545 3524//3524
f 3525//3525 3524//3524 3545//3545
f 3545//3545 3546//3546 3525//3525
f 3526//3526 3525//3525 3546//3546
f 3546//3546 3547//3547 3526//3526
f 3527//3527 3526//3526 3547//3547
f 3547//3547 3548//3548 3527//3527
f 3528//3528 3527//3527 3548//3548
f 3548//3548 3549//3549 3528//3528
f 3529//3529 3528//3528 3549//3549
f 3549//3549 3550//3550 3529//3529
f 3530//3530 3529//3529 3550//3550
f 3550//3550 3551//3551 3530//3530
f 3531//3531 3530//3530 3551//3551
f 3551//3551 3552//3552 3531//3531
f 3532//3532 3531//3531 3552//3552
f 3552//3552 3553//3553 3532//3532
f 3533//3533 3532//3532 3553//3553
f 3553//3553 3554//3554 3533//3533
f 3534//3534 3533//3533 3554//3554
f 3554//3554 3555//3555 3534//3534
f 3535//3535 3534//3534 3555//3555
f 3555//3555 3556//3556 3535//3535
f 3536//3536 3535//3535 3556//3556
f 3556//3556 3557//3557 3536//3536
f 3537//3537 3536//3536 3557//3557
f 3557//3557 3558//3558 3537//3537
f 3558//3558 3559//3559 3538//3538
f 3538//3538 3537//3537 3558//3558
f 3542//3542 3541//3541 3560//3560
f 3542//3542 3560//3560 3561//3561
f 3561//3561 3562//3562 3543//3543
f 3543//3543 3542//3542 3561//3561
f 3544//3544 3543//3543 3562//3562
f 3562//3562 3563//3563 3544//3544
f 3545//3545 3544//3544 3563//3563
f 3563//3563 3564//3564 3545//3545
f 3546//3546 3545//3545 3564//3564
f 3564//3564 3565//3565 3546//3546
f 3547//3547 3546//3546 3565//3565
f 3565//3565 3566//3566 3547//3547
f 3548//3548 3547//3547 3566//3566
f 3566//3566 3567//3567 3548//3548
f 3549//3549 3548//3548 3567//3567
f 3567//3567 3568//3568 3549//3549
f 3550//3550 3549//3549 3568//3568
f 3568//3568 3569//3569 3550//3550
f 3551//3551 3550//3550 3569//3569
f 3569//3569 3570//3570 3551//3551
f 3552//3552 3551//3551 3570//3570
f 3570//3570 3571//3571 3552//3552
f 3553//3553 3552//3552 3571//3571
f 3571//3571 3572//3572 3553//3553
f 3554//3554 3553//3553 3572//3572
f 3572//3572 3573//3573 3554//3554
f 3555//3555 3554//3554 3573//3573
f 3573//3573 3574//3574 3555//3555
f 3556//3556 3555//3555 3574//3574
f 3574//3574 3575//3575 3556//3556
f 3557//3557 3556//3556 3575//3575
f 3575//3575 3576//3576 3557//3557
f 3558//3558 3557//3557 3576//3576
f 3576//3576 3577//3577 3558//3558
f 3577//3577 3578//3578 3559//3559
f 3559//3559 3558//3558 3577//3577
f 3562//3562 3561//3561 3579//3579
f 3579//3579 3580//3580 3562//3562
f 3563//3563 3562//3562 3580//3580
f 3580//3580 3581//3581 3563//3563
f 3564//3564 3563//3563 3581//3581
f 3581//3581 3582//3582 3564//3564
f 3565//3565 3564//3564 3582//3582
f 3582//3582 3583//3583 3565//3565
f 3566//3566 3565//3565 3583//3583
f 3583//3583 3584//3584 3566//3566
f 3567//3567 3566//3566 3584//3584
f 3584//3584 3585//3585 3567//3567
f 3568//3568 3567//3567 3585//3585
f 3585//3585 3586//3586 3568//3568
f 3569//3569 3568//3568 3586//3586
f 3586//3586 3587//3587 3569//3569
f 3570//3570 3569//3569 3587//3587
f 3587//3587 3588//3588 3570//3570
f 3571//3571 3570//3570 3588//3588
f 3588//3588 3589//3589 3571//3571
f 3572//3572 3571//3571 3589//3589
f 3589//3589 3590//3590 3572//3572
f 3573//3573 3572//3572 3590//3590
f 3590//3590 3591//3591 3573//3573
f 3574//3574 3573//3573 3591//3591
f 3591//3591 3592//3592 3574//3574
f 3575//3575 3574//3574 3592//3592
f 3592//3592 3593//3593 3575//3575
f 3576//3576 3575//3575 3593//3593
f 3593//3593 3594//3594 3576//3576
f 3594//3594 3595//3595 3596//3596
f 3596//3596 3577//3577 3576//3576
f 3576//3576 3594//3594 3596//3596
f 3577//3577 3596//3596 3578//3578
f 3580//3580 3579//3579 3597//3597
f 3580//3580 3597//3597 3598//3598
f 3598//3598 3599//3599 3581//3581
f 3581//3581 3580//3580 3598//3598
f 3582//3582 3581//3581 3599//3599
f 3599//3599 3600//3600 3582//3582
f 3583//3583 3582//3582 3600//3600
f 3600//3600 3601//3601 3583//3583
f 3584//3584 3583//3583 3601//3601
f 3601//3601 3602//3602 3584//3584
f 3585//3585 3584//3584 3602//3602
f 3602//3602 3603//3603 3585//3585
f 3586//3586 3585//3585 3603//3603
f 3603//3603 3604//3604 3586//3586
f 3587//3587 3586//3586 3604//3604
f 3604//3604 3605//3605 3587//3587
f 3588//3588 3587//3587 3605//3605
f 3605//3605 3606//3606 3588//3588
f 3589//3589 3588//3588 3606//3606
f 3606//3606 3607//3607 3589//3589
f 3590//3590 3589//3589 3607//3607
f 3607//3607 3608//3608 3590//3590
f 3591//3591 3590//3590 3608//3608
f 3608//3608 3609//3609 3591//3591
f 3592//3592 3591//3591 3609//3609
f 3609//3609 3610//3610 3592//3592
f 3593//3593 3592//3592 3610//3610
f 3610//3610 3611//3611 3593//3593
f 3594//3594 3593//3593 3611//3611
f 3611//3611 3612//3612 3594//3594
f 3612//3612 3613//3613 3595//3595
f 3595//3595 3594//3594 3612//3612
f 3599//3599 3598//3598 3614//3614
f 3599//3599 3614//3614 3615//3615
f 3615//3615 3616//3616 3600//3600
f 3600//3600 3599//3599 3615//3615
f 3601//3601 3600//3600 3616//3616
f 3616//3616 3617//3617 3601//3601
f 3602//3602 3601//3601 3617//3617
f 3617//3617 3618//3618 3602//3602
f 3603//3603 3602//3602 3618//3618
f 3618//3618 3619//3619 3603//3603
f 3604//3604 3603//3603 3619//3619
f 3619//3619 3620//3620 3604//3604
f 3605//3605 3604//3604 3620//3620
f 3620//3620 3621//3621 3605//3605
f 3606//3606 3605//3605 3621//3621
f 3621//3621 3622//3622 3606//3606
f 3607//3607 3606//3606 3622//3622
f 3622//3622 3623//3623 3607//3607
f 3608//3608 3607//3607 3623//3623
f 3623//3623 3624//3624 3608//3608
f 3609//3609 3608//3608 3624//3624
f 3624//3624 3625//3625 3609//3609
f 3610//3610 3609//3609 3625//3625
f 3625//3625 3626//3626 3610//3610
f 3626//3626 3627//3627 3628//3628
f 3628//3628 3611//3611 3610//3610
f 3610//3610 3626//3626 3628//3628
f 3611//3611 3628//3628 3629//3629
f 3629//3629 3612//3612 3611//3611
f 3629//3629 3630//3630 3613//3613
f 3613//3613 3612//3612 3629//3629
f 3616//3616 3615//3615 3631//3631
f 3616//3616 3631//3631 3632//3632
f 3632//3632 3633//3633 3617//3617
f 3617//3617 3616//3616 3632//3632
f 3618//3618 3617//3617 3633//3633
f 3633//3633 3634//3634 3618//3618
f 3619//3619 3618//3618 3634//3634
f 3634//3634 3635//3635 3619//3619
f 3620//3620 3619//3619 3635//3635
f 3635//3635 3636//3636 3620//3620
f 3621//3621 3620//3620 3636//3636
f 3636//3636 3637//3637 3621//3621
f 3622//3622 3621//3621 3637//3637
f 3637//3637 3638//3638 3622//3622
f 3623//3623 3622//3622 3638//3638
f 3638//3638 3639//3639 3623//3623
f 3624//3624 3623//3623 3639//3639
f 3639//3639 3640//3640 3624//3624
f 3640//3640 3641//3641 3642//3642
f 3642//3642 3625//3625 3624//3624
f 3624//3624 3640//3640 3642//3642
f 3625//3625 3642//3642 3643//3643
f 3643//3643 3626//3626 3625//3625
f 3626//3626 3643//3643 3627//3627
f 3633//3633 3632//3632 3644//3644
f 3644//3644 3645//3645 3633//3633
f 3634//3634 3633//3633 3645//3645
f 3645//3645 3646//3646 3634//3634
f 3635//3635 3634//3634 3646//3646
f 3646//3646 3647//3647 3635//3635
f 3636//3636 3635//3635 3647//3647
f 3647//3647 3648//3648 3636//3636
f 3637//3637 3636//3636 3648//3648
f 3648//3648 3649//3649 3637//3637
f 3649//3649 3650//3650 3651//3651
f 3651//3651 3638//3638 3637//3637
f 3637//3637 3649//3649 3651//3651
f 3638//3638 3651//3651 3652//3652
f 3652//3652 3639//3639 3638//3638
f 3639//3639 3652//3652 3653//3653
f 3653//3653 3640//3640 3639//3639
f 3640//3640 3653//3653 3641//3641
f 3645//3645 3644//3644 3654//3654
f 3645//3645 3654//3654 3655//3655
f 3655//3655 3656//3656 3646//3646
f 3646//3646 3645//3645 3655//3655
f 3647//3647 3646//3646 3656//3656
f 3656//3656 3657//3657 3647//3647
f 3657//3657 3658//3658 3659//3659
f 3659//3659 3648//3648 3647//3647
f 3647//3647 3657//3657 3659//3659
f 3648//3648 3659//3659 3660//3660
f 3660//3660 3649//3649 3648//3648
f 3649//3649 3660//3660 3650//3650
f 3655//3655 3661//3661 3662//3662
f 3662//3662 3656//3656 3655//3655
f 3656//3656 3662//3662 3663//3663
f 3663//3663 3657//3657 3656//3656
f 3657//3657 3663//3663 3658//3658
f 3664//3664 3665//3665 3666//3666
f 3667//3667 3668//3668 3665//3665
f 3665//3665 3664//3664 3669//3669
f 3669//3669 3667//3667 3665//3665
f 3669//3669 3670//3670 3667//3667
f 3664//3664 3666//3666 3671//3671
f 3671//3671 3672//3672 3664//3664
f 3669//3669 3664//3664 3672//3672
f 3672//3672 3673//3673 3669//3669
f 3674//3674 3675//3675 3670//3670
f 3670//3670 3669//3669 3673//3673
f 3673//3673 3674//3674 3670//3670
f 3674//3674 3676//3676 3675//3675
f 3672//3672 3671//3671 3677//3677
f 3677//3677 3678//3678 3672//3672
f 3673//3673 3672//3672 3678//3678
f 3678//3678 3679//3679 3673//3673
f 3674//3674 3673//3673 3679//3679
f 3679//3679 3680//3680 3674//3674
f 3681//3681 3682//3682 3676//3676
f 3676//3676 3674//3674 3680//3680
f 3680//3680 3681//3681 3676//3676
f 3683//3683 3684//3684 3682//3682
f 3682//3682 3681//3681 3683//3683
f 3683//3683 3685//3685 3684//3684
f 3686//3686 3687//3687 3688//3688
f 3678//3678 3677//3677 3687//3687
f 3687//3687 3686//3686 3689//3689
f 3689//3689 3678//3678 3687//3687
f 3679//3679 3678//3678 3689//3689
f 3689//3689 3690//3690 3679//3679
f 3680//3680 3679//3679 3690//3690
f 3690//3690 3691//3691 3680//3680
f 3681//3681 3680//3680 3691//3691
f 3691//3691 3692//3692 3681//3681
f 3683//3683 3681//3681 3692//3692
f 3692//3692 3693//3693 3683//3683
f 3694//3694 3695//3695 3685//3685
f 3685//3685 3683//3683 3693//3693
f 3693//3693 3694//3694 3685//3685
f 3694//3694 3696//3696 3695//3695
f 3686//3686 3688//3688 3697//3697
f 3697//3697 3698//3698 3686//3686
f 3689//3689 3686//3686 3698//3698
f 3698//3698 3699//3699 3689//3689
f 3690//3690 3689//3689 3699//3699
f 3699//3699 3700//3700 3690//3690
f 3691//3691 3690//3690 3700//3700
f 3700//3700 3701//3701 3691//3691
f 3692//3692 3691//3691 3701//3701
f 3701//3701 3702//3702 3692//3692
f 3693//3693 3692//3692 3702//3702
f 3702//3702 3703//3703 3693//3693
f 3694//3694 3693//3693 3703//3703
f 3703//3703 3704//3704 3694//3694
f 3705//3705 3706//3706 3696//3696
f 3696//3696 3694//3694 3704//3704
f 3704//3704 3705//3705 3696//3696
f 3707//3707 3708//3708 3706//3706
f 3706//3706 3705//3705 3707//3707
f 3707//3707 3709//3709 3708//3708
f 3698//3698 3697//3697 3710//3710
f 3710//3710 3711//3711 3698//3698
f 3699//3699 3698//3698 3711//3711
f 3711//3711 3712//3712 3699//3699
f 3700//3700 3699//3699 3712//3712
f 3712//3712 3713//3713 3700//3700
f 3701//3701 3700//3700 3713//3713
f 3713//3713 3714//3714 3701//3701
f 3702//3702 3701//3701 3714//3714
f 3714//3714 3715//3715 3702//3702
f 3703//3703 3702//3702 3715//3715
f 3715//3715 3716//3716 3703//3703
f 3704//3704 3703//3703 3716//3716
f 3716//3716 3717//3717 3704//3704
f 3705//3705 3704//3704 3717//3717
f 3717//3717 3718//3718 3705//3705
f 3707//3707 3705//3705 3718//3718
f 3718//3718 3719//3719 3707//3707
f 3720//3720 3721//3721 3709//3709
f 3709//3709 3707//3707 3719//3719
f 3719//3719 3720//3720 3709//3709
f 3720//3720 3722//3722 3721//3721
f 3723//3723 3724//3724 3725//3725
f 3711//3711 3710//3710 3724//3724
f 3724//3724 3723//3723 3726//3726
f 3726//3726 3711//3711 3724//3724
f 3712//3712 3711//3711 3726//3726
f 3726//3726 3727//3727 3712//3712
f 3713//3713 3712//3712 3727//3727
f 3727//3727 3728//3728 3713//3713
f 3714//3714 3713//3713 3728//3728
f 3728//3728 3729//3729 3714//3714
f 3715//3715 3714//3714 3729//3729
f 3729//3729 3730//3730 3715//3715
f 3716//3716 3715//3715 3730//3730
f 3730//3730 3731//3731 3716//3716
f 3717//3717 3716//3716 3731//3731
f 3731//3731 3732//3732 3717//3717
f 3718//3718 3717//3717 3732//3732
f 3732//3732 3733//3733 3718//3718
f 3719//3719 3718//3718 3733//3733
f 3733//3733 3734//3734 3719//3719
f 3720//3720 3719//3719 3734//3734
f 3734//3734 3735//3735 3720//3720
f 3736//3736 3737//3737 3722//3722
f 3722//3722 3720//3720 3735//3735
f 3735//3735 3736//3736 3722//3722
f 3736//3736 3738//3738 3737//3737
f 3723//3723 3725//3725 3739//3739
f 3739//3739 3740//3740 3723//3723
f 3726//3726 3723//3723 3740//3740
f 3740//3740 3741//3741 3726//3726
f 3727//3727 3726//3726 3741//3741
f 3741//3741 3742//3742 3727//3727
f 3728//3728 3727//3727 3742//3742
f 3742//3742 3743//3743 3728//3728
f 3729//3729 3728//3728 3743//3743
f 3743//3743 3744//3744 3729//3729
f 3730//3730 3729//3729 3744//3744
f 3744//3744 3745//3745 3730//3730
f 3731//3731 3730//3730 3745//3745
f 3745//3745 3746//3746 3731//3731
f 3732//3732 3731//3731 3746//3746
f 3746//3746 3747//3747 3732//3732
f 3733//3733 3732//3732 3747//3747
f 3747//3747 3748//3748 3733//3733
f 3734//3734 3733//3733 3748//3748
f 3748//3748 3749//3749 3734//3734
f 3735//3735 3734//3734 3749//3749
f 3749//3749 3750//3750 3735//3735
f 3736//3736 3735//3735 3750//3750
f 3750//3750 3751//3751 3736//3736
f 3752//3752 3753//3753 3738//3738
f 3738//3738 3736//3736 3751//3751
f 3751//3751 3752//3752 3738//3738
f 3754//3754 3755//3755 3753//3753
f 3753//3753 3752//3752 3754//3754
f 3754//3754 3756//3756 3755//3755
f 3740//3740 3739//3739 3757//3757
f 3757//3757 3758//3758 3740//3740
f 3741//3741 3740//3740 3758//3758
f 3758//3758 3759//3759 3741//3741
f 3742//3742 3741//3741 3759//3759
f 3759//3759 3760//3760 3742//3742
f 3743//3743 3742//3742 3760//3760
f 3760//3760 3761//3761 3743//3743
f 3744//3744 3743//3743 3761//3761
f 3761//3761 3762//3762 3744//3744
f 3745//3745 3744//3744 3762//3762
f 3762//3762 3763//3763 3745//3745
f 3746//3746 3745//3745 3763//3763
f 3763//3763 3764//3764 3746//3746
f 3747//3747 3746//3746 3764//3764
f 3764//3764 3765//3765 3747//3747
f 3748//3748 3747//3747 3765//3765
f 3765//3765 3766//3766 3748//3748
f 3749//3749 3748//3748 3766//3766
f 3766//3766 3767//3767 3749//3749
f 3750//3750 3749//3749 3767//3767
f 3767//3767 3768//3768 3750//3750
f 3751//3751 3750//3750 3768//3768
f 3768//3768 3769//3769 3751//3751
f 3752//3752 3751//3751 3769//3769
f 3769//3769 3770//3770 3752//3752
f 3754//3754 3752//3752 3770//3770
f 3770//3770 3771//3771 3754//3754
f 3772//3772 3773//3773 3756//3756
f 3756//3756 3754//3754 3771//3771
f 3771//3771 3772//3772 3756//3756
f 3772//3772 3774//3774 3773//3773
f 3758//3758 3757//3757 3775//3775
f 3775//3775 3776//3776 3758//3758
f 3759//3759 3758//3758 3776//3776
f 3776//3776 3777//3777 3759//3759
f 3760//3760 3759//3759 3777//3777
f 3777//3777 3778//3778 3760//3760
f 3761//3761 3760//3760 3778//3778
f 3778//3778 3779//3779 3761//3761
f 3762//3762 3761//3761 3779//3779
f 3779//3779 3780//3780 3762//3762
f 3763//3763 3762//3762 3780//3780
f 3780//3780 3781//3781 3763//3763
f 3764//3764 3763//3763 3781//3781
f 3781//3781 3782//3782 3764//3764
f 3765//3765 3764//3764 3782//3782
f 3782//3782 3783//3783 3765//3765
f 3766//3766 3765//3765 3783//3783
f 3783//3783 3784//3784 3766//3766
f 3767//3767 3766//3766 3784//3784
f 3784//3784 3785//3785 3767//3767
f 3768//3768 3767//3767 3785//3785
f 3785//3785 3786//3786 3768//3768
f 3769//3769 3768//3768 3786//3786
f 3786//3786 3787//3787 3769//3769
f 3770//3770 3769//3769 3787//3787
f 3787//3787 3788//3788 3770//3770
f 3771//3771 3770//3770 3788//3788
f 3788//3788 3789//3789 3771//3771
f 3772//3772 3771//3771 3789//3789
f 3789//3789 3790//3790 3772//3772
f 3791//3791 3792//3792 3774//3774
f 3774//3774 3772//3772 3790//3790
f 3790//3790 3791//3791 3774//3774
f 3793//3793 3794//3794 3792//3792
f 3792//3792 3791//3791 3793//3793
f 3793//3793 3795//3795 3794//3794
f 3796//3796 3797//3797 3798//3798
f 3776//3776 3775//3775 3797//3797
f 3797//3797 3796//3796 3799//3799
f 3799//3799 3776//3776 3797//3797
f 3777//3777 3776//3776 3799//3799
f 3799//3799 3800//3800 3777//3777
f 3778//3778 3777//3777 3800//3800
f 3800//3800 3801//3801 3778//3778
f 3779//3779 3778//3778 3801//3801
f 3801//3801 3802//3802 3779//3779
f 3780//3780 3779//3779 3802//3802
f 3802//3802 3803//3803 3780//3780
f 3781//3781 3780//3780 3803//3803
f 3803//3803 3804//3804 3781//3781
f 3782//3782 3781//3781 3804//3804
f 3804//3804 3805//3805 3782//3782
f 3783//3783 3782//3782 3805//3805
f 3805//3805 3806//3806 3783//3783
f 3784//3784 3783//3783 3806//3806
f 3806//3806 3807//3807 3784//3784
f 3785//3785 3784//3784 3807//3807
f 3807//3807 3808//3808 3785//3785
f 3786//3786 3785//3785 3808//3808
f 3808//3808 3809//3809 3786//3786
f 3787//3787 3786//3786 3809//3809
f 3809//3809 3810//3810 3787//3787
f 3788//3788 3787//3787 3810//3810
f 3810//3810 3811//3811 3788//3788
f 3789//3789 3788//3788 3811//3811
f 3811//3811 3812//3812 3789//3789
f 3790//3790 3789//3789 3812//3812
f 3812//3812 3813//3813 3790//3790
f 3791//3791 3790//3790 3813//3813
f 3813//3813 3814//3814 3791//3791
f 3793//3793 3791//3791 3814//3814
f 3814//3814 3815//3815 3793//3793
f 3816//3816 3817//3817 3795//3795
f 3795//3795 3793//3793 3815//3815
f 3815//3815 3816//3816 3795//3795
f 3816//3816 3818//3818 3817//3817
f 3798//3798 3819//3819 3820//3820
f 3820//3820 3796//3796 3798//3798
f 3796//3796 3820//3820 3821//3821
f 3821//3821 3799//3799 3796//3796
f 3799//3799 3821//3821 3822//3822
f 3822//3822 3823//3823 3800//3800
f 3800//3800 3799//3799 3822//3822
f 3801//3801 3800//3800 3823//3823
f 3823//3823 3824//3824 3801//3801
f 3802//3802 3801//3801 3824//3824
f 3824//3824 3825//3825 3802//3802
f 3803//3803 3802//3802 3825//3825
f 3825//3825 3826//3826 3803//3803
f 3804//3804 3803//3803 3826//3826
f 3826//3826 3827//3827 3804//3804
f 3805//3805 3804//3804 3827//3827
f 3827//3827 3828//3828 3805//3805
f 3806//3806 3805//3805 3828//3828
f 3828//3828 3829//3829 3806//3806
f 3807//3807 3806//3806 3829//3829
f 3829//3829 3830//3830 3807//3807
f 3808//3808 3807//3807 3830//3830
f 3830//3830 3831//3831 3808//3808
f 3809//3809 3808//3808 3831//3831
f 3831//3831 3832//3832 3809//3809
f 3810//3810 3809//3809 3832//3832
f 3832//3832 3833//3833 3810//3810
f 3811//3811 3810//3810 3833//3833
f 3833//3833 3834//3834 3811//3811
f 3812//3812 3811//3811 3834//3834
f 3834//3834 3835//3835 3812//3812
f 3813//3813 3812//3812 3835//3835
f 3835//3835 3836//3836 3813//3813
f 3814//3814 3813//3813 3836//3836
f 3836//3836 3837//3837 3814//3814
f 3815//3815 3814//3814 3837//3837
f 3837//3837 3838//3838 3815//3815
f 3816//3816 3815//3815 3838//3838
f 3838//3838 3839//3839 3816//3816
f 3840//3840 3841//3841 3818//3818
f 3818//3818 3816//3816 3839//3839
f 3839//3839 3840//3840 3818//3818
f 3840//3840 3842//3842 3841//3841
f 3823//3823 3822//3822 3843//3843
f 3823//3823 3843//3843 3844//3844
f 3844//3844 3845//3845 3824//3824
f 3824//3824 3823//3823 3844//3844
f 3825//3825 3824//3824 3845//3845
f 3845//3845 3846//3846 3825//3825
f 3826//3826 3825//3825 3846//3846
f 3846//3846 3847//3847 3826//3826
f 3827//3827 3826//3826 3847//3847
f 3847//3847 3848//3848 3827//3827
f 3828//3828 3827//3827 3848//3848
f 3848//3848 3849//3849 3828//3828
f 3829//3829 3828//3828 3849//3849
f 3849//3849 3850//3850 3829//3829
f 3830//3830 3829//3829 3850//3850
f 3850//3850 3851//3851 3830//3830
f 3831//3831 3830//3830 3851//3851
f 3851//3851 3852//3852 3831//3831
f 3832//3832 3831//3831 3852//3852
f 3852//3852 3853//3853 3832//3832
f 3833//3833 3832//3832 3853//3853
f 3853//3853 3854//3854 3833//3833
f 3834//3834 3833//3833 3854//3854
f 3854//3854 3855//3855 3834//3834
f 3835//3835 3834//3834 3855//3855
f 3855//3855 3856//3856 3835//3835
f 3836//3836 3835//3835 3856//3856
f 3856//3856 3857//3857 3836//3836
f 3837//3837 3836//3836 3857//3857
f 3857//3857 3858//3858 3837//3837
f 3838//3838 3837//3837 3858//3858
f 3858//3858 3859//3859 3838//3838
f 3839//3839 3838//3838 3859//3859
f 3859//3859 3860//3860 3839//3839
f 3840//3840 3839//3839 3860//3860
f 3860//3860 3861//3861 3840//3840
f 3862//3862 3863//3863 3842//3842
f 3842//3842 3840//3840 3861//3861
f 3861//3861 3862//3862 3842//3842
f 3864//3864 3865//3865 3863//3863
f 3863//3863 3862//3862 3864//3864
f 3864//3864 3866//3866 3865//3865
f 3845//3845 3844//3844 3867//3867
f 3845//3845 3867//3867 3868//3868
f 3868//3868 3869//3869 3846//3846
f 3846//3846 3845//3845 3868//3868
f 3847//3847 3846//3846 3869//3869
f 3869//3869 3870//3870 3847//3847
f 3848//3848 3847//3847 3870//3870
f 3870//3870 3871//3871 3848//3848
f 3849//3849 3848//3848 3871//3871
f 3871//3871 3872//3872 3849//3849
f 3850//3850 3849//3849 3872//3872
f 3872//3872 3873//3873 3850//3850
f 3851//3851 3850//3850 3873//3873
f 3873//3873 3874//3874 3851//3851
f 3852//3852 3851//3851 3874//3874
f 3874//3874 3875//3875 3852//3852
f 3853//3853 3852//3852 3875//3875
f 3875//3875 3876//3876 3853//3853
f 3854//3854 3853//3853 3876//3876
f 3876//3876 3877//3877 3854//3854
f 3855//3855 3854//3854 3877//3877
f 3877//3877 3878//3878 3855//3855
f 3856//3856 3855//3855 3878//3878
f 3878//3878 3879//3879 3856//3856
f 3857//3857 3856//3856 3879//3879
f 3879//3879 3880//3880 3857//3857
f 3858//3858 3857//3857 3880//3880
f 3880//3880 3881//3881 3858//3858
f 3859//3859 3858//3858 3881//3881
f 3881//3881 3882//3882 3859//3859
f 3860//3860 3859//3859 3882//3882
f 3882//3882 3883//3883 3860//3860
f 3861//3861 3860//3860 3883//3883
f 3883//3883 3884//3884 3861//3861
f 3862//3862 3861//3861 3884//3884
f 3884//3884 3885//3885 3862//3862
f 3864//3864 3862//3862 3885//3885
f 3885//3885 3886//3886 3864//3864
f 3887//3887 3888//3888 3866//3866
f 3866//3866 3864//3864 3886//3886
f 3886//3886 3887//3887 3866//3866
f 3887//3887 3889//3889 3888//3888
f 3869//3869 3868//3868 3890//3890
f 3869//3869 3890//3890 3891//3891
f 3891//3891 3870//3870 3869//3869
f 3870//3870 3891//3891 3892//3892
f 3892//3892 3893//3893 3871//3871
f 3871//3871 3870//3870 3892//3892
f 3872//3872 3871//3871 3893//3893
f 3893//3893 3894//3894 3872//3872
f 3873//3873 3872//3872 3894//3894
f 3894//3894 3895//3895 3873//3873
f 3874//3874 3873//3873 3895//3895
f 3895//3895 3896//3896 3874//3874
f 3875//3875 3874//3874 3896//3896
f 3896//3896 3897//3897 3875//3875
f 3876//3876 3875//3875 3897//3897
f 3897//3897 3898//3898 3876//3876
f 3877//3877 3876//3876 3898//3898
f 3898//3898 3899//3899 3877//3877
f 3878//3878 3877//3877 3899//3899
f 3899//3899 3900//3900 3878//3878
f 3879//3879 3878//3878 3900//3900
f 3900//3900 3901//3901 3879//3879
f 3880//3880 3879//3879 3901//3901
f 3901//3901 3902//3902 3880//3880
f 3881//3881 3880//3880 3902//3902
f 3902//3902 3903//3903 3881//3881
f 3882//3882 3881//3881 3903//3903
f 3903//3903 3904//3904 3882//3882
f 3883//3883 3882//3882 3904//3904
f 3904//3904 3905//3905 3883//3883
f 3884//3884 3883//3883 3905//3905
f 3905//3905 3906//3906 3884//3884
f 3885//3885 3884//3884 3906//3906
f 3906//3906 3907//3907 3885//3885
f 3886//3886 3885//3885 3907//3907
f 3907//3907 3908//3908 3886//3886
f 3887//3887 3886//3886 3908//3908
f 3908//3908 3909//3909 3887//3887
f 3909//3909 3910//3910 3911//3911
f 3911//3911 3912//3912 3889//3889
f 3889//3889 3887//3887 3909//3909
f 3909//3909 3911//3911 3889//3889
f 3912//3912 3911//3911 3913//3913
f 3893//3893 3892//3892 3914//3914
f 3893//3893 3914//3914 3915//3915
f 3915//3915 3916//3916 3894//3894
f 3894//3894 3893//3893 3915//3915
f 3895//3895 3894//3894 3916//3916
f 3916//3916 3917//3917 3895//3895
f 3896//3896 3895//3895 3917//3917
f 3917//3917 3918//3918 3896//3896
f 3897//3897 3896//3896 3918//3918
f 3918//3918 3919//3919 3897//3897
f 3898//3898 3897//3897 3919//3919
f 3919//3919 3920//3920 3898//3898
f 3899//3899 3898//3898 3920//3920
f 3920//3920 3921//3921 3899//3899
f 3900//3900 3899//3899 3921//3921
f 3921//3921 3922//3922 3900//3900
f 3901//3901 3900//3900 3922//3922
f 3922//3922 3923//3923 3901//3901
f 3902//3902 3901//3901 3923//3923
f 3923//3923 3924//3924 3902//3902
f 3903//3903 3902//3902 3924//3924
f 3924//3924 3925//3925 3903//3903
f 3904//3904 3903//3903 3925//3925
f 3925//3925 3926//3926 3904//3904
f 3905//3905 3904//3904 3926//3926
f 3926//3926 3927//3927 3905//3905
f 3906//3906 3905//3905 3927//3927
f 3927//3927 3928//3928 3906//3906
f 3907//3907 3906//3906 3928//3928
f 3928//3928 3929//3929 3907//3907
f 3908//3908 3907//3907 3929//3929
f 3929//3929 3930//3930 3908//3908
f 3909//3909 3908//3908 3930//3930
f 3930//3930 3931//3931 3909//3909
f 3931//3931 3932//3932 3910//3910
f 3910//3910 3909//3909 3931//3931
f 3916//3916 3915//3915 3933//3933
f 3916//3916 3933//3933 3934//3934
f 3934//3934 3917//3917 3916//3916
f 3917//3917 3934//3934 3935//3935
f 3935//3935 3936//3936 3918//3918
f 3918//3918 3917//3917 3935//3935
f 3919//3919 3918//3918 3936//3936
f 3936//3936 3937//3937 3919//3919
f 3920//3920 3919//3919 3937//3937
f 3937//3937 3938//3938 3920//3920
f 3921//3921 3920//3920 3938//3938
f 3938//3938 3939//3939 3921//3921
f 3922//3922 3921//3921 3939//3939
f 3939//3939 3940//3940 3922//3922
f 3923//3923 3922//3922 3940//3940
f 3940//3940 3941//3941 3923//3923
f 3924//3924 3923//3923 3941//3941
f 3941//3941 3942//3942 3924//3924
f 3925//3925 3924//3924 3942//3942
f 3942//3942 3943//3943 3925//3925
f 3926//3926 3925//3925 3943//3943
f 3943//3943 3944//3944 3926//3926
f 3927//3927 3926//3926 3944//3944
f 3944//3944 3945//3945 3927//3927
f 3928//3928 3927//3927 3945//3945
f 3945//3945 3946//3946 3928//3928
f 3929//3929 3928//3928 3946//3946
f 3946//3946 3947//3947 3929//3929
f 3930//3930 3929//3929 3947//3947
f 3947//3947 3948//3948 3930//3930
f 3931//3931 3930//3930 3948//3948
f 3948//3948 3949//3949 3931//3931
f 3949//3949 3950//3950 3932//3932
f 3932//3932 3931//3931 3949//3949
f 3936//3936 3935//3935 3951//3951
f 3952//3952 3953//3953 3954//3954
f 3954//3954 3937//3937 3936//3936
f 3936//3936 3951//3951 3955//3955
f 3956//3956 3952//3952 3954//3954
f 3936//3936 3955//3955 3957//3957
f 3956//3956 3954//3954 3936//3936
f 3936//3936 3957//3957 3958//3958
f 3959//3959 3956//3956 3936//3936
f 3936//3936 3958//3958 3960//3960
f 3960//3960 3959//3959 3936//3936
f 3961//3961 3962//3962 3938//3938
f 3938//3938 3937//3937 3954//3954
f 3954//3954 3963//3963 3964//3964
f 3965//3965 3961//3961 3938//3938
f 3938//3938 3954//3954 3964//3964
f 3966//3966 3965//3965 3938//3938
f 3938//3938 3964//3964 3966//3966
f 3967//3967 3968//3968 3969//3969
f 3969//3969 3939//3939 3938//3938
f 3938//3938 3962//3962 3970//3970
f 3971//3971 3967//3967 3969//3969
f 3969//3969 3938//3938 3970//3970
f 3970//3970 3971//3971 3969//3969
f 3940//3940 3939//3939 3969//3969
f 3969//3969 3972//3972 3940//3940
f 3941//3941 3940//3940 3972//3972
f 3972//3972 3973//3973 3941//3941
f 3942//3942 3941//3941 3973//3973
f 3973//3973 3974//3974 3942//3942
f 3943//3943 3942//3942 3974//3974
f 3974//3974 3975//3975 3943//3943
f 3944//3944 3943//3943 3975//3975
f 3975//3975 3976//3976 3944//3944
f 3945//3945 3944//3944 3976//3976
f 3976//3976 3977//3977 3945//3945
f 3946//3946 3945//3945 3977//3977
f 3977//3977 3978//3978 3946//3946
f 3947//3947 3946//3946 3978//3978
f 3978//3978 3979//3979 3947//3947
f 3948//3948 3947//3947 3979//3979
f 3979//3979 3980//3980 3948//3948
f 3980//3980 3981//3981 3982//3982
f 3982//3982 3949//3949 3948//3948
f 3948//3948 3980//3980 3982//3982
f 3949//3949 3982//3982 3950//3950
f 3983//3983 3984//3984 3954//3954
f 3954//3954 3953//3953 3985//3985
f 3985//3985 3983//3983 3954//3954
f 3986//3986 3987//3987 3988//3988
f 3988//3988 3989//3989 3986//3986
f 3990//3990 3991//3991 3992//3992
f 3993//3993 3994//3994 3963//3963
f 3963//3963 3954//3954 3984//3984
f 3995//3995 3993//3993 3963//3963
f 3963//3963 3984//3984 3995//3995
f 3996//3996 3997//3997 3998//3998
f 3999//3999 4000//4000 4001//4001
f 4002//4002 4003//4003 3989//3989
f 3989//3989 3988//3988 4002//4002
f 4004//4004 4005//4005 3969//3969
f 3969//3969 3968//3968 4006//4006
f 4007//4007 4008//4008 4009//4009
f 4010//4010 4011//4011 4004//4004
f 3969//3969 4006//4006 4012//4012
f 4013//4013 4007//4007 4009//4009
f 4014//4014 4010//4010 4004//4004
f 3969//3969 4012//4012 4013//4013
f 4013//4013 4009//4009 4014//4014
f 4014//4014 4004//4004 3969//3969
f 3969//3969 4013//4013 4014//4014
f 4015//4015 4016//4016 3972//3972
f 3972//3972 3969//3969 4005//4005
f 4017//4017 4018//4018 4019//4019
f 4020//4020 4015//4015 3972//3972
f 3972//3972 4005//4005 4021//4021
f 4022//4022 4017//4017 4019//4019
f 4019//4019 4020//4020 3972//3972
f 3972//3972 4021//4021 4022//4022
f 4022//4022 4019//4019 3972//3972
f 4023//4023 4024//4024 4025//4025
f 4025//4025 3973//3973 3972//3972
f 3972//3972 4016//4016 4026//4026
f 4027//4027 4023//4023 4025//4025
f 4025//4025 3972//3972 4026//4026
f 4026//4026 4027//4027 4025//4025
f 3974//3974 3973//3973 4025//4025
f 4025//4025 4028//4028 3974//3974
f 3975//3975 3974//3974 4028//4028
f 4028//4028 4029//4029 3975//3975
f 3976//3976 3975//3975 4029//4029
f 4029//4029 4030//4030 3976//3976
f 3977//3977 3976//3976 4030//4030
f 4030//4030 4031//4031 3977//3977
f 3978//3978 3977//3977 4031//4031
f 4031//4031 4032//4032 3978//3978
f 3979//3979 3978//3978 4032//4032
f 4032//4032 4033//4033 3979//3979
f 3980//3980 3979//3979 4033//4033
f 4033//4033 4034//4034 3980//3980
f 4034//4034 4035//4035 3981//3981
f 3981//3981 3980//3980 4034//4034
f 4036//4036 4037//4037 4038//4038
f 4039//4039 4040//4040 4041//4041
f 4041//4041 4042//4042 4039//4039
f 4043//4043 4044//4044 4045//4045
f 4046//4046 4047//4047 4037//4037
f 4037//4037 4036//4036 4046//4046
f 4048//4048 4049//4049 4050//4050
f 4051//4051 4052//4052 4053//4053
f 4053//4053 4054//4054 4051//4051
f 4055//4055 4056//4056 4025//4025
f 4025//4025 4024//4024 4057//4057
f 4057//4057 4058//4058 4059//4059
f 4060//4060 4061//4061 4062//4062
f 4062//4062 4055//4055 4025//4025
f 4025//4025 4057//4057 4059//4059
f 4063//4063 4060//4060 4062//4062
f 4025//4025 4059//4059 4063//4063
f 4063//4063 4062//4062 4025//4025
f 4064//4064 4065//4065 4066//4066
f 4067//4067 4051//4051 4054//4054
f 4054//4054 4068//4068 4069//4069
f 4070//4070 4064//4064 4066//4066
f 4071//4071 4067//4067 4054//4054
f 4054//4054 4069//4069 4072//4072
f 4070//4070 4066//4066 4073//4073
f 4071//4071 4054//4054 4072//4072
f 4072//4072 4070//4070 4073//4073
f 4073//4073 4071//4071 4072//4072
f 4074//4074 4075//4075 4076//4076
f 4077//4077 4078//4078 4028//4028
f 4028//4028 4025//4025 4056//4056
f 4079//4079 4080//4080 4081//4081
f 4082//4082 4074//4074 4076//4076
f 4083//4083 4077//4077 4028//4028
f 4028//4028 4056//4056 4084//4084
f 4085//4085 4079//4079 4081//4081
f 4081//4081 4082//4082 4076//4076
f 4086//4086 4083//4083 4028//4028
f 4028//4028 4084//4084 4085//4085
f 4085//4085 4081//4081 4076//4076
f 4086//4086 4028//4028 4085//4085
f 4085//4085 4076//4076 4086//4086
f 4087//4087 4088//4088 4089//4089
f 4089//4089 4029//4029 4028//4028
f 4028//4028 4078//4078 4090//4090
f 4091//4091 4087//4087 4089//4089
f 4089//4089 4028//4028 4090//4090
f 4090//4090 4091//4091 4089//4089
f 4030//4030 4029//4029 4089//4089
f 4089//4089 4092//4092 4030//4030
f 4031//4031 4030//4030 4092//4092
f 4092//4092 4093//4093 4031//4031
f 4032//4032 4031//4031 4093//4093
f 4093//4093 4094//4094 4032//4032
f 4033//4033 4032//4032 4094//4094
f 4094//4094 4095//4095 4033//4033
f 4034//4034 4033//4033 4095//4095
f 4095//4095 4096//4096 4034//4034
f 4096//4096 4097//4097 4035//4035
f 4035//4035 4034//4034 4096//4096
f 4098//4098 4099//4099 4100//4100
f 4101//4101 4102//4102 4103//4103
f 4053//4053 4104//4104 4105//4105
f 4105//4105 4054//4054 4053//4053
f 4106//4106 4107//4107 4108//4108
f 4108//4108 4109//4109 4110//4110
f 4110//4110 4106//4106 4108//4108
f 4111//4111 4112//4112 4113//4113
f 4114//4114 4068//4068 4054//4054
f 4054//4054 4105//4105 4115//4115
f 4116//4116 4117//4117 4118//4118
f 4118//4118 4119//4119 4114//4114
f 4114//4114 4054//4054 4115//4115
f 4120//4120 4116//4116 4118//4118
f 4114//4114 4115//4115 4120//4120
f 4120//4120 4118//4118 4114//4114
f 4121//4121 4122//4122 4123//4123
f 4124//4124 4076//4076 4075//4075
f 4075//4075 4125//4125 4126//4126
f 4127//4127 4128//4128 4121//4121
f 4121//4121 4123//4123 4129//4129
f 4130//4130 4124//4124 4075//4075
f 4131//4131 4127//4127 4121//4121
f 4121//4121 4129//4129 4130//4130
f 4130//4130 4075//4075 4126//4126
f 4132//4132 4131//4131 4121//4121
f 4130//4130 4126//4126 4132//4132
f 4132//4132 4121//4121 4130//4130
f 4133//4133 4134//4134 4089//4089
f 4089//4089 4088//4088 4135//4135
f 4136//4136 4123//4123 4122//4122
f 4137//4137 4138//4138 4139//4139
f 4139//4139 4133//4133 4089//4089
f 4089//4089 4135//4135 4140//4140
f 4140//4140 4136//4136 4122//4122
f 4141//4141 4137//4137 4139//4139
f 4139//4139 4089//4089 4140//4140
f 4140//4140 4122//4122 4142//4142
f 4141//4141 4139//4139 4140//4140
f 4140//4140 4142//4142 4143//4143
f 4143//4143 4141//4141 4140//4140
f 4144//4144 4145//4145 4146//4146
f 4146//4146 4092//4092 4089//4089
f 4089//4089 4134//4134 4147//4147
f 4148//4148 4144//4144 4146//4146
f 4089//4089 4147//4147 4149//4149
f 4149//4149 4148//4148 4146//4146
f 4146//4146 4089//4089 4149//4149
f 4093//4093 4092//4092 4146//4146
f 4146//4146 4150//4150 4093//4093
f 4094//4094 4093//4093 4150//4150
f 4150//4150 4151//4151 4094//4094
f 4095//4095 4094//4094 4151//4151
f 4151//4151 4152//4152 4095//4095
f 4152//4152 4153//4153 4154//4154
f 4154//4154 4096//4096 4095//4095
f 4095//4095 4152//4152 4154//4154
f 4096//4096 4154//4154 4097//4097
f 4155//4155 4156//4156 4157//4157
f 4108//4108 4158//4158 4109//4109
f 4159//4159 4160//4160 4161//4161
f 4162//4162 4163//4163 4164//4164
f 4165//4165 4166//4166 4167//4167
f 4168//4168 4169//4169 4170//4170
f 4146//4146 4145//4145 4171//4171
f 4168//4168 4170//4170 4146//4146
f 4146//4146 4171//4171 4172//4172
f 4173//4173 4168//4168 4146//4146
f 4146//4146 4172//4172 4174//4174
f 4174//4174 4173//4173 4146//4146
f 4175//4175 4176//4176 4177//4177
f 4146//4146 4170//4170 4178//4178
f 4178//4178 4179//4179 4180//4180
f 4175//4175 4177//4177 4150//4150
f 4146//4146 4178//4178 4180//4180
f 4181//4181 4175//4175 4150//4150
f 4146//4146 4180//4180 4182//4182
f 4183//4183 4181//4181 4150//4150
f 4146//4146 4182//4182 4184//4184
f 4185//4185 4183//4183 4150//4150
f 4150//4150 4146//4146 4184//4184
f 4184//4184 4185//4185 4150//4150
f 4186//4186 4187//4187 4188//4188
f 4188//4188 4151//4151 4150//4150
f 4150//4150 4177//4177 4189//4189
f 4190//4190 4191//4191 4192//4192
f 4193//4193 4186//4186 4188//4188
f 4150//4150 4189//4189 4194//4194
f 4195//4195 4190//4190 4192//4192
f 4192//4192 4193//4193 4188//4188
f 4188//4188 4150//4150 4194//4194
f 4194//4194 4195//4195 4192//4192
f 4192//4192 4188//4188 4194//4194
f 4152//4152 4151//4151 4188//4188
f 4188//4188 4196//4196 4152//4152
f 4196//4196 4197//4197 4153//4153
f 4153//4153 4152//4152 4196//4196
f 4198//4198 4199//4199 4200//4200
f 4200//4200 4201//4201 4198//4198
f 4202//4202 4203//4203 4204//4204
f 4205//4205 4206//4206 4207//4207
f 4207//4207 4208//4208 4205//4205
f 4209//4209 4210//4210 4211//4211
f 4212//4212 4213//4213 4201//4201
f 4201//4201 4200//4200 4212//4212
f 4214//4214 4215//4215 4216//4216
f 4216//4216 4188//4188 4187//4187
f 4217//4217 4218//4218 4219//4219
f 4219//4219 4214//4214 4216//4216
f 4216//4216 4187//4187 4220//4220
f 4221//4221 4217//4217 4219//4219
f 4216//4216 4220//4220 4222//4222
f 4221//4221 4219//4219 4216//4216
f 4216//4216 4222//4222 4221//4221
f 4196//4196 4188//4188 4216//4216
f 4216//4216 4223//4223 4196//4196
f 4223//4223 4224//4224 4197//4197
f 4197//4197 4196//4196 4223//4223
f 4225//4225 4226//4226 4227//4227
f 4228//4228 4229//4229 4230//4230
f 4231//4231 4232//4232 4233//4233
f 4233//4233 4234//4234 4235//4235
f 4236//4236 4231//4231 4233//4233
f 4233//4233 4235//4235 4236//4236
f 4237//4237 4238//4238 4239//4239
f 4239//4239 4240//4240 4241//4241
f 4241//4241 4237//4237 4239//4239
f 4242//4242 4243//4243 4244//4244
f 4245//4245 4246//4246 4226//4226
f 4226//4226 4225//4225 4245//4245
f 4247//4247 4248//4248 4249//4249
f 4216//4216 4215//4215 4250//4250
f 4251//4251 4234//4234 4233//4233
f 4247//4247 4249//4249 4216//4216
f 4216//4216 4250//4250 4252//4252
f 4252//4252 4251//4251 4233//4233
f 4253//4253 4247//4247 4216//4216
f 4216//4216 4252//4252 4233//4233
f 4254//4254 4253//4253 4216//4216
f 4216//4216 4233//4233 4255//4255
f 4256//4256 4254//4254 4216//4216
f 4216//4216 4255//4255 4257//4257
f 4257//4257 4256//4256 4216//4216
f 4249//4249 4258//4258 4259//4259
f 4259//4259 4223//4223 4216//4216
f 4216//4216 4249//4249 4259//4259
f 4223//4223 4259//4259 4224//4224
f 4239//4239 4260//4260 4240//4240
f 4248//4248 4261//4261 4262//4262
f 4262//4262 4249//4249 4248//4248
f 4263//4263 4264//4264 4265//4265
f 4266//4266 4267//4267 4268//4268
f 4269//4269 4270//4270 4271//4271
f 4272//4272 4273//4273 4258//4258
f 4258//4258 4249//4249 4262//4262
f 4274//4274 4275//4275 4272//4272
f 4258//4258 4262//4262 4276//4276
f 4277//4277 4274//4274 4272//4272
f 4258//4258 4276//4276 4278//4278
f 4277//4277 4272//4272 4258//4258
f 4258//4258 4278//4278 4279//4279
f 4279//4279 4277//4277 4258//4258
f 4280//4280 4281//4281 4282//4282
f 4282//4282 4283//4283 4280//4280
f 4284//4284 4285//4285 4286//4286
f 4287//4287 4288//4288 4289//4289
f 4289//4289 4290//4290 4287//4287
f 4291//4291 4292//4292 4293//4293
f 4302//4302 4304//4304 4303//4303
f 4291//4291 4293//4293 4294//4294
f 4302//4302 4305//4305 4304//4304
f 4291//4291 4294//4294 4295//4295
f 4302//4302 4306//4306 4305//4305
f 4291//4291 4295//4295 4296//4296
f 4302//4302 4307//4307 4306//4306
f 4291//4291 4296//4296 4297//4297
f 4302//4302 4308//4308 4307//4307
f 4291//4291 4297//4297 4298//4298
f 4302//4302 4309//4309 4308//4308
f 4291//4291 4298//4298 4299//4299
f 4302//4302 4310//4310 4309//4309
f 4291//4291 4299//4299 4300//4300
f 4302//4302 4311//4311 4310//4310
f 4291//4291 4300//4300 4301//4301
f 4302//4302 4312//4312 4311//4311
f 4291//4291 4303//4303 4292//4292
f 4291//4291 4302//4302 4303//4303
f 4292//4292 4304//4304 4293//4293
f 4292//4292 4303//4303 4304//4304
f 4293//4293 4305//4305 4294//4294
f 4293//4293 4304//4304 4305//4305
f 4294//4294 4306//4306 4295//4295
f 4294//4294 4305//4305 4306//4306
f 4295//4295 4307//4307 4296//4296
f 4295//4295 4306//4306 4307//4307
f 4296//4296 4308//4308 4297//4297
f 4296//4296 4307//4307 4308//4308
f 4297//4297 4309//4309 4298//4298
f 4297//4297 4308//4308 4309//4309
f 4298//4298 4310//4310 4299//4299
f 4298//4298 4309//4309 4310//4310
f 4299//4299 4311//4311 4300//4300
f 4299//4299 4310//4310 4311//4311
f 4300//4300 4312//4312 4301//4301
f 4300//4300 4311//4311 4312//4312
f 4301//4301 4302//4302 4291//4291
f 4301//4301 4312//4312 4302//4302
f 4313//4313 4314//4314 4315//4315
f 4327//4327 4329//4329 4328//4328
f 4313//4313 4315//4315 4316//4316
f 4327//4327 4330//4330 4329//4329
f 4313//4313 4316//4316 4317//4317
f 4327//4327 4331//4331 4330//4330
f 4313//4313 4317//4317 4318//4318
f 4327//4327 4332//4332 4331//4331
f 4313//4313 4318//4318 4319//4319
f 4327//4327 4333//4333 4332//4332
f 4313//4313 4319//4319 4320//4320
f 4327//4327 4334//4334 4333//4333
f 4313//4313 4320//4320 4321//4321
f 4327//4327 4335//4335 4334//4334
f 4313//4313 4321//4321 4322//4322
f 4327//4327 4336//4336 4335//4335
f 4313//4313 4322//4322 4323//4323
f 4327//4327 4337//4337 4336//4336
f 4313//4313 4323//4323 4324//4324
f 4327//4327 4338//4338 4337//4337
f 4313//4313 4324//4324 4325//4325
f 4327//4327 4339//4339 4338//4338
f 4313//4313 4325//4325 4326//4326
f 4327//4327 4340//4340 4339//4339
f 4313//4313 4328//4328 4314//4314
f 4313//4313 4327//4327 4328//4328
f 4314//4314 4329//4329 4315//4315
f 4314//4314 4328//4328 4329//4329
f 4315//4315 4330//4330 4316//4316
f 4315//4315 4329//4329 4330//4330
f 4316//4316 4331//4331 4317//4317
f 4316//4316 4330//4330 4331//4331
f 4317//4317 4332//4332 4318//4318
f 4317//4317 4331//4331 4332//4332
f 4318//4318 4333//4333 4319//4319
f 4318//4318 4332//4332 4333//4333
f 4319//4319 4334//4334 4320//4320
f 4319//4319 4333//4333 4334//4334
f 4320//4320 4335//4335 4321//4321
f 4320//4320 4334//4334 4335//4335
f 4321//4321 4336//4336 4322//4322
f 4321//4321 4335//4335 4336//4336
f 4322//4322 4337//4337 4323//4323
f 4322//4322 4336//4336 4337//4337
f 4323//4323 4338//4338 4324//4324
f 4323//4323 4337//4337 4338//4338
f 4324//4324 4339//4339 4325//4325
f 4324//4324 4338//4338 4339//4339
f 4325//4325 4340//4340 4326//4326
f 4325//4325 4339//4339 4340//4340
f 4326//4326 4327//4327 4313//4313
f 4326//4326 4340//4340 4327//4327
f 4341//4341 4342//4342 4343//4343
f 4354//4354 4356//4356 4355//4355
f 4341//4341 4343//4343 4344//4344
f 4354//4354 4357//4357 4356//4356
f 4341//4341 4344//4344 4345//4345
f 4354//4354 4358//4358 4357//4357
f 4341//4341 4345//4345 4346//4346
f 4354//4354 4359//4359 4358//4358
f 4341//4341 4346//4346 4347//4347
f 4354//4354 4360//4360 4359//4359
f 4341//4341 4347//4347 4348//4348
f 4354//4354 4361//4361 4360//4360
f 4341//4341 4348//4348 4349//4349
f 4354//4354 4362//4362 4361//4361
f 4341//4341 4349//4349 4350//4350
f 4354//4354 4363//4363 4362//4362
f 4341//4341 4350//4350 4351//4351
f 4354//4354 4364//4364 4363//4363
f 4341//4341 4351//4351 4352//4352
f 4354//4354 4365//4365 4364//4364
f 4341//4341 4352//4352 4353//4353
f 4354//4354 4366//4366 4365//4365
f 4341//4341 4355//4355 4342//4342
f 4341//4341 4354//4354 4355//4355
f 4342//4342 4356//4356 4343//4343
f 4342//4342 4355//4355 4356//4356
f 4343//4343 4357//4357 4344//4344
f 4343//4343 4356//4356 4357//4357
f 4344//4344 4358//4358 4345//4345
f 4344//4344 4357//4357 4358//4358
f 4345//4345 4359//4359 4346//4346
f 4345//4345 4358//4358 4359//4359
f 4346//4346 4360//4360 4347//4347
f 4346//4346 4359//4359 4360//4360
f 4347//4347 4361//4361 4348//4348
f 4347//4347 4360//4360 4361//4361
f 4348//4348 4362//4362 4349//4349
f 4348//4348 4361//4361 4362//4362
f 4349//4349 4363//4363 4350//4350
f 4349//4349 4362//4362 4363//4363
f 4350//4350 4364//4364 4351//4351
f 4350//4350 4363//4363 4364//4364
f 4351//4351 4365//4365 4352//4352
f 4351//4351 4364//4364 4365//4365
f 4352//4352 4366//4366 4353//4353
f 4352//4352 4365//4365 4366//4366
f 4353//4353 4354//4354 4341//4341
f 4353//4353 4366//4366 4354//4354
f 4367//4367 4368//4368 4369//4369
f 4382//4382 4384//4384 4383//4383
f 4367//4367 4369//4369 4370//4370
f 4382//4382 4385//4385 4384//4384
f 4367//4367 4370//4370 4371//4371
f 4382//4382 4386//4386 4385//4385
f 4367//4367 4371//4371 4372//4372
f 4382//4382 4387//4387 4386//4386
f 4367//4367 4372//4372 4373//4373
f 4382//4382 4388//4388 4387//4387
f 4367//4367 4373//4373 4374//4374
f 4382//4382 4389//4389 4388//4388
f 4367//4367 4374//4374 4375//4375
f 4382//4382 4390//4390 4389//4389
f 4367//4367 4375//4375 4376//4376
f 4382//4382 4391//4391 4390//4390
f 4367//4367 4376//4376 4377//4377
f 4382//4382 4392//4392 4391//4391
f 4367//4367 4377//4377 4378//4378
f 4382//4382 4393//4393 4392//4392
f 4367//4367 4378//4378 4379//4379
f 4382//4382 4394//4394 4393//4393
f 4367//4367 4379//4379 4380//4380
f 4382//4382 4395//4395 4394//4394
f 4367//4367 4380//4380 4381//4381
f 4382//4382 4396//4396 4395//4395
f 4367//4367 4383//4383 4368//4368
f 4367//4367 4382//4382 4383//4383
f 4368//4368 4384//4384 4369//4369
f 4368//4368 4383//4383 4384//4384
f 4369//4369 4385//4385 4370//4370
f 4369//4369 4384//4384 4385//4385
f 4370//4370 4386//4386 4371//4371
f 4370//4370 4385//4385 4386//4386
f 4371//4371 4387//4387 4372//4372
f 4371//4371 4386//4386 4387//4387
f 4372//4372 4388//4388 4373//4373
f 4372//4372 4387//4387 4388//4388
f 4373//4373 4389//4389 4374//4374
f 4373//4373 4388//4388 4389//4389
f 4374//4374 4390//4390 4375//4375
f 4374//4374 4389//4389 4390//4390
f 4375//4375 4391//4391 4376//4376
f 4375//4375 4390//4390 4391//4391
f 4376//4376 4392//4392 4377//4377
f 4376//4376 4391//4391 4392//4392
f 4377//4377 4393//4393 4378//4378
f 4377//4377 4392//4392 4393//4393
f 4378//4378 4394//4394 4379//4379
f 4378//4378 4393//4393 4394//4394
f 4379//4379 4395//4395 4380//4380
f 4379//4379 4394//4394 4395//4395
f 4380//4380 4396//4396 4381//4381
f 4380//4380 4395//4395 4396//4396
f 4381//4381 4382//4382 4367//4367
f 4381//4381 4396//4396 4382//4382
f 4397//4397 4398//4398 4399//4399
f 4409//4409 4411//4411 4410//4410
f 4397//4397 4399//4399 4400//4400
f 4409//4409 4412//4412 4411//4411
f 4397//4397 4400//4400 4401//4401
f 4409//4409 4413//4413 4412//4412
f 4397//4397 4401//4401 4402//4402
f 4409//4409 4414//4414 4413//4413
f 4397//4397 4402//4402 4403//4403
f 4409//4409 4415//4415 4414//4414
f 4397//4397 4403//4403 4404//4404
f 4409//4409 4416//4416 4415//4415
f 4397//4397 4404//4404 4405//4405
f 4409//4409 4417//4417 4416//4416
f 4397//4397 4405//4405 4406//4406
f 4409//4409 4418//4418 4417//4417
f 4397//4397 4406//4406 4407//4407
f 4409//4409 4419//4419 4418//4418
f 4397//4397 4407//4407 4408//4408
f 4409//4409 4420//4420 4419//4419
f 4397//4397 4410//4410 4398//4398
f 4397//4397 4409//4409 4410//4410
f 4398//4398 4411//4411 4399//4399
f 4398//4398 4410//4410 4411//4411
f 4399//4399 4412//4412 4400//4400
f 4399//4399 4411//4411 4412//4412
f 4400//4400 4413//4413 4401//4401
f 4400//4400 4412//4412 4413//4413
f 4401//4401 4414//4414 4402//4402
f 4401//4401 4413//4413 4414//4414
f 4402//4402 4415//4415 4403//4403
f 4402//4402 4414//4414 4415//4415
f 4403//4403 4416//4416 4404//4404
f 4403//4403 4415//4415 4416//4416
f 4404//4404 4417//4417 4405//4405
f 4404//4404 4416//4416 4417//4417
f 4405//4405 4418//4418 4406//4406
f 4405//4405 4417//4417 4418//4418
f 4406//4406 4419//4419 4407//4407
f 4406//4406 4418//4418 4419//4419
f 4407//4407 4420//4420 4408//4408
f 4407//4407 4419//4419 4420//4420
f 4408//4408 4409//4409 4397//4397
f 4408//4408 4420//4420 4409//4409
f 4421//4421 4422//4422 4423//4423
f 4435//4435 4437//4437 4436//4436
f 4421//4421 4423//4423 4424//4424
f 4435//4435 4438//4438 4437//4437
f 4421//4421 4424//4424 4425//4425
f 4435//4435 4439//4439 4438//4438
f 4421//4421 4425//4425 4426//4426
f 4435//4435 4440//4440 4439//4439
f 4421//4421 4426//4426 4427//4427
f 4435//4435 4441//4441 4440//4440
f 4421//4421 4427//4427 4428//4428
f 4435//4435 4442//4442 4441//4441
f 4421//4421 4428//4428 4429//4429
f 4435//4435 4443//4443 4442//4442
f 4421//4421 4429//4429 4430//4430
f 4435//4435 4444//4444 4443//4443
f 4421//4421 4430//4430 4431//4431
f 4435//4435 4445//4445 4444//4444
f 4421//4421 4431//4431 4432//4432
f 4435//4435 4446//4446 4445//4445
f 4421//4421 4432//4432 4433//4433
f 4435//4435 4447//4447 4446//4446
f 4421//4421 4433//4433 4434//4434
f 4435//4435 4448//4448 4447//4447
f 4421//4421 4436//4436 4422//4422
f 4421//4421 4435//4435 4436//4436
f 4422//4422 4437//4437 4423//4423
f 4422//4422 4436//4436 4437//4437
f 4423//4423 4438//4438 4424//4424
f 4423//4423 4437//4437 4438//4438
f 4424//4424 4439//4439 4425//4425
f 4424//4424 4438//4438 4439//4439
f 4425//4425 4440//4440 4426//4426
f 4425//4425 4439//4439 4440//4440
f 4426//4426 4441//4441 4427//4427
f 4426//4426 4440//4440 4441//4441
f 4427//4427 4442//4442 4428//4428
f 4427//4427 4441//4441 4442//4442
f 4428//4428 4443//4443 4429//4429
f 4428//4428 4442//4442 4443//4443
f 4429//4429 4444//4444 4430//4430
f 4429//4429 4443//4443 4444//4444
f 4430//4430 4445//4445 4431//4431
f 4430//4430 4444//4444 4445//4445
f 4431//4431 4446//4446 4432//4432
f 4431//4431 4445//4445 4446//4446
f 4432//4432 4447//4447 4433//4433
f 4432//4432 4446//4446 4447//4447
f 4433//4433 4448//4448 4434//4434
f 4433//4433 4447//4447 4448//4448
f 4434//4434 4435//4435 4421//4421
f 4434//4434 4448//4448 4435//4435
f 4449//4449 4450//4450 4451//4451
f 4466//4466 4468//4468 4467//4467
f 4449//4449 4451//4451 4452//4452
f 4466//4466 4469//4469 4468//4468
f 4449//4449 4452//4452 4453//4453
f 4466//4466 4470//4470 4469//4469
f 4449//4449 4453//4453 4454//4454
f 4466//4466 4471//4471 4470//4470
f 4449//4449 4454//4454 4455//4455
f 4466//4466 4472//4472 4471//4471
f 4449//4449 4455//4455 4456//4456
f 4466//4466 4473//4473 4472//4472
f 4449//4449 4456//4456 4457//4457
f 4466//4466 4474//4474 4473//4473
f 4449//4449 4457//4457 4458//4458
f 4466//4466 4475//4475 4474//4474
f 4449//4449 4458//4458 4459//4459
f 4466//4466 4476//4476 4475//4475
f 4449//4449 4459//4459 4460//4460
f 4466//4466 4477//4477 4476//4476
f 4449//4449 4460//4460 4461//4461
f 4466//4466 4478//4478 4477//4477
f 4449//4449 4461//4461 4462//4462
f 4466//4466 4479//4479 4478//4478
f 4449//4449 4462//4462 4463//4463
f 4466//4466 4480//4480 4479//4479
f 4449//4449 4463//4463 4464//4464
f 4466//4466 4481//4481 4480//4480
f 4449//4449 4464//4464 4465//4465
f 4466//4466 4482//4482 4481//4481
f 4449//4449 4467//4467 4450//4450
f 4449//4449 4466//4466 4467//4467
f 4450//4450 4468//4468 4451//4451
f 4450//4450 4467//4467 4468//4468
f 4451//4451 4469//4469 4452//4452
f 4451//4451 4468//4468 4469//4469
f 4452//4452 4470//4470 4453//4453
f 4452//4452 4469//4469 4470//4470
f 4453//4453 4471//4471 4454//4454
f 4453//4453 4470//4470 4471//4471
f 4454//4454 4472//4472 4455//4455
f 4454//4454 4471//4471 4472//4472
f 4455//4455 4473//4473 4456//4456
f 4455//4455 4472//4472 4473//4473
f 4456//4456 4474//4474 4457//4457
f 4456//4456 4473//4473 4474//4474
f 4457//4457 4475//4475 4458//4458
f 4457//4457 4474//4474 4475//4475
f 4458//4458 4476//4476 4459//4459
f 4458//4458 4475//4475 4476//4476
f 4459//4459 4477//4477 4460//4460
f 4459//4459 4476//4476 4477//4477
f 4460//4460 4478//4478 4461//4461
f 4460//4460 4477//4477 4478//4478
f 4461//4461 4479//4479 4462//4462
f 4461//4461 4478//4478 4479//4479
f 4462//4462 4480//4480 4463//4463
f 4462//4462 4479//4479 4480//4480
f 4463//4463 4481//4481 4464//4464
f 4463//4463 4480//4480 4481//4481
f 4464//4464 4482//4482 4465//4465
f 4464//4464 4481//4481 4482//4482
f 4465//4465 4466//4466 4449//4449
f 4465//4465 4482//4482 4466//4466
f 4483//4483 4484//4484 4485//4485
f 4498//4498 4500//4500 4499//4499
f 4483//4483 4485//4485 4486//4486
f 4498//4498 4501//4501 4500//4500
f 4483//4483 4486//4486 4487//4487
f 4498//4498 4502//4502 4501//4501
f 4483//4483 4487//4487 4488//4488
f 4498//4498 4503//4503 4502//4502
f 4483//4483 4488//4488 4489//4489
f 4498//4498 4504//4504 4503//4503
f 4483//4483 4489//4489 4490//4490
f 4498//4498 4505//4505 4504//4504
f 4483//4483 4490//4490 4491//4491
f 4498//4498 4506//4506 4505//4505
f 4483//4483 4491//4491 4492//4492
f 4498//4498 4507//4507 4506//4506
f 4483//4483 4492//4492 4493//4493
f 4498//4498 4508//4508 4507//4507
f 4483//4483 4493//4493 4494//4494
f 4498//4498 4509//4509 4508//4508
f 4483//4483 4494//4494 4495//4495
f 4498//4498 4510//4510 4509//4509
f 4483//4483 4495//4495 4496//4496
f 4498//4498 4511//4511 4510//4510
f 4483//4483 4496//4496 4497//4497
f 4498//4498 4512//4512 4511//4511
f 4483//4483 4499//4499 4484//4484
f 4483//4483 4498//4498 4499//4499
f 4484//4484 4500//4500 4485//4485
f 4484//4484 4499//4499 4500//4500
f 4485//4485 4501//4501 4486//4486
f 4485//4485 4500//4500 4501//4501
f 4486//4486 4502//4502 4487//4487
f 4486//4486 4501//4501 4502//4502
f 4487//4487 4503//4503 4488//4488
f 4487//4487 4502//4502 4503//4503
f 4488//4488 4504//4504 4489//4489
f 4488//4488 4503//4503 4504//4504
f 4489//4489 4505//4505 4490//4490
f 4489//4489 4504//4504 4505//4505
f 4490//4490 4506//4506 4491//4491
f 4490//4490 4505//4505 4506//4506
f 4491//4491 4507//4507 4492//4492
f 4491//4491 4506//4506 4507//4507
f 4492//4492 4508//4508 4493//4493
f 4492//4492 4507//4507 4508//4508
f 4493//4493 4509//4509 4494//4494
f 4493//4493 4508//4508 4509//4509
f 4494//4494 4510//4510 4495//4495
f 4494//4494 4509//4509 4510//4510
f 4495//4495 4511//4511 4496//4496
f 4495//4495 4510//4510 4511//4511
f 4496//4496 4512//4512 4497//4497
f 4496//4496 4511//4511 4512//4512
f 4497//4497 4498//4498 4483//4483
f 4497//4497 4512//4512 4498//4498
f 4513//4513 4514//4514 4515//4515
f 4525//4525 4527//4527 4526//4526
f 4513//4513 4515//4515 4516//4516
f 4525//4525 4528//4528 4527//4527
f 4513//4513 4516//4516 4517//4517
f 4525//4525 4529//4529 4528//4528
f 4513//4513 4517//4517 4518//4518
f 4525//4525 4530//4530 4529//4529
f 4513//4513 4518//4518 4519//4519
f 4525//4525 4531//4531 4530//4530
f 4513//4513 4519//4519 4520//4520
f 4525//4525 4532//4532 4531//4531
f 4513//4513 4520//4520 4521//4521
f 4525//4525 4533//4533 4532//4532
f 4513//4513 4521//4521 4522//4522
f 4525//4525 4534//4534 4533//4533
f 4513//4513 4522//4522 4523//4523
f 4525//4525 4535//4535 4534//4534
f 4513//4513 4523//4523 4524//4524
f 4525//4525 4536//4536 4535//4535
f 4513//4513 4526//4526 4514//4514
f 4513//4513 4525//4525 4526//4526
f 4514//4514 4527//4527 4515//4515
f 4514//4514 4526//4526 4527//4527
f 4515//4515 4528//4528 4516//4516
f 4515//4515 4527//4527 4528//4528
f 4516//4516 4529//4529 4517//4517
f 4516//4516 4528//4528 4529//4529
f 4517//4517 4530//4530 4518//4518
f 4517//4517 4529//4529 4530//4530
f 4518//4518 4531//4531 4519//4519
f 4518//4518 4530//4530 4531//4531
f 4519//4519 4532//4532 4520//4520
f 4519//4519 4531//4531 4532//4532
f 4520//4520 4533//4533 4521//4521
f 4520//4520 4532//4532 4533//4533
f 4521//4521 4534//4534 4522//4522
f 4521//4521 4533//4533 4534//4534
f 4522//4522 4535//4535 4523//4523
f 4522//4522 4534//4534 4535//4535
f 4523//4523 4536//4536 4524//4524
f 4523//4523 4535//4535 4536//4536
f 4524//4524 4525//4525 4513//4513
f 4524//4524 4536//4536 4525//4525
f 4537//4537 4538//4538 4539//4539
f 4548//4548 4550//4550 4549//4549
f 4537//4537 4539//4539 4540//4540
f 4548//4548 4551//4551 4550//4550
f 4537//4537 4540//4540 4541//4541
f 4548//4548 4552//4552 4551//4551
f 4537//4537 4541//4541 4542//4542
f 4548//4548 4553//4553 4552//4552
f 4537//4537 4542//4542 4543//4543
f 4548//4548 4554//4554 4553//4553
f 4537//4537 4543//4543 4544//4544
f 4548//4548 4555//4555 4554//4554
f 4537//4537 4544//4544 4545//4545
f 4548//4548 4556//4556 4555//4555
f 4537//4537 4545//4545 4546//4546
f 4548//4548 4557//4557 4556//4556
f 4537//4537 4546//4546 4547//4547
f 4548//4548 4558//4558 4557//4557
f 4537//4537 4549//4549 4538//4538
f 4537//4537 4548//4548 4549//4549
f 4538//4538 4550//4550 4539//4539
f 4538//4538 4549//4549 4550//4550
f 4539//4539 4551//4551 4540//4540
f 4539//4539 4550//4550 4551//4551
f 4540//4540 4552//4552 4541//4541
f 4540//4540 4551//4551 4552//4552
f 4541//4541 4553//4553 4542//4542
f 4541//4541 4552//4552 4553//4553
f 4542//4542 4554//4554 4543//4543
f 4542//4542 4553//4553 4554//4554
f 4543//4543 4555//4555 4544//4544
f 4543//4543 4554//4554 4555//4555
f 4544//4544 4556//4556 4545//4545
f 4544//4544 4555//4555 4556//4556
f 4545//4545 4557//4557 4546//4546
f 4545//4545 4556//4556 4557//4557
f 4546//4546 4558//4558 4547//4547
f 4546//4546 4557//4557 4558//4558
f 4547//4547 4548//4548 4537//4537
f 4547//4547 4558//4558 4548//4548
f 4559//4559 4560//4560 4561//4561
f 4576//4576 4578//4578 4577//4577
f 4559//4559 4561//4561 4562//4562
f 4576//4576 4579//4579 4578//4578
f 4559//4559 4562//4562 4563//4563
f 4576//4576 4580//4580 4579//4579
f 4559//4559 4563//4563 4564//4564
f 4576//4576 4581//4581 4580//4580
f 4559//4559 4564//4564 4565//4565
f 4576//4576 4582//4582 4581//4581
f 4559//4559 4565//4565 4566//4566
f 4576//4576 4583//4583 4582//4582
f 4559//4559 4566//4566 4567//4567
f 4576//4576 4584//4584 4583//4583
f 4559//4559 4567//4567 4568//4568
f 4576//4576 4585//4585 4584//4584
f 4559//4559 4568//4568 4569//4569
f 4576//4576 4586//4586 4585//4585
f 4559//4559 4569//4569 4570//4570
f 4576//4576 4587//4587 4586//4586
f 4559//4559 4570//4570 4571//4571
f 4576//4576 4588//4588 4587//4587
f 4559//4559 4571//4571 4572//4572
f 4576//4576 4589//4589 4588//4588
f 4559//4559 4572//4572 4573//4573
f 4576//4576 4590//4590 4589//4589
f 4559//4559 4573//4573 4574//4574
f 4576//4576 4591//4591 4590//4590
f 4559//4559 4574//4574 4575//4575
f 4576//4576 4592//4592 4591//4591
f 4559//4559 4577//4577 4560//4560
f 4559//4559 4576//4576 4577//4577
f 4560//4560 4578//4578 4561//4561
f 4560//4560 4577//4577 4578//4578
f 4561//4561 4579//4579 4562//4562
f 4561//4561 4578//4578 4579//4579
f 4562//4562 4580//4580 4563//4563
f 4562//4562 4579//4579 4580//4580
f 4563//4563 4581//4581 4564//4564
f 4563//4563 4580//4580 4581//4581
f 4564//4564 4582//4582 4565//4565
f 4564//4564 4581//4581 4582//4582
f 4565//4565 4583//4583 4566//4566
f 4565//4565 4582//4582 4583//4583
f 4566//4566 4584//4584 4567//4567
f 4566//4566 4583//4583 4584//4584
f 4567//4567 4585//4585 4568//4568
f 4567//4567 4584//4584 4585//4585
f 4568//4568 4586//4586 4569//4569
f 4568//4568 4585//4585 4586//4586
f 4569//4569 4587//4587 4570//4570
f 4569//4569 4586//4586 4587//4587
f 4570//4570 4588//4588 4571//4571
f 4570//4570 4587//4587 4588//4588
f 4571//4571 4589//4589 4572//4572
f 4571//4571 4588//4588 4589//4589
f 4572//4572 4590//4590 4573//4573
f 4572//4572 4589//4589 4590//4590
f 4573//4573 4591//4591 4574//4574
f 4573//4573 4590//4590 4591//4591
f 4574//4574 4592//4592 4575//4575
f 4574//4574 4591//4591 4592//4592
f 4575//4575 4576//4576 4559//4559
f 4575//4575 4592//4592 4576//4576
f 4593//4593 4594//4594 4595//4595
f 4612//4612 4614//4614 4613//4613
f 4593//4593 4595//4595 4596//4596
f 4612//4612 4615//4615 4614//4614
f 4593//4593 4596//4596 4597//4597
f 4612//4612 4616//4616 4615//4615
f 4593//4593 4597//4597 4598//4598
f 4612//4612 4617//4617 4616//4616
f 4593//4593 4598//4598 4599//4599
f 4612//4612 4618//4618 4617//4617
f 4593//4593 4599//4599 4600//4600
f 4612//4612 4619//4619 4618//4618
f 4593//4593 4600//4600 4601//4601
f 4612//4612 4620//4620 4619//4619
f 4593//4593 4601//4601 4602//4602
f 4612//4612 4621//4621 4620//4620
f 4593//4593 4602//4602 4603//4603
f 4612//4612 4622//4622 4621//4621
f 4593//4593 4603//4603 4604//4604
f 4612//4612 4623//4623 4622//4622
f 4593//4593 4604//4604 4605//4605
f 4612//4612 4624//4624 4623//4623
f 4593//4593 4605//4605 4606//4606
f 4612//4612 4625//4625 4624//4624
f 4593//4593 4606//4606 4607//4607
f 4612//4612 4626//4626 4625//4625
f 4593//4593 4607//4607 4608//4608
f 4612//4612 4627//4627 4626//4626
f 4593//4593 4608//4608 4609//4609
f 4612//4612 4628//4628 4627//4627
f 4593//4593 4609//4609 4610//4610
f 4612//4612 4629//4629 4628//4628
f 4593//4593 4610//4610 4611//4611
f 4612//4612 4630//4630 4629//4629
f 4593//4593 4613//4613 4594//4594
f 4593//4593 4612//4612 4613//4613
f 4594//4594 4614//4614 4595//4595
f 4594//4594 4613//4613 4614//4614
f 4595//4595 4615//4615 4596//4596
f 4595//4595 4614//4614 4615//4615
f 4596//4596 4616//4616 4597//4597
f 4596//4596 4615//4615 4616//4616
f 4597//4597 4617//4617 4598//4598
f 4597//4597 4616//4616 4617//4617
f 4598//4598 4618//4618 4599//4599
f 4598//4598 4617//4617 4618//4618
f 4599//4599 4619//4619 4600//4600
f 4599//4599 4618//4618 4619//4619
f 4600//4600 4620//4620 4601//4601
f 4600//4600 4619//4619 4620//4620
f 4601//4601 4621//4621 4602//4602
f 4601//4601 4620//4620 4621//4621
f 4602//4602 4622//4622 4603//4603
f 4602//4602 4621//4621 4622//4622
f 4603//4603 4623//4623 4604//4604
f 4603//4603 4622//4622 4623//4623
f 4604//4604 4624//4624 4605//4605
f 4604//4604 4623//4623 4624//4624
f 4605//4605 4625//4625 4606//4606
f 4605//4605 4624//4624 4625//4625
f 4606//4606 4626//4626 4607//4607
f 4606//4606 4625//4625 4626//4626
f 4607//4607 4627//4627 4608//4608
f 4607//4607 4626//4626 4627//4627
f 4608//4608 4628//4628 4609//4609
f 4608//4608 4627//4627 4628//4628
f 4609//4609 4629//4629 4610//4610
f 4609//4609 4628//4628 4629//4629
f 4610//4610 4630//4630 4611//4611
f 4610//4610 4629//4629 4630//4630
f 4611//4611 4612//4612 4593//4593
f 4611//4611 4630//4630 4612//4612
f 4631//4631 4632//4632 4633//4633
f 4648//4648 4650//4650 4649//4649
f 4631//4631 4633//4633 4634//4634
f 4648//4648 4651//4651 4650//4650
f 4631//4631 4634//4634 4635//4635
f 4648//4648 4652//4652 4651//4651
f 4631//4631 4635//4635 4636//4636
f 4648//4648 4653//4653 4652//4652
f 4631//4631 4636//4636 4637//4637
f 4648//4648 4654//4654 4653//4653
f 4631//4631 4637//4637 4638//4638
f 4648//4648 4655//4655 4654//4654
f 4631//4631 4638//4638 4639//4639
f 4648//4648 4656//4656 4655//4655
f 4631//4631 4639//4639 4640//4640
f 4648//4648 4657//4657 4656//4656
f 4631//4631 4640//4640 4641//4641
f 4648//4648 4658//4658 4657//4657
f 4631//4631 4641//4641 4642//4642
f 4648//4648 4659//4659 4658//4658
f 4631//4631 4642//4642 4643//4643
f 4648//4648 4660//4660 4659//4659
f 4631//4631 4643//4643 4644//4644
f 4648//4648 4661//4661 4660//4660
f 4631//4631 4644//4644 4645//4645
f 4648//4648 4662//4662 4661//4661
f 4631//4631 4645//4645 4646//4646
f 4648//4648 4663//4663 4662//4662
f 4631//4631 4646//4646 4647//4647
f 4648//4648 4664//4664 4663//4663
f 4631//4631 4649//4649 4632//4632
f 4631//4631 4648//4648 4649//4649
f 4632//4632 4650//4650 4633//4633
f 4632//4632 4649//4649 4650//4650
f 4633//4633 4651//4651 4634//4634
f 4633//4633 4650//4650 4651//4651
f 4634//4634 4652//4652 4635//4635
f 4634//4634 4651//4651 4652//4652
f 4635//4635 4653//4653 4636//4636
f 4635//4635 4652//4652 4653//4653
f 4636//4636 4654//4654 4637//4637
f 4636//4636 4653//4653 4654//4654
f 4637//4637 4655//4655 4638//4638
f 4637//4637 4654//4654 4655//4655
f 4638//4638 4656//4656 4639//4639
f 4638//4638 4655//4655 4656//4656
f 4639//4639 4657//4657 4640//4640
f 4639//4639 4656//4656 4657//4657
f 4640//4640 4658//4658 4641//4641
f 4640//4640 4657//4657 4658//4658
f 4641//4641 4659//4659 4642//4642
f 4641//4641 4658//4658 4659//4659
f 4642//4642 4660//4660 4643//4643
f 4642//4642 4659//4659 4660//4660
f 4643//4643 4661//4661 4644//4644
f 4643//4643 4660//4660 4661//4661
f 4644//4644 4662//4662 4645//4645
f 4644//4644 4661//4661 4662//4662
f 4645//4645 4663//4663 4646//4646
f 4645//4645 4662//4662 4663//4663
f 4646//4646 4664//4664 4647//4647
f 4646//4646 4663//4663 4664//4664
f 4647//4647 4648//4648 4631//4631
f 4647//4647 4664//4664 4648//4648
f 4665//4665 4666//4666 4667//4667
f 4679//4679 4681//4681 4680//4680
f 4665//4665 4667//4667 4668//4668
f 4679//4679 4682//4682 4681//4681
f 4665//4665 4668//4668 4669//4669
f 4679//4679 4683//4683 4682//4682
f 4665//4665 4669//4669 4670//4670
f 4679//4679 4684//4684 4683//4683
f 4665//4665 4670//4670 4671//4671
f 4679//4679 4685//4685 4684//4684
f 4665//4665 4671//4671 4672//4672
f 4679//4679 4686//4686 4685//4685
f 4665//4665 4672//4672 4673//4673
f 4679//4679 4687//4687 4686//4686
f 4665//4665 4673//4673 4674//4674
f 4679//4679 4688//4688 4687//4687
f 4665//4665 4674//4674 4675//4675
f 4679//4679 4689//4689 4688//4688
f 4665//4665 4675//4675 4676//4676
f 4679//4679 4690//4690 4689//4689
f 4665//4665 4676//4676 4677//4677
f 4679//4679 4691//4691 4690//4690
f 4665//4665 4677//4677 4678//4678
f 4679//4679 4692//4692 4691//4691
f 4665//4665 4680//4680 4666//4666
f 4665//4665 4679//4679 4680//4680
f 4666//4666 4681//4681 4667//4667
f 4666//4666 4680//4680 4681//4681
f 4667//4667 4682//4682 4668//4668
f 4667//4667 4681//4681 4682//4682
f 4668//4668 4683//4683 4669//4669
f 4668//4668 4682//4682 4683//4683
f 4669//4669 4684//4684 4670//4670
f 4669//4669 4683//4683 4684//4684
f 4670//4670 4685//4685 4671//4671
f 4670//4670 4684//4684 4685//4685
f 4671//4671 4686//4686 4672//4672
f 4671//4671 4685//4685 4686//4686
f 4672//4672 4687//4687 4673//4673
f 4672//4672 4686//4686 4687//4687
f 4673//4673 4688//4688 4674//4674
f 4673//4673 4687//4687 4688//4688
f 4674//4674 4689//4689 4675//4675
f 4674//4674 4688//4688 4689//4689
f 4675//4675 4690//4690 4676//4676
f 4675//4675 4689//4689 4690//4690
f 4676//4676 4691//4691 4677//4677
f 4676//4676 4690//4690 4691//4691
f 4677//4677 4692//4692 4678//4678
f 4677//4677 4691//4691 4692//4692
f 4678//4678 4679//4679 4665//4665
f 4678//4678 4692//4692 4679//4679
f 4693//4693 4694//4694 4695//4695
f 4703//4703 4705//4705 4704//4704
f 4693//4693 4695//4695 4696//4696
f 4703//4703 4706//4706 4705//4705
f 4693//4693 4696//4696 4697//4697
f 4703//4703 4707//4707 4706//4706
f 4693//4693 4697//4697 4698//4698
f 4703//4703 4708//4708 4707//4707
f 4693//4693 4698//4698 4699//4699
f 4703//4703 4709//4709 4708//4708
f 4693//4693 4699//4699 4700//4700
f 4703//4703 4710//4710 4709//4709
f 4693//4693 4700//4700 4701//4701
f 4703//4703 4711//4711 4710//4710
f 4693//4693 4701//4701 4702//4702
f 4703//4703 4712//4712 4711//4711
f 4693//4693 4704//4704 4694//4694
f 4693//4693 4703//4703 4704//4704
f 4694//4694 4705//4705 4695//4695
f 4694//4694 4704//4704 4705//4705
f 4695//4695 4706//4706 4696//4696
f 4695//4695 4705//4705 4706//4706
f 4696//4696 4707//4707 4697//4697
f 4696//4696 4706//4706 4707//4707
f 4697//4697 4708//4708 4698//4698
f 4697//4697 4707//4707 4708//4708
f 4698//4698 4709//4709 4699//4699
f 4698//4698 4708//4708 4709//4709
f 4699//4699 4710//4710 4700//4700
f 4699//4699 4709//4709 4710//4710
f 4700//4700 4711//4711 4701//4701
f 4700//4700 4710//4710 4711//4711
f 4701//4701 4712//4712 4702//4702
f 4701//4701 4711//4711 4712//4712
f 4702//4702 4703//4703 4693//4693
f 4702//4702 4712//4712 4703//4703
f 4713//4713 4714//4714 4715//4715
f 4726//4726 4728//4728 4727//4727
f 4713//4713 4715//4715 4716//4716
f 4726//4726 4729//4729 4728//4728
f 4713//4713 4716//4716 4717//4717
f 4726//4726 4730//4730 4729//4729
f 4713//4713 4717//4717 4718//4718
f 4726//4726 4731//4731 4730//4730
f 4713//4713 4718//4718 4719//4719
f 4726//4726 4732//4732 4731//4731
f 4713//4713 4719//4719 4720//4720
f 4726//4726 4733//4733 4732//4732
f 4713//4713 4720//4720 4721//4721
f 4726//4726 4734//4734 4733//4733
f 4713//4713 4721//4721 4722//4722
f 4726//4726 4735//4735 4734//4734
f 4713//4713 4722//4722 4723//4723
f 4726//4726 4736//4736 4735//4735
f 4713//4713 4723//4723 4724//4724
f 4726//4726 4737//4737 4736//4736
f 4713//4713 4724//4724 4725//4725
f 4726//4726 4738//4738 4737//4737
f 4713//4713 4727//4727 4714//4714
f 4713//4713 4726//4726 4727//4727
f 4714//4714 4728//4728 4715//4715
f 4714//4714 4727//4727 4728//4728
f 4715//4715 4729//4729 4716//4716
f 4715//4715 4728//4728 4729//4729
f 4716//4716 4730//4730 4717//4717
f 4716//4716 4729//4729 4730//4730
f 4717//4717 4731//4731 4718//4718
f 4717//4717 4730//4730 4731//4731
f 4718//4718 4732//4732 4719//4719
f 4718//4718 4731//4731 4732//4732
f 4719//4719 4733//4733 4720//4720
f 4719//4719 4732//4732 4733//4733
f 4720//4720 4734//4734 4721//4721
f 4720//4720 4733//4733 4734//4734
f 4721//4721 4735//4735 4722//4722
f 4721//4721 4734//4734 4735//4735
f 4722//4722 4736//4736 4723//4723
f 4722//4722 4735//4735 4736//4736
f 4723//4723 4737//4737 4724//4724
f 4723//4723 4736//4736 4737//4737
f 4724//4724 4738//4738 4725//4725
f 4724//4724 4737//4737 4738//4738
f 4725//4725 4726//4726 4713//4713
f 4725//4725 4738//4738 4726//4726
f 4739//4739 4740//4740 4741//4741
f 4754//4754 4756//4756 4755//4755
f 4739//4739 4741//4741 4742//4742
f 4754//4754 4757//4757 4756//4756
f 4739//4739 4742//4742 4743//4743
f 4754//4754 4758//4758 4757//4757
f 4739//4739 4743//4743 4744//4744
f 4754//4754 4759//4759 4758//4758
f 4739//4739 4744//4744 4745//4745
f 4754//4754 4760//4760 4759//4759
f 4739//4739 4745//4745 4746//4746
f 4754//4754 4761//4761 4760//4760
f 4739//4739 4746//4746 4747//4747
f 4754//4754 4762//4762 4761//4761
f 4739//4739 4747//4747 4748//4748
f 4754//4754 4763//4763 4762//4762
f 4739//4739 4748//4748 4749//4749
f 4754//4754 4764//4764 4763//4763
f 4739//4739 4749//4749 4750//4750
f 4754//4754 4765//4765 4764//4764
f 4739//4739 4750//4750 4751//4751
f 4754//4754 4766//4766 4765//4765
f 4739//4739 4751//4751 4752//4752
f 4754//4754 4767//4767 4766//4766
f 4739//4739 4752//4752 4753//4753
f 4754//4754 4768//4768 4767//4767
f 4739//4739 4755//4755 4740//4740
f 4739//4739 4754//4754 4755//4755
f 4740//4740 4756//4756 4741//4741
f 4740//4740 4755//4755 4756//4756
f 4741//4741 4757//4757 4742//4742
f 4741//4741 4756//4756 4757//4757
f 4742//4742 4758//4758 4743//4743
f 4742//4742 4757//4757 4758//4758
f 4743//4743 4759//4759 4744//4744
f 4743//4743 4758//4758 4759//4759
f 4744//4744 4760//4760 4745//4745
f 4744//4744 4759//4759 4760//4760
f 4745//4745 4761//4761 4746//4746
f 4745//4745 4760//4760 4761//4761
f 4746//4746 4762//4762 4747//4747
f 4746//4746 4761//4761 4762//4762
f 4747//4747 4763//4763 4748//4748
f 4747//4747 4762//4762 4763//4763
f 4748//4748 4764//4764 4749//4749
f 4748//4748 4763//4763 4764//4764
f 4749//4749 4765//4765 4750//4750
f 4749//4749 4764//4764 4765//4765
f 4750//4750 4766//4766 4751//4751
f 4750//4750 4765//4765 4766//4766
f 4751//4751 4767//4767 4752//4752
f 4751//4751 4766//4766 4767//4767
f 4752//4752 4768//4768 4753//4753
f 4752//4752 4767//4767 4768//4768
f 4753//4753 4754//4754 4739//4739
f 4753//4753 4768//4768 4754//4754
f 4769//4769 4770//4770 4771//4771
f 4788//4788 4790//4790 4789//4789
f 4769//4769 4771//4771 4772//4772
f 4788//4788 4791//4791 4790//4790
f 4769//4769 4772//4772 4773//4773
f 4788//4788 4792//4792 4791//4791
f 4769//4769 4773//4773 4774//4774
f 4788//4788 4793//4793 4792//4792
f 4769//4769 4774//4774 4775//4775
f 4788//4788 4794//4794 4793//4793
f 4769//4769 4775//4775 4776//4776
f 4788//4788 4795//4795 4794//4794
f 4769//4769 4776//4776 4777//4777
f 4788//4788 4796//4796 4795//4795
f 4769//4769 4777//4777 4778//4778
f 4788//4788 4797//4797 4796//4796
f 4769//4769 4778//4778 4779//4779
f 4788//4788 4798//4798 4797//4797
f 4769//4769 4779//4779 4780//4780
f 4788//4788 4799//4799 4798//4798
f 4769//4769 4780//4780 4781//4781
f 4788//4788 4800//4800 4799//4799
f 4769//4769 4781//4781 4782//4782
f 4788//4788 4801//4801 4800//4800
f 4769//4769 4782//4782 4783//4783
f 4788//4788 4802//4802 4801//4801
f 4769//4769 4783//4783 4784//4784
f 4788//4788 4803//4803 4802//4802
f 4769//4769 4784//4784 4785//4785
f 4788//4788 4804//4804 4803//4803
f 4769//4769 4785//4785 4786//4786
f 4788//4788 4805//4805 4804//4804
f 4769//4769 4786//4786 4787//4787
f 4788//4788 4806//4806 4805//4805
f 4769//4769 4789//4789 4770//4770
f 4769//4769 4788//4788 4789//4789
f 4770//4770 4790//4790 4771//4771
f 4770//4770 4789//4789 4790//4790
f 4771//4771 4791//4791 4772//4772
f 4771//4771 4790//4790 4791//4791
f 4772//4772 4792//4792 4773//4773
f 4772//4772 4791//4791 4792//4792
f 4773//4773 4793//4793 4774//4774
f 4773//4773 4792//4792 4793//4793
f 4774//4774 4794//4794 4775//4775
f 4774//4774 4793//4793 4794//4794
f 4775//4775 4795//4795 4776//4776
f 4775//4775 4794//4794 4795//4795
f 4776//4776 4796//4796 4777//4777
f 4776//4776 4795//4795 4796//4796
f 4777//4777 4797//4797 4778//4778
f 4777//4777 4796//4796 4797//4797
f 4778//4778 4798//4798 4779//4779
f 4778//4778 4797//4797 4798//4798
f 4779//4779 4799//4799 4780//4780
f 4779//4779 4798//4798 4799//4799
f 4780//4780 4800//4800 4781//4781
f 4780//4780 4799//4799 4800//4800
f 4781//4781 4801//4801 4782//4782
f 4781//4781 4800//4800 4801//4801
f 4782//4782 4802//4802 4783//4783
f 4782//4782 4801//4801 4802//4802
f 4783//4783 4803//4803 4784//4784
f 4783//4783 4802//4802 4803//4803
f 4784//4784 4804//4804 4785//4785
f 4784//4784 4803//4803 4804//4804
f 4785//4785 4805//4805 4786//4786
f 4785//4785 4804//4804 4805//4805
f 4786//4786 4806//4806 4787//4787
f 4786//4786 4805//4805 4806//4806
f 4787//4787 4788//4788 4769//4769
f 4787//4787 4806//4806 4788//4788
f 4807//4807 4808//4808 4809//4809
f 4821//4821 4823//4823 4822//4822
f 4807//4807 4809//4809 4810//4810
f 4821//4821 4824//4824 4823//4823
f 4807//4807 4810//4810 4811//4811
f 4821//4821 4825//4825 4824//4824
f 4807//4807 4811//4811 4812//4812
f 4821//4821 4826//4826 4825//4825
f 4807//4807 4812//4812 4813//4813
f 4821//4821 4827//4827 4826//4826
f 4807//4807 4813//4813 4814//4814
f 4821//4821 4828//4828 4827//4827
f 4807//4807 4814//4814 4815//4815
f 4821//4821 4829//4829 4828//4828
f 4807//4807 4815//4815 4816//4816
f 4821//4821 4830//4830 4829//4829
f 4807//4807 4816//4816 4817//4817
f 4821//4821 4831//4831 4830//4830
f 4807//4807 4817//4817 4818//4818
f 4821//4821 4832//4832 4831//4831
f 4807//4807 4818//4818 4819//4819
f 4821//4821 4833//4833 4832//4832
f 4807//4807 4819//4819 4820//4820
f 4821//4821 4834//4834 4833//4833
f 4807//4807 4822//4822 4808//4808
f 4807//4807 4821//4821 4822//4822
f 4808//4808 4823//4823 4809//4809
f 4808//4808 4822//4822 4823//4823
f 4809//4809 4824//4824 4810//4810
f 4809//4809 4823//4823 4824//4824
f 4810//4810 4825//4825 4811//4811
f 4810//4810 4824//4824 4825//4825
f 4811//4811 4826//4826 4812//4812
f 4811//4811 4825//4825 4826//4826
f 4812//4812 4827//4827 4813//4813
f 4812//4812 4826//4826 4827//4827
f 4813//4813 4828//4828 4814//4814
f 4813//4813 4827//4827 4828//4828
f 4814//4814 4829//4829 4815//4815
f 4814//4814 4828//4828 4829//4829
f 4815//4815 4830//4830 4816//4816
f 4815//4815 4829//4829 4830//4830
f 4816//4816 4831//4831 4817//4817
f 4816//4816 4830//4830 4831//4831
f 4817//4817 4832//4832 4818//4818
f 4817//4817 4831//4831 4832//4832
f 4818//4818 4833//4833 4819//4819
f 4818//4818 4832//4832 4833//4833
f 4819//4819 4834//4834 4820//4820
f 4819//4819 4833//4833 4834//4834
f 4820//4820 4821//4821 4807//4807
f 4820//4820 4834//4834 4821//4821
f 4835//4835 4836//4836 4837//4837
f 4845//4845 4847//4847 4846//4846
f 4835//4835 4837//4837 4838//4838
f 4845//4845 4848//4848 4847//4847
f 4835//4835 4838//4838 4839//4839
f 4845//4845 4849//4849 4848//4848
f 4835//4835 4839//4839 4840//4840
f 4845//4845 4850//4850 4849//4849
f 4835//4835 4840//4840 4841//4841
f 4845//4845 4851//4851 4850//4850
f 4835//4835 4841//4841 4842//4842
f 4845//4845 4852//4852 4851//4851
f 4835//4835 4842//4842 4843//4843
f 4845//4845 4853//4853 4852//4852
f 4835//4835 4843//4843 4844//4844
f 4845//4845 4854//4854 4853//4853
f 4835//4835 4846//4846 4836//4836
f 4835//4835 4845//4845 4846//4846
f 4836//4836 4847//4847 4837//4837
f 4836//4836 4846//4846 4847//4847
f 4837//4837 4848//4848 4838//4838
f 4837//4837 4847//4847 4848//4848
f 4838//4838 4849//4849 4839//4839
f 4838//4838 4848//4848 4849//4849
f 4839//4839 4850//4850 4840//4840
f 4839//4839 4849//4849 4850//4850
f 4840//4840 4851//4851 4841//4841
f 4840//4840 4850//4850 4851//4851
f 4841//4841 4852//4852 4842//4842
f 4841//4841 4851//4851 4852//4852
f 4842//4842 4853//4853 4843//4843
f 4842//4842 4852//4852 4853//4853
f 4843//4843 4854//4854 4844//4844
f 4843//4843 4853//4853 4854//4854
f 4844//4844 4845//4845 4835//4835
f 4844//4844 4854//4854 4845//4845
f 4855//4855 4856//4856 4857//4857
f 4872//4872 4874//4874 4873//4873
f 4855//4855 4857//4857 4858//4858
f 4872//4872 4875//4875 4874//4874
f 4855//4855 4858//4858 4859//4859
f 4872//4872 4876//4876 4875//4875
f 4855//4855 4859//4859 4860//4860
f 4872//4872 4877//4877 4876//4876
f 4855//4855 4860//4860 4861//4861
f 4872//4872 4878//4878 4877//4877
f 4855//4855 4861//4861 4862//4862
f 4872//4872 4879//4879 4878//4878
f 4855//4855 4862//4862 4863//4863
f 4872//4872 4880//4880 4879//4879
f 4855//4855 4863//4863 4864//4864
f 4872//4872 4881//4881 4880//4880
f 4855//4855 4864//4864 4865//4865
f 4872//4872 4882//4882 4881//4881
f 4855//4855 4865//4865 4866//4866
f 4872//4872 4883//4883 4882//4882
f 4855//4855 4866//4866 4867//4867
f 4872//4872 4884//4884 4883//4883
f 4855//4855 4867//4867 4868//4868
f 4872//4872 4885//4885 4884//4884
f 4855//4855 4868//4868 4869//4869
f 4872//4872 4886//4886 4885//4885
f 4855//4855 4869//4869 4870//4870
f 4872//4872 4887//4887 4886//4886
f 4855//4855 4870//4870 4871//4871
f 4872//4872 4888//4888 4887//4887
f 4855//4855 4873//4873 4856//4856
f 4855//4855 4872//4872 4873//4873
f 4856//4856 4874//4874 4857//4857
f 4856//4856 4873//4873 4874//4874
f 4857//4857 4875//4875 4858//4858
f 4857//4857 4874//4874 4875//4875
f 4858//4858 4876//4876 4859//4859
f 4858//4858 4875//4875 4876//4876
f 4859//4859 4877//4877 4860//4860
f 4859//4859 4876//4876 4877//4877
f 4860//4860 4878//4878 4861//4861
f 4860//4860 4877//4877 4878//4878
f 4861//4861 4879//4879 4862//4862
f 4861//4861 4878//4878 4879//4879
f 4862//4862 4880//4880 4863//4863
f 4862//4862 4879//4879 4880//4880
f 4863//4863 4881//4881 4864//4864
f 4863//4863 4880//4880 4881//4881
f 4864//4864 4882//4882 4865//4865
f 4864//4864 4881//4881 4882//4882
f 4865//4865 4883//4883 4866//4866
f 4865//4865 4882//4882 4883//4883
f 4866//4866 4884//4884 4867//4867
f 4866//4866 4883//4883 4884//4884
f 4867//4867 4885//4885 4868//4868
f 4867//4867 4884//4884 4885//4885
f 4868//4868 4886//4886 4869//4869
f 4868//4868 4885//4885 4886//4886
f 4869//4869 4887//4887 4870//4870
f 4869//4869 4886//4886 4887//4887
f 4870//4870 4888//4888 4871//4871
f 4870//4870 4887//4887 4888//4888
f 4871//4871 4872//4872 4855//4855
f 4871//4871 4888//4888 4872//4872
f 4889//4889 4890//4890 4891//4891
f 4904//4904 4906//4906 4905//4905
f 4889//4889 4891//4891 4892//4892
f 4904//4904 4907//4907 4906//4906
f 4889//4889 4892//4892 4893//4893
f 4904//4904 4908//4908 4907//4907
f 4889//4889 4893//4893 4894//4894
f 4904//4904 4909//4909 4908//4908
f 4889//4889 4894//4894 4895//4895
f 4904//4904 4910//4910 4909//4909
f 4889//4889 4895//4895 4896//4896
f 4904//4904 4911//4911 4910//4910
f 4889//4889 4896//4896 4897//4897
f 4904//4904 4912//4912 4911//4911
f 4889//4889 4897//4897 4898//4898
f 4904//4904 4913//4913 4912//4912
f 4889//4889 4898//4898 4899//4899
f 4904//4904 4914//4914 4913//4913
f 4889//4889 4899//4899 4900//4900
f 4904//4904 4915//4915 4914//4914
f 4889//4889 4900//4900 4901//4901
f 4904//4904 4916//4916 4915//4915
f 4889//4889 4901//4901 4902//4902
f 4904//4904 4917//4917 4916//4916
f 4889//4889 4902//4902 4903//4903
f 4904//4904 4918//4918 4917//4917
f 4889//4889 4905//4905 4890//4890
f 4889//4889 4904//4904 4905//4905
f 4890//4890 4906//4906 4891//4891
f 4890//4890 4905//4905 4906//4906
f 4891//4891 4907//4907 4892//4892
f 4891//4891 4906//4906 4907//4907
f 4892//4892 4908//4908 4893//4893
f 4892//4892 4907//4907 4908//4908
f 4893//4893 4909//4909 4894//4894
f 4893//4893 4908//4908 4909//4909
f 4894//4894 4910//4910 4895//4895
f 4894//4894 4909//4909 4910//4910
f 4895//4895 4911//4911 4896//4896
f 4895//4895 4910//4910 4911//4911
f 4896//4896 4912//4912 4897//4897
f 4896//4896 4911//4911 4912//4912
f 4897//4897 4913//4913 4898//4898
f 4897//4897 4912//4912 4913//4913
f 4898//4898 4914//4914 4899//4899
f 4898//4898 4913//4913 4914//4914
f 4899//4899 4915//4915 4900//4900
f 4899//4899 4914//4914 4915//4915
f 4900//4900 4916//4916 4901//4901
f 4900//4900 4915//4915 4916//4916
f 4901//4901 4917//4917 4902//4902
f 4901//4901 4916//4916 4917//4917
f 4902//4902 4918//4918 4903//4903
f 4902//4902 4917//4917 4918//4918
f 4903//4903 4904//4904 4889//4889
f 4903//4903 4918//4918 4904//4904
f 4919//4919 4920//4920 4921//4921
f 4933//4933 4935//4935 4934//4934
f 4919//4919 4921//4921 4922//4922
f 4933//4933 4936//4936 4935//4935
f 4919//4919 4922//4922 4923//4923
f 4933//4933 4937//4937 4936//4936
f 4919//4919 4923//4923 4924//4924
f 4933//4933 4938//4938 4937//4937
f 4919//4919 4924//4924 4925//4925
f 4933//4933 4939//4939 4938//4938
f 4919//4919 4925//4925 4926//4926
f 4933//4933 4940//4940 4939//4939
f 4919//4919 4926//4926 4927//4927
f 4933//4933 4941//4941 4940//4940
f 4919//4919 4927//4927 4928//4928
f 4933//4933 4942//4942 4941//4941
f 4919//4919 4928//4928 4929//4929
f 4933//4933 4943//4943 4942//4942
f 4919//4919 4929//4929 4930//4930
f 4933//4933 4944//4944 4943//4943
f 4919//4919 4930//4930 4931//4931
f 4933//4933 4945//4945 4944//4944
f 4919//4919 4931//4931 4932//4932
f 4933//4933 4946//4946 4945//4945
f 4919//4919 4934//4934 4920//4920
f 4919//4919 4933//4933 4934//4934
f 4920//4920 4935//4935 4921//4921
f 4920//4920 4934//4934 4935//4935
f 4921//4921 4936//4936 4922//4922
f 4921//4921 4935//4935 4936//4936
f 4922//4922 4937//4937 4923//4923
f 4922//4922 4936//4936 4937//4937
f 4923//4923 4938//4938 4924//4924
f 4923//4923 4937//4937 4938//4938
f 4924//4924 4939//4939 4925//4925
f 4924//4924 4938//4938 4939//4939
f 4925//4925 4940//4940 4926//4926
f 4925//4925 4939//4939 4940//4940
f 4926//4926 4941//4941 4927//4927
f 4926//4926 4940//4940 4941//4941
f 4927//4927 4942//4942 4928//4928
f 4927//4927 4941//4941 4942//4942
f 4928//4928 4943//4943 4929//4929
f 4928//4928 4942//4942 4943//4943
f 4929//4929 4944//4944 4930//4930
f 4929//4929 4943//4943 4944//4944
f 4930//4930 4945//4945 4931//4931
f 4930//4930 4944//4944 4945//4945
f 4931//4931 4946//4946 4932//4932
f 4931//4931 4945//4945 4946//4946
f 4932//4932 4933//4933 4919//4919
f 4932//4932 4946//4946 4933//4933
f 4947//4947 4948//4948 4949//4949
f 4962//4962 4964//4964 4963//4963
f 4947//4947 4949//4949 4950//4950
f 4962//4962 4965//4965 4964//4964
f 4947//4947 4950//4950 4951//4951
f 4962//4962 4966//4966 4965//4965
f 4947//4947 4951//4951 4952//4952
f 4962//4962 4967//4967 4966//4966
f 4947//4947 4952//4952 4953//4953
f 4962//4962 4968//4968 4967//4967
f 4947//4947 4953//4953 4954//4954
f 4962//4962 4969//4969 4968//4968
f 4947//4947 4954//4954 4955//4955
f 4962//4962 4970//4970 4969//4969
f 4947//4947 4955//4955 4956//4956
f 4962//4962 4971//4971 4970//4970
f 4947//4947 4956//4956 4957//4957
f 4962//4962 4972//4972 4971//4971
f 4947//4947 4957//4957 4958//4958
f 4962//4962 4973//4973 4972//4972
f 4947//4947 4958//4958 4959//4959
f 4962//4962 4974//4974 4973//4973
f 4947//4947 4959//4959 4960//4960
f 4962//4962 4975//4975 4974//4974
f 4947//4947 4960//4960 4961//4961
f 4962//4962 4976//4976 4975//4975
f 4947//4947 4963//4963 4948//4948
f 4947//4947 4962//4962 4963//4963
f 4948//4948 4964//4964 4949//4949
f 4948//4948 4963//4963 4964//4964
f 4949//4949 4965//4965 4950//4950
f 4949//4949 4964//4964 4965//4965
f 4950//4950 4966//4966 4951//4951
f 4950//4950 4965//4965 4966//4966
f 4951//4951 4967//4967 4952//4952
f 4951//4951 4966//4966 4967//4967
f 4952//4952 4968//4968 4953//4953
f 4952//4952 4967//4967 4968//4968
f 4953//4953 4969//4969 4954//4954
f 4953//4953 4968//4968 4969//4969
f 4954//4954 4970//4970 4955//4955
f 4954//4954 4969//4969 4970//4970
f 4955//4955 4971//4971 4956//4956
f 4955//4955 4970//4970 4971//4971
f 4956//4956 4972//4972 4957//4957
f 4956//4956 4971//4971 4972//4972
f 4957//4957 4973//4973 4958//4958
f 4957//4957 4972//4972 4973//4973
f 4958//4958 4974//4974 4959//4959
f 4958//4958 4973//4973 4974//4974
f 4959//4959 4975//4975 4960//4960
f 4959//4959 4974//4974 4975//4975
f 4960//4960 4976//4976 4961//4961
f 4960//4960 4975//4975 4976//4976
f 4961//4961 4962//4962 4947//4947
f 4961//4961 4976//4976 4962//4962
f 4977//4977 4978//4978 4979//4979
f 4991//4991 4993//4993 4992//4992
f 4977//4977 4979//4979 4980//4980
f 4991//4991 4994//4994 4993//4993
f 4977//4977 4980//4980 4981//4981
f 4991//4991 4995//4995 4994//4994
f 4977//4977 4981//4981 4982//4982
f 4991//4991 4996//4996 4995//4995
f 4977//4977 4982//4982 4983//4983
f 4991//4991 4997//4997 4996//4996
f 4977//4977 4983//4983 4984//4984
f 4991//4991 4998//4998 4997//4997
f 4977//4977 4984//4984 4985//4985
f 4991//4991 4999//4999 4998//4998
f 4977//4977 4985//4985 4986//4986
f 4991//4991 5000//5000 4999//4999
f 4977//4977 4986//4986 4987//4987
f 4991//4991 5001//5001 5000//5000
f 4977//4977 4987//4987 4988//4988
f 4991//4991 5002//5002 5001//5001
f 4977//4977 4988//4988 4989//4989
f 4991//4991 5003//5003 5002//5002
f 4977//4977 4989//4989 4990//4990
f 4991//4991 5004//5004 5003//5003
f 4977//4977 4992//4992 4978//4978
f 4977//4977 4991//4991 4992//4992
f 4978//4978 4993//4993 4979//4979
f 4978//4978 4992//4992 4993//4993
f 4979//4979 4994//4994 4980//4980
f 4979//4979 4993//4993 4994//4994
f 4980//4980 4995//4995 4981//4981
f 4980//4980 4994//4994 4995//4995
f 4981//4981 4996//4996 4982//4982
f 4981//4981 4995//4995 4996//4996
f 4982//4982 4997//4997 4983//4983
f 4982//4982 4996//4996 4997//4997
f 4983//4983 4998//4998 4984//4984
f 4983//4983 4997//4997 4998//4998
f 4984//4984 4999//4999 4985//4985
f 4984//4984 4998//4998 4999//4999
f 4985//4985 5000//5000 4986//4986
f 4985//4985 4999//4999 5000//5000
f 4986//4986 5001//5001 4987//4987
f 4986//4986 5000//5000 5001//5001
f 4987//4987 5002//5002 4988//4988
f 4987//4987 5001//5001 5002//5002
f 4988//4988 5003//5003 4989//4989
f 4988//4988 5002//5002 5003//5003
f 4989//4989 5004//5004 4990//4990
f 4989//4989 5003//5003 5004//5004
f 4990//4990 4991//4991 4977//4977
f 4990//4990 5004//5004 4991//4991
f 5005//5005 5006//5006 5007//5007
f 5023//5023 5025//5025 5024//5024
f 5005//5005 5007//5007 5008//5008
f 5023//5023 5026//5026 5025//5025
f 5005//5005 5008//5008 5009//5009
f 5023//5023 5027//5027 5026//5026
f 5005//5005 5009//5009 5010//5010
f 5023//5023 5028//5028 5027//5027
f 5005//5005 5010//5010 5011//5011
f 5023//5023 5029//5029 5028//5028
f 5005//5005 5011//5011 5012//5012
f 5023//5023 5030//5030 5029//5029
f 5005//5005 5012//5012 5013//5013
f 5023//5023 5031//5031 5030//5030
f 5005//5005 5013//5013 5014//5014
f 5023//5023 5032//5032 5031//5031
f 5005//5005 5014//5014 5015//5015
f 5023//5023 5033//5033 5032//5032
f 5005//5005 5015//5015 5016//5016
f 5023//5023 5034//5034 5033//5033
f 5005//5005 5016//5016 5017//5017
f 5023//5023 5035//5035 5034//5034
f 5005//5005 5017//5017 5018//5018
f 5023//5023 5036//5036 5035//5035
f 5005//5005 5018//5018 5019//5019
f 5023//5023 5037//5037 5036//5036
f 5005//5005 5019//5019 5020//5020
f 5023//5023 5038//5038 5037//5037
f 5005//5005 5020//5020 5021//5021
f 5023//5023 5039//5039 5038//5038
f 5005//5005 5021//5021 5022//5022
f 5023//5023 5040//5040 5039//5039
f 5005//5005 5024//5024 5006//5006
f 5005//5005 5023//5023 5024//5024
f 5006//5006 5025//5025 5007//5007
f 5006//5006 5024//5024 5025//5025
f 5007//5007 5026//5026 5008//5008
f 5007//5007 5025//5025 5026//5026
f 5008//5008 5027//5027 5009//5009
f 5008//5008 5026//5026 5027//5027
f 5009//5009 5028//5028 5010//5010
f 5009//5009 5027//5027 5028//5028
f 5010//5010 5029//5029 5011//5011
f 5010//5010 5028//5028 5029//5029
f 5011//5011 5030//5030 5012//5012
f 5011//5011 5029//5029 5030//5030
f 5012//5012 5031//5031 5013//5013
f 5012//5012 5030//5030 5031//5031
f 5013//5013 5032//5032 5014//5014
f 5013//5013 5031//5031 5032//5032
f 5014//5014 5033//5033 5015//5015
f 5014//5014 5032//5032 5033//5033
f 5015//5015 5034//5034 5016//5016
f 5015//5015 5033//5033 5034//5034
f 5016//5016 5035//5035 5017//5017
f 5016//5016 5034//5034 5035//5035
f 5017//5017 5036//5036 5018//5018
f 5017//5017 5035//5035 5036//5036
f 5018//5018 5037//5037 5019//5019
f 5018//5018 5036//5036 5037//5037
f 5019//5019 5038//5038 5020//5020
f 5019//5019 5037//5037 5038//5038
f 5020//5020 5039//5039 5021//5021
f 5020//5020 5038//5038 5039//5039
f 5021//5021 5040//5040 5022//5022
f 5021//5021 5039//5039 5040//5040
f 5022//5022 5023//5023 5005//5005
f 5022//5022 5040//5040 5023//5023
f 5041//5041 5042//5042 5043//5043
f 5054//5054 5056//5056 5055//5055
f 5041//5041 5043//5043 5044//5044
f 5054//5054 5057//5057 5056//5056
f 5041//5041 5044//5044 5045//5045
f 5054//5054 5058//5058 5057//5057
f 5041//5041 5045//5045 5046//5046
f 5054//5054 5059//5059 5058//5058
f 5041//5041 5046//5046 5047//5047
f 5054//5054 5060//5060 5059//5059
f 5041//5041 5047//5047 5048//5048
f 5054//5054 5061//5061 5060//5060
f 5041//5041 5048//5048 5049//5049
f 5054//5054 5062//5062 5061//5061
f 5041//5041 5049//5049 5050//5050
f 5054//5054 5063//5063 5062//5062
f 5041//5041 5050//5050 5051//5051
f 5054//5054 5064//5064 5063//5063
f 5041//5041 5051//5051 5052//5052
f 5054//5054 5065//5065 5064//5064
f 5041//5041 5052//5052 5053//5053
f 5054//5054 5066//5066 5065//5065
f 5041//5041 5055//5055 5042//5042
f 5041//5041 5054//5054 5055//5055
f 5042//5042 5056//5056 5043//5043
f 5042//5042 5055//5055 5056//5056
f 5043//5043 5057//5057 5044//5044
f 5043//5043 5056//5056 5057//5057
f 5044//5044 5058//5058 5045//5045
f 5044//5044 5057//5057 5058//5058
f 5045//5045 5059//5059 5046//5046
f 5045//5045 5058//5058 5059//5059
f 5046//5046 5060//5060 5047//5047
f 5046//5046 5059//5059 5060//5060
f 5047//5047 5061//5061 5048//5048
f 5047//5047 5060//5060 5061//5061
f 5048//5048 5062//5062 5049//5049
f 5048//5048 5061//5061 5062//5062
f 5049//5049 5063//5063 5050//5050
f 5049//5049 5062//5062 5063//5063
f 5050//5050 5064//5064 5051//5051
f 5050//5050 5063//5063 5064//5064
f 5051//5051 5065//5065 5052//5052
f 5051//5051 5064//5064 5065//5065
f 5052//5052 5066//5066 5053//5053
f 5052//5052 5065//5065 5066//5066
f 5053//5053 5054//5054 5041//5041
f 5053//5053 5066//5066 5054//5054
f 5067//5067 5068//5068 5069//5069
f 5081//5081 5083//5083 5082//5082
f 5067//5067 5069//5069 5070//5070
f 5081//5081 5084//5084 5083//5083
f 5067//5067 5070//5070 5071//5071
f 5081//5081 5085//5085 5084//5084
f 5067//5067 5071//5071 5072//5072
f 5081//5081 5086//5086 5085//5085
f 5067//5067 5072//5072 5073//5073
f 5081//5081 5087//5087 5086//5086
f 5067//5067 5073//5073 5074//5074
f 5081//5081 5088//5088 5087//5087
f 5067//5067 5074//5074 5075//5075
f 5081//5081 5089//5089 5088//5088
f 5067//5067 5075//5075 5076//5076
f 5081//5081 5090//5090 5089//5089
f 5067//5067 5076//5076 5077//5077
f 5081//5081 5091//5091 5090//5090
f 5067//5067 5077//5077 5078//5078
f 5081//5081 5092//5092 5091//5091
f 5067//5067 5078//5078 5079//5079
f 5081//5081 5093//5093 5092//5092
f 5067//5067 5079//5079 5080//5080
f 5081//5081 5094//5094 5093//5093
f 5067//5067 5082//5082 5068//5068
f 5067//5067 5081//5081 5082//5082
f 5068//5068 5083//5083 5069//5069
f 5068//5068 5082//5082 5083//5083
f 5069//5069 5084//5084 5070//5070
f 5069//5069 5083//5083 5084//5084
f 5070//5070 5085//5085 5071//5071
f 5070//5070 5084//5084 5085//5085
f 5071//5071 5086//5086 5072//5072
f 5071//5071 5085//5085 5086//5086
f 5072//5072 5087//5087 5073//5073
f 5072//5072 5086//5086 5087//5087
f 5073//5073 5088//5088 5074//5074
f 5073//5073 5087//5087 5088//5088
f 5074//5074 5089//5089 5075//5075
f 5074//5074 5088//5088 5089//5089
f 5075//5075 5090//5090 5076//5076
f 5075//5075 5089//5089 5090//5090
f 5076//5076 5091//5091 5077//5077
f 5076//5076 5090//5090 5091//5091
f 5077//5077 5092//5092 5078//5078
f 5077//5077 5091//5091 5092//5092
f 5078//5078 5093//5093 5079//5079
f 5078//5078 5092//5092 5093//5093
f 5079//5079 5094//5094 5080//5080
f 5079//5079 5093//5093 5094//5094
f 5080//5080 5081//5081 5067//5067
f 5080//5080 5094//5094 5081//5081
f 5095//5095 5096//5096 5097//5097
f 5108//5108 5110//5110 5109//5109
f 5095//5095 5097//5097 5098//5098
f 5108//5108 5111//5111 5110//5110
f 5095//5095 5098//5098 5099//5099
f 5108//5108 5112//5112 5111//5111
f 5095//5095 5099//5099 5100//5100
f 5108//5108 5113//5113 5112//5112
f 5095//5095 5100//5100 5101//5101
f 5108//5108 5114//5114 5113//5113
f 5095//5095 5101//5101 5102//5102
f 5108//5108 5115//5115 5114//5114
f 5095//5095 5102//5102 5103//5103
f 5108//5108 5116//5116 5115//5115
f 5095//5095 5103//5103 5104//5104
f 5108//5108 5117//5117 5116//5116
f 5095//5095 5104//5104 5105//5105
f 5108//5108 5118//5118 5117//5117
f 5095//5095 5105//5105 5106//5106
f 5108//5108 5119//5119 5118//5118
f 5095//5095 5106//5106 5107//5107
f 5108//5108 5120//5120 5119//5119
f 5095//5095 5109//5109 5096//5096
f 5095//5095 5108//5108 5109//5109
f 5096//5096 5110//5110 5097//5097
f 5096//5096 5109//5109 5110//5110
f 5097//5097 5111//5111 5098//5098
f 5097//5097 5110//5110 5111//5111
f 5098//5098 5112//5112 5099//5099
f 5098//5098 5111//5111 5112//5112
f 5099//5099 5113//5113 5100//5100
f 5099//5099 5112//5112 5113//5113
f 5100//5100 5114//5114 5101//5101
f 5100//5100 5113//5113 5114//5114
f 5101//5101 5115//5115 5102//5102
f 5101//5101 5114//5114 5115//5115
f 5102//5102 5116//5116 5103//5103
f 5102//5102 5115//5115 5116//5116
f 5103//5103 5117//5117 5104//5104
f 5103//5103 5116//5116 5117//5117
f 5104//5104 5118//5118 5105//5105
f 5104//5104 5117//5117 5118//5118
f 5105//5105 5119//5119 5106//5106
f 5105//5105 5118//5118 5119//5119
f 5106//5106 5120//5120 5107//5107
f 5106//5106 5119//5119 5120//5120
f 5107//5107 5108//5108 5095//5095
f 5107//5107 5120//5120 5108//5108
f 5121//5121 5122//5122 5123//5123
f 5134//5134 5136//5136 5135//5135
f 5121//5121 5123//5123 5124//5124
f 5134//5134 5137//5137 5136//5136
f 5121//5121 5124//5124 5125//5125
f 5134//5134 5138//5138 5137//5137
f 5121//5121 5125//5125 5126//5126
f 5134//5134 5139//5139 5138//5138
f 5121//5121 5126//5126 5127//5127
f 5134//5134 5140//5140 5139//5139
f 5121//5121 5127//5127 5128//5128
f 5134//5134 5141//5141 5140//5140
f 5121//5121 5128//5128 5129//5129
f 5134//5134 5142//5142 5141//5141
f 5121//5121 5129//5129 5130//5130
f 5134//5134 5143//5143 5142//5142
f 5121//5121 5130//5130 5131//5131
f 5134//5134 5144//5144 5143//5143
f 5121//5121 5131//5131 5132//5132
f 5134//5134 5145//5145 5144//5144
f 5121//5121 5132//5132 5133//5133
f 5134//5134 5146//5146 5145//5145
f 5121//5121 5135//5135 5122//5122
f 5121//5121 5134//5134 5135//5135
f 5122//5122 5136//5136 5123//5123
f 5122//5122 5135//5135 5136//5136
f 5123//5123 5137//5137 5124//5124
f 5123//5123 5136//5136 5137//5137
f 5124//5124 5138//5138 5125//5125
f 5124//5124 5137//5137 5138//5138
f 5125//5125 5139//5139 5126//5126
f 5125//5125 5138//5138 5139//5139
f 5126//5126 5140//5140 5127//5127
f 5126//5126 5139//5139 5140//5140
f 5127//5127 5141//5141 5128//5128
f 5127//5127 5140//5140 5141//5141
f 5128//5128 5142//5142 5129//5129
f 5128//5128 5141//5141 5142//5142
f 5129//5129 5143//5143 5130//5130
f 5129//5129 5142//5142 5143//5143
f 5130//5130 5144//5144 5131//5131
f 5130//5130 5143//5143 5144//5144
f 5131//5131 5145//5145 5132//5132
f 5131//5131 5144//5144 5145//5145
f 5132//5132 5146//5146 5133//5133
f 5132//5132 5145//5145 5146//5146
f 5133//5133 5134//5134 5121//5121
f 5133//5133 5146//5146 5134//5134
f 5147//5147 5148//5148 5149//5149
f 5159//5159 5161//5161 5160//5160
f 5147//5147 5149//5149 5150//5150
f 5159//5159 5162//5162 5161//5161
f 5147//5147 5150//5150 5151//5151
f 5159//5159 5163//5163 5162//5162
f 5147//5147 5151//5151 5152//5152
f 5159//5159 5164//5164 5163//5163
f 5147//5147 5152//5152 5153//5153
f 5159//5159 5165//5165 5164//5164
f 5147//5147 5153//5153 5154//5154
f 5159//5159 5166//5166 5165//5165
f 5147//5147 5154//5154 5155//5155
f 5159//5159 5167//5167 5166//5166
f 5147//5147 5155//5155 5156//5156
f 5159//5159 5168//5168 5167//5167
f 5147//5147 5156//5156 5157//5157
f 5159//5159 5169//5169 5168//5168
f 5147//5147 5157//5157 5158//5158
f 5159//5159 5170//5170 5169//5169
f 5147//5147 5160//5160 5148//5148
f 5147//5147 5159//5159 5160//5160
f 5148//5148 5161//5161 5149//5149
f 5148//5148 5160//5160 5161//5161
f 5149//5149 5162//5162 5150//5150
f 5149//5149 5161//5161 5162//5162
f 5150//5150 5163//5163 5151//5151
f 5150//5150 5162//5162 5163//5163
f 5151//5151 5164//5164 5152//5152
f 5151//5151 5163//5163 5164//5164
f 5152//5152 5165//5165 5153//5153
f 5152//5152 5164//5164 5165//5165
f 5153//5153 5166//5166 5154//5154
f 5153//5153 5165//5165 5166//5166
f 5154//5154 5167//5167 5155//5155
f 5154//5154 5166//5166 5167//5167
f 5155//5155 5168//5168 5156//5156
f 5155//5155 5167//5167 5168//5168
f 5156//5156 5169//5169 5157//5157
f 5156//5156 5168//5168 5169//5169
f 5157//5157 5170//5170 5158//5158
f 5157//5157 5169//5169 5170//5170
f 5158//5158 5159//5159 5147//5147
f 5158//5158 5170//5170 5159//5159
f 5171//5171 5172//5172 5173//5173
f 5183//5183 5185//5185 5184//5184
f 5171//5171 5173//5173 5174//5174
f 5183//5183 5186//5186 5185//5185
f 5171//5171 5174//5174 5175//5175
f 5183//5183 5187//5187 5186//5186
f 5171//5171 5175//5175 5176//5176
f 5183//5183 5188//5188 5187//5187
f 5171//5171 5176//5176 5177//5177
f 5183//5183 5189//5189 5188//5188
f 5171//5171 5177//5177 5178//5178
f 5183//5183 5190//5190 5189//5189
f 5171//5171 5178//5178 5179//5179
f 5183//5183 5191//5191 5190//5190
f 5171//5171 5179//5179 5180//5180
f 5183//5183 5192//5192 5191//5191
f 5171//5171 5180//5180 5181//5181
f 5183//5183 5193//5193 5192//5192
f 5171//5171 5181//5181 5182//5182
f 5183//5183 5194//5194 5193//5193
f 5171//5171 5184//5184 5172//5172
f 5171//5171 5183//5183 5184//5184
f 5172//5172 5185//5185 5173//5173
f 5172//5172 5184//5184 5185//5185
f 5173//5173 5186//5186 5174//5174
f 5173//5173 5185//5185 5186//5186
f 5174//5174 5187//5187 5175//5175
f 5174//5174 5186//5186 5187//5187
f 5175//5175 5188//5188 5176//5176
f 5175//5175 5187//5187 5188//5188
f 5176//5176 5189//5189 5177//5177
f 5176//5176 5188//5188 5189//5189
f 5177//5177 5190//5190 5178//5178
f 5177//5177 5189//5189 5190//5190
f 5178//5178 5191//5191 5179//5179
f 5178//5178 5190//5190 5191//5191
f 5179//5179 5192//5192 5180//5180
f 5179//5179 5191//5191 5192//5192
f 5180//5180 5193//5193 5181//5181
f 5180//5180 5192//5192 5193//5193
f 5181//5181 5194//5194 5182//5182
f 5181//5181 5193//5193 5194//5194
f 5182//5182 5183//5183 5171//5171
f 5182//5182 5194//5194 5183//5183
