# Start sample in unchanged v3 map coordinates, metres. Float64 round-trip precision.
v 4.7430419269392612 -1.0356755963472424 -0.41049293129203529
v 4.75 -1.0280933188748538 -0.41038875824861226
v 4.7166019542411259 -1.0667822112455476 -0.41095540232756267
v 4.6901619815429916 -1.0999999999999943 -0.41147916814714586
v 4.9810016812224713 -0.86516838250172856 -0.40950847684015335
v 5 -0.8589993701900136 -0.40964600520226163
v 4.7694818996373955 -1.0068637101239111 -0.41009708428095298
v 4.9545617085243361 -0.87536093698043294 -0.40936373932512876
v 4.7959218723355299 -0.98053010739438196 -0.40977319053470479
v 4.9281217358262017 -0.88734418227800604 -0.40927099184717963
v 4.8223618450336643 -0.95685516803362569 -0.40952648711392037
v 4.8488018177317986 -0.93587361127225832 -0.40935798203967622
v 4.9016817631280674 -0.90130167321328003 -0.409235563646695
v 4.875241790429933 -0.91741696460508682 -0.40926278396406418
v 5.0074416539206057 -0.85658296402306167 -0.40969987515186412
v 5.0317445502045306 -0.85000000000000009 -0.40991379405068218
v 5.2454014082038167 -0.82140772141268992 -0.41264458263450576
v 5.25 -0.82100375122577873 -0.41270949662361933
v 5.0338816266187401 -0.84942112672560022 -0.40993260501987194
v 5.2189614355056824 -0.82373038043227764 -0.41227135444292917
v 5.192521462807548 -0.82606623789156242 -0.41189850944836348
v 5.0603215993168753 -0.84349931579051207 -0.41020133720378765
v 5.1660814901094128 -0.82854123929725987 -0.41152970429074587
v 5.0867615720150097 -0.83863397639896597 -0.41050074246322205
v 5.1396415174112784 -0.83133849297117168 -0.41117025524709033
v 5.113201544713144 -0.83464155373212967 -0.41082549155778603
v 5.4833611624870269 -0.80050379023656903 -0.41600363635870008
v 5.5 -0.79904212662346541 -0.41623851115625843
v 5.4569211897888925 -0.80282644925612223 -0.41563040816712249
v 5.271841380901952 -0.81908506239310563 -0.41301781082608247
v 5.4304812170907582 -0.80514910827567954 -0.41525717997554501
v 5.2982813536000863 -0.81676240337352524 -0.41339103901765928
v 5.4040412443926238 -0.80747176729524084 -0.41488395178396764
v 5.3247213262982207 -0.81443974435394828 -0.4137642672092362
v 5.3776012716944894 -0.80979442631480592 -0.41451072359239038
v 5.3511612989963551 -0.8121170853343751 -0.41413749540081324
v 5.7477608894683723 -0.7798349474704217 -0.41981017865615783
v 5.75 -0.77979171992579377 -0.4198462418569241
v 5.7213209167702379 -0.78093177887840015 -0.41940136038822406
v 5.5098011351851621 -0.79818113121702006 -0.41637686455027778
v 5.6948809440721035 -0.78250037621798552 -0.41900623914046642
v 5.5362411078832965 -0.7958584721974753 -0.41675009274185565
v 5.6684409713739692 -0.78442611558486164 -0.41862148697878676
v 5.5626810805814308 -0.79353581317793487 -0.41712332093343363
v 5.6420009986758348 -0.78659437307471214 -0.41824377596908713
v 5.5891210532795661 -0.79121315415839888 -0.41749654912501172
v 5.6155610259777005 -0.78889052478322097 -0.41786977817726956
v 5.9857206437515833 -0.81010587593310435 -0.42465501810165818
v 6 -0.81546611776350575 -0.42504863233585172
v 5.9592806710534489 -0.80179873826239023 -0.42397316961772885
v 5.7742008621665066 -0.77932450589836633 -0.42023602187836567
v 5.9328406983553146 -0.79499498166212912 -0.42333496956085781
v 5.800640834864641 -0.77951507806655029 -0.42068221798894562
v 5.9064007256571802 -0.78957998222800474 -0.42273708999694698
v 5.8270808075627762 -0.78052128787928998 -0.42115209492199573
v 5.879960752959045 -0.78543911605570071 -0.4221762029918984
v 5.8535207802609106 -0.78245775924090133 -0.42164898061161393
v 6.2236803980347943 -0.95410652663302309 -0.43280183040220588
v 6.25 -0.97629272103934273 -0.43388463043270686
v 6.0740868171850737 -0.85000000000000009 -0.42728604375544293
v 6.0914805345441216 -0.85975422149046377 -0.42785913629111061
v 6.19724042533666 -0.93283869582053702 -0.43174368752403325
v 6.1179205072422569 -0.87604845833916323 -0.4287728782867577
v 6.1708004526385256 -0.91268012270211885 -0.43071775028852816
v 6.1443604799403913 -0.8937202344756876 -0.42972661508099996
v 6.0650405618459873 -0.84492695112750948 -0.42698798547936789
v 6.0121606164497177 -0.82003101857858773 -0.42538384294674381
v 6.0386005891478529 -0.83165607444821943 -0.42616202223683863
v 6.2501203707329287 -0.97639418794165822 -0.43388958253773713
v 6.355880261525467 -1.0739545941793029 -0.43848475594726366
v 6.3823202342236014 -1.099999999999894 -0.43968160858994987
v 6.3294402888273318 -1.048481882865264 -0.4373045306353901
v 6.2765603434310631 -0.99961225254852271 -0.43500434754531769
v 6.3030003161291974 -1.0236712932556977 -0.43614352903963838
v 4.699999999999994 -1.1000000000000001 -0.37698724132221334
v 4.699999999999994 -1.0876400319093271 -0.41128428073712331
v 4.7249999999999943 -1.1000000000000001 -0.35757753278351023
v 4.7249999999999943 -1.0750000000000002 -0.36599387461905258
v 4.7100609375613907 -1.0750000000000002 -0.41108497738428768
v 4.7249999999999943 -1.0569019145333696 -0.41080850910029454
v 4.7499999999999947 -1.1000000000000001 -0.33936891112427237
v 4.7499999999999947 -1.0750000000000002 -0.3559166913001538
v 4.7499999999999947 -1.0500000000000003 -0.36265945287053925
v 4.7308664831394722 -1.0500000000000003 -0.41070589634182486
v 4.7749999999999941 -1.1000000000000001 -0.31238988072115104
v 4.7749999999999941 -1.0750000000000002 -0.33342766261284429
v 4.7749999999999941 -1.0500000000000003 -0.35439314857637028
v 4.7749999999999941 -1.0250000000000004 -0.36100318984033569
v 4.7528386640834199 -1.0250000000000004 -0.41034625908623656
v 4.7749999999999941 -1.0013678094878036 -0.41002948669985784
v 4.7999999999999936 -1.1000000000000001 -0.29640884616996893
v 4.7999999999999936 -1.0750000000000002 -0.30992765477308803
v 4.7999999999999936 -1.0500000000000003 -0.32961706169754307
v 4.7999999999999936 -1.0250000000000004 -0.35338455539681835
v 4.7999999999999936 -1.0000000000000004 -0.36042744392280679
v 4.7763733345142727 -1.0000000000000004 -0.41001266314010004
v 4.7999999999999936 -0.976878461219709 -0.40973513875391421
v 4.824999999999994 -1.1000000000000001 -0.27186687287037814
v 4.824999999999994 -1.0750000000000002 -0.293715330755212
v 4.824999999999994 -1.0500000000000003 -0.30866540103012835
v 4.824999999999994 -1.0250000000000004 -0.32857248566414288
v 4.824999999999994 -1.0000000000000004 -0.35334754662654766
v 4.824999999999994 -0.97500000000000042 -0.36105196999323041
v 4.8020978496547189 -0.97500000000000042 -0.40971556435071638
v 4.824999999999994 -0.95476164854314471 -0.40950967384018727
v 4.8499999999999943 -1.1000000000000001 -0.25002858520958471
v 4.8499999999999943 -1.0750000000000002 -0.27056003882251084
v 4.8499999999999943 -1.0500000000000003 -0.29337124179889523
v 4.8499999999999943 -1.0250000000000004 -0.30895733710545042
v 4.8499999999999943 -1.0000000000000004 -0.331186812213907
v 4.8499999999999943 -0.97500000000000042 -0.35436221178010779
v 4.8499999999999943 -0.95000000000000051 -0.36388099481439112
v 4.8310004059236693 -0.95000000000000051 -0.40947143254329915
v 4.8499999999999943 -0.93503721000137052 -0.4093536679411911
v 4.8749999999999938 -1.1000000000000001 -0.23753677870749007
v 4.8749999999999938 -1.0750000000000002 -0.25045402521212423
v 4.8749999999999938 -1.0500000000000003 -0.27204683905896321
v 4.8749999999999938 -1.0250000000000004 -0.2956702170680951
v 4.8749999999999938 -1.0000000000000004 -0.31108421825055049
v 4.8749999999999938 -0.97500000000000042 -0.33788654656596301
v 4.8749999999999938 -0.95000000000000051 -0.35591108690517931
v 4.8749999999999938 -0.9250000000000006 -0.38049649019057441
v 4.8643787527164175 -0.9250000000000006 -0.40930189672327294
v 4.8749999999999938 -0.91758574846064678 -0.40926365453923058
v 4.8999999999999932 -1.1000000000000001 -0.22791037056540778
v 4.8999999999999932 -1.0750000000000002 -0.23870284012635201
v 4.8999999999999932 -1.0500000000000003 -0.25366563805170111
v 4.8999999999999932 -1.0250000000000004 -0.27682784430991614
v 4.8999999999999932 -1.0000000000000004 -0.30010608297452956
v 4.8999999999999932 -0.97500000000000042 -0.31590173558556589
v 4.8999999999999932 -0.95000000000000051 -0.34746667542054926
v 4.8999999999999932 -0.9250000000000006 -0.3583947410219076
v 4.8999999999999932 -0.90232671598357095 -0.40923729504508222
v 4.9249999999999936 -1.1000000000000001 -0.21855389358192548
v 4.9249999999999936 -1.0750000000000002 -0.23034059056639949
v 4.9249999999999936 -1.0500000000000003 -0.24154344266217526
v 4.9249999999999936 -1.0250000000000004 -0.260176611463799
v 4.9249999999999936 -1.0000000000000004 -0.28510652242535339
v 4.9249999999999936 -0.97500000000000042 -0.30552871571248885
v 4.9249999999999936 -0.95000000000000051 -0.32699541150721989
v 4.9249999999999936 -0.9250000000000006 -0.3541115533382489
v 4.9041475504519205 -0.90000000000000069 -0.40923886767460227
v 4.9249999999999936 -0.90000000000000069 -0.36800857070373538
v 4.9249999999999936 -0.88899212647197623 -0.4092668088820921
v 4.949999999999994 -1.1000000000000001 -0.20759300702372779
v 4.949999999999994 -1.0750000000000002 -0.22254877496840822
v 4.949999999999994 -1.0500000000000003 -0.234357738727027
v 4.949999999999994 -1.0250000000000004 -0.24698251534043614
v 4.949999999999994 -1.0000000000000004 -0.26992830207553603
v 4.949999999999994 -0.97500000000000042 -0.29575433397473683
v 4.949999999999994 -0.95000000000000051 -0.31274453049594764
v 4.949999999999994 -0.9250000000000006 -0.34447584924569341
v 4.949999999999994 -0.90000000000000069 -0.35801596476032482
v 4.949999999999994 -0.87742841537185645 -0.40934773753247933
v 4.9749999999999934 -1.1000000000000001 -0.20284363011034728
v 4.9749999999999934 -1.0750000000000002 -0.21444785542223369
v 4.9749999999999934 -1.0500000000000003 -0.22783803141189593
v 4.9749999999999934 -1.0250000000000004 -0.23956528599971819
v 4.9749999999999934 -1.0000000000000004 -0.25741476654228068
v 4.9749999999999934 -0.97500000000000042 -0.28333879309230736
v 4.9749999999999934 -0.95000000000000051 -0.30531913925135906
v 4.9749999999999934 -0.9250000000000006 -0.32812902384075288
v 4.9749999999999934 -0.90000000000000069 -0.35493111474199435
v 4.955497996275195 -0.87500000000000078 -0.40936886474503575
v 4.9749999999999934 -0.87500000000000078 -0.37730761475076907
v 4.9749999999999934 -0.86748201812920545 -0.40947562247846286
v 4.9999999999999929 -1.1000000000000001 -0.20115766732584819
v 4.9999999999999929 -1.0750000000000002 -0.20663867676447595
v 4.9999999999999929 -1.0500000000000003 -0.22219071235169541
v 4.9999999999999929 -1.0250000000000004 -0.2345030622266826
v 4.9999999999999929 -1.0000000000000004 -0.24788062626117999
v 4.9999999999999929 -0.97500000000000042 -0.27207934483963114
v 4.9999999999999929 -0.95000000000000051 -0.29850161774970024
v 4.9999999999999929 -0.9250000000000006 -0.31617380678623697
v 4.9999999999999929 -0.90000000000000069 -0.35013337043363391
v 4.9999999999999929 -0.87500000000000078 -0.36126649396676574
v 5.0249999999999932 -1.1000000000000001 -0.20113015513413812
v 5.0249999999999932 -1.0750000000000002 -0.20350128460819039
v 5.0249999999999932 -1.0500000000000003 -0.21684064298940589
v 5.0249999999999932 -1.0250000000000004 -0.23000133786559646
v 5.0249999999999932 -1.0000000000000004 -0.24222552479290796
v 5.0249999999999932 -0.97500000000000042 -0.26326419842349369
v 5.0249999999999932 -0.95000000000000051 -0.29051860900045107
v 5.0249999999999932 -0.9250000000000006 -0.3100682439770735
v 5.0249999999999932 -0.90000000000000069 -0.34060189134733515
v 5.0249999999999932 -0.87500000000000078 -0.35785604417127176
v 5.0249999999999932 -0.85182690700028085 -0.40985442718609444
v 5.0499999999999936 -1.1000000000000001 -0.20154681888881548
v 5.0499999999999936 -1.0750000000000002 -0.20219468685435782
v 5.0499999999999936 -1.0500000000000003 -0.21136002118564712
v 5.0499999999999936 -1.0250000000000004 -0.22632886127426
v 5.0499999999999936 -1.0000000000000004 -0.23861821877560668
v 5.0499999999999936 -0.97500000000000042 -0.25599271440537014
v 5.0499999999999936 -0.95000000000000051 -0.28280145149136582
v 5.0499999999999936 -0.9250000000000006 -0.30590273236861359
v 5.0499999999999936 -0.90000000000000069 -0.33039678608353479
v 5.0499999999999936 -0.87500000000000078 -0.35618576656852297
v 5.0499999999999936 -0.85000000000000087 -0.39057401384724261
v 5.0499999999999936 -0.84581106400599415 -0.41009642991218048
v 5.0749999999999931 -1.1000000000000001 -0.20196348264349284
v 5.0749999999999931 -1.0750000000000002 -0.20164067750926554
v 5.0749999999999931 -1.0500000000000003 -0.20737748111215859
v 5.0749999999999931 -1.0250000000000004 -0.22333200140785228
v 5.0749999999999931 -1.0000000000000004 -0.23596862012601622
v 5.0749999999999931 -0.97500000000000042 -0.25064213837713445
v 5.0749999999999931 -0.95000000000000051 -0.27639028031826052
v 5.0749999999999931 -0.9250000000000006 -0.30236737474440734
v 5.0749999999999931 -0.90000000000000069 -0.32243572933167652
v 5.0749999999999931 -0.87500000000000078 -0.35447985176558022
v 5.0749999999999931 -0.85000000000000087 -0.37131777043235864
v 5.0749999999999931 -0.8407982766531491 -0.41036755486273857
v 5.0999999999999925 -1.1000000000000001 -0.2023801463981702
v 5.0999999999999925 -1.0750000000000002 -0.20168198869523216
v 5.0999999999999925 -1.0500000000000003 -0.20531127851720149
v 5.0999999999999925 -1.0250000000000004 -0.22086731382536218
v 5.0999999999999925 -1.0000000000000004 -0.23380666149681609
v 5.0999999999999925 -0.97500000000000042 -0.24706435767338503
v 5.0999999999999925 -0.95000000000000051 -0.27151835551597014
v 5.0999999999999925 -0.9250000000000006 -0.29897868958627594
v 5.0999999999999925 -0.90000000000000069 -0.31745810166469035
v 5.0999999999999925 -0.87500000000000078 -0.3521493567572378
v 5.0999999999999925 -0.85000000000000087 -0.36391818992491748
v 5.0999999999999925 -0.83663498038773876 -0.41066334351998779
v 5.1249999999999929 -1.1000000000000001 -0.20279681015284756
v 5.1249999999999929 -1.0750000000000002 -0.20207097244083777
v 5.1249999999999929 -1.0500000000000003 -0.20461836195049074
v 5.1249999999999929 -1.0250000000000004 -0.21873243772200873
v 5.1249999999999929 -1.0000000000000004 -0.23202146883670385
v 5.1249999999999929 -0.97500000000000042 -0.24478222862982515
v 5.1249999999999929 -0.95000000000000051 -0.26777951102038461
v 5.1249999999999929 -0.9250000000000006 -0.29569958386719269
v 5.1249999999999929 -0.90000000000000069 -0.31451330637587077
v 5.1249999999999929 -0.87500000000000078 -0.34887174191726306
v 5.1249999999999929 -0.85000000000000087 -0.36163024054266529
v 5.1249999999999929 -0.83316761065575662 -0.410979337366147
v 5.1499999999999932 -1.1000000000000001 -0.20321347390752492
v 5.1499999999999932 -1.0750000000000002 -0.20248763619551513
v 5.1499999999999932 -1.0500000000000003 -0.20424344026394045
v 5.1499999999999932 -1.0250000000000004 -0.21675205059695438
v 5.1499999999999932 -1.0000000000000004 -0.23065897719537196
v 5.1499999999999932 -0.97500000000000042 -0.24322015473498287
v 5.1499999999999932 -0.95000000000000051 -0.26469372519462786
v 5.1499999999999932 -0.9250000000000006 -0.29272057891155506
v 5.1499999999999932 -0.90000000000000069 -0.31248215954720049
v 5.1499999999999932 -0.87500000000000078 -0.34519457181900765
v 5.1499999999999932 -0.85000000000000087 -0.36039831416935769
v 5.1499999999999932 -0.83024260290319596 -0.41131107788343513
v 5.1749999999999927 -1.1000000000000001 -0.20363013766220223
v 5.1749999999999927 -1.0750000000000002 -0.20290429995019249
v 5.1749999999999927 -1.0500000000000003 -0.20405589980543939
v 5.1749999999999927 -1.0250000000000004 -0.21505593842134332
v 5.1749999999999927 -1.0000000000000004 -0.22959402371188387
v 5.1749999999999927 -0.97500000000000042 -0.24209775021896268
v 5.1749999999999927 -0.95000000000000051 -0.26215033639108032
v 5.1749999999999927 -0.9250000000000006 -0.29007983161453699
v 5.1749999999999927 -0.90000000000000069 -0.31098155299711505
v 5.1749999999999927 -0.87500000000000078 -0.34159144762282267
v 5.1749999999999927 -0.85000000000000087 -0.359714918431423
v 5.1749999999999927 -0.82770639257605017 -0.41165410655407125
v 5.1999999999999922 -1.1000000000000001 -0.20404680141687959
v 5.1999999999999922 -1.0750000000000002 -0.20332096370486979
v 5.1999999999999922 -1.0500000000000003 -0.20399960300236564
v 5.1999999999999922 -1.0250000000000004 -0.2136259605125426
v 5.1999999999999922 -1.0000000000000004 -0.22871642860002647
v 5.1999999999999922 -0.97500000000000042 -0.24123369033377084
v 5.1999999999999922 -0.95000000000000051 -0.25999229087563602
v 5.1999999999999922 -0.9250000000000006 -0.28769519727727411
v 5.1999999999999922 -0.90000000000000069 -0.30976901253193517
v 5.1999999999999922 -0.87500000000000078 -0.33816074249965267
v 5.1999999999999922 -0.85000000000000087 -0.35929922669925168
v 5.1999999999999922 -0.82540554141184397 -0.41200396852696053
v 5.2249999999999925 -1.1000000000000001 -0.20446346517155695
v 5.2249999999999925 -1.0750000000000002 -0.20373762745954715
v 5.2249999999999925 -1.0500000000000003 -0.20403088402328129
v 5.2249999999999925 -1.0250000000000004 -0.21238689638101996
v 5.2249999999999925 -1.0000000000000004 -0.22793113143877153
v 5.2249999999999925 -0.97500000000000042 -0.24050093711328055
v 5.2249999999999925 -0.95000000000000051 -0.25806347587236944
v 5.2249999999999925 -0.9250000000000006 -0.28544019209132354
v 5.2249999999999925 -0.90000000000000069 -0.30867705164004
v 5.2249999999999925 -0.87500000000000078 -0.33484242194893482
v 5.2249999999999925 -0.85000000000000087 -0.35898545918818947
v 5.2249999999999925 -0.82500000000000095 -0.40373875375180418
v 5.2045903930543593 -0.82500000000000095 -0.41206870025315973
v 5.2249999999999925 -0.82319991368602941 -0.41235659517035583
v 5.2499999999999929 -1.1000000000000001 -0.20488012892623431
v 5.2499999999999929 -1.0750000000000002 -0.20415429121422451
v 5.2499999999999929 -1.0500000000000003 -0.20411765808980856
v 5.2499999999999929 -1.0250000000000004 -0.21125126195646135
v 5.2499999999999929 -1.0000000000000004 -0.22714811432032256
v 5.2499999999999929 -0.97500000000000042 -0.23980097359343047
v 5.2499999999999929 -0.95000000000000051 -0.25623471276015353
v 5.2499999999999929 -0.9250000000000006 -0.28319519992619352
v 5.2499999999999929 -0.90000000000000069 -0.30758473796463692
v 5.2499999999999929 -0.87500000000000078 -0.33157727826225292
v 5.2499999999999929 -0.85000000000000087 -0.35866396062774653
v 5.2499999999999929 -0.82500000000000095 -0.39369777235422793
v 5.2749999999999924 -1.1000000000000001 -0.20529679268091167
v 5.2749999999999924 -1.0750000000000002 -0.20457095496890187
v 5.2749999999999924 -1.0500000000000003 -0.20426159320189147
v 5.2749999999999924 -1.0250000000000004 -0.21024519640937128
v 5.2749999999999924 -1.0000000000000004 -0.22635156283414612
v 5.2749999999999924 -0.97500000000000042 -0.23910764344292573
v 5.2749999999999924 -0.95000000000000051 -0.2545096399909591
v 5.2749999999999924 -0.9250000000000006 -0.2809692425222553
v 5.2749999999999924 -0.90000000000000069 -0.30644444005107413
v 5.2749999999999924 -0.87500000000000078 -0.32845293870015274
v 5.2749999999999924 -0.85000000000000087 -0.35825929247611271
v 5.2749999999999924 -0.82500000000000095 -0.38441756577213054
v 5.2749999999999924 -0.81880758876553261 -0.41306239807688266
v 5.2999999999999918 -1.1000000000000001 -0.20571345643558903
v 5.2999999999999918 -1.0750000000000002 -0.20498761872357923
v 5.2999999999999918 -1.0500000000000003 -0.20446891030497386
v 5.2999999999999918 -1.0250000000000004 -0.20941231339773544
v 5.2999999999999918 -1.0000000000000004 -0.22553719031771971
v 5.2999999999999918 -0.97500000000000042 -0.2384051190560818
v 5.2999999999999918 -0.95000000000000051 -0.25291115543656878
v 5.2999999999999918 -0.9250000000000006 -0.27879083554246242
v 5.2999999999999918 -0.90000000000000069 -0.30521849265133327
v 5.2999999999999918 -0.87500000000000078 -0.32557860923210835
v 5.2999999999999918 -0.85000000000000087 -0.35769979347481551
v 5.2999999999999918 -0.82500000000000095 -0.3765670556336686
v 5.2999999999999918 -0.81661142630528927 -0.41341529953014622
v 5.3249999999999922 -1.1000000000000001 -0.20613012019026639
v 5.3249999999999922 -1.0750000000000002 -0.20540428247825659
v 5.3249999999999922 -1.0500000000000003 -0.20474583034449925
v 5.3249999999999922 -1.0250000000000004 -0.20879622657953886
v 5.3249999999999922 -1.0000000000000004 -0.22470071010852019
v 5.3249999999999922 -0.97500000000000042 -0.23767757282721366
v 5.3249999999999922 -0.95000000000000051 -0.25146215696876428
v 5.3249999999999922 -0.9250000000000006 -0.27668849464976752
v 5.3249999999999922 -0.90000000000000069 -0.30386923051739556
v 5.3249999999999922 -0.87500000000000078 -0.32306349582759186
v 5.3249999999999922 -0.85000000000000087 -0.35691380236538273
v 5.3249999999999922 -0.82500000000000095 -0.37081516356699057
v 5.3249999999999922 -0.81441526384504881 -0.41376820098340988
v 5.3499999999999925 -1.1000000000000001 -0.20654678394494375
v 5.3499999999999925 -1.0750000000000002 -0.20582094623293395
v 5.3499999999999925 -1.0500000000000003 -0.20509857426591127
v 5.3499999999999925 -1.0250000000000004 -0.20844054961276665
v 5.3499999999999925 -1.0000000000000004 -0.2238378355440252
v 5.3499999999999925 -0.97500000000000042 -0.23690917715063736
v 5.3499999999999925 -0.95000000000000051 -0.25018554245932811
v 5.3499999999999925 -0.9250000000000006 -0.27469073550712408
v 5.3499999999999925 -0.90000000000000069 -0.30235898840124359
v 5.3499999999999925 -0.87500000000000078 -0.32101674652161294
v 5.3499999999999925 -0.85000000000000087 -0.35582907239763234
v 5.3499999999999925 -0.82500000000000095 -0.36781430913845081
v 5.3499999999999925 -0.81221910138481201 -0.41412110243667366
v 5.374999999999992 -1.1000000000000001 -0.2069614727865724
v 5.374999999999992 -1.0750000000000002 -0.20623760998761126
v 5.374999999999992 -1.0500000000000003 -0.20551177227560152
v 5.374999999999992 -1.0250000000000004 -0.20830009029490834
v 5.374999999999992 -1.0000000000000004 -0.22289977419468249
v 5.374999999999992 -0.97500000000000042 -0.23611247332037308
v 5.374999999999992 -0.95000000000000051 -0.2490697590079167
v 5.374999999999992 -0.9250000000000006 -0.27273920433311971
v 5.374999999999992 -0.90000000000000069 -0.3006644975626932
v 5.374999999999992 -0.87500000000000078 -0.31934311169707069
v 5.374999999999992 -0.85000000000000087 -0.35423868043045892
v 5.374999999999992 -0.82500000000000095 -0.36633493681161572
v 5.374999999999992 -0.81002293892457877 -0.41447400388993749
v 5.3999999999999915 -1.1000000000000001 -0.20736712591562345
v 5.3999999999999915 -1.0750000000000002 -0.20665427374228862
v 5.3999999999999915 -1.0500000000000003 -0.20592843603027883
v 5.3999999999999915 -1.0250000000000004 -0.20818603119160836
v 5.3999999999999915 -1.0000000000000004 -0.22181600898678297
v 5.3999999999999915 -0.97500000000000042 -0.23532866174704953
v 5.3999999999999915 -0.95000000000000051 -0.24806212307883505
v 5.3999999999999915 -0.9250000000000006 -0.27074567327574217
v 5.3999999999999915 -0.90000000000000069 -0.29880700925778231
v 5.3999999999999915 -0.87500000000000078 -0.31786192848155853
v 5.3999999999999915 -0.85000000000000087 -0.35209197704582851
v 5.3999999999999915 -0.82500000000000095 -0.36522984403564751
v 5.3999999999999915 -0.80782677646434931 -0.41482690534320144
v 5.4249999999999918 -1.1000000000000001 -0.20776390829200364
v 5.4249999999999918 -1.0750000000000002 -0.20707093749696598
v 5.4249999999999918 -1.0500000000000003 -0.20634509978495619
v 5.4249999999999918 -1.0250000000000004 -0.20809564271759337
v 5.4249999999999918 -1.0000000000000004 -0.22062701883374242
v 5.4249999999999918 -0.97500000000000042 -0.23455439302369749
v 5.4249999999999918 -0.95000000000000051 -0.24714632832355848
v 5.4249999999999918 -0.9250000000000006 -0.26873256202885648
v 5.4249999999999918 -0.90000000000000069 -0.29681504184207447
v 5.4249999999999918 -0.87500000000000078 -0.31653553162705711
v 5.4249999999999918 -0.85000000000000087 -0.34949816821321494
v 5.4249999999999918 -0.82500000000000095 -0.36442736955207278
v 5.4249999999999918 -0.80563061400412306 -0.41517980679646549
v 5.4499999999999922 -1.1000000000000001 -0.20815272476455016
v 5.4499999999999922 -1.0750000000000002 -0.20748760125164334
v 5.4499999999999922 -1.0500000000000003 -0.20676176353963355
v 5.4499999999999922 -1.0250000000000004 -0.20803514581830726
v 5.4499999999999922 -1.0000000000000004 -0.21937641739354627
v 5.4499999999999922 -0.97500000000000042 -0.23378538048779443
v 5.4499999999999922 -0.95000000000000051 -0.24630654713640221
v 5.4499999999999922 -0.9250000000000006 -0.26672276846424536
v 5.4499999999999922 -0.90000000000000069 -0.29471711097852316
v 5.4499999999999922 -0.87500000000000078 -0.31532625588554819
v 5.4499999999999922 -0.85000000000000087 -0.34656645990209201
v 5.4499999999999922 -0.82500000000000095 -0.36385585210241939
v 5.4499999999999922 -0.80343445154390036 -0.41553270824972965
v 5.4749999999999917 -1.1000000000000001 -0.20853448018210019
v 5.4749999999999917 -1.0750000000000002 -0.2079042650063207
v 5.4749999999999917 -1.0500000000000003 -0.20717842729431091
v 5.4749999999999917 -1.0250000000000004 -0.20801076143919342
v 5.4749999999999917 -1.0000000000000004 -0.21810781832417997
v 5.4749999999999917 -0.97500000000000042 -0.23301733747681747
v 5.4749999999999917 -0.95000000000000051 -0.24552695191168195
v 5.4749999999999917 -0.9250000000000006 -0.26473919045369093
v 5.4749999999999917 -0.90000000000000069 -0.29254173233008174
v 5.4749999999999917 -0.87500000000000078 -0.31419643600901376
v 5.4749999999999917 -0.85000000000000087 -0.34340605808193259
v 5.4749999999999917 -0.82500000000000095 -0.36344363042821565
v 5.4749999999999917 -0.80123828908368144 -0.41588560970299393
v 5.4999999999999911 -1.1000000000000001 -0.20891007939349093
v 5.4999999999999911 -1.0750000000000002 -0.208320928760998
v 5.4999999999999911 -1.0500000000000003 -0.20759509104898827
v 5.4999999999999911 -1.0250000000000004 -0.20802871052569552
v 5.4999999999999911 -1.0000000000000004 -0.21686483528362793
v 5.4999999999999911 -0.97500000000000042 -0.23224597732824398
v 5.4999999999999911 -0.95000000000000051 -0.24479171504371319
v 5.4999999999999911 -0.9250000000000006 -0.26280472586897508
v 5.4999999999999911 -0.90000000000000069 -0.29031742155970264
v 5.4999999999999911 -0.87500000000000078 -0.31310840674943596
v 5.4999999999999911 -0.85000000000000087 -0.34012616872220769
v 5.4999999999999911 -0.82500000000000095 -0.36311904327099043
v 5.4999999999999911 -0.80000000000000104 -0.41166748459099428
v 5.4890960551201395 -0.80000000000000104 -0.41608459043648172
v 5.5249999999999915 -1.1000000000000001 -0.20928042724755949
v 5.5249999999999915 -1.0750000000000002 -0.20873759251567542
v 5.5249999999999915 -1.0500000000000003 -0.20801175480366557
v 5.5249999999999915 -1.0250000000000004 -0.20809521402325701
v 5.5249999999999915 -1.0000000000000004 -0.21569108192987443
v 5.5249999999999915 -0.97500000000000042 -0.23146701337955125
v 5.5249999999999915 -0.95000000000000051 -0.24408500892681173
v 5.5249999999999915 -0.9250000000000006 -0.26094227258187919
v 5.5249999999999915 -0.90000000000000069 -0.28807269433033855
v 5.5249999999999915 -0.87500000000000078 -0.31202450285879746
v 5.5249999999999915 -0.85000000000000087 -0.33683599779238804
v 5.5249999999999915 -0.82500000000000095 -0.36281042937227359
v 5.5249999999999915 -0.80000000000000104 -0.40151220286648065
v 5.5249999999999915 -0.79684596416325471 -0.41659141260952276
v 5.5499999999999918 -1.1000000000000001 -0.20964642859314325
v 5.5499999999999918 -1.0750000000000002 -0.20915425627035272
v 5.5499999999999918 -1.0500000000000003 -0.20842841855834299
v 5.5499999999999918 -1.0250000000000004 -0.20821649287732116
v 5.5499999999999918 -1.0000000000000004 -0.21463017192090328
v 5.5499999999999918 -0.97500000000000042 -0.23067615896821664
v 5.5499999999999918 -0.95000000000000051 -0.24339100595529342
v 5.5499999999999918 -0.9250000000000006 -0.25917472846418477
v 5.5499999999999918 -0.90000000000000069 -0.28583606630494152
v 5.5499999999999918 -0.87500000000000078 -0.31090705908908101
v 5.5499999999999918 -0.85000000000000087 -0.33364475126194276
v 5.5499999999999918 -0.82500000000000095 -0.36244612747359545
v 5.5499999999999918 -0.80000000000000104 -0.39186116919331759
v 5.5499999999999918 -0.794649801703047 -0.41694431406278737
v 5.5749999999999913 -1.1000000000000001 -0.2100089882790791
v 5.5749999999999913 -1.0750000000000002 -0.20957092002503008
v 5.5749999999999913 -1.0500000000000003 -0.20884508231302029
v 5.5749999999999913 -1.0250000000000004 -0.20839876803333149
v 5.5749999999999913 -1.0000000000000004 -0.21372571891469769
v 5.5749999999999913 -0.97500000000000042 -0.22986912743171764
v 5.5749999999999913 -0.95000000000000051 -0.24269387852347432
v 5.5749999999999913 -0.9250000000000006 -0.25752499138767282
v 5.5749999999999913 -0.90000000000000069 -0.28363605314646356
v 5.5749999999999913 -0.87500000000000078 -0.3097184101922702
v 5.5749999999999913 -0.85000000000000087 -0.33066163510034013
v 5.5749999999999913 -0.82500000000000095 -0.36195447631648719
v 5.5749999999999913 -0.80000000000000104 -0.3833833051996266
v 5.5749999999999913 -0.79245363924284318 -0.41729721551605209
v 5.5999999999999908 -1.1000000000000001 -0.21036901147415552
v 5.5999999999999908 -1.0750000000000002 -0.20998758377970744
v 5.5999999999999908 -1.0500000000000003 -0.20926174606769765
v 5.5999999999999908 -1.0250000000000004 -0.20864826116701837
v 5.5999999999999908 -1.0000000000000004 -0.21302134215916271
v 5.5999999999999908 -0.97500000000000042 -0.22904163908231456
v 5.5999999999999908 -0.95000000000000051 -0.24197780539882172
v 5.5999999999999908 -0.9250000000000006 -0.25601596948625371
v 5.5999999999999908 -0.90000000000000069 -0.28150118445540662
v 5.5999999999999908 -0.87500000000000078 -0.30842090081292589
v 5.5999999999999908 -0.85000000000000087 -0.32799587131343333
v 5.5999999999999908 -0.82500000000000095 -0.36126382147784375
v 5.5999999999999908 -0.80000000000000104 -0.37674756532871911
v 5.5999999999999908 -0.79025748898005943 -0.4176501173234507
v 5.6249999999999911 -1.1000000000000001 -0.2107273044686373
v 5.6249999999999911 -1.0750000000000002 -0.2104042475343848
v 5.6249999999999911 -1.0500000000000003 -0.20967840982237501
v 5.6249999999999911 -1.0250000000000004 -0.20897117885232538
v 5.6249999999999911 -1.0000000000000004 -0.21256082953229838
v 5.6249999999999911 -0.97500000000000042 -0.22819033196858729
v 5.6249999999999911 -0.95000000000000051 -0.24122838792408788
v 5.6249999999999911 -0.9250000000000006 -0.25467336725095224
v 5.6249999999999911 -0.90000000000000069 -0.27946515938773309
v 5.6249999999999911 -0.87500000000000078 -0.30698200372958961
v 5.6249999999999911 -0.85000000000000087 -0.3257641630236372
v 5.6249999999999911 -0.82500000000000095 -0.36030803464023625
v 5.6249999999999911 -0.80000000000000104 -0.3726353378362548
v 5.6249999999999911 -0.7880708069803587 -0.41800329402774583
v 5.6445382543748313 -1.1000000000000001 -0.21100575651697889
v 5.6499999999999915 -1.0995153036135565 -0.21108287304530482
v 5.6499999999999915 -1.0750000000000002 -0.21082057570991489
v 5.6499999999999915 -1.0500000000000003 -0.21009507357705237
v 5.6499999999999915 -1.0250000000000004 -0.20936923586504258
v 5.6499999999999915 -1.0000000000000004 -0.21236452132366757
v 5.6499999999999915 -0.97500000000000042 -0.22729749145420861
v 5.6499999999999915 -0.95000000000000051 -0.24044059144796751
v 5.6499999999999915 -0.9250000000000006 -0.25351611666159624
v 5.6499999999999915 -0.90000000000000069 -0.27754439760489313
v 5.6499999999999915 -0.87500000000000078 -0.30539142563383237
v 5.6499999999999915 -0.85000000000000087 -0.32402395855758515
v 5.6499999999999915 -0.82500000000000095 -0.35899304601107174
v 5.6499999999999915 -0.80000000000000104 -0.37092873720309616
v 5.6499999999999915 -0.78593840059204578 -0.41835804654346442
v 5.6684409713739692 -1.0978787806406993 -0.21134243037071915
v 5.6749999999999909 -1.0973375136682455 -0.21143618801898076
v 5.6749999999999909 -1.0750000000000002 -0.21122987046589922
v 5.6749999999999909 -1.0500000000000003 -0.21051173733172973
v 5.6749999999999909 -1.0250000000000004 -0.20978589961971994
v 5.6749999999999909 -1.0000000000000004 -0.21226062532886689
v 5.6749999999999909 -0.97500000000000042 -0.22632664798120727
v 5.6749999999999909 -0.95000000000000051 -0.23970843872727574
v 5.6749999999999909 -0.9250000000000006 -0.25254464027659229
v 5.6749999999999909 -0.90000000000000069 -0.27571248512405377
v 5.6749999999999909 -0.87500000000000078 -0.30375158275787933
v 5.6749999999999909 -0.85000000000000087 -0.32261081570224881
v 5.6749999999999909 -0.82500000000000095 -0.35727408402242056
v 5.6749999999999909 -0.80000000000000104 -0.36981122885204631
v 5.6749999999999909 -0.78394839271510663 -0.41871693338757066
v 5.6948809440721035 -1.0956968898775905 -0.21171974555866402
v 5.6999999999999904 -1.0953373684650332 -0.21179464559864719
v 5.6999999999999904 -1.0750000000000002 -0.21163184041591551
v 5.6999999999999904 -1.0500000000000003 -0.21092840108640704
v 5.6999999999999904 -1.0250000000000004 -0.2102025633743973
v 5.6999999999999904 -1.0000000000000004 -0.21222111048332529
v 5.6999999999999904 -0.97500000000000042 -0.22538687748698516
v 5.6999999999999904 -0.95000000000000051 -0.23909687474599259
v 5.6999999999999904 -0.9250000000000006 -0.25178830045014322
v 5.6999999999999904 -0.90000000000000069 -0.27408983569692913
v 5.6999999999999904 -0.87500000000000078 -0.30222146094566066
v 5.6999999999999904 -0.85000000000000087 -0.32152385067166922
v 5.6999999999999904 -0.82500000000000095 -0.35544061783993963
v 5.6999999999999904 -0.80000000000000104 -0.36910786418284142
v 5.6999999999999904 -0.78219667932686732 -0.4190827387567353
v 5.7213209167702379 -1.0938399583522622 -0.21210649545339477
v 5.7249999999999908 -1.0936515856486888 -0.21216234395819922
v 5.7249999999999908 -1.0750000000000002 -0.2120307470555044
v 5.7249999999999908 -1.0500000000000003 -0.21134506484108445
v 5.7249999999999908 -1.0250000000000004 -0.2106192271290746
v 5.7249999999999908 -1.0000000000000004 -0.21227241320182477
v 5.7249999999999908 -0.97500000000000042 -0.22462372209945863
v 5.7249999999999908 -0.95000000000000051 -0.23866479723263903
v 5.7249999999999908 -0.9250000000000006 -0.25128197461666718
v 5.7249999999999908 -0.90000000000000069 -0.27281902620729803
v 5.7249999999999908 -0.87500000000000078 -0.30097361414355533
v 5.7249999999999908 -0.85000000000000087 -0.32078208490196353
v 5.7249999999999908 -0.82500000000000095 -0.35381679165208457
v 5.7249999999999908 -0.80000000000000104 -0.36875007787478753
v 5.7249999999999908 -0.78077915640465434 -0.41945824684762945
v 5.7477608894683723 -1.092486205575137 -0.21250785439257858
v 5.7499999999999911 -1.092430775239017 -0.21254356330349444
v 5.7499999999999911 -1.0750000000000002 -0.2124317429946006
v 5.7499999999999911 -1.0500000000000003 -0.21176172859576176
v 5.7499999999999911 -1.0250000000000004 -0.21103589088375202
v 5.7499999999999911 -1.0000000000000004 -0.21243707349798849
v 5.7499999999999911 -0.97500000000000042 -0.22417770474045087
v 5.7499999999999911 -0.95000000000000051 -0.23847742299682176
v 5.7499999999999911 -0.9250000000000006 -0.25106479355714029
v 5.7499999999999911 -0.90000000000000069 -0.27204003293765999
v 5.7499999999999911 -0.87500000000000078 -0.30018356873011465
v 5.7499999999999911 -0.85000000000000087 -0.32041503834601859
v 5.7499999999999911 -0.82500000000000095 -0.35270933227942874
v 5.7499999999999911 -0.80000000000000104 -0.36868566010702097
v 5.7742008621665066 -1.0918316704135349 -0.21292951407233235
v 5.7749999999999906 -1.0918394805388001 -0.2129430596984786
v 5.7749999999999906 -1.0750000000000002 -0.21284006442440317
v 5.7749999999999906 -1.0500000000000003 -0.21217839235043917
v 5.7749999999999906 -1.0250000000000004 -0.21145255463842932
v 5.7749999999999906 -1.0000000000000004 -0.21273640986236314
v 5.7749999999999906 -0.97500000000000042 -0.22417891180111357
v 5.7749999999999906 -0.95000000000000051 -0.23860648352222544
v 5.7749999999999906 -0.9250000000000006 -0.25118607697044287
v 5.7749999999999906 -0.90000000000000069 -0.27189090208532762
v 5.7749999999999906 -0.87500000000000078 -0.30002186996778918
v 5.7749999999999906 -0.85000000000000087 -0.32046998172263824
v 5.7749999999999906 -0.82500000000000095 -0.35238668535718282
v 5.7749999999999906 -0.80000000000000104 -0.36889164100589134
v 5.7749999999999906 -0.77933026586761223 -0.42024950798128979
v 5.7999999999999901 -1.0920838102694788 -0.21336681720246364
v 5.7999999999999901 -1.0750000000000002 -0.21326024356416409
v 5.7999999999999901 -1.0500000000000003 -0.21259505610511648
v 5.7999999999999901 -1.0250000000000004 -0.21186921839310668
v 5.7999999999999901 -1.0000000000000004 -0.21320080296706503
v 5.7999999999999901 -0.97500000000000042 -0.22476499170046424
v 5.7999999999999901 -0.95000000000000051 -0.2391397458421233
v 5.7999999999999901 -0.9250000000000006 -0.2517214965069427
v 5.7999999999999901 -0.90000000000000069 -0.27253461849740446
v 5.7999999999999901 -0.87500000000000078 -0.3006700968239378
v 5.7999999999999901 -0.85000000000000087 -0.32102977357693319
v 5.7999999999999901 -0.82500000000000095 -0.35309694649530543
v 5.7999999999999901 -0.80000000000000104 -0.36938995941834618
v 5.7999999999999901 -0.77951045910226469 -0.42067140337777353
v 5.800640834864641 -1.0920900732698744 -0.21337767954577208
v 5.8249999999999904 -1.0933819592316794 -0.2138211707760439
v 5.8249999999999904 -1.0750000000000002 -0.21369392634734738
v 5.8249999999999904 -1.0500000000000003 -0.21301171985979384
v 5.8249999999999904 -1.0250000000000004 -0.21228588214778404
v 5.8249999999999904 -1.0000000000000004 -0.21387315658783687
v 5.8249999999999904 -0.97500000000000042 -0.22606176448544255
v 5.8249999999999904 -0.95000000000000051 -0.24016532090646098
v 5.8249999999999904 -0.9250000000000006 -0.25276701382402067
v 5.8249999999999904 -0.90000000000000069 -0.27413535242659137
v 5.8249999999999904 -0.87500000000000078 -0.30227799831128721
v 5.8249999999999904 -0.85000000000000087 -0.32220158485065464
v 5.8249999999999904 -0.82500000000000095 -0.35499998263118082
v 5.8249999999999904 -0.80000000000000104 -0.37025158625047594
v 5.8249999999999904 -0.78044209986302382 -0.42111511593237905
v 5.8270808075627762 -1.0934923146590778 -0.21385905466495592
v 5.8499999999999908 -1.0959134901993424 -0.21431133375653921
v 5.8499999999999908 -1.0750000000000002 -0.21413625949818432
v 5.8499999999999908 -1.0500000000000003 -0.2134283836144712
v 5.8499999999999908 -1.0250000000000004 -0.2127025459024614
v 5.8499999999999908 -1.0000000000000004 -0.21480921952514609
v 5.8499999999999908 -0.97500000000000042 -0.22813101907337888
v 5.8499999999999908 -0.95000000000000051 -0.24175577024029526
v 5.8499999999999908 -0.9250000000000006 -0.25444117436396685
v 5.8499999999999908 -0.90000000000000069 -0.27681824921054632
v 5.8499999999999908 -0.87500000000000078 -0.30489912644488609
v 5.8499999999999908 -0.85000000000000087 -0.32412058902825974
v 5.8499999999999908 -0.82500000000000095 -0.35804366341820854
v 5.8499999999999908 -0.80000000000000104 -0.37162751712025055
v 5.8499999999999908 -0.78219989626110031 -0.42158281468368675
v 5.8535207802609106 -1.0962854242050337 -0.21438081156656397
v 5.8749999999999902 -1.0998967192301914 -0.21484364462506311
v 5.8749999999999902 -1.0750000000000002 -0.21457075259266978
v 5.8749999999999902 -1.0500000000000003 -0.21384504736914856
v 5.8749999999999902 -1.0250000000000004 -0.21311920965713876
v 5.8749999999999902 -1.0000000000000004 -0.21608498514644148
v 5.8749999999999902 -0.97500000000000042 -0.23090411011821374
v 5.8749999999999902 -0.95000000000000051 -0.24400458618650372
v 5.8749999999999902 -0.9250000000000006 -0.25695957663133384
v 5.8749999999999902 -0.90000000000000069 -0.2806919617966781
v 5.8749999999999902 -0.87500000000000078 -0.30848860200923656
v 5.8749999999999902 -0.85000000000000087 -0.32705702262852399
v 5.8749999999999902 -0.82500000000000095 -0.3618642592365573
v 5.8749999999999902 -0.80000000000000104 -0.3738787347728193
v 5.8749999999999902 -0.78487974427382068 -0.42207728382836762
v 5.8756142921954737 -1.1000000000000001 -0.21485688135987474
v 5.8999999999999897 -1.1000000000000001 -0.21540696545242238
v 5.8999999999999897 -1.0750000000000002 -0.21498754883583565
v 5.8999999999999897 -1.0500000000000003 -0.21426171112382592
v 5.8999999999999897 -1.0250000000000004 -0.21369430299068826
v 5.8999999999999897 -1.0000000000000004 -0.21823465422734206
v 5.8999999999999897 -0.97500000000000042 -0.23415696719550555
v 5.8999999999999897 -0.95000000000000051 -0.2469514065104926
v 5.8999999999999897 -0.9250000000000006 -0.26076273715341736
v 5.8999999999999897 -0.90000000000000069 -0.28586984085450751
v 5.8999999999999897 -0.87500000000000078 -0.31275570027678112
v 5.8999999999999897 -0.85000000000000087 -0.33165405672510795
v 5.8999999999999897 -0.82500000000000095 -0.36547752625676944
v 5.8999999999999897 -0.80000000000000104 -0.37821568444509135
v 5.8999999999999897 -0.78857753987851142 -0.4226013075630925
v 5.9249999999999901 -1.1000000000000001 -0.21599416092606477
v 5.9249999999999901 -1.0750000000000002 -0.21540421259051307
v 5.9249999999999901 -1.0500000000000003 -0.21467837487850322
v 5.9249999999999901 -1.0250000000000004 -0.21489020188334626
v 5.9249999999999901 -1.0000000000000004 -0.22262563281976863
v 5.9249999999999901 -0.97500000000000042 -0.23808728175655769
v 5.9249999999999901 -0.95000000000000051 -0.25047344222560741
v 5.9249999999999901 -0.9250000000000006 -0.26658810839161351
v 5.9249999999999901 -0.90000000000000069 -0.29295186833857029
v 5.9249999999999901 -0.87500000000000078 -0.31733784722273589
v 5.9249999999999901 -0.85000000000000087 -0.3395596741885224
v 5.9249999999999901 -0.82500000000000095 -0.36843430964038104
v 5.9249999999999901 -0.80000000000000104 -0.39331397598598627
v 5.9249999999999901 -0.79338917905249862 -0.42315767008453242
v 5.9499999999999904 -1.1000000000000001 -0.21653716417431859
v 5.9499999999999904 -1.0750000000000002 -0.21582087634519037
v 5.9499999999999904 -1.0500000000000003 -0.21509503863318064
v 5.9499999999999904 -1.0250000000000004 -0.21695535877821245
v 5.9499999999999904 -1.0000000000000004 -0.22918385006844122
v 5.9499999999999904 -0.97500000000000042 -0.24276373234980467
v 5.9499999999999904 -0.95000000000000051 -0.25489322177294149
v 5.9499999999999904 -0.9250000000000006 -0.2747363289262818
v 5.9499999999999904 -0.90000000000000069 -0.30183809948332141
v 5.9499999999999904 -0.87500000000000078 -0.32240385160680429
v 5.9499999999999904 -0.85000000000000087 -0.35078230258232523
v 5.9499999999999904 -0.82500000000000095 -0.37099356899981906
v 5.9499999999999904 -0.80000000000000104 -0.42102731564631063
v 5.9499999999999904 -0.79941055777310865 -0.42374915558935822
v 5.9749999999999899 -1.1000000000000001 -0.21696337781187752
v 5.9749999999999899 -1.0750000000000002 -0.21623754009986779
v 5.9749999999999899 -1.0500000000000003 -0.21578560839559913
v 5.9749999999999899 -1.0250000000000004 -0.22050018495732659
v 5.9749999999999899 -1.0000000000000004 -0.23598585207141468
v 5.9749999999999899 -0.97500000000000042 -0.24834747632883752
v 5.9749999999999899 -0.95000000000000051 -0.2611923940565567
v 5.9749999999999899 -0.9250000000000006 -0.28478488674369162
v 5.9749999999999899 -0.90000000000000069 -0.31145328731307237
v 5.9749999999999899 -0.87500000000000078 -0.32907726889676436
v 5.9749999999999899 -0.85000000000000087 -0.36267329953093408
v 5.9749999999999899 -0.82500000000000095 -0.37463673632597772
v 5.9749999999999899 -0.8067375720176676 -0.42437854827424093
v 5.9522906222696879 -0.80000000000000104 -0.42380444593626848
v 5.9999999999999893 -1.1000000000000001 -0.21738004156655488
v 5.9999999999999893 -1.0750000000000002 -0.21665420385454509
v 5.9999999999999893 -1.0500000000000003 -0.21821009565749724
v 5.9999999999999893 -1.0250000000000004 -0.22911201435321285
v 5.9999999999999893 -1.0000000000000004 -0.24274612303668741
v 5.9999999999999893 -0.97500000000000042 -0.25444527902251579
v 5.9999999999999893 -0.95000000000000051 -0.2714628182834381
v 5.9999999999999893 -0.9250000000000006 -0.29706969517697945
v 5.9999999999999893 -0.90000000000000069 -0.31981398716367798
v 5.9999999999999893 -0.87500000000000078 -0.340984002536935
v 5.9999999999999893 -0.85000000000000087 -0.36981597813257033
v 5.9999999999999893 -0.82500000000000095 -0.38642077905504801
v 6.0249999999999897 -1.1000000000000001 -0.21779670532123224
v 6.0249999999999897 -1.0750000000000002 -0.21773474259876394
v 6.0249999999999897 -1.0500000000000003 -0.22346545470303916
v 6.0249999999999897 -1.0250000000000004 -0.23844089844318214
v 6.0249999999999897 -1.0000000000000004 -0.25025151819406921
v 6.0249999999999897 -0.97500000000000042 -0.26254580973647623
v 6.0249999999999897 -0.95000000000000051 -0.28505542388363236
v 6.0249999999999897 -0.9250000000000006 -0.31087163786185407
v 6.0249999999999897 -0.90000000000000069 -0.32807771932937085
v 6.0249999999999897 -0.87500000000000078 -0.35878067984584378
v 6.0249999999999897 -0.85000000000000087 -0.37385095498252457
v 6.0249999999999897 -0.82567620410156939 -0.42576173071881063
v 6.0234620445540683 -0.82500000000000095 -0.42571646572966726
v 6.0499999999999901 -1.1000000000000001 -0.21826265983570198
v 6.0499999999999901 -1.0750000000000002 -0.22136019887978794
v 6.0499999999999901 -1.0500000000000003 -0.23487145827027359
v 6.0499999999999901 -1.0250000000000004 -0.24683747615264778
v 6.0499999999999901 -1.0000000000000004 -0.25799799788162914
v 6.0499999999999901 -0.97500000000000042 -0.27587196406026765
v 6.0499999999999901 -0.95000000000000051 -0.30063584873286303
v 6.0499999999999901 -0.9250000000000006 -0.32182165162362153
v 6.0499999999999901 -0.90000000000000069 -0.3419675783772273
v 6.0499999999999901 -0.87500000000000078 -0.37071530182220835
v 6.0499999999999901 -0.85000000000000087 -0.3821037105160543
v 6.0499999999999901 -0.83737772088720941 -0.42651813056031729
v 6.0749999999999895 -1.1000000000000001 -0.22116948378971485
v 6.0749999999999895 -1.0750000000000002 -0.23153301624526881
v 6.0749999999999895 -1.0500000000000003 -0.24442726704078604
v 6.0749999999999895 -1.0250000000000004 -0.25539170546032486
v 6.0749999999999895 -1.0000000000000004 -0.26921741380540021
v 6.0749999999999895 -0.97500000000000042 -0.29207986989153534
v 6.0749999999999895 -0.95000000000000051 -0.31627201225145746
v 6.0749999999999895 -0.9250000000000006 -0.33207135495102508
v 6.0749999999999895 -0.90000000000000069 -0.36307947888266906
v 6.0749999999999895 -0.87500000000000078 -0.37574922080101908
v 6.0749999999999895 -0.85051210372424169 -0.42731613153047832
v 6.099999999999989 -1.1000000000000001 -0.22923855524403533
v 6.099999999999989 -1.0750000000000002 -0.24281788257107173
v 6.099999999999989 -1.0500000000000003 -0.25372189893527874
v 6.099999999999989 -1.0250000000000004 -0.26521047697607503
v 6.099999999999989 -1.0000000000000004 -0.28604073377620731
v 6.099999999999989 -0.97500000000000042 -0.31020885818141763
v 6.099999999999989 -0.95000000000000051 -0.32735943150460023
v 6.099999999999989 -0.9250000000000006 -0.35140433715624658
v 6.099999999999989 -0.90000000000000069 -0.37390903780302587
v 6.099999999999989 -0.87500000000000078 -0.3907269646446499
v 6.099999999999989 -0.86500453659279386 -0.4281535614577463
v 6.1249999999999893 -1.1000000000000001 -0.24187534706603178
v 6.1249999999999893 -1.0750000000000002 -0.25262599885836434
v 6.1249999999999893 -1.0500000000000003 -0.26316360713133835
v 6.1249999999999893 -1.0250000000000004 -0.28148481493941319
v 6.1249999999999893 -1.0000000000000004 -0.30475017343535854
v 6.1249999999999893 -0.97500000000000042 -0.32430203388409984
v 6.1249999999999893 -0.95000000000000051 -0.34194705200059006
v 6.1249999999999893 -0.9250000000000006 -0.37142219807265109
v 6.1249999999999893 -0.90000000000000069 -0.38017333764002825
v 6.1249999999999893 -0.88078020343599617 -0.42902824816949958
v 6.116219217999932 -0.87500000000000078 -0.42871408324013638
v 6.1499999999999897 -1.1000000000000001 -0.25207910880794276
v 6.1499999999999897 -1.0750000000000002 -0.26219826095696397
v 6.1499999999999897 -1.0500000000000003 -0.27830195468191476
v 6.1499999999999897 -1.0250000000000004 -0.30053851397980341
v 6.1499999999999897 -1.0000000000000004 -0.32186227584469673
v 6.1499999999999897 -0.97500000000000042 -0.33663280836949372
v 6.1499999999999897 -0.95000000000000051 -0.36656311909923639
v 6.1499999999999897 -0.9250000000000006 -0.37811119495955658
v 6.1499999999999897 -0.90000000000000069 -0.42116166303331104
v 6.1499999999999897 -0.89776428819697784 -0.42993801949311661
v 6.1749999999999892 -1.1000000000000001 -0.26193579206743567
v 6.1749999999999892 -1.0750000000000002 -0.27634976980391823
v 6.1749999999999892 -1.0500000000000003 -0.29764800893930421
v 6.1749999999999892 -1.0250000000000004 -0.31977884429687176
v 6.1749999999999892 -1.0000000000000004 -0.334029402009626
v 6.1749999999999892 -0.97500000000000042 -0.36072330786732221
v 6.1749999999999892 -0.95000000000000051 -0.37751375133832493
v 6.1749999999999892 -0.9250000000000006 -0.39781263786681764
v 6.1749999999999892 -0.91588197481886846 -0.43088070325597572
v 6.1531177482866282 -0.90000000000000069 -0.4300548921589985
v 6.1999999999999886 -1.1000000000000001 -0.27539982189435486
v 6.1999999999999886 -1.0750000000000002 -0.29592304628166266
v 6.1999999999999886 -1.0500000000000003 -0.31812589864884555
v 6.1999999999999886 -1.0250000000000004 -0.33266023787541249
v 6.1999999999999886 -1.0000000000000004 -0.35574390345227891
v 6.1999999999999886 -0.97500000000000042 -0.37718437899913898
v 6.1999999999999886 -0.95000000000000051 -0.38679201043983369
v 6.1999999999999886 -0.9350584472447977 -0.43185412728545525
v 6.1869591964884432 -0.9250000000000006 -0.43134475006586781
v 6.224999999999989 -1.1000000000000001 -0.29514829490296945
v 6.224999999999989 -1.0750000000000002 -0.31707195249863274
v 6.224999999999989 -1.0500000000000003 -0.33206164596025312
v 6.224999999999989 -1.0250000000000004 -0.35216934249023857
v 6.224999999999989 -1.0000000000000004 -0.37680934346008049
v 6.224999999999989 -0.97500000000000042 -0.38460448720079665
v 6.224999999999989 -0.95521888941789623 -0.4328561194089337
v 6.2185752016930245 -0.95000000000000051 -0.43259751751533521
v 6.2499999999999893 -1.1000000000000001 -0.31666224872742549
v 6.2499999999999893 -1.0750000000000002 -0.33200618154980538
v 6.2499999999999893 -1.0500000000000003 -0.3499714099299106
v 6.2499999999999893 -1.0250000000000004 -0.37644464308600223
v 6.2499999999999893 -1.0000000000000004 -0.3839666355933104
v 6.2484664380657442 -0.97500000000000042 -0.43382153901850606
v 6.2749999999999888 -1.1000000000000001 -0.33239097196366857
v 6.2749999999999888 -1.0750000000000002 -0.34895809497928887
v 6.2749999999999888 -1.0500000000000003 -0.37623379263583445
v 6.2749999999999888 -1.0250000000000004 -0.38407866962069009
v 6.2749999999999888 -1.0000000000000004 -0.42865813190008417
v 6.2749999999999888 -0.99824204861506194 -0.43493856017569255
v 6.2999999999999883 -1.1000000000000001 -0.34881429469823644
v 6.2999999999999883 -1.0750000000000002 -0.37626058080939712
v 6.2999999999999883 -1.0500000000000003 -0.3846015910027607
v 6.2999999999999883 -1.0250000000000004 -0.4217116767683014
v 6.2999999999999883 -1.0209411570066489 -0.43601425868635435
v 6.2769864631652466 -1.0000000000000004 -0.43502270716017388
v 6.3249999999999886 -1.1000000000000001 -0.37667342249518315
v 6.3249999999999886 -1.0750000000000002 -0.38538171662990744
v 6.3249999999999886 -1.0500000000000003 -0.41746728052986981
v 6.3249999999999886 -1.0443152301572252 -0.43710955379207028
v 6.3044162828835564 -1.0250000000000004 -0.43620570533914182
v 6.349999999999989 -1.1000000000000001 -0.38634034096856168
v 6.349999999999989 -1.0750000000000002 -0.41545735788209359
v 6.349999999999989 -1.0682894520099195 -0.43822227332021862
v 6.3310160525966515 -1.0500000000000003 -0.43737486944804005
v 6.3749999999999885 -1.1000000000000001 -0.41522115233102264
v 6.3749999999999885 -1.0927890065078609 -0.43935024509817777
v 6.3569415044006252 -1.0750000000000002 -0.43853279500366382
v 5.2416666666666618 -0.82306788830393629 -0.40625462138273433
v 5.2666666666666613 -0.82160377999710399 -0.40339648682421086
v 5.2916666666666581 -0.82013967169027424 -0.40101491774689912
v 5.3666666666666591 -0.81574734676979721 -0.39831001437940899
v 5.3916666666666586 -0.81428323846297646 -0.39817691775626213
v 5.4166666666666581 -0.8128191301561577 -0.3981446938972466
v 5.4416666666666584 -0.81135502184934138 -0.39818945571620484
v 5.4666666666666588 -0.80989091354252762 -0.39828731612697971
v 5.4880320183733744 -0.80874609636122774 -0.39836308113682201
v 5.5166666666666613 -0.79862936359557368 -0.41144737554408728
v 5.5416666666666581 -0.79716525528876758 -0.40846563195520919
v 5.5666666666666584 -0.7957011469819637 -0.40587494492615533
v 5.5916666666666579 -0.79423704274096796 -0.4038982993894073
vn 0.016657218774087636 -0.029017252947306036 0.99944011130937915
vn -0.66939421842196012 0.61095156453498978 0.42266957086535284
vn -0.74821334905843939 0.61376405519697452 0.25193346113392528
vn -0.76521944065985747 0.60564126071411351 0.21826101565976935
vn 0.016657218774135556 -0.029017252947351857 0.99944011130937704
vn -0.20462334144930111 0.91660823884124265 0.34345105127583769
vn 0.016657218773660939 -0.029017252946871273 0.99944011130939892
vn 0.01665721877414901 -0.029017252947374676 0.99944011130937604
vn 0.016657218774167318 -0.02901725294737937 0.99944011130937571
vn 0.016657218774068002 -0.029017252947205259 0.99944011130938248
vn 0.016657218773778824 -0.029017252946906658 0.99944011130939592
vn 0.016657218774478517 -0.029017252947782995 0.99944011130935873
vn 0.016657218774418264 -0.029017252947874279 0.99944011130935728
vn 0.016657218773809369 -0.029017252946811734 0.99944011130939825
vn 0.016657218774121105 -0.029017252947308354 0.99944011130937849
vn -0.22640065701117931 0.94957714673401439 0.21690086423385752
vn -0.082779026859706603 0.97525559939611917 0.20499792330332578
vn -0.079865061540214138 0.97501281304398635 0.2072958908064276
vn 0.016657218774020283 -0.029017252946846307 0.99944011130939359
vn 0.016657218774402009 -0.029017252950429027 0.99944011130928323
vn 0.01665721877409378 -0.029017252946906318 0.9994401113093907
vn 0.016657218774109816 -0.029017252947236127 0.99944011130938082
vn 0.016657218774131909 -0.029017252947326801 0.99944011130937782
vn 0.016657218774137599 -0.029017252947362401 0.99944011130937671
vn 0.016657218774140514 -0.029017252947429378 0.99944011130937471
vn 0.016657218774140836 -0.029017252947400492 0.99944011130937571
vn -0.072537482944573142 0.89609522931270902 0.43789456901298612
vn -0.082881137557073783 0.97541318626049422 0.20420536992546506
vn -0.073986629215615329 0.90836371835406482 0.41158393296542617
vn -0.082597175502859846 0.97408184358488858 0.21057603994095445
vn -0.075418529294400627 0.92023587719838484 0.38402861319957515
vn -0.08224205144290217 0.9717497838782172 0.22122070994168069
vn -0.076811740294615627 0.93151226271340404 0.35550648512715854
vn -0.082242051442787151 0.97174978387822886 0.22122070994167253
vn -0.078152639627471321 0.94206632387813549 0.32619504339274474
vn -0.079435259957411547 0.95183686109177257 0.29613616689364364
vn 0.01665721877411977 -0.029017252947024095 0.99944011130938692
vn -0.013022358787000541 0.92906113418411973 0.36969693956014782
vn 0.016657218774137422 -0.029017252947421013 0.99944011130937493
vn -0.082810261952138267 0.97545574781137923 0.20403074419596928
vn 0.016657218774088413 -0.029017252946732873 0.99944011130939581
vn -0.082685053567119818 0.97465084110921374 0.20789160599145126
vn 0.01665721877415717 -0.029017252947629944 0.99944011130936861
vn -0.082402049787004189 0.97280681777710298 0.21646430993881283
vn 0.016657218774185266 -0.029017252947983775 0.99944011130935795
vn -0.081908402044284193 0.96951699744362752 0.23092813891434907
vn 0.016657218774377102 -0.029017252950151614 0.99944011130929167
vn 0.016657218774127236 -0.029017252947358404 0.99944011130937693
vn 0.34855467860698758 0.90787368361775256 0.23296997792744162
vn 0.016657218774520186 -0.02901725294611817 0.99944011130940646
vn 0.016657218774139167 -0.029017252947646843 0.99944011130936838
vn 0.016657218774111346 -0.029017252947425284 0.99944011130937527
vn 0.016657218774097034 -0.029017252948261539 0.99944011130935129
vn 0.016657218774108789 -0.029017252947472948 0.99944011130937394
vn 0.016657218774157732 -0.029017252946982174 0.99944011130938737
vn 0.016657218774140801 -0.029017252947286441 0.99944011130937893
vn 0.016657218774131295 -0.029017252947376861 0.99944011130937638
vn 0.016657218776927038 -0.029017252944062842 0.999440111309426
vn 0.61382286070028313 0.71874178720841908 0.32654515614562152
vn 0.51243348150364021 0.74224166257938773 0.43184400119191774
vn 0.016657218774083802 -0.029017252947430332 0.99944011130937571
vn 0.016657218776002739 -0.029017252945005238 0.99944011130941401
vn 0.01665721877362315 -0.029017252948109924 0.9994401113093635
vn 0.016657218774794171 -0.029017252946489894 0.99944011130939114
vn 0.016657218774196306 -0.029017252947251639 0.99944011130937893
vn 0.016657218774151387 -0.029017252947309426 0.99944011130937804
vn 0.016657218774697963 -0.029017252945849285 0.99944011130941135
vn 0.016657218774134671 -0.029017252947338226 0.99944011130937738
vn 0.016657218773194343 -0.029017252948413098 0.99944011130936194
vn 0.016657218775040183 -0.029017252946402648 0.99944011130938959
vn 0.69132467463886627 0.69229049851452651 0.206891420561545
vn 0.016657218774592482 -0.029017252946858373 0.99944011130938382
vn 0.016657218776302815 -0.02901725294490911 0.99944011130941179
vn 0.016657218774423065 -0.029017252947037376 0.99944011130938137
vn -0.46452764553212916 0.83311000775750998 0.30023620952619656
vn -0.57107351528827366 0.73323976848985584 0.36909955573156189
vn -0.71352410771377806 0.49271955019167318 0.49810720991586954
vn -0.63343444122363013 0.56786643132469083 0.52563154856445571
vn -0.85236181909272424 0.37318986034603857 0.36634499790204073
vn -0.68127177058480526 0.59972234582620143 0.41976407959824574
vn -0.54185273505630793 0.40700994732736562 0.73534924783301014
vn -0.60793273029225248 0.49054131389918704 0.62432925191557909
vn -0.63128362177842434 0.57197542580531369 0.5237605379838628
vn -0.72437633742062058 0.62435176933885694 0.29234190583719932
vn -0.566552012311205 0.50746575148013107 0.64922825602466672
vn -0.53679249953804642 0.48156712258369411 0.69278201397420647
vn -0.58712129727332474 0.51859691035665034 0.62156723438146644
vn -0.61618550490131285 0.58372146177290307 0.52875767475774682
vn -0.69483262068334217 0.64571477364254659 0.31663869051976812
vn -0.64991028714390398 0.62359993857335083 0.43444186639393034
vn -0.58359241921934124 0.43822425672846416 0.6836515114036551
vn -0.57004903465540313 0.48365195240247677 0.66417233232476303
vn -0.5286503389996321 0.49741117884520036 0.68783060286338094
vn -0.56476238986442395 0.54461593043058942 0.62002978260390651
vn -0.59863553391540592 0.60071511053579407 0.52988381132828122
vn -0.66464020883100772 0.67463966613643811 0.32111479828931844
vn -0.63086829167179237 0.64492600431457126 0.43136486588728601
vn -0.55288990609480049 0.50539527144635132 0.66248650653288899
vn -0.54226981958082665 0.50787845878985327 0.66933019793598214
vn -0.5358528614502045 0.51732074431575104 0.66726378470304049
vn -0.51081249645580218 0.51432472743548496 0.68886912270256773
vn -0.53282734493685169 0.57345169428713005 0.62229267616352768
vn -0.57943149427530305 0.62026152121486744 0.52871049615276988
vn -0.63333155138894537 0.71282235726687515 0.30128961647519004
vn -0.60764588652828067 0.68195553485258498 0.40706648728332379
vn -0.50637777802540229 0.55417419001624468 0.66066066406431045
vn -0.51804141326173903 0.51914745128954431 0.67979336416689906
vn -0.50898037341613356 0.5330248743556093 0.67588716720719022
vn -0.48960323615126439 0.555636056319605 0.671980092017469
vn -0.4851422529425316 0.52889474942083259 0.69635288356186154
vn -0.48656576285123987 0.60776301712844227 0.62759690361881471
vn -0.56253338647785467 0.6393485456730752 0.52420380220242613
vn -0.60044569605362008 0.75905283246940713 0.25160239190209166
vn -0.52544752533470229 0.77309658504428147 0.35528378560315338
vn -0.4319021151671682 0.47426681897233042 0.76715809800587587
vn -0.46195662101981699 0.50079370896358433 0.73198479585196974
vn -0.47651549880252686 0.5519360702023498 0.68432415842973549
vn -0.46749564190185094 0.56179151652932136 0.68252334521132807
vn -0.43976892348758095 0.5904803381855942 0.67670988181849434
vn -0.45239071681876941 0.54251673194955363 0.70782641579060612
vn -0.38848525802487804 0.69773700504955016 0.60186566282005804
vn -0.5439144741144224 0.66692331770245994 0.50928413793635374
vn -0.56053453980886125 0.80192477058327327 0.20668258757387531
vn -0.42725161889181756 0.85009673859881263 0.30788242752385736
vn -0.34889092197369537 0.39166629315842244 0.85139452627315237
vn -0.36683772808617077 0.45819287827423083 0.80962297864583399
vn -0.42728950062822463 0.53804499574430509 0.72658878687149664
vn -0.43187058429723352 0.58261162179909476 0.68851397702834949
vn -0.41533150459671575 0.59545656384634782 0.68769995045930354
vn -0.40236745973167071 0.60778878970352279 0.68461172533035775
vn -0.41293750407143492 0.5991902892010238 0.68589621303696324
vn -0.37228526378342686 0.75603647306791777 0.5383423945415482
vn -0.31157827897850709 0.86182211017082799 0.40022696871836722
vn -0.32836191497427331 0.39346558541188376 0.85869860014495869
vn -0.3129464910890456 0.42880281311000323 0.84746247184403478
vn -0.33499431176625721 0.50278333755766524 0.79686117144621027
vn -0.38882942477815041 0.58426655669058691 0.71235122598309464
vn -0.3900251645709773 0.60159019504639233 0.69711520441418129
vn -0.34593056391787702 0.64303171281368543 0.68325856106115312
vn -0.39311405332450317 0.58887615265618565 0.7061771859183984
vn -0.36087844840966676 0.70266945790172453 0.61320663597642844
vn -0.69935665933840763 0.59786916802132106 0.39173041874293579
vn -0.49494233090690343 0.68059101273235567 0.54021103511904289
vn -0.32593178233608516 0.89553160742308902 0.3029713078320142
vn -0.26415018063113477 0.46866473868196512 0.84295791400799147
vn -0.25142223437929329 0.43898585807456392 0.86259971972535598
vn -0.2747947621853073 0.45638009735771323 0.8462889845739956
vn -0.32243876880482197 0.5524162270655929 0.76868039681407641
vn -0.33760272743972775 0.63178149285437668 0.69776539303117646
vn -0.33442487178245567 0.6252965246549268 0.70509876002426675
vn -0.29774711686285932 0.66711301427329261 0.68286666384225869
vn -0.33264139218648653 0.610070284270119 0.7191411213766129
vn -0.24617161715128638 0.80779642955407382 0.53559729583784388
vn -0.24375680905755656 0.88104607592903117 0.40538923287148809
vn -0.17021788811510044 0.44689851613249765 0.87824118944866547
vn -0.23656005800650248 0.39762964539332113 0.88652693363503721
vn -0.22759430620563462 0.4511082545007572 0.86296128215816015
vn -0.23639116577078367 0.51758333964701064 0.82233004521626052
vn -0.29917735138870261 0.61586799744309195 0.7288343585078001
vn -0.30180594974883357 0.64293304640588866 0.7039533127526626
vn -0.2574449750931096 0.67805252810289884 0.68845250666445812
vn -0.31728530999875632 0.62227804618798033 0.71561167213193433
vn -0.25815995552387649 0.76040371645797367 0.59593592387169603
vn -0.5939139808266013 0.68960821015677254 0.41437507147881397
vn -0.44303079290044051 0.71175635015614425 0.5450932163900144
vn -0.27000412100426346 0.92700890165824557 0.26029266391331174
vn -0.12069554208196397 0.28601744638146887 0.95059276585032171
vn -0.16901737668609618 0.35453584973944252 0.91963985213108379
vn -0.17450317635417156 0.46694269461056176 0.86689858772069339
vn -0.19492879144592673 0.4721902195671413 0.85967387002895768
vn -0.23837245515868932 0.58534863643164381 0.77494873794931363
vn -0.24513661780006418 0.67203413846675308 0.6987690286130277
vn -0.23972471466119782 0.65796657859345087 0.71387116669230699
vn -0.22490977523347847 0.68810504278083195 0.68987465753136301
vn -0.23802779737447199 0.67041874703440818 0.70276701068125802
vn -0.24867947605510926 0.80100459407753155 0.54456419130865108
vn -0.03628354813880949 0.13497233522706337 0.99018481752540111
vn -0.087486272215542893 0.30142949331100133 0.9494663831521899
vn -0.16186249766420205 0.43885296435860255 0.88386006105241188
vn -0.15997878687963552 0.46051706046946278 0.87311558499724717
vn -0.16800678102215538 0.55806694332229034 0.8126099976627712
vn -0.20834455456680859 0.66831880266231714 0.7141026008847503
vn -0.21450973141301749 0.66152683410731283 0.71858738013206924
vn -0.17133683390123913 0.71284166738019084 0.68007385378010865
vn -0.22977385729254199 0.64075506259706005 0.73255506568526596
vn -0.13211032514628074 0.83268512115810112 0.53775677679752454
vn -0.23798638515262488 0.86595566542380353 0.43986732772780923
vn -0.0063026162580127531 0.048832238637479777 0.99878710919692826
vn -0.057134885304185881 0.21229539954285118 0.97553383755470979
vn -0.13949677070112312 0.40467739887581322 0.90375707676513628
vn -0.12128352128604229 0.47922899893336163 0.86926973606918256
vn -0.12802077265029801 0.52261591022043385 0.84290170966399647
vn -0.17641956973215434 0.64549046228227214 0.74311385299840849
vn -0.17809021206041717 0.6841986745320503 0.7072171166882637
vn -0.14841860502265092 0.70320761191714232 0.69532076930357845
vn -0.19976023296168385 0.66312005978674871 0.7213651195029549
vn -0.14264999008256188 0.8013581103859434 0.58092698271651588
vn -0.31968488146878576 0.78698728135789242 0.52768607669826006
vn -0.18659605032381557 0.95741606523168321 0.22030976383227657
vn 0.0037242163611650786 3.0102419063463676e-05 0.99999306462912008
vn -0.030344367596183044 0.12752452006070036 0.99137112936502025
vn -0.09235127382932265 0.38025581870422226 0.92025906926456469
vn -0.090329938892668049 0.49111805852566287 0.86639688060936049
vn -0.10065049818859285 0.49022111637243831 0.86576713628836022
vn -0.13590861977221755 0.62174707468422818 0.77133612789316153
vn -0.1381052559327838 0.70266706681257896 0.69798705682895512
vn -0.12725351601486121 0.68701409142730507 0.71541469151965964
vn -0.14518361478724717 0.69607460126780185 0.70313716120482417
vn -0.14252573652479686 0.73605510985941525 0.66174714935382095
vn -0.23921402876542711 0.80211686910110502 0.54716101537413475
vn -0.13882563480474938 0.95889836328958544 0.24746994161233521
vn 0.011657994616357298 -0.022914030797632854 0.99966946455022332
vn -0.0052458233426630006 0.0722975072832754 0.99736931563893749
vn -0.04728500737913504 0.35412692981250293 0.93400120217199178
vn -0.069994006438646922 0.48626174492434959 0.87100536995232902
vn -0.079707445259041637 0.47071664346459718 0.87867659849099222
vn -0.097100344607456507 0.60199720033348381 0.7925723272154791
vn -0.10630620986076778 0.70957809577869568 0.69656149458329852
vn -0.10690615074458658 0.67806567893531211 0.72718499020742322
vn -0.098262135790461405 0.7199778843466994 0.68700538478351647
vn -0.10309770503339687 0.68913141014089829 0.71726477870732208
vn -0.12057911116944688 0.82964802983963459 0.54510991967932398
vn -0.10300882558831917 0.95072612177519311 0.29241925932676871
vn 0.016288630831495558 -0.028648871563789646 0.99945681380625784
vn 0.008891465347254662 0.043600474724359378 0.99900947965862119
vn -0.024335843006522691 0.31973932259180476 0.94719297523455881
vn -0.060964778437800557 0.47087353837213425 0.88009170354624755
vn -0.062111348212972706 0.46630615115642376 0.8824402267671444
vn -0.06891499763634816 0.58479924779454562 0.80824536056801211
vn -0.086614998297047621 0.70624729052684254 0.70264685774113866
vn -0.090032316890358163 0.67947942130678218 0.72814963979662495
vn -0.073509323349231187 0.72925236067901433 0.6802847740651139
vn -0.088868351907200924 0.67626361065255958 0.73127966260279742
vn -0.071165594796983339 0.83421656446989834 0.54682554958709773
vn -0.082456430166060302 0.93799541918808604 0.33669798144098845
vn 0.01665721877413217 -0.029017252947344491 0.99944011130937738
vn 0.011384764825805705 0.0258662278619235 0.9996005829260286
vn -0.017203425864500053 0.2802209903894492 0.95978134941437632
vn -0.05271224228832222 0.45660582680877315 0.88810615268514725
vn -0.04763876157680362 0.47112814255663166 0.88077739621686857
vn -0.052153931412736811 0.56741401557594306 0.82177935138708558
vn -0.072945849350905104 0.69799972223595097 0.7123729997838284
vn -0.076257559437981695 0.68628777695800192 0.7233214166790628
vn -0.060858796345485668 0.72862758257345628 0.68220088890336394
vn -0.084205658681949888 0.67781209044867841 0.7303972734666605
vn -0.052567977434414694 0.83433500583366871 0.54874557473294205
vn -0.067372350298597686 0.92534539029368013 0.37309097426429377
vn 0.016657218774132565 -0.02901725294734301 0.99944011130937738
vn 0.012636518953461974 0.012541282903678026 0.99984150474556144
vn -0.011428497214197378 0.24246212179560986 0.97009355680047471
vn -0.043969810752872839 0.44491733105747716 0.89449160100419478
vn -0.037658254824659981 0.47813861641129396 0.87747667737658663
vn -0.041092410280618434 0.55077738855718517 0.83364001947570687
vn -0.062214473333252959 0.6880473577893339 0.72299390920462292
vn -0.065543713198350159 0.69384120375498948 0.71713904204972667
vn -0.052352473127159231 0.72381964632013662 0.68800024575465246
vn -0.077295455906693622 0.68302079917175862 0.72629745999483453
vn -0.040951028134211274 0.8351592409614903 0.54848159087737702
vn -0.057367382479590841 0.91298065393500516 0.40394963667250738
vn 0.016657218774132364 -0.029017252947343749 0.99944011130937727
vn 0.013512213130199065 0.0022088950268548901 0.99990626604651522
vn -0.0069337075068534792 0.20803024752448873 0.9780978170996546
vn -0.037111885684459618 0.43403077751841629 0.90013331907429284
vn -0.031628560161425387 0.48508868704817987 0.87389278511725232
vn -0.034525455467905225 0.53543203123975858 0.84387234392839283
vn -0.055235726323618124 0.67712179355534974 0.73379499264432768
vn -0.058873807310145194 0.7007231120771451 0.71099999649348
vn -0.047708710079466359 0.71728578533170195 0.69514385643810239
vn -0.072134317965206057 0.68909807911333665 0.72106898250722462
vn -0.034503986023781102 0.83617633506649702 0.54737428841993674
vn -0.082179326673038774 0.89450323152835642 0.43944342872876524
vn 0.016657218774132714 -0.029017252947344491 0.99944011130937727
vn 0.014095670670759976 -0.0060816879632577692 0.99988215562628124
vn -0.003847250465232517 0.17644142614521094 0.98430362277282202
vn -0.03289221634438777 0.42277843886280336 0.90563596093390919
vn -0.029047257352043471 0.49123190353426621 0.87054435486678428
vn -0.031709682965159129 0.52122703443232088 0.85282874868471537
vn -0.051981767675015604 0.66535449399852309 0.74471557869118743
vn -0.056057566531776522 0.70660936306385813 0.70537986735164493
vn -0.046522002379210378 0.71004527568948639 0.70261754160116874
vn -0.069509805327730906 0.69518268309467579 0.71546448136059737
vn -0.051142516344286772 0.8229540224732228 0.56580130780788818
vn -0.12733692340816322 0.86746623515751675 0.48092373490875612
vn -0.083179819646395731 0.97542925792076585 0.20400705967131877
vn -0.082580232335658171 0.97540830489179109 0.20435054190168306
vn 0.016657218774132908 -0.029017252947344488 0.99944011130937727
vn 0.014464540426338462 -0.013047675869385766 0.99981024960972575
vn -0.0016984449809350783 0.14666698812713666 0.98918446706282304
vn -0.029906103451544801 0.41062947351557211 0.91131172518335879
vn -0.028144869088866091 0.49620974202118306 0.86774636747568201
vn -0.031059781045393323 0.50786885421902983 0.86087427474379896
vn -0.050618328252220221 0.65284463233339463 0.75579869732517091
vn -0.054909793814365337 0.71161304995304608 0.70042257365092653
vn -0.047132362515588257 0.70253490002498631 0.71008679374466732
vn -0.06735751481541298 0.70149273440449422 0.70948636968978984
vn -0.058594797166085871 0.79689139363361117 0.60127427726267002
vn -0.14231983352945768 0.84452575688618015 0.51625702023311226
vn 0.016657218774133301 -0.029017252947344488 0.99944011130937727
vn 0.014844076246116604 -0.018880351045164813 0.99971155127107081
vn 0.00074866798818821513 0.11890621264191027 0.99290520800900239
vn -0.026092035051760002 0.39757602959247623 0.91719818272843323
vn -0.027410546011996297 0.49937948213736172 0.86594964910642747
vn -0.030852108130484782 0.49548186573809855 0.86807019770788008
vn -0.048951922348805223 0.63998911978914041 0.76682307988862575
vn -0.053612527555358502 0.71563226682257031 0.69641665371494066
vn -0.047984050294236941 0.6951789282279226 0.7172334269017564
vn -0.063881930895130154 0.70818107035056055 0.70313488784318212
vn -0.060175791252332557 0.76522301057714648 0.64094665786663096
vn -0.13705964909417487 0.83147197134094586 0.53839484903236479
vn -0.075040257499515942 0.97379046560507232 0.21471164116335845
vn 0.016657218774133106 -0.029017252947344488 0.99944011130937727
vn 0.015264913795229738 -0.023486059114331891 0.99960761673473775
vn 0.0036653466588149647 0.094077195711754213 0.99555815826142624
vn -0.021146477129868998 0.38344511227331962 0.92332154333076033
vn -0.026662568143639129 0.50001108783178894 0.86560846778740386
vn -0.030861693974468075 0.48449144194304433 0.87425145040141405
vn -0.046651419703376149 0.62721932105300837 0.7774442541671156
vn -0.051968581119672334 0.71833800398592496 0.69375051611218663
vn -0.048846056692227101 0.68859830651818255 0.72349598133362902
vn -0.058922736469374959 0.71502102531551881 0.69661542079091598
vn -0.05903810676333545 0.73245047488501547 0.67825570678801983
vn -0.11191931879195902 0.86229443560703667 0.49388497891947042
vn -0.082242051442812811 0.97174978387822653 0.22122070994167334
vn 0.016657218774132714 -0.029017252947344491 0.99944011130937727
vn 0.015727351585384245 -0.02674129431989708 0.99951866095146347
vn 0.0070469170641996358 0.073167655750799684 0.99729475838982662
vn -0.01504414851704175 0.36801543575000761 0.92969796850650854
vn -0.025910637118291422 0.49733853950941093 0.86716954282468328
vn -0.031088297485819091 0.47537423897257736 0.87923424107610593
vn -0.043679027980560482 0.6150251554645908 0.78729676784579095
vn -0.05000386322149513 0.71936969906528159 0.69282526637648856
vn -0.049676793845199782 0.6834929103390498 0.72826482660466119
vn -0.052543467011484761 0.72175332328985531 0.6901531166302608
vn -0.054467864718028003 0.70412621166517775 0.70798271854551931
vn -0.08526236099504951 0.79131175636410078 0.60543871204070832
vn -0.05562415717892908 0.96709776746171583 0.24824959478053277
vn 0.016630908628056766 -0.029017265657748242 0.99944054909331792
vn 0.016218520609128276 -0.028509547106868607 0.99946193790109517
vn 0.010601277705921848 0.0569957478744035 0.99831813448180906
vn -0.0090021135754595576 0.35067855781695079 0.93645262081890623
vn -0.026190241776674793 0.49070515398710929 0.87093198533879035
vn -0.031451600836771565 0.46894697416435344 0.88266614992697068
vn -0.040228928517749472 0.60374101736054553 0.79616481790315696
vn -0.048703686465329799 0.71819025274747939 0.69414026808938145
vn -0.050697516047496095 0.68084594721611291 0.73066993781461131
vn -0.046630735348062967 0.72760947401532461 0.684404871288948
vn -0.048413415858891959 0.68766776106141059 0.72440954684602321
vn -0.058511690039873845 0.8379320429977708 0.54262903852103217
vn -0.053113672157889237 0.961255925076825 0.27049211510615501
vn 0.016484247619713205 -0.028964745339155426 0.9994445022650581
vn 0.016560855371026102 -0.028881481619050537 0.99944564538991743
vn 0.012892101567753713 0.044891610047641882 0.99890867303497621
vn -0.0064846891336849304 0.32995596573395647 0.94397405127652301
vn -0.028942955309519326 0.48093664095974131 0.87627749755446316
vn -0.03159293010142384 0.46635192946714077 0.88403493406645506
vn -0.037451427562321046 0.59266398171183121 0.80457864460537509
vn -0.049286483055206956 0.71443827570522023 0.69796045217146818
vn -0.052435772521580042 0.6811893954670224 0.73022701762077902
vn -0.04429690260270315 0.73097421241666527 0.68096584730927778
vn -0.050756700201719358 0.68195576315685835 0.72963010798745143
vn -0.044337959778835818 0.82303744671054235 0.56625392416727816
vn -0.046679626660301642 0.95202440722824633 0.30244097026785416
vn 0.016245840457730872 -0.02864534992662272 0.99945761120489907
vn 0.016524973494910986 -0.028625605623148476 0.99945360070075306
vn 0.013119609494746077 0.034150425358005512 0.99933058809113451
vn -0.0068302158842045713 0.30549044760948857 0.95217064361926729
vn -0.03186187738153267 0.47048357566938059 0.88183333220914162
vn -0.031290191507445303 0.46749816629731161 0.88344008762568527
vn -0.035866086173758992 0.5806938391107046 0.81333159847718173
vn -0.050613981360464015 0.70854577494354631 0.70384736250162361
vn -0.054292159594529023 0.68388336063691801 0.72756849193084039
vn -0.044255175990600672 0.73133464989122932 0.68058144939934573
vn -0.057999882415108103 0.68063529784046017 0.73032294567092826
vn -0.040447744778008519 0.8225962606049787 0.56718548287229575
vn -0.044686451271433648 0.94198107905571438 0.33267817447767412
vn 0.016021838329586969 -0.027969375628668872 0.99948037235529685
vn 0.016472121656788505 -0.028175503465204137 0.99946726320205515
vn 0.013281245611707692 0.023865546299574249 0.99962695252520295
vn -0.00687753416468663 0.27832411795190709 0.96046258901120474
vn -0.033798490385895039 0.46002455503296863 0.88726268422285948
vn -0.030869546847008981 0.47119206725624324 0.88149027608490849
vn -0.034505336955795073 0.56781385116568517 0.82243346973841003
vn -0.051583358643686093 0.70096552849080918 0.71132726995289408
vn -0.055545921389539746 0.688079501332031 0.72350622005871557
vn -0.044441472943548471 0.72925372306509362 0.68279862542209879
vn -0.063501459438717128 0.68136127288217807 0.72918747964123132
vn -0.036757891866595525 0.82393106485179501 0.56549664699068791
vn -0.042807244457298922 0.93113797597157255 0.36214584013286155
vn 0.015822071120961588 -0.026963051855474266 0.99951120849147179
vn 0.016425362142366149 -0.027572291214001475 0.99948485543088772
vn 0.013482907066155266 0.014129266961010231 0.99980926932700021
vn -0.0064801495230523863 0.24916655036996146 0.96843896959947473
vn -0.034704464181016005 0.44944136110148986 0.89263545924254473
vn -0.030356013303611696 0.47656949211854804 0.8786125605966375
vn -0.033358473806679861 0.55427871571410725 0.83166238193849373
vn -0.052157727345043363 0.69187856437858786 0.72012750512088097
vn -0.056231816170388228 0.69325354514004101 0.71849669797497662
vn -0.044822640348128405 0.72518559981245689 0.68709298987609357
vn -0.06725231599952447 0.68386836606694656 0.72649926626640504
vn -0.033508855384996906 0.82627330758412387 0.5622718006309575
vn -0.041181205009633869 0.91956769801742977 0.39076765106246902
vn 0.015646506327974721 -0.025662452262774239 0.99954821063497956
vn 0.016384682242600934 -0.026834021275642401 0.99950561653748971
vn 0.01372476002294137 0.0050697068237423124 0.99989295878860651
vn -0.0056255975955752562 0.21878841322268316 0.97575610830329584
vn -0.0345635303406416 0.43858482249377756 0.89802489712061617
vn -0.029766043077668756 0.48278256713071294 0.87523424039178066
vn -0.032424415144861059 0.54038240107375468 0.84079457533471136
vn -0.052298118190094882 0.68148051092866424 0.72996521838932948
vn -0.056391156483016028 0.69890290892119689 0.71299001491745795
vn -0.045366971004241384 0.71955769222537636 0.69294917959486113
vn -0.069270768593205953 0.68785809826047828 0.72253221192967221
vn -0.030873248431459607 0.82898872948964752 0.55841250783845209
vn -0.037351186377170692 0.90825282949706188 0.41675134863224977
vn 0.015495112283518974 -0.024103650878594379 0.99958937344773924
vn 0.016350069387278995 -0.025978746715752284 0.99952877895041625
vn 0.01400700702749709 -0.0031859381638250851 0.99989682145316772
vn -0.0043045294000655489 0.18804905571811384 0.98215020423057997
vn -0.033359105530981203 0.42729352336299403 0.90349732427396345
vn -0.029115709301432424 0.48901245028768675 0.8717907426300805
vn -0.031703488646858492 0.52646091947570728 0.84960802083808717
vn -0.051960607900108396 0.66999868432504084 0.74054159790613094
vn -0.056068468194262165 0.7045604295808543 0.70742556353526775
vn -0.046042683893078334 0.71280984368723377 0.69984440985300689
vn -0.069596182068656351 0.69301613377236482 0.71755488275996704
vn -0.040910053327117606 0.82831532194148549 0.55876658362302356
vn -0.11724849745448747 0.87324778947395076 0.47295992221701366
vn -0.13687813861457318 0.89000563921247544 0.43491877096695047
vn 0.015367859289075851 -0.022322732348501052 0.99963269480413075
vn 0.016321511471256499 -0.025024523325038073 0.99955359110737441
vn 0.014329884979999969 -0.010511507777310081 0.99984206882922644
vn -0.0025115914141696956 0.1578799422224178 0.9874551208801412
vn -0.031073483025079115 0.4153935077553948 0.90911092412717098
vn -0.028420394801874492 0.49447652535284059 0.86872622098926378
vn -0.031196886433444423 0.51289215670051058 0.85788600051053254
vn -0.051098294322760092 0.6577061842589883 0.7515394464063655
vn -0.05530835901129319 0.70979879658344291 0.70222977278962917
vn -0.046816746127460319 0.70542408404122769 0.70723762197484352
vn -0.068282784475987041 0.69902664977845808 0.71182807210990973
vn -0.057433376453472768 0.80801225790225384 0.58635961520968949
vn -0.14104010761635871 0.8508354990615874 0.50614883342766437
vn -0.081050127446957013 0.97531890057459503 0.20538724162614211
vn 0.015264720452596392 -0.020355799628988508 0.99967626246248775
vn 0.016298997124083177 -0.023989411198451511 0.99957933694284662
vn 0.014693660850517633 -0.016781858854902444 0.99975120182182531
vn -0.0002455111321107824 0.12926015718823874 0.99161068544462339
vn -0.027687165131672291 0.40269773468267284 0.9149141792367278
vn -0.027694375804016992 0.49842349764819732 0.86649122242580345
vn -0.030906097752034449 0.50009262333902826 0.86542023387694755
vn -0.049663644764722389 0.64493351330178017 0.76262329220192737
vn -0.054152700663002769 0.71422677139440816 0.6978163110980018
vn -0.047654038454929992 0.69794469673673321 0.71456440781500274
vn -0.065393775664056769 0.70558335038792863 0.7056031389951043
vn -0.059847486641141825 0.77771998097941364 0.62575547103330931
vn -0.14060961698545238 0.83583701741176697 0.53066506945097303
vn -0.077086446982745305 0.97451922115255318 0.21064179854862031
vn 0.015185676553972008 -0.018238978883829617 0.99971832776881375
vn 0.016282518057062378 -0.022891477948925723 0.99960535204801471
vn 0.015098623986835121 -0.021872719807889417 0.99964674544656507
vn 0.0024916021926837126 0.10318898708208156 0.9946586474079876
vn -0.023178302210785484 0.38900537560503584 0.92094385499714926
vn -0.02695023995338245 0.50011663498514614 0.86553858144948637
vn -0.030832202829759917 0.48851099005077653 0.87201283698594401
vn -0.04761104306588293 0.6320765831384243 0.77344190578622862
vn -0.052637975635218548 0.71747835877782362 0.69458912186018773
vn -0.048516689780738038 0.69098671565742165 0.72123747101609281
vn -0.060995593162193523 0.71239705976169809 0.69912085282709158
vn -0.059845458833084529 0.74484889631536333 0.66454393587997085
vn -0.12716125913639356 0.82630543254414357 0.54867963906352735
vn -0.070602366382320633 0.9727249075897425 0.22095601375781429
vn 0.015129394434915708 -0.016008430433165598 0.99975738635886013
vn 0.016271406425903478 -0.021748143044575997 0.99963106174580019
vn 0.015545078537918795 -0.025660425082512359 0.99954984523926305
vn 0.0056953458443349137 0.080661073235940184 0.99672531537035802
vn -0.017520474918238479 0.37410203923259172 0.92722203230976774
vn -0.026186877795548548 0.49880870312876791 0.86631641166165008
vn -0.030953310349222999 0.47862109197457409 0.87747577909335539
vn -0.04486302649547623 0.61960514517254328 0.78363050791133571
vn -0.050732358150730107 0.71920320445411212 0.69294514829054299
vn -0.04928947306198711 0.68523256826124512 0.72665457766353436
vn -0.055060074076885394 0.71920888193279664 0.6926088162820514
vn -0.056573278170740336 0.71401387696984275 0.697842136655211
vn -0.099708344991429221 0.82300111945585952 0.55922035309301144
vn -0.064553093299653003 0.96837923230279122 0.24098663985811142
vn 0.015149484098245151 -0.013636359082352015 0.99979224984120285
vn 0.016289743034822488 -0.020632388894211717 0.99965441468558403
vn 0.016030979820379473 -0.028019551817026665 0.99947882038689129
vn 0.0093019729698694369 0.062621347586362855 0.99799400806083793
vn -0.010999319881794631 0.35766406824467689 0.93378553707412115
vn -0.025694465244265323 0.49374546334619601 0.86922678967048705
vn -0.031206584024538964 0.47103304339753538 0.88156339598532274
vn -0.04135203722295952 0.60802523461211122 0.79284003625725041
vn -0.048575491993038442 0.71901616333171048 0.69329371729836209
vn -0.049702601845918973 0.68152698696024405 0.73010315532439474
vn -0.048006654679252331 0.72558999875628305 0.68645066451374659
vn -0.04989255060876175 0.69215674460702314 0.72002067629253563
vn -0.06652499557518804 0.83828485538726827 0.54115887333764368
vn -0.058938214346695536 0.96260579841881855 0.26441702619175617
vn 0.014250170981257086 -0.0014899979525277375 0.99989735099814436
vn 0.015645458077021578 -0.010997138527895859 0.99981712457116789
vn 0.016537333392232092 -0.021772261204332535 0.99962617274975574
vn 0.016484277132134569 -0.028837703155363992 0.99944817548693043
vn 0.012316056090161355 0.049287661642316814 0.99870868684127134
vn -0.0067533786952863701 0.33849371015764118 0.9409444192192824
vn -0.026914688984876058 0.4851236009853655 0.87403128735980584
vn -0.030447669904598702 0.46699076124380201 0.88373783913008663
vn -0.036908508135758668 0.59731769766511955 0.80115499753994779
vn -0.046710771173671388 0.71654947028979532 0.695970516964458
vn -0.048874892419147269 0.68093082534006633 0.73071503063281296
vn -0.042106470997323169 0.7301784082905689 0.68195787052163492
vn -0.044614365515376779 0.68371259444997756 0.72838633058298186
vn -0.046590384255617484 0.83701400080388833 0.54519436768292318
vn -0.05400982918536823 0.95436352021454152 0.29372301516067079
vn 0.014931837281905841 -0.0091998320819137169 0.99984618983374207
vn 0.015518814318351074 -0.0087622744476470588 0.99984118186272786
vn 0.016099033188590618 -0.01966369971832866 0.99967702786639046
vn 0.016559462368390041 -0.028765599942791317 0.99944901043825196
vn 0.013185262694282718 0.038416431730996702 0.99917482285170722
vn -0.0053185333677516428 0.31641119094706316 0.94860722717375356
vn -0.026916971480648835 0.47590437083452203 0.87908503938294147
vn -0.027099303131621268 0.4668399415174061 0.88392652227083068
vn -0.031825976747747495 0.58659171822124001 0.80925722938896572
vn -0.043451493892009529 0.71239633801616919 0.70043088542675247
vn -0.045561956489209222 0.6830648527557005 0.72893519262737527
vn -0.03742302584514224 0.73181374202467098 0.68047642436784106
vn -0.045286186920387321 0.68227645315901497 0.7296903471603321
vn -0.038089142675084543 0.8345528001208512 0.54960971699991201
vn -0.0470817769958971 0.94619100172422388 0.32016541745013388
vn 0.014972274124118503 -0.0079498137564261735 0.99985630541032755
vn 0.015545299232446148 -0.0075984907406394563 0.99985029209889131
vn 0.015977639817502675 -0.019241554984615404 0.99968718986872884
vn 0.016539205770777977 -0.028451740252851715 0.99945832987126393
vn 0.0136184118610652 0.028880644668259924 0.99949009360870023
vn -0.0031833189556402185 0.29370006437916391 0.95589232587363182
vn -0.023356950085111933 0.46809520565245838 0.88336930630846822
vn -0.021230330058462244 0.46901561636365841 0.88293466615182037
vn -0.02494603256605743 0.57609865790316361 0.81699940747921418
vn -0.036800400656189301 0.70766771594041011 0.70558637623414122
vn -0.038300236092293265 0.68666999209168111 0.72595965030853149
vn -0.03061894803649386 0.73112648079082754 0.68155450927094463
vn -0.040609095014415515 0.68367390272201045 0.7286569125033846
vn -0.028915284903864687 0.8332229087289369 0.55218066850281711
vn -0.037891408451923826 0.93880806056523047 0.3423502104326504
vn 0.015176808722819386 -0.0069838035793222224 0.99986043574318728
vn 0.015773220809576056 -0.0067495819717513384 0.99985281349231558
vn 0.016003815927238374 -0.01884361544314881 0.99969435130583684
vn 0.016553282728909248 -0.02811097608812517 0.99946773927639587
vn 0.014226238438773459 0.020975966968472901 0.99967875987720212
vn 0.00054791854520591166 0.27305333478841509 0.96199874019989939
vn -0.015873482105702903 0.46238938482299569 0.88653487769452777
vn -0.012877634302027759 0.47195623374694717 0.88152792352947074
vn -0.0159544048712193 0.56672653632707137 0.82375147343596655
vn -0.026355127532064957 0.70327664136267043 0.71042759868012628
vn -0.026961710337830385 0.69070409474046801 0.7226347069470227
vn -0.021124713005359765 0.72902139956102929 0.68416485256297643
vn -0.029952350436058033 0.68690592075438905 0.72612885408577488
vn -0.018655610211779538 0.83238123306006984 0.55388938521786446
vn -0.026544535684722592 0.93287558032882589 0.35921934698932739
vn 0.015556416500068126 -0.0063440402540210711 0.99985886557000225
vn 0.016212147949570124 -0.0062589122862800025 0.99984898473512174
vn 0.016188595898495785 -0.01851687567898206 0.99969748158026506
vn 0.016602202712730753 -0.027846780625237492 0.99947432366914524
vn 0.01498311707201079 0.015183465445001527 0.99977245840235418
vn 0.0057893298520994068 0.25716986343166232 0.96634887333840447
vn -0.0046050923677414309 0.4593155869505971 0.88826121423177828
vn -0.0019520325067549674 0.47432501130339516 0.88034764338931848
vn -0.004651167774589013 0.55943592114776208 0.8288605532705049
vn -0.012017879151179894 0.70011340894841678 0.71393051846194011
vn -0.011609299460666968 0.69420461927118537 0.71968407704254589
vn -0.0086748762248305602 0.72636084077909246 0.68725881260641086
vn -0.013827724463299496 0.69093754084784953 0.72278220003213489
vn -0.0073087974316095213 0.83143190246853449 0.55557859303401624
vn 0.016121262697533906 -0.0060789855580491983 0.99985156439524669
vn 0.016887799808259888 -0.0061153109579400256 0.99983868958423683
vn 0.016566940932994458 -0.016877452813980755 0.9997203049126463
vn 0.016681231320345668 -0.027759062903152148 0.99947544789673348
vn 0.015881231849837633 0.011940175263410596 0.9998025898594235
vn 0.0125602019025296 0.24873978305879821 0.96848890631335038
vn 0.010468206469599742 0.4594811112128952 0.88812584980501097
vn 0.0119197732650566 0.47500822208249405 0.87990062391121049
vn 0.0094121803977223299 0.55515852907594077 0.83169129997517632
vn 0.0064972067041277138 0.6990092265687079 0.71508313326274209
vn 0.0079987004140129082 0.69629754803973232 0.71770867723996723
vn 0.0071522453698187856 0.72386473001411888 0.68990484708237598
vn 0.0073889967634490922 0.69472252808342561 0.71923988467006184
vn 0.0056310762056435626 0.82996704225777329 0.55778400814889784
vn 0.0030923776947447499 0.92795003009999366 0.37269180140917235
vn 0.017011774030797389 -0.0061916391463061708 0.99983611814587248
vn 0.016977277463148616 -0.020193045620003999 0.99965194590843853
vn 0.016771108328795893 -0.027919144222598315 0.99946948493253229
vn 0.016981115300021679 0.011794219973847445 0.99978624620384526
vn 0.021140168849313565 0.25049753627121935 0.96788639704413215
vn 0.02935192518787107 0.46344860672654309 0.88563754065136135
vn 0.029056481394386699 0.47311185652004811 0.88052307869193935
vn 0.026780935826251816 0.55487061675165383 0.83150549014538044
vn 0.029386589784247356 0.70058701274202406 0.71296161602014674
vn 0.031906241914113766 0.69610313056773887 0.71723247510184007
vn 0.026642979810547598 0.72211181896415089 0.69126309936166852
vn 0.032927336588593446 0.69716755135158859 0.71615165701659278
vn 0.020910501719590979 0.82778761348908914 0.56065177951369527
vn 0.022211016979183353 0.92993940722984303 0.3670413731526172
vn 0.01781313881988613 -0.0068884473923828508 0.99981760405481246
vn 0.017764865768885574 -0.0069289880558289349 0.99981818280562185
vn 0.017392933444390541 -0.018545977021353566 0.99967671404435665
vn 0.016828542306305184 -0.028316638558865837 0.99945733683062798
vn 0.01836583776309492 0.015519647060923193 0.99971087648297807
vn 0.031677523194035884 0.26485989916705999 0.9637664490619634
vn 0.051032999022557174 0.47125822229229436 0.88051764373729047
vn 0.049091695736377512 0.46826614638907949 0.8822226598516093
vn 0.047607557396864182 0.55955293965483011 0.82742614667554615
vn 0.055857638355412929 0.70490482368001961 0.70709908343173267
vn 0.05899929518538935 0.69275297799319535 0.71875753536862952
vn 0.049288004506176132 0.72157529403373322 0.69057931307846931
vn 0.060373892725230423 0.69698806413897241 0.71453665513044873
vn 0.038962537277433783 0.82516711855787128 0.5635433853216667
vn 0.044180569425050442 0.93516669518365059 0.35144178679344251
vn 0.018764966490904922 -0.0082699942350912409 0.99978971950503015
vn 0.018124973257370978 -0.0084888622788430231 0.99979969221921183
vn 0.017556567488559851 -0.019033394835710257 0.99966469219386134
vn 0.016776097638746983 -0.028777155860427946 0.99944506494784391
vn 0.020119268870309615 0.024142126447056322 0.99950606438917544
vn 0.043995949994183728 0.29297200293743914 0.95510824615796008
vn 0.07305441834345075 0.48204159424229481 0.8730973332801143
vn 0.071474884322352356 0.46166837734775873 0.88416833819595353
vn 0.072663602375818148 0.56992422660847097 0.81847808572649361
vn 0.084939486462863312 0.71101528173785589 0.69802761605445263
vn 0.087745473282268366 0.68564940544161457 0.72262412410327881
vn 0.074895042368543177 0.72244381337734498 0.68736138176465367
vn 0.086132504688069642 0.69261857544319894 0.7161429330707616
vn 0.060567163441127045 0.82341211880970744 0.56420218123470967
vn 0.069540651047758084 0.94340411955799042 0.32427267083870459
vn 0.019563172849012329 -0.010819992654859284 0.99975007378195702
vn 0.021198616678623657 -0.010921010292811841 0.99971563466072544
vn 0.018124100151881012 -0.019311272627025363 0.99964923435333519
vn 0.016658102144624404 -0.029015488482985866 0.99944014781328094
vn 0.024479246136563687 0.040083323655162921 0.99889643791202942
vn 0.063920367206408993 0.3348732192624157 0.94009260909605286
vn 0.094879230497571174 0.49247388859384444 0.86514010464978808
vn 0.09526914328625391 0.45735450691125135 0.88416663890098768
vn 0.10421207998586295 0.586621701001934 0.80312814811748301
vn 0.11690551424358897 0.71643207128128517 0.68779225641108321
vn 0.1157934382885794 0.67470325198294134 0.72894951911154471
vn 0.10514019224834439 0.72458551463680632 0.6811177372176529
vn 0.10488620150560191 0.6812623183720492 0.72448639621463351
vn 0.089805570932843234 0.82668058965299196 0.55545851521099898
vn 0.10090378558570692 0.95344948176796751 0.28416986429047669
vn 0.02255149960056058 0.006003831605068748 0.9997276548499715
vn 0.02087560470910816 -0.014810584149894461 0.99967237419324939
vn 0.017797232359245529 -0.024030330291300531 0.99955280087969445
vn 0.017713548977147039 -0.026907141586768605 0.99948098326794788
vn 0.040577158853066869 0.073892619971662493 0.99644035189926772
vn 0.1070079926322562 0.38749772437600649 0.91563901353985111
vn 0.12455081035270553 0.4934922216511235 0.86078599129535271
vn 0.12118117765186721 0.46050125269380165 0.87934846247113319
vn 0.1450846061965374 0.61072856345294357 0.77843501901411116
vn 0.15682990720752485 0.7165685658364519 0.67965717141833326
vn 0.1442792666589042 0.66066959683390625 0.73668119090397055
vn 0.14847860924488809 0.72660246403990636 0.67082260087734114
vn 0.12519799352936262 0.66100535303754648 0.73986308576109538
vn 0.17428680296771348 0.84323543137953272 0.50850576946330384
vn 0.15824264326448631 0.95752100852437005 0.24106593307048155
vn 0.020615763005666376 -0.021314799608990562 0.99956023812140649
vn 0.017499680024867011 -0.027143817309994493 0.99947835113166361
vn 0.021853613596802643 -0.015469567107081946 0.9996414917690648
vn 0.074503296159689633 0.14661085766690032 0.9863845676385643
vn 0.16426632562899485 0.43899359764492002 0.88334658854331871
vn 0.15763216517844122 0.4739856792104053 0.86630807245725661
vn 0.15214478195671893 0.4782659910566448 0.86493560865647545
vn 0.19498627921210698 0.64209741498681272 0.74141166741984244
vn 0.20246449425720831 0.70478652802052277 0.67991475824984826
vn 0.17735017331331082 0.6520359330813783 0.73715402596501833
vn 0.20360016706627201 0.72323550303969986 0.65990709885066279
vn 0.17883984238684289 0.67248917034671551 0.71817450981041886
vn 0.27728730582603617 0.86319575696411555 0.42190619240168287
vn 0.21214647289260183 0.95246376761446605 0.21864730828639287
vn 0.018468542786646065 -0.026952588718936094 0.99946609291595567
vn 0.016720892868557182 -0.028890068238003181 0.99944273257594984
vn 0.031290391778235144 0.013517874915672778 0.99941892039330971
vn 0.11801252929641731 0.2596043911484589 0.95847723135476726
vn 0.19995198369713538 0.47246816842020628 0.85836649168361423
vn 0.18541156647478008 0.44490200214401326 0.87617621487096786
vn 0.19548406008355315 0.51639098922873727 0.83374236338128827
vn 0.24087578401090379 0.67176654740667385 0.70050593321002597
vn 0.2413098966255513 0.67780082788254692 0.69451822979119848
vn 0.21264183097645209 0.66088139077096086 0.71973553410375857
vn 0.24542684135743639 0.70649966314052137 0.66379506741436523
vn 0.2340730031382427 0.78311183185211641 0.57614727979490321
vn 0.37943484050492998 0.86048963858426175 0.33998056370934665
vn 0.23178827353567283 0.92847025150711637 0.29020197848681933
vn 0.01678450538354586 -0.028890037441769587 0.999441667190058
vn 0.01848347834803421 -0.025368922135627532 0.99950726801651324
vn 0.067574921869888269 0.079177531159106376 0.9945675183183027
vn 0.20166280539687784 0.38198852789819238 0.90189626757938901
vn 0.23437581254469342 0.47027367426633626 0.85082938935256258
vn 0.21264330440662702 0.4334406149661747 0.87573515310781891
vn 0.2563240760560106 0.57071170426392293 0.78011929770401212
vn 0.28826465764139059 0.6842651322610801 0.66983932097676879
vn 0.26507292471806271 0.63670992409169436 0.72411105304681078
vn 0.25963495537029135 0.6873393357316625 0.67834676051841192
vn 0.25269731217354791 0.66058225661574699 0.70694777081812177
vn 0.18575380810269321 0.76858214413376602 0.61219033845209503
vn 0.19648875996208248 0.91766176518681919 0.3453824719391157
vn 0.2876800402033925 0.85954098357091213 0.42240915239909665
vn 0.016657218774132364 -0.029017252947343749 0.99944011130937727
vn 0.038873166592612744 0.0076354263663820842 0.9992149804637972
vn 0.16045173691130285 0.22647715210882463 0.96070981034588288
vn 0.2715135197832636 0.45084878060177236 0.85030334916710659
vn 0.25365163975174054 0.43184333588711726 0.86554732909364329
vn 0.2603586547710417 0.46561259236717395 0.84582402703809112
vn 0.3232706745192459 0.62341850913054631 0.71193077856580889
vn 0.33067445866577966 0.66551246753664262 0.6691394159212134
vn 0.29109549168918847 0.60561190136388809 0.7406062649239783
vn 0.31873681822251332 0.70000192480471501 0.63906505613989162
vn 0.35252954779384355 0.65303295569408137 0.67027671652066212
vn 0.44393294342624129 0.78733550471273861 0.42781578367289214
vn 0.02616478614367276 -0.011325569540744013 0.99959348509313206
vn 0.099819197268465207 0.10547609420884263 0.98939927299706798
vn 0.27186755014653957 0.38671022917389991 0.88121690509748418
vn 0.30521607249870136 0.44451089000524036 0.84217172699825105
vn 0.27245178362415345 0.41197145957874182 0.86951109371449575
vn 0.33130832610754551 0.53933898522283807 0.77417585345360362
vn 0.3769318060179796 0.64835298562185961 0.66148380150026709
vn 0.34664014281112215 0.61425534023129347 0.70889420112540247
vn 0.33826092188989521 0.63497087653713524 0.69454412003260113
vn 0.34359672875662534 0.66211348980897167 0.66599325417058897
vn 0.19015373672720634 0.74956371408719924 0.63403138323941333
vn 0.27585369153902095 0.89544338144398938 0.34940791561218082
vn 0.43871306000207877 0.78634546564182006 0.43496167606831937
vn 0.092599785178463748 0.081152631437367909 0.9923908152515788
vn 0.25653860763858194 0.30185110601983006 0.9181905317446174
vn 0.33621417533727532 0.43809732115883093 0.83368505174060303
vn 0.29618557940275736 0.39928868452811506 0.86766505574539565
vn 0.32843373625672845 0.46228882178428921 0.8236627502453534
vn 0.39632336439752153 0.60300447188327089 0.69232463318981141
vn 0.39802791620117423 0.63045593772587716 0.66640759937949101
vn 0.35498703839934587 0.57088208029920906 0.74032280321607591
vn 0.38804900098523054 0.6713812357132658 0.63139940542139639
vn 0.41768870276763836 0.61340717515069065 0.67027441026339141
vn 0.4872409856694831 0.7461426888990399 0.45372602932423989
vn 0.43589566414746655 0.86383560513168967 0.25255299896102285
vn 0.25953971896608402 0.29237859916776254 0.92040963110329477
vn 0.34065721340056909 0.41417846863712909 0.84404316185581507
vn 0.32789941200356526 0.40225200517939774 0.85479547257625899
vn 0.32523726793972718 0.41026318979733017 0.85200048981231347
vn 0.40160224829267871 0.54817468648468304 0.73363488689107825
vn 0.43851481080817123 0.62022800508300768 0.65040140099220745
vn 0.39370790322957561 0.56929757136190939 0.72173011727099401
vn 0.4092591197769998 0.61728733331010721 0.6719102030883678
vn 0.39665243552619461 0.62299574725923834 0.67419814912831177
vn 0.25786189985182922 0.73579457417813443 0.62618973579484916
vn 0.36101323690161052 0.86801062233135307 0.34092081529551532
vn 0.35641482136260566 0.41804184468883243 0.83558930773569617
vn 0.35908143497629658 0.40665214776241337 0.84005628012388556
vn 0.32881966099721366 0.38172874289403191 0.86380599522706469
vn 0.40233073036940026 0.49635174117032121 0.76926259004166797
vn 0.46182999757447346 0.59606619145712059 0.65682429061520342
vn 0.43307585879129934 0.58077295491437775 0.68930985439945702
vn 0.40832988052960695 0.55792782647454287 0.72248408225515204
vn 0.43638041908320796 0.64369110916155714 0.62867629653672186
vn 0.44779921081074209 0.61133490342534802 0.65249176443170287
vn 0.540521973581779 0.72686828841201989 0.42367261815727375
vn 0.50310452136062711 0.83389394801097894 0.22695092874266287
vn 0.36682541123222773 0.3941498051565534 0.84266544296616208
vn 0.33745489576921639 0.36746127102023307 0.86665818384273163
vn 0.39863485510389801 0.45339277627406355 0.79719837099607227
vn 0.47038709750590979 0.56822439256795199 0.67517184345227832
vn 0.46550310695980163 0.58249580353710406 0.66633737421251926
vn 0.41779991651572917 0.52536474891666007 0.74123890234875311
vn 0.4649890904299302 0.62225617352079943 0.62974788629768241
vn 0.41221239359097384 0.54038993653699663 0.73352549993816907
vn 0.42058877650816295 0.73738956618744711 0.52854678955912238
vn 0.37600736944422786 0.85255913541750428 0.36298950224460996
vn 0.71500684210215271 0.58614138558175199 0.38105575950956461
vn 0.34300669651794541 0.35870564984925013 0.86814553095093072
vn 0.39439599225728972 0.42137068053971849 0.81663856807824253
vn 0.4739979936689247 0.53952999955252645 0.69586872438749892
vn 0.49178351962550287 0.57648631478523715 0.65254310102098956
vn 0.44053556241936165 0.51806318419121855 0.73317048183182632
vn 0.47888237884744622 0.58422429785311392 0.65525081993649348
vn 0.45767319905691473 0.58031529868990672 0.67362407689411918
vn 0.48878150766515543 0.64845093038259838 0.58361290994161552
vn 0.5982667564867632 0.72650840295193786 0.33802726002947259
vn 0.5557897963301629 0.80126389239896523 0.22152624456920605
vn 0.40534691107330523 0.42130113869106267 0.81129478749770356
vn 0.47674045580943186 0.5137904261836036 0.71325867380403163
vn 0.51085589097533957 0.56621041700402797 0.64686321763717314
vn 0.46355531752312301 0.51968818541965878 0.7176633316056068
vn 0.47900799993267218 0.54764724033683032 0.68602757681594351
vn 0.48696785666654663 0.59214119670514764 0.64205226402387638
vn 0.48531194060859084 0.59497933964630245 0.64068081420998801
vn 0.61297771811468904 0.66568726912712262 0.42558051743117009
vn 0.46479740219574495 0.82275244688088733 0.32717241030319083
vn 0.5960688416083062 0.70985586725126137 0.37524203361655989
vn 0.49250415130711667 0.51745925977279372 0.69976822978801279
vn 0.52426371264931604 0.55444013814739135 0.6463309468145999
vn 0.48320882762358819 0.51955763467997929 0.70467658762895091
vn 0.47556992316711344 0.51895936932223952 0.71029178593834896
vn 0.50913740829871601 0.58811642742822734 0.62840923549859229
vn 0.50853207384092503 0.55523581310832137 0.6581096578207839
vn 0.59780710035339268 0.64729012095440241 0.47290820470986084
vn 0.43173175886254611 0.83367372232216908 0.34437742826577805
vn 0.73109699965817532 0.57432655669081445 0.36830175586125929
vn 0.53392302571163708 0.55068385145625953 0.64161787565515283
vn 0.49913628351451189 0.51656410913048489 0.6957186871412534
vn 0.4750362781664958 0.49710970288968598 0.72610087296370329
vn 0.52613107088974398 0.57813664722812208 0.62365384098571619
vn 0.52068115536197968 0.54452689530809884 0.65755729388170936
vn 0.58932155315991752 0.63117201542925516 0.50430347403141562
vn 0.43248220133064297 0.82152443759851523 0.37155987937430007
vn 0.78209370613337192 0.50295996204291082 0.36791400001679797
vn 0.4948980451076711 0.49902038932695791 0.71137513028259347
vn 0.47743944924357529 0.48118584007191556 0.73519504869134988
vn 0.53868716025901664 0.56649555790817718 0.62361761219707368
vn 0.47418899365685241 0.4899744341586626 0.73148469031525187
vn 0.47756478583552886 0.69669466331462993 0.53530217768918131
vn 0.61325726683553727 0.6633823106357386 0.42876501094305164
vn 0.48182063757191523 0.47568031842736269 0.73591922645806429
vn 0.54746724638878019 0.55540690507803903 0.62594151797362085
vn 0.49453199143696891 0.49860663070453803 0.71191961432654327
vn 0.56659601014170424 0.59092623233825947 0.57426052382695714
vn 0.64685701309368404 0.68162671952307707 0.34199564301862956
vn 0.65081742653064112 0.73098947844787499 0.20516105800696521
vn 0.56849456264259246 0.56749995537672171 0.59561542365290232
vn 0.50874885791656899 0.50167979496088 0.6996370365386585
vn 0.56010355020678393 0.56930625557764325 0.60180927244926996
vn 0.64842632591022753 0.66744228322225996 0.36614764567537517
vn 0.66420534750079152 0.71909430216594494 0.20429057967470185
vn 0.61739003160619332 0.71094229319954771 0.33673521439474108
vn 0.47088018637658552 0.45286848428688453 0.75708783243270539
vn 0.55836387623927908 0.55282619057764704 0.61855717983259562
vn 0.65039423256013795 0.65629229641238762 0.38244968809277891
vn 0.67503971016231024 0.70863350814500159 0.20532886021719415
vn 0.63531266157062483 0.69346669448607257 0.33982608152790289
vn 0.60153854702514598 0.59094124016511307 0.53753123361809807
vn 0.65267289165393338 0.64814493953887131 0.39233433937172202
vn 0.68395435288330586 0.69971226829235178 0.20641992339197807
vn 0.65033997016227907 0.67856257273199716 0.34148317395833544
vn 0.57502029948046129 0.74024323077436804 0.34841299412927507
vn 0.69132467463886738 0.69229049851452562 0.20689142056154475
vn 0.66245206138158819 0.66642225270007449 0.3421091163319715
vn -0.082779026859707741 0.97525559939612649 0.20499792330329067
vn -0.082597175502860234 0.97408184358489103 0.21057603994094257
vn -0.082242051442902309 0.9717497838782182 0.22122070994167617
vn -0.079435259957411838 0.95183686109177501 0.29613616689363625
vn -0.078152639627472126 0.94206632387814182 0.32619504339272631
vn -0.07681174029461621 0.93151226271340881 0.35550648512714617
vn -0.075418529294401376 0.92023587719839106 0.38402861319956016
vn -0.073986629215616675 0.90836371835407581 0.41158393296540169
vn -0.07253748294457385 0.89609522931271546 0.4378945690129733
vn -0.082810261952141917 0.97545574781140265 0.2040307441958554
vn -0.082685053567122233 0.97465084110922928 0.20789160599137735
vn -0.08240204978700609 0.97280681777711564 0.21646430993875565
vn -0.081908412876018258 0.96951707070501258 0.23092782749530899
f 75//75 76//76 4//4
f 76//76 75//75 77//77
f 77//77 78//78 79//79
f 79//79 76//76 77//77
f 78//78 80//80 3//3
f 3//3 79//79 78//78
f 78//78 77//77 81//81
f 81//81 82//82 78//78
f 83//83 84//84 80//80
f 80//80 78//78 82//82
f 82//82 83//83 80//80
f 2//2 1//1 84//84
f 84//84 83//83 2//2
f 82//82 81//81 85//85
f 85//85 86//86 82//82
f 83//83 82//82 86//86
f 86//86 87//87 83//83
f 88//88 89//89 2//2
f 2//2 83//83 87//87
f 87//87 88//88 2//2
f 90//90 7//7 89//89
f 89//89 88//88 90//90
f 86//86 85//85 91//91
f 91//91 92//92 86//86
f 87//87 86//86 92//92
f 92//92 93//93 87//87
f 88//88 87//87 93//93
f 93//93 94//94 88//88
f 95//95 96//96 90//90
f 90//90 88//88 94//94
f 94//94 95//95 90//90
f 97//97 9//9 96//96
f 96//96 95//95 97//97
f 92//92 91//91 98//98
f 98//98 99//99 92//92
f 93//93 92//92 99//99
f 99//99 100//100 93//93
f 94//94 93//93 100//100
f 100//100 101//101 94//94
f 95//95 94//94 101//101
f 101//101 102//102 95//95
f 103//103 104//104 97//97
f 97//97 95//95 102//102
f 102//102 103//103 97//97
f 105//105 11//11 104//104
f 104//104 103//103 105//105
f 99//99 98//98 106//106
f 106//106 107//107 99//99
f 100//100 99//99 107//107
f 107//107 108//108 100//100
f 101//101 100//100 108//108
f 108//108 109//109 101//101
f 102//102 101//101 109//109
f 109//109 110//110 102//102
f 103//103 102//102 110//110
f 110//110 111//111 103//103
f 112//112 113//113 105//105
f 105//105 103//103 111//111
f 111//111 112//112 105//105
f 114//114 12//12 113//113
f 113//113 112//112 114//114
f 107//107 106//106 115//115
f 115//115 116//116 107//107
f 108//108 107//107 116//116
f 116//116 117//117 108//108
f 109//109 108//108 117//117
f 117//117 118//118 109//109
f 110//110 109//109 118//118
f 118//118 119//119 110//110
f 111//111 110//110 119//119
f 119//119 120//120 111//111
f 112//112 111//111 120//120
f 120//120 121//121 112//112
f 122//122 123//123 114//114
f 114//114 112//112 121//121
f 121//121 122//122 114//114
f 122//122 124//124 123//123
f 116//116 115//115 125//125
f 125//125 126//126 116//116
f 117//117 116//116 126//126
f 126//126 127//127 117//117
f 118//118 117//117 127//127
f 127//127 128//128 118//118
f 119//119 118//118 128//128
f 128//128 129//129 119//119
f 120//120 119//119 129//129
f 129//129 130//130 120//120
f 121//121 120//120 130//130
f 130//130 131//131 121//121
f 122//122 121//121 131//131
f 131//131 132//132 122//122
f 133//133 14//14 124//124
f 124//124 122//122 132//132
f 132//132 133//133 124//124
f 126//126 125//125 134//134
f 134//134 135//135 126//126
f 127//127 126//126 135//135
f 135//135 136//136 127//127
f 128//128 127//127 136//136
f 136//136 137//137 128//128
f 129//129 128//128 137//137
f 137//137 138//138 129//129
f 130//130 129//129 138//138
f 138//138 139//139 130//130
f 131//131 130//130 139//139
f 139//139 140//140 131//131
f 132//132 131//131 140//140
f 140//140 141//141 132//132
f 142//142 13//13 133//133
f 133//133 132//132 141//141
f 141//141 143//143 142//142
f 142//142 133//133 141//141
f 143//143 144//144 142//142
f 135//135 134//134 145//145
f 145//145 146//146 135//135
f 136//136 135//135 146//146
f 146//146 147//147 136//136
f 137//137 136//136 147//147
f 147//147 148//148 137//137
f 138//138 137//137 148//148
f 148//148 149//149 138//138
f 139//139 138//138 149//149
f 149//149 150//150 139//139
f 140//140 139//139 150//150
f 150//150 151//151 140//140
f 141//141 140//140 151//151
f 151//151 152//152 141//141
f 143//143 141//141 152//152
f 152//152 153//153 143//143
f 154//154 10//10 144//144
f 144//144 143//143 153//153
f 153//153 154//154 144//144
f 146//146 145//145 155//155
f 155//155 156//156 146//146
f 147//147 146//146 156//156
f 156//156 157//157 147//147
f 148//148 147//147 157//157
f 157//157 158//158 148//148
f 149//149 148//148 158//158
f 158//158 159//159 149//149
f 150//150 149//149 159//159
f 159//159 160//160 150//150
f 151//151 150//150 160//160
f 160//160 161//161 151//151
f 152//152 151//151 161//161
f 161//161 162//162 152//152
f 153//153 152//152 162//162
f 162//162 163//163 153//153
f 164//164 8//8 154//154
f 154//154 153//153 163//163
f 163//163 165//165 164//164
f 164//164 154//154 163//163
f 165//165 166//166 164//164
f 156//156 155//155 167//167
f 167//167 168//168 156//156
f 157//157 156//156 168//168
f 168//168 169//169 157//157
f 158//158 157//157 169//169
f 169//169 170//170 158//158
f 159//159 158//158 170//170
f 170//170 171//171 159//159
f 160//160 159//159 171//171
f 171//171 172//172 160//160
f 161//161 160//160 172//172
f 172//172 173//173 161//161
f 162//162 161//161 173//173
f 173//173 174//174 162//162
f 163//163 162//162 174//174
f 174//174 175//175 163//163
f 165//165 163//163 175//175
f 175//175 176//176 165//165
f 6//6 5//5 166//166
f 166//166 165//165 176//176
f 176//176 6//6 166//166
f 168//168 167//167 177//177
f 177//177 178//178 168//168
f 169//169 168//168 178//178
f 178//178 179//179 169//169
f 170//170 169//169 179//179
f 179//179 180//180 170//170
f 171//171 170//170 180//180
f 180//180 181//181 171//171
f 172//172 171//171 181//181
f 181//181 182//182 172//172
f 173//173 172//172 182//182
f 182//182 183//183 173//173
f 174//174 173//173 183//183
f 183//183 184//184 174//174
f 175//175 174//174 184//184
f 184//184 185//185 175//175
f 176//176 175//175 185//185
f 185//185 186//186 176//176
f 187//187 15//15 6//6
f 6//6 176//176 186//186
f 186//186 187//187 6//6
f 178//178 177//177 188//188
f 188//188 189//189 178//178
f 179//179 178//178 189//189
f 189//189 190//190 179//179
f 180//180 179//179 190//190
f 190//190 191//191 180//180
f 181//181 180//180 191//191
f 191//191 192//192 181//181
f 182//182 181//181 192//192
f 192//192 193//193 182//182
f 183//183 182//182 193//193
f 193//193 194//194 183//183
f 184//184 183//183 194//194
f 194//194 195//195 184//184
f 185//185 184//184 195//195
f 195//195 196//196 185//185
f 186//186 185//185 196//196
f 196//196 197//197 186//186
f 198//198 16//16 187//187
f 187//187 186//186 197//197
f 197//197 198//198 187//187
f 199//199 19//19 16//16
f 16//16 198//198 199//199
f 189//189 188//188 200//200
f 200//200 201//201 189//189
f 190//190 189//189 201//201
f 201//201 202//202 190//190
f 191//191 190//190 202//202
f 202//202 203//203 191//191
f 192//192 191//191 203//203
f 203//203 204//204 192//192
f 193//193 192//192 204//204
f 204//204 205//205 193//193
f 194//194 193//193 205//205
f 205//205 206//206 194//194
f 195//195 194//194 206//206
f 206//206 207//207 195//195
f 196//196 195//195 207//207
f 207//207 208//208 196//196
f 197//197 196//196 208//208
f 208//208 209//209 197//197
f 198//198 197//197 209//209
f 209//209 210//210 198//198
f 211//211 22//22 199//199
f 199//199 198//198 210//210
f 210//210 211//211 199//199
f 201//201 200//200 212//212
f 212//212 213//213 201//201
f 202//202 201//201 213//213
f 213//213 214//214 202//202
f 203//203 202//202 214//214
f 214//214 215//215 203//203
f 204//204 203//203 215//215
f 215//215 216//216 204//204
f 205//205 204//204 216//216
f 216//216 217//217 205//205
f 206//206 205//205 217//217
f 217//217 218//218 206//206
f 207//207 206//206 218//218
f 218//218 219//219 207//207
f 208//208 207//207 219//219
f 219//219 220//220 208//208
f 209//209 208//208 220//220
f 220//220 221//221 209//209
f 210//210 209//209 221//221
f 221//221 222//222 210//210
f 223//223 24//24 211//211
f 211//211 210//210 222//222
f 222//222 223//223 211//211
f 213//213 212//212 224//224
f 224//224 225//225 213//213
f 214//214 213//213 225//225
f 225//225 226//226 214//214
f 215//215 214//214 226//226
f 226//226 227//227 215//215
f 216//216 215//215 227//227
f 227//227 228//228 216//216
f 217//217 216//216 228//228
f 228//228 229//229 217//217
f 218//218 217//217 229//229
f 229//229 230//230 218//218
f 219//219 218//218 230//230
f 230//230 231//231 219//219
f 220//220 219//219 231//231
f 231//231 232//232 220//220
f 221//221 220//220 232//232
f 232//232 233//233 221//221
f 222//222 221//221 233//233
f 233//233 234//234 222//222
f 235//235 26//26 223//223
f 223//223 222//222 234//234
f 234//234 235//235 223//223
f 225//225 224//224 236//236
f 236//236 237//237 225//225
f 226//226 225//225 237//237
f 237//237 238//238 226//226
f 227//227 226//226 238//238
f 238//238 239//239 227//227
f 228//228 227//227 239//239
f 239//239 240//240 228//228
f 229//229 228//228 240//240
f 240//240 241//241 229//229
f 230//230 229//229 241//241
f 241//241 242//242 230//230
f 231//231 230//230 242//242
f 242//242 243//243 231//231
f 232//232 231//231 243//243
f 243//243 244//244 232//232
f 233//233 232//232 244//244
f 244//244 245//245 233//233
f 234//234 233//233 245//245
f 245//245 246//246 234//234
f 247//247 25//25 235//235
f 235//235 234//234 246//246
f 246//246 247//247 235//235
f 237//237 236//236 248//248
f 248//248 249//249 237//237
f 238//238 237//237 249//249
f 249//249 250//250 238//238
f 239//239 238//238 250//250
f 250//250 251//251 239//239
f 240//240 239//239 251//251
f 251//251 252//252 240//240
f 241//241 240//240 252//252
f 252//252 253//253 241//241
f 242//242 241//241 253//253
f 253//253 254//254 242//242
f 243//243 242//242 254//254
f 254//254 255//255 243//243
f 244//244 243//243 255//255
f 255//255 256//256 244//244
f 245//245 244//244 256//256
f 256//256 257//257 245//245
f 246//246 245//245 257//257
f 257//257 258//258 246//246
f 259//259 23//23 247//247
f 247//247 246//246 258//258
f 258//258 259//259 247//247
f 249//249 248//248 260//260
f 260//260 261//261 249//249
f 250//250 249//249 261//261
f 261//261 262//262 250//250
f 251//251 250//250 262//262
f 262//262 263//263 251//251
f 252//252 251//251 263//263
f 263//263 264//264 252//252
f 253//253 252//252 264//264
f 264//264 265//265 253//253
f 254//254 253//253 265//265
f 265//265 266//266 254//254
f 255//255 254//254 266//266
f 266//266 267//267 255//255
f 256//256 255//255 267//267
f 267//267 268//268 256//256
f 257//257 256//256 268//268
f 268//268 269//269 257//257
f 258//258 257//257 269//269
f 269//269 270//270 258//258
f 271//271 21//21 259//259
f 259//259 258//258 270//270
f 270//270 271//271 259//259
f 261//261 260//260 272//272
f 272//272 273//273 261//261
f 262//262 261//261 273//273
f 273//273 274//274 262//262
f 263//263 262//262 274//274
f 274//274 275//275 263//263
f 264//264 263//263 275//275
f 275//275 276//276 264//264
f 265//265 264//264 276//276
f 276//276 277//277 265//265
f 266//266 265//265 277//277
f 277//277 278//278 266//266
f 267//267 266//266 278//278
f 278//278 279//279 267//267
f 268//268 267//267 279//279
f 279//279 280//280 268//268
f 269//269 268//268 280//280
f 280//280 281//281 269//269
f 270//270 269//269 281//281
f 281//281 282//282 270//270
f 283//283 284//284 271//271
f 271//271 270//270 282//282
f 282//282 283//283 271//271
f 285//285 20//20 284//284
f 284//284 283//283 285//285
f 273//273 272//272 286//286
f 286//286 287//287 273//273
f 274//274 273//273 287//287
f 287//287 288//288 274//274
f 275//275 274//274 288//288
f 288//288 289//289 275//275
f 276//276 275//275 289//289
f 289//289 290//290 276//276
f 277//277 276//276 290//290
f 290//290 291//291 277//277
f 278//278 277//277 291//291
f 291//291 292//292 278//278
f 279//279 278//278 292//292
f 292//292 293//293 279//279
f 280//280 279//279 293//293
f 293//293 294//294 280//280
f 281//281 280//280 294//294
f 294//294 295//295 281//281
f 282//282 281//281 295//295
f 295//295 296//296 282//282
f 283//283 282//282 296//296
f 296//296 297//297 283//283
f 285//285 283//283 297//297
f 297//297 18//18 841//841
f 18//18 17//17 841//841
f 17//17 285//285 841//841
f 285//285 297//297 841//841
f 287//287 286//286 298//298
f 298//298 299//299 287//287
f 288//288 287//287 299//299
f 299//299 300//300 288//288
f 289//289 288//288 300//300
f 300//300 301//301 289//289
f 290//290 289//289 301//301
f 301//301 302//302 290//290
f 291//291 290//290 302//302
f 302//302 303//303 291//291
f 292//292 291//291 303//303
f 303//303 304//304 292//292
f 293//293 292//292 304//304
f 304//304 305//305 293//293
f 294//294 293//293 305//305
f 305//305 306//306 294//294
f 295//295 294//294 306//306
f 306//306 307//307 295//295
f 296//296 295//295 307//307
f 307//307 308//308 296//296
f 297//297 296//296 308//308
f 308//308 309//309 297//297
f 18//18 297//297 309//309
f 309//309 310//310 842//842
f 310//310 30//30 842//842
f 30//30 18//18 842//842
f 18//18 309//309 842//842
f 299//299 298//298 311//311
f 311//311 312//312 299//299
f 300//300 299//299 312//312
f 312//312 313//313 300//300
f 301//301 300//300 313//313
f 313//313 314//314 301//301
f 302//302 301//301 314//314
f 314//314 315//315 302//302
f 303//303 302//302 315//315
f 315//315 316//316 303//303
f 304//304 303//303 316//316
f 316//316 317//317 304//304
f 305//305 304//304 317//317
f 317//317 318//318 305//305
f 306//306 305//305 318//318
f 318//318 319//319 306//306
f 307//307 306//306 319//319
f 319//319 320//320 307//307
f 308//308 307//307 320//320
f 320//320 321//321 308//308
f 309//309 308//308 321//321
f 321//321 322//322 309//309
f 310//310 309//309 322//322
f 322//322 323//323 843//843
f 323//323 32//32 843//843
f 32//32 310//310 843//843
f 310//310 322//322 843//843
f 312//312 311//311 324//324
f 324//324 325//325 312//312
f 313//313 312//312 325//325
f 325//325 326//326 313//313
f 314//314 313//313 326//326
f 326//326 327//327 314//314
f 315//315 314//314 327//327
f 327//327 328//328 315//315
f 316//316 315//315 328//328
f 328//328 329//329 316//316
f 317//317 316//316 329//329
f 329//329 330//330 317//317
f 318//318 317//317 330//330
f 330//330 331//331 318//318
f 319//319 318//318 331//331
f 331//331 332//332 319//319
f 320//320 319//319 332//332
f 332//332 333//333 320//320
f 321//321 320//320 333//333
f 333//333 334//334 321//321
f 322//322 321//321 334//334
f 334//334 335//335 322//322
f 34//34 323//323 322//322
f 322//322 335//335 336//336
f 336//336 34//34 322//322
f 325//325 324//324 337//337
f 337//337 338//338 325//325
f 326//326 325//325 338//338
f 338//338 339//339 326//326
f 327//327 326//326 339//339
f 339//339 340//340 327//327
f 328//328 327//327 340//340
f 340//340 341//341 328//328
f 329//329 328//328 341//341
f 341//341 342//342 329//329
f 330//330 329//329 342//342
f 342//342 343//343 330//330
f 331//331 330//330 343//343
f 343//343 344//344 331//331
f 332//332 331//331 344//344
f 344//344 345//345 332//332
f 333//333 332//332 345//345
f 345//345 346//346 333//333
f 334//334 333//333 346//346
f 346//346 347//347 334//334
f 335//335 334//334 347//347
f 347//347 348//348 335//335
f 348//348 349//349 336//336
f 336//336 335//335 348//348
f 338//338 337//337 350//350
f 350//350 351//351 338//338
f 339//339 338//338 351//351
f 351//351 352//352 339//339
f 340//340 339//339 352//352
f 352//352 353//353 340//340
f 341//341 340//340 353//353
f 353//353 354//354 341//341
f 342//342 341//341 354//354
f 354//354 355//355 342//342
f 343//343 342//342 355//355
f 355//355 356//356 343//343
f 344//344 343//343 356//356
f 356//356 357//357 344//344
f 345//345 344//344 357//357
f 357//357 358//358 345//345
f 346//346 345//345 358//358
f 358//358 359//359 346//346
f 347//347 346//346 359//359
f 359//359 360//360 347//347
f 348//348 347//347 360//360
f 360//360 361//361 348//348
f 349//349 348//348 361//361
f 361//361 362//362 844//844
f 362//362 36//36 844//844
f 36//36 349//349 844//844
f 349//349 361//361 844//844
f 351//351 350//350 363//363
f 363//363 364//364 351//351
f 352//352 351//351 364//364
f 364//364 365//365 352//352
f 353//353 352//352 365//365
f 365//365 366//366 353//353
f 354//354 353//353 366//366
f 366//366 367//367 354//354
f 355//355 354//354 367//367
f 367//367 368//368 355//355
f 356//356 355//355 368//368
f 368//368 369//369 356//356
f 357//357 356//356 369//369
f 369//369 370//370 357//357
f 358//358 357//357 370//370
f 370//370 371//371 358//358
f 359//359 358//358 371//371
f 371//371 372//372 359//359
f 360//360 359//359 372//372
f 372//372 373//373 360//360
f 361//361 360//360 373//373
f 373//373 374//374 361//361
f 362//362 361//361 374//374
f 374//374 375//375 845//845
f 375//375 35//35 845//845
f 35//35 362//362 845//845
f 362//362 374//374 845//845
f 364//364 363//363 376//376
f 376//376 377//377 364//364
f 365//365 364//364 377//377
f 377//377 378//378 365//365
f 366//366 365//365 378//378
f 378//378 379//379 366//366
f 367//367 366//366 379//379
f 379//379 380//380 367//367
f 368//368 367//367 380//380
f 380//380 381//381 368//368
f 369//369 368//368 381//381
f 381//381 382//382 369//369
f 370//370 369//369 382//382
f 382//382 383//383 370//370
f 371//371 370//370 383//383
f 383//383 384//384 371//371
f 372//372 371//371 384//384
f 384//384 385//385 372//372
f 373//373 372//372 385//385
f 385//385 386//386 373//373
f 374//374 373//373 386//386
f 386//386 387//387 374//374
f 375//375 374//374 387//387
f 387//387 388//388 846//846
f 388//388 33//33 846//846
f 33//33 375//375 846//846
f 375//375 387//387 846//846
f 377//377 376//376 389//389
f 389//389 390//390 377//377
f 378//378 377//377 390//390
f 390//390 391//391 378//378
f 379//379 378//378 391//391
f 391//391 392//392 379//379
f 380//380 379//379 392//392
f 392//392 393//393 380//380
f 381//381 380//380 393//393
f 393//393 394//394 381//381
f 382//382 381//381 394//394
f 394//394 395//395 382//382
f 383//383 382//382 395//395
f 395//395 396//396 383//383
f 384//384 383//383 396//396
f 396//396 397//397 384//384
f 385//385 384//384 397//397
f 397//397 398//398 385//385
f 386//386 385//385 398//398
f 398//398 399//399 386//386
f 387//387 386//386 399//399
f 399//399 400//400 387//387
f 388//388 387//387 400//400
f 400//400 401//401 847//847
f 401//401 31//31 847//847
f 31//31 388//388 847//847
f 388//388 400//400 847//847
f 390//390 389//389 402//402
f 402//402 403//403 390//390
f 391//391 390//390 403//403
f 403//403 404//404 391//391
f 392//392 391//391 404//404
f 404//404 405//405 392//392
f 393//393 392//392 405//405
f 405//405 406//406 393//393
f 394//394 393//393 406//406
f 406//406 407//407 394//394
f 395//395 394//394 407//407
f 407//407 408//408 395//395
f 396//396 395//395 408//408
f 408//408 409//409 396//396
f 397//397 396//396 409//409
f 409//409 410//410 397//397
f 398//398 397//397 410//410
f 410//410 411//411 398//398
f 399//399 398//398 411//411
f 411//411 412//412 399//399
f 400//400 399//399 412//412
f 412//412 413//413 400//400
f 401//401 400//400 413//413
f 413//413 414//414 848//848
f 414//414 29//29 848//848
f 29//29 401//401 848//848
f 401//401 413//413 848//848
f 403//403 402//402 415//415
f 415//415 416//416 403//403
f 404//404 403//403 416//416
f 416//416 417//417 404//404
f 405//405 404//404 417//417
f 417//417 418//418 405//405
f 406//406 405//405 418//418
f 418//418 419//419 406//406
f 407//407 406//406 419//419
f 419//419 420//420 407//407
f 408//408 407//407 420//420
f 420//420 421//421 408//408
f 409//409 408//408 421//421
f 421//421 422//422 409//409
f 410//410 409//409 422//422
f 422//422 423//423 410//410
f 411//411 410//410 423//423
f 423//423 424//424 411//411
f 412//412 411//411 424//424
f 424//424 425//425 412//412
f 413//413 412//412 425//425
f 425//425 426//426 413//413
f 414//414 413//413 426//426
f 426//426 427//427 428//428
f 428//428 27//27 849//849
f 27//27 414//414 849//849
f 414//414 426//426 849//849
f 426//426 428//428 849//849
f 427//427 28//28 428//428
f 416//416 415//415 429//429
f 429//429 430//430 416//416
f 417//417 416//416 430//430
f 430//430 431//431 417//417
f 418//418 417//417 431//431
f 431//431 432//432 418//418
f 419//419 418//418 432//432
f 432//432 433//433 419//419
f 420//420 419//419 433//433
f 433//433 434//434 420//420
f 421//421 420//420 434//434
f 434//434 435//435 421//421
f 422//422 421//421 435//435
f 435//435 436//436 422//422
f 423//423 422//422 436//436
f 436//436 437//437 423//423
f 424//424 423//423 437//437
f 437//437 438//438 424//424
f 425//425 424//424 438//438
f 438//438 439//439 425//425
f 426//426 425//425 439//439
f 439//439 440//440 426//426
f 427//427 426//426 440//440
f 440//440 441//441 427//427
f 28//28 427//427 441//441
f 441//441 442//442 850//850
f 442//442 40//40 850//850
f 40//40 28//28 850//850
f 28//28 441//441 850//850
f 430//430 429//429 443//443
f 443//443 444//444 430//430
f 431//431 430//430 444//444
f 444//444 445//445 431//431
f 432//432 431//431 445//445
f 445//445 446//446 432//432
f 433//433 432//432 446//446
f 446//446 447//447 433//433
f 434//434 433//433 447//447
f 447//447 448//448 434//434
f 435//435 434//434 448//448
f 448//448 449//449 435//435
f 436//436 435//435 449//449
f 449//449 450//450 436//436
f 437//437 436//436 450//450
f 450//450 451//451 437//437
f 438//438 437//437 451//451
f 451//451 452//452 438//438
f 439//439 438//438 452//452
f 452//452 453//453 439//439
f 440//440 439//439 453//453
f 453//453 454//454 440//440
f 441//441 440//440 454//454
f 454//454 455//455 441//441
f 442//442 441//441 455//455
f 455//455 456//456 851//851
f 456//456 42//42 851//851
f 42//42 442//442 851//851
f 442//442 455//455 851//851
f 444//444 443//443 457//457
f 457//457 458//458 444//444
f 445//445 444//444 458//458
f 458//458 459//459 445//445
f 446//446 445//445 459//459
f 459//459 460//460 446//446
f 447//447 446//446 460//460
f 460//460 461//461 447//447
f 448//448 447//447 461//461
f 461//461 462//462 448//448
f 449//449 448//448 462//462
f 462//462 463//463 449//449
f 450//450 449//449 463//463
f 463//463 464//464 450//450
f 451//451 450//450 464//464
f 464//464 465//465 451//451
f 452//452 451//451 465//465
f 465//465 466//466 452//452
f 453//453 452//452 466//466
f 466//466 467//467 453//453
f 454//454 453//453 467//467
f 467//467 468//468 454//454
f 455//455 454//454 468//468
f 468//468 469//469 455//455
f 456//456 455//455 469//469
f 469//469 470//470 852//852
f 470//470 44//44 852//852
f 44//44 456//456 852//852
f 456//456 469//469 852//852
f 458//458 457//457 471//471
f 471//471 472//472 458//458
f 459//459 458//458 472//472
f 472//472 473//473 459//459
f 460//460 459//459 473//473
f 473//473 474//474 460//460
f 461//461 460//460 474//474
f 474//474 475//475 461//461
f 462//462 461//461 475//475
f 475//475 476//476 462//462
f 463//463 462//462 476//476
f 476//476 477//477 463//463
f 464//464 463//463 477//477
f 477//477 478//478 464//464
f 465//465 464//464 478//478
f 478//478 479//479 465//465
f 466//466 465//465 479//479
f 479//479 480//480 466//466
f 467//467 466//466 480//480
f 480//480 481//481 467//467
f 468//468 467//467 481//481
f 481//481 482//482 468//468
f 469//469 468//468 482//482
f 482//482 483//483 469//469
f 470//470 469//469 483//483
f 483//483 484//484 853//853
f 484//484 46//46 853//853
f 46//46 470//470 853//853
f 470//470 483//483 853//853
f 472//472 471//471 485//485
f 485//485 486//486 472//472
f 473//473 472//472 486//486
f 486//486 487//487 473//473
f 474//474 473//473 487//487
f 487//487 488//488 474//474
f 475//475 474//474 488//488
f 488//488 489//489 475//475
f 476//476 475//475 489//489
f 489//489 490//490 476//476
f 477//477 476//476 490//490
f 490//490 491//491 477//477
f 478//478 477//477 491//491
f 491//491 492//492 478//478
f 479//479 478//478 492//492
f 492//492 493//493 479//479
f 480//480 479//479 493//493
f 493//493 494//494 480//480
f 481//481 480//480 494//494
f 494//494 495//495 481//481
f 482//482 481//481 495//495
f 495//495 496//496 482//482
f 483//483 482//482 496//496
f 496//496 497//497 483//483
f 498//498 47//47 484//484
f 484//484 483//483 497//497
f 497//497 498//498 484//484
f 485//485 499//499 500//500
f 500//500 501//501 486//486
f 486//486 485//485 500//500
f 487//487 486//486 501//501
f 501//501 502//502 487//487
f 488//488 487//487 502//502
f 502//502 503//503 488//488
f 489//489 488//488 503//503
f 503//503 504//504 489//489
f 490//490 489//489 504//504
f 504//504 505//505 490//490
f 491//491 490//490 505//505
f 505//505 506//506 491//491
f 492//492 491//491 506//506
f 506//506 507//507 492//492
f 493//493 492//492 507//507
f 507//507 508//508 493//493
f 494//494 493//493 508//508
f 508//508 509//509 494//494
f 495//495 494//494 509//509
f 509//509 510//510 495//495
f 496//496 495//495 510//510
f 510//510 511//511 496//496
f 497//497 496//496 511//511
f 511//511 512//512 497//497
f 513//513 45//45 498//498
f 498//498 497//497 512//512
f 512//512 513//513 498//498
f 514//514 515//515 516//516
f 516//516 501//501 500//500
f 500//500 514//514 516//516
f 502//502 501//501 516//516
f 516//516 517//517 502//502
f 503//503 502//502 517//517
f 517//517 518//518 503//503
f 504//504 503//503 518//518
f 518//518 519//519 504//504
f 505//505 504//504 519//519
f 519//519 520//520 505//505
f 506//506 505//505 520//520
f 520//520 521//521 506//506
f 507//507 506//506 521//521
f 521//521 522//522 507//507
f 508//508 507//507 522//522
f 522//522 523//523 508//508
f 509//509 508//508 523//523
f 523//523 524//524 509//509
f 510//510 509//509 524//524
f 524//524 525//525 510//510
f 511//511 510//510 525//525
f 525//525 526//526 511//511
f 512//512 511//511 526//526
f 526//526 527//527 512//512
f 528//528 43//43 513//513
f 513//513 512//512 527//527
f 527//527 528//528 513//513
f 529//529 530//530 531//531
f 531//531 516//516 515//515
f 515//515 529//529 531//531
f 517//517 516//516 531//531
f 531//531 532//532 517//517
f 518//518 517//517 532//532
f 532//532 533//533 518//518
f 519//519 518//518 533//533
f 533//533 534//534 519//519
f 520//520 519//519 534//534
f 534//534 535//535 520//520
f 521//521 520//520 535//535
f 535//535 536//536 521//521
f 522//522 521//521 536//536
f 536//536 537//537 522//522
f 523//523 522//522 537//537
f 537//537 538//538 523//523
f 524//524 523//523 538//538
f 538//538 539//539 524//524
f 525//525 524//524 539//539
f 539//539 540//540 525//525
f 526//526 525//525 540//540
f 540//540 541//541 526//526
f 527//527 526//526 541//541
f 541//541 542//542 527//527
f 543//543 41//41 528//528
f 528//528 527//527 542//542
f 542//542 543//543 528//528
f 544//544 545//545 546//546
f 546//546 531//531 530//530
f 530//530 544//544 546//546
f 532//532 531//531 546//546
f 546//546 547//547 532//532
f 533//533 532//532 547//547
f 547//547 548//548 533//533
f 534//534 533//533 548//548
f 548//548 549//549 534//534
f 535//535 534//534 549//549
f 549//549 550//550 535//535
f 536//536 535//535 550//550
f 550//550 551//551 536//536
f 537//537 536//536 551//551
f 551//551 552//552 537//537
f 538//538 537//537 552//552
f 552//552 553//553 538//538
f 539//539 538//538 553//553
f 553//553 554//554 539//539
f 540//540 539//539 554//554
f 554//554 555//555 540//540
f 541//541 540//540 555//555
f 555//555 556//556 541//541
f 542//542 541//541 556//556
f 556//556 557//557 542//542
f 558//558 39//39 543//543
f 543//543 542//542 557//557
f 557//557 558//558 543//543
f 559//559 560//560 561//561
f 561//561 546//546 545//545
f 545//545 559//559 561//561
f 547//547 546//546 561//561
f 561//561 562//562 547//547
f 548//548 547//547 562//562
f 562//562 563//563 548//548
f 549//549 548//548 563//563
f 563//563 564//564 549//549
f 550//550 549//549 564//564
f 564//564 565//565 550//550
f 551//551 550//550 565//565
f 565//565 566//566 551//551
f 552//552 551//551 566//566
f 566//566 567//567 552//552
f 553//553 552//552 567//567
f 567//567 568//568 553//553
f 554//554 553//553 568//568
f 568//568 569//569 554//554
f 555//555 554//554 569//569
f 569//569 570//570 555//555
f 556//556 555//555 570//570
f 570//570 571//571 556//556
f 557//557 556//556 571//571
f 571//571 572//572 557//557
f 38//38 37//37 558//558
f 558//558 557//557 572//572
f 572//572 38//38 558//558
f 573//573 574//574 575//575
f 575//575 561//561 560//560
f 560//560 573//573 575//575
f 562//562 561//561 575//575
f 575//575 576//576 562//562
f 563//563 562//562 576//576
f 576//576 577//577 563//563
f 564//564 563//563 577//577
f 577//577 578//578 564//564
f 565//565 564//564 578//578
f 578//578 579//579 565//565
f 566//566 565//565 579//579
f 579//579 580//580 566//566
f 567//567 566//566 580//580
f 580//580 581//581 567//567
f 568//568 567//567 581//581
f 581//581 582//582 568//568
f 569//569 568//568 582//582
f 582//582 583//583 569//569
f 570//570 569//569 583//583
f 583//583 584//584 570//570
f 571//571 570//570 584//584
f 584//584 585//585 571//571
f 572//572 571//571 585//585
f 585//585 586//586 572//572
f 587//587 51//51 38//38
f 38//38 572//572 586//586
f 586//586 587//587 38//38
f 575//575 574//574 588//588
f 588//588 589//589 575//575
f 576//576 575//575 589//589
f 589//589 590//590 576//576
f 577//577 576//576 590//590
f 590//590 591//591 577//577
f 578//578 577//577 591//591
f 591//591 592//592 578//578
f 579//579 578//578 592//592
f 592//592 593//593 579//579
f 580//580 579//579 593//593
f 593//593 594//594 580//580
f 581//581 580//580 594//594
f 594//594 595//595 581//581
f 582//582 581//581 595//595
f 595//595 596//596 582//582
f 583//583 582//582 596//596
f 596//596 597//597 583//583
f 584//584 583//583 597//597
f 597//597 598//598 584//584
f 585//585 584//584 598//598
f 598//598 599//599 585//585
f 586//586 585//585 599//599
f 599//599 600//600 586//586
f 600//600 601//601 587//587
f 587//587 586//586 600//600
f 602//602 603//603 604//604
f 604//604 589//589 588//588
f 588//588 602//602 604//604
f 590//590 589//589 604//604
f 604//604 605//605 590//590
f 591//591 590//590 605//605
f 605//605 606//606 591//591
f 592//592 591//591 606//606
f 606//606 607//607 592//592
f 593//593 592//592 607//607
f 607//607 608//608 593//593
f 594//594 593//593 608//608
f 608//608 609//609 594//594
f 595//595 594//594 609//609
f 609//609 610//610 595//595
f 596//596 595//595 610//610
f 610//610 611//611 596//596
f 597//597 596//596 611//611
f 611//611 612//612 597//597
f 598//598 597//597 612//612
f 612//612 613//613 598//598
f 599//599 598//598 613//613
f 613//613 614//614 599//599
f 600//600 599//599 614//614
f 614//614 615//615 600//600
f 616//616 53//53 601//601
f 601//601 600//600 615//615
f 615//615 616//616 601//601
f 617//617 618//618 619//619
f 619//619 604//604 603//603
f 603//603 617//617 619//619
f 605//605 604//604 619//619
f 619//619 620//620 605//605
f 606//606 605//605 620//620
f 620//620 621//621 606//606
f 607//607 606//606 621//621
f 621//621 622//622 607//607
f 608//608 607//607 622//622
f 622//622 623//623 608//608
f 609//609 608//608 623//623
f 623//623 624//624 609//609
f 610//610 609//609 624//624
f 624//624 625//625 610//610
f 611//611 610//610 625//625
f 625//625 626//626 611//611
f 612//612 611//611 626//626
f 626//626 627//627 612//612
f 613//613 612//612 627//627
f 627//627 628//628 613//613
f 614//614 613//613 628//628
f 628//628 629//629 614//614
f 615//615 614//614 629//629
f 629//629 630//630 615//615
f 631//631 55//55 616//616
f 616//616 615//615 630//630
f 630//630 631//631 616//616
f 632//632 633//633 634//634
f 634//634 619//619 618//618
f 618//618 632//632 634//634
f 620//620 619//619 634//634
f 634//634 635//635 620//620
f 621//621 620//620 635//635
f 635//635 636//636 621//621
f 622//622 621//621 636//636
f 636//636 637//637 622//622
f 623//623 622//622 637//637
f 637//637 638//638 623//623
f 624//624 623//623 638//638
f 638//638 639//639 624//624
f 625//625 624//624 639//639
f 639//639 640//640 625//625
f 626//626 625//625 640//640
f 640//640 641//641 626//626
f 627//627 626//626 641//641
f 641//641 642//642 627//627
f 628//628 627//627 642//642
f 642//642 643//643 628//628
f 629//629 628//628 643//643
f 643//643 644//644 629//629
f 630//630 629//629 644//644
f 644//644 645//645 630//630
f 646//646 57//57 631//631
f 631//631 630//630 645//645
f 645//645 646//646 631//631
f 633//633 647//647 648//648
f 648//648 649//649 634//634
f 634//634 633//633 648//648
f 635//635 634//634 649//649
f 649//649 650//650 635//635
f 636//636 635//635 650//650
f 650//650 651//651 636//636
f 637//637 636//636 651//651
f 651//651 652//652 637//637
f 638//638 637//637 652//652
f 652//652 653//653 638//638
f 639//639 638//638 653//653
f 653//653 654//654 639//639
f 640//640 639//639 654//654
f 654//654 655//655 640//640
f 641//641 640//640 655//655
f 655//655 656//656 641//641
f 642//642 641//641 656//656
f 656//656 657//657 642//642
f 643//643 642//642 657//657
f 657//657 658//658 643//643
f 644//644 643//643 658//658
f 658//658 659//659 644//644
f 645//645 644//644 659//659
f 659//659 660//660 645//645
f 661//661 56//56 646//646
f 646//646 645//645 660//660
f 660//660 661//661 646//646
f 649//649 648//648 662//662
f 662//662 663//663 649//649
f 650//650 649//649 663//663
f 663//663 664//664 650//650
f 651//651 650//650 664//664
f 664//664 665//665 651//651
f 652//652 651//651 665//665
f 665//665 666//666 652//652
f 653//653 652//652 666//666
f 666//666 667//667 653//653
f 654//654 653//653 667//667
f 667//667 668//668 654//654
f 655//655 654//654 668//668
f 668//668 669//669 655//655
f 656//656 655//655 669//669
f 669//669 670//670 656//656
f 657//657 656//656 670//670
f 670//670 671//671 657//657
f 658//658 657//657 671//671
f 671//671 672//672 658//658
f 659//659 658//658 672//672
f 672//672 673//673 659//659
f 660//660 659//659 673//673
f 673//673 674//674 660//660
f 675//675 54//54 661//661
f 661//661 660//660 674//674
f 674//674 675//675 661//661
f 663//663 662//662 676//676
f 676//676 677//677 663//663
f 664//664 663//663 677//677
f 677//677 678//678 664//664
f 665//665 664//664 678//678
f 678//678 679//679 665//665
f 666//666 665//665 679//679
f 679//679 680//680 666//666
f 667//667 666//666 680//680
f 680//680 681//681 667//667
f 668//668 667//667 681//681
f 681//681 682//682 668//668
f 669//669 668//668 682//682
f 682//682 683//683 669//669
f 670//670 669//669 683//683
f 683//683 684//684 670//670
f 671//671 670//670 684//684
f 684//684 685//685 671//671
f 672//672 671//671 685//685
f 685//685 686//686 672//672
f 673//673 672//672 686//686
f 686//686 687//687 673//673
f 674//674 673//673 687//687
f 687//687 688//688 674//674
f 689//689 52//52 675//675
f 675//675 674//674 688//688
f 688//688 689//689 675//675
f 677//677 676//676 690//690
f 690//690 691//691 677//677
f 678//678 677//677 691//691
f 691//691 692//692 678//678
f 679//679 678//678 692//692
f 692//692 693//693 679//679
f 680//680 679//679 693//693
f 693//693 694//694 680//680
f 681//681 680//680 694//694
f 694//694 695//695 681//681
f 682//682 681//681 695//695
f 695//695 696//696 682//682
f 683//683 682//682 696//696
f 696//696 697//697 683//683
f 684//684 683//683 697//697
f 697//697 698//698 684//684
f 685//685 684//684 698//698
f 698//698 699//699 685//685
f 686//686 685//685 699//699
f 699//699 700//700 686//686
f 687//687 686//686 700//700
f 700//700 701//701 687//687
f 702//702 50//50 703//703
f 703//703 688//688 687//687
f 687//687 701//701 702//702
f 702//702 703//703 687//687
f 688//688 703//703 689//689
f 691//691 690//690 704//704
f 704//704 705//705 691//691
f 692//692 691//691 705//705
f 705//705 706//706 692//692
f 693//693 692//692 706//706
f 706//706 707//707 693//693
f 694//694 693//693 707//707
f 707//707 708//708 694//694
f 695//695 694//694 708//708
f 708//708 709//709 695//695
f 696//696 695//695 709//709
f 709//709 710//710 696//696
f 697//697 696//696 710//710
f 710//710 711//711 697//697
f 698//698 697//697 711//711
f 711//711 712//712 698//698
f 699//699 698//698 712//712
f 712//712 713//713 699//699
f 700//700 699//699 713//713
f 713//713 714//714 700//700
f 701//701 700//700 714//714
f 714//714 715//715 701//701
f 49//49 48//48 702//702
f 702//702 701//701 715//715
f 715//715 49//49 702//702
f 705//705 704//704 716//716
f 716//716 717//717 705//705
f 706//706 705//705 717//717
f 717//717 718//718 706//706
f 707//707 706//706 718//718
f 718//718 719//719 707//707
f 708//708 707//707 719//719
f 719//719 720//720 708//708
f 709//709 708//708 720//720
f 720//720 721//721 709//709
f 710//710 709//709 721//721
f 721//721 722//722 710//710
f 711//711 710//710 722//722
f 722//722 723//723 711//711
f 712//712 711//711 723//723
f 723//723 724//724 712//712
f 713//713 712//712 724//724
f 724//724 725//725 713//713
f 714//714 713//713 725//725
f 725//725 726//726 714//714
f 726//726 727//727 728//728
f 728//728 715//715 714//714
f 714//714 726//726 728//728
f 728//728 67//67 49//49
f 49//49 715//715 728//728
f 717//717 716//716 729//729
f 729//729 730//730 717//717
f 718//718 717//717 730//730
f 730//730 731//731 718//718
f 719//719 718//718 731//731
f 731//731 732//732 719//719
f 720//720 719//719 732//732
f 732//732 733//733 720//720
f 721//721 720//720 733//733
f 733//733 734//734 721//721
f 722//722 721//721 734//734
f 734//734 735//735 722//722
f 723//723 722//722 735//735
f 735//735 736//736 723//723
f 724//724 723//723 736//736
f 736//736 737//737 724//724
f 725//725 724//724 737//737
f 737//737 738//738 725//725
f 726//726 725//725 738//738
f 738//738 739//739 726//726
f 740//740 68//68 727//727
f 727//727 726//726 739//739
f 739//739 740//740 727//727
f 730//730 729//729 741//741
f 741//741 742//742 730//730
f 731//731 730//730 742//742
f 742//742 743//743 731//731
f 732//732 731//731 743//743
f 743//743 744//744 732//732
f 733//733 732//732 744//744
f 744//744 745//745 733//733
f 734//734 733//733 745//745
f 745//745 746//746 734//734
f 735//735 734//734 746//746
f 746//746 747//747 735//735
f 736//736 735//735 747//747
f 747//747 748//748 736//736
f 737//737 736//736 748//748
f 748//748 749//749 737//737
f 738//738 737//737 749//749
f 749//749 750//750 738//738
f 750//750 751//751 60//60
f 60//60 739//739 738//738
f 738//738 750//750 60//60
f 60//60 66//66 740//740
f 740//740 739//739 60//60
f 742//742 741//741 752//752
f 752//752 753//753 742//742
f 743//743 742//742 753//753
f 753//753 754//754 743//743
f 744//744 743//743 754//754
f 754//754 755//755 744//744
f 745//745 744//744 755//755
f 755//755 756//756 745//745
f 746//746 745//745 756//756
f 756//756 757//757 746//746
f 747//747 746//746 757//757
f 757//757 758//758 747//747
f 748//748 747//747 758//758
f 758//758 759//759 748//748
f 749//749 748//748 759//759
f 759//759 760//760 749//749
f 750//750 749//749 760//760
f 760//760 761//761 750//750
f 762//762 61//61 751//751
f 751//751 750//750 761//761
f 761//761 762//762 751//751
f 753//753 752//752 763//763
f 763//763 764//764 753//753
f 754//754 753//753 764//764
f 764//764 765//765 754//754
f 755//755 754//754 765//765
f 765//765 766//766 755//755
f 756//756 755//755 766//766
f 766//766 767//767 756//756
f 757//757 756//756 767//767
f 767//767 768//768 757//757
f 758//758 757//757 768//768
f 768//768 769//769 758//758
f 759//759 758//758 769//769
f 769//769 770//770 759//759
f 760//760 759//759 770//770
f 770//770 771//771 760//760
f 772//772 63//63 773//773
f 773//773 761//761 760//760
f 760//760 771//771 772//772
f 772//772 773//773 760//760
f 761//761 773//773 762//762
f 764//764 763//763 774//774
f 774//774 775//775 764//764
f 765//765 764//764 775//775
f 775//775 776//776 765//765
f 766//766 765//765 776//776
f 776//776 777//777 766//766
f 767//767 766//766 777//777
f 777//777 778//778 767//767
f 768//768 767//767 778//778
f 778//778 779//779 768//768
f 769//769 768//768 779//779
f 779//779 780//780 769//769
f 770//770 769//769 780//780
f 780//780 781//781 770//770
f 771//771 770//770 781//781
f 781//781 782//782 771//771
f 783//783 65//65 772//772
f 772//772 771//771 782//782
f 782//782 783//783 772//772
f 775//775 774//774 784//784
f 784//784 785//785 775//775
f 776//776 775//775 785//785
f 785//785 786//786 776//776
f 777//777 776//776 786//786
f 786//786 787//787 777//777
f 778//778 777//777 787//787
f 787//787 788//788 778//778
f 779//779 778//778 788//788
f 788//788 789//789 779//779
f 780//780 779//779 789//789
f 789//789 790//790 780//780
f 781//781 780//780 790//790
f 790//790 791//791 781//781
f 792//792 64//64 793//793
f 793//793 782//782 781//781
f 781//781 791//791 792//792
f 792//792 793//793 781//781
f 782//782 793//793 783//783
f 785//785 784//784 794//794
f 794//794 795//795 785//785
f 786//786 785//785 795//795
f 795//795 796//796 786//786
f 787//787 786//786 796//796
f 796//796 797//797 787//787
f 788//788 787//787 797//797
f 797//797 798//798 788//788
f 789//789 788//788 798//798
f 798//798 799//799 789//789
f 790//790 789//789 799//799
f 799//799 800//800 790//790
f 801//801 62//62 802//802
f 802//802 791//791 790//790
f 790//790 800//800 801//801
f 801//801 802//802 790//790
f 791//791 802//802 792//792
f 795//795 794//794 803//803
f 803//803 804//804 795//795
f 796//796 795//795 804//804
f 804//804 805//805 796//796
f 797//797 796//796 805//805
f 805//805 806//806 797//797
f 798//798 797//797 806//806
f 806//806 807//807 798//798
f 799//799 798//798 807//807
f 807//807 808//808 799//799
f 809//809 58//58 810//810
f 810//810 800//800 799//799
f 799//799 808//808 809//809
f 809//809 810//810 799//799
f 800//800 810//810 801//801
f 804//804 803//803 811//811
f 811//811 812//812 804//804
f 805//805 804//804 812//812
f 812//812 813//813 805//805
f 806//806 805//805 813//813
f 813//813 814//814 806//806
f 807//807 806//806 814//814
f 814//814 815//815 807//807
f 815//815 59//59 816//816
f 816//816 808//808 807//807
f 807//807 815//815 816//816
f 808//808 816//816 809//809
f 812//812 811//811 817//817
f 817//817 818//818 812//812
f 813//813 812//812 818//818
f 818//818 819//819 813//813
f 814//814 813//813 819//819
f 819//819 820//820 814//814
f 815//815 814//814 820//820
f 820//820 821//821 815//815
f 822//822 69//69 59//59
f 59//59 815//815 821//821
f 821//821 822//822 59//59
f 818//818 817//817 823//823
f 823//823 824//824 818//818
f 819//819 818//818 824//824
f 824//824 825//825 819//819
f 820//820 819//819 825//825
f 825//825 826//826 820//820
f 826//826 827//827 828//828
f 828//828 821//821 820//820
f 820//820 826//826 828//828
f 828//828 73//73 822//822
f 822//822 821//821 828//828
f 824//824 823//823 829//829
f 829//829 830//830 824//824
f 825//825 824//824 830//830
f 830//830 831//831 825//825
f 831//831 832//832 833//833
f 833//833 826//826 825//825
f 825//825 831//831 833//833
f 833//833 74//74 827//827
f 827//827 826//826 833//833
f 830//830 829//829 834//834
f 834//834 835//835 830//830
f 835//835 836//836 837//837
f 837//837 831//831 830//830
f 830//830 835//835 837//837
f 837//837 72//72 832//832
f 832//832 831//831 837//837
f 838//838 839//839 840//840
f 840//840 835//835 834//834
f 834//834 838//838 840//840
f 840//840 70//70 836//836
f 836//836 835//835 840//840
f 839//839 838//838 71//71
